typeCode,freqCode,refPeriodId,refYear,refMonth,Period,reporterCode,reporterISO,reporterDesc,flowCode,flowDesc,partnerCode,PartnerISO,PartnerDesc,partner2Code,partner2ISO,partner2Desc,classificationCode,classificationSearchCode,isOriginalClassification,cmdCode,cmdDesc,Commodity,aggrLevel,isLeaf,customsCode,customsDesc,mosCode,motCode,motDesc,qtyUnitCode,qtyUnitAbbr,qty,isQtyEstimated,altQtyUnitCode,altQtyUnitAbbr,altQty,isAltQtyEstimated,NetWgt,isNetWgtEstimated,grossWgt,isGrossWgtEstimated,cifvalue,fobvalue,primaryValue,legacyEstimationFlag,isReported,isAggregate
C,A,20200101,2020,52,2020,276,DEU,Germany,M,Import,0,W00,World,0,W00,World,H5,HS,TRUE,710811,"Metals; gold, non-monetary, powder",Gold,6,TRUE,C00,TOTAL CPC,0,0,TOTAL MOT,8,kg,47.17,TRUE,15,g,47170,FALSE,48.108,TRUE,0,FALSE,2504253.483,0,2504253.483,6,FALSE,TRUE
C,A,20200101,2020,52,2020,276,DEU,Germany,M,Import,36,AUS,Australia,0,W00,World,H5,HS,TRUE,710811,"Metals; gold, non-monetary, powder",Gold,6,TRUE,C00,TOTAL CPC,0,0,TOTAL MOT,8,kg,0.2,FALSE,15,g,200,FALSE,0.2,FALSE,0,FALSE,2876.065,0,2876.065,0,FALSE,TRUE
C,A,20200101,2020,52,2020,276,DEU,Germany,M,Import,120,CMR,Cameroon,0,W00,World,H5,HS,TRUE,710811,"Metals; gold, non-monetary, powder",Gold,6,TRUE,C00,TOTAL CPC,0,0,TOTAL MOT,8,kg,0.214,FALSE,15,g,214,FALSE,0.214,FALSE,0,FALSE,2294.453,0,2294.453,0,FALSE,TRUE
C,A,20200101,2020,52,2020,276,DEU,Germany,M,Import,124,CAN,Canada,0,W00,World,H5,HS,TRUE,710811,"Metals; gold, non-monetary, powder",Gold,6,TRUE,C00,TOTAL CPC,0,0,TOTAL MOT,8,kg,0.053,FALSE,15,g,53,FALSE,0.053,FALSE,0,FALSE,3395.973,0,3395.973,0,FALSE,TRUE
C,A,20200101,2020,52,2020,276,DEU,Germany,M,Import,156,CHN,China,0,W00,World,H5,HS,TRUE,710811,"Metals; gold, non-monetary, powder",Gold,6,TRUE,C00,TOTAL CPC,0,0,TOTAL MOT,8,kg,0.085,TRUE,15,g,85,FALSE,0.085,TRUE,0,FALSE,1594.005,0,1594.005,6,FALSE,TRUE
C,A,20200101,2020,52,2020,276,DEU,Germany,M,Import,251,FRA,France,0,W00,World,H5,HS,TRUE,710811,"Metals; gold, non-monetary, powder",Gold,6,TRUE,C00,TOTAL CPC,0,0,TOTAL MOT,8,kg,0.144,FALSE,15,g,144,FALSE,0.144,FALSE,0,FALSE,9919.395,0,9919.395,0,FALSE,TRUE
C,A,20200101,2020,52,2020,276,DEU,Germany,M,Import,380,ITA,Italy,0,W00,World,H5,HS,TRUE,710811,"Metals; gold, non-monetary, powder",Gold,6,TRUE,C00,TOTAL CPC,0,0,TOTAL MOT,8,kg,34.012,FALSE,15,g,34012,FALSE,33.792,FALSE,0,FALSE,1996108.758,0,1996108.758,0,FALSE,TRUE
C,A,20200101,2020,52,2020,276,DEU,Germany,M,Import,392,JPN,Japan,0,W00,World,H5,HS,TRUE,710811,"Metals; gold, non-monetary, powder",Gold,6,TRUE,C00,TOTAL CPC,0,0,TOTAL MOT,8,kg,2.667,FALSE,15,g,2667,FALSE,2.667,FALSE,0,FALSE,74008.67,0,74008.67,0,FALSE,TRUE
C,A,20200101,2020,52,2020,276,DEU,Germany,M,Import,410,KOR,South Korea,0,W00,World,H5,HS,TRUE,710811,"Metals; gold, non-monetary, powder",Gold,6,TRUE,C00,TOTAL CPC,0,0,TOTAL MOT,8,kg,0.04,FALSE,15,g,40,FALSE,0.04,FALSE,0,FALSE,1729.981,0,1729.981,0,FALSE,TRUE
C,A,20200101,2020,52,2020,276,DEU,Germany,M,Import,757,CHE,Switzerland,0,W00,World,H5,HS,TRUE,710811,"Metals; gold, non-monetary, powder",Gold,6,TRUE,C00,TOTAL CPC,0,0,TOTAL MOT,8,kg,5.324,FALSE,15,g,5324,FALSE,6.482,FALSE,0,FALSE,207365.738,0,207365.738,0,FALSE,TRUE
C,A,20200101,2020,52,2020,276,DEU,Germany,M,Import,764,THA,Thailand,0,W00,World,H5,HS,TRUE,710811,"Metals; gold, non-monetary, powder",Gold,6,TRUE,C00,TOTAL CPC,0,0,TOTAL MOT,8,kg,0.03,FALSE,15,g,30,FALSE,0.03,FALSE,0,FALSE,779.291,0,779.291,0,FALSE,TRUE
C,A,20200101,2020,52,2020,276,DEU,Germany,M,Import,826,GBR,United Kingdom,0,W00,World,H5,HS,TRUE,710811,"Metals; gold, non-monetary, powder",Gold,6,TRUE,C00,TOTAL CPC,0,0,TOTAL MOT,8,kg,1.193,FALSE,15,g,1193,FALSE,1.193,FALSE,0,FALSE,59276.41,0,59276.41,0,FALSE,TRUE
C,A,20200101,2020,52,2020,276,DEU,Germany,M,Import,842,USA,USA,0,W00,World,H5,HS,TRUE,710811,"Metals; gold, non-monetary, powder",Gold,6,TRUE,C00,TOTAL CPC,0,0,TOTAL MOT,8,kg,3.208,FALSE,15,g,3208,FALSE,3.208,FALSE,0,FALSE,144904.746,0,144904.746,0,FALSE,TRUE
C,A,20200101,2020,52,2020,276,DEU,Germany,M,Import,0,W00,World,0,W00,World,H5,HS,TRUE,710812,"Metals; gold, non-monetary, unwrought (but not powder)",Gold,6,TRUE,C00,TOTAL CPC,0,0,TOTAL MOT,8,kg,115299.324,FALSE,15,g,115299324,FALSE,115310.277,FALSE,0,FALSE,6220404720,0,6220404720,0,FALSE,TRUE
C,A,20200101,2020,52,2020,276,DEU,Germany,M,Import,36,AUS,Australia,0,W00,World,H5,HS,TRUE,710812,"Metals; gold, non-monetary, unwrought (but not powder)",Gold,6,TRUE,C00,TOTAL CPC,0,0,TOTAL MOT,8,kg,1789.967,FALSE,15,g,1789967,FALSE,1789.983,FALSE,0,FALSE,97556711.93,0,97556711.93,0,FALSE,TRUE
C,A,20200101,2020,52,2020,276,DEU,Germany,M,Import,100,BGR,Bulgaria,0,W00,World,H5,HS,TRUE,710812,"Metals; gold, non-monetary, unwrought (but not powder)",Gold,6,TRUE,C00,TOTAL CPC,0,0,TOTAL MOT,8,kg,44.497,FALSE,15,g,44497,FALSE,45.552,FALSE,0,FALSE,2749622.808,0,2749622.808,0,FALSE,TRUE
C,A,20200101,2020,52,2020,276,DEU,Germany,M,Import,124,CAN,Canada,0,W00,World,H5,HS,TRUE,710812,"Metals; gold, non-monetary, unwrought (but not powder)",Gold,6,TRUE,C00,TOTAL CPC,0,0,TOTAL MOT,8,kg,259.305,FALSE,15,g,259305,FALSE,259.071,FALSE,0,FALSE,6634357.553,0,6634357.553,0,FALSE,TRUE
C,A,20200101,2020,52,2020,276,DEU,Germany,M,Import,156,CHN,China,0,W00,World,H5,HS,TRUE,710812,"Metals; gold, non-monetary, unwrought (but not powder)",Gold,6,TRUE,C00,TOTAL CPC,0,0,TOTAL MOT,8,kg,0.13,FALSE,15,g,130,FALSE,0.13,FALSE,0,FALSE,6887.929,0,6887.929,0,FALSE,TRUE
C,A,20200101,2020,52,2020,276,DEU,Germany,M,Import,191,HRV,Croatia,0,W00,World,H5,HS,TRUE,710812,"Metals; gold, non-monetary, unwrought (but not powder)",Gold,6,TRUE,C00,TOTAL CPC,0,0,TOTAL MOT,8,kg,19.855,FALSE,15,g,19855,FALSE,19,FALSE,0,FALSE,849285.742,0,849285.742,0,FALSE,TRUE
C,A,20200101,2020,52,2020,276,DEU,Germany,M,Import,196,CYP,Cyprus,0,W00,World,H5,HS,TRUE,710812,"Metals; gold, non-monetary, unwrought (but not powder)",Gold,6,TRUE,C00,TOTAL CPC,0,0,TOTAL MOT,8,kg,0.239,FALSE,15,g,239,FALSE,0.239,FALSE,0,FALSE,11939.61,0,11939.61,0,FALSE,TRUE
C,A,20200101,2020,52,2020,276,DEU,Germany,M,Import,203,CZE,Czechia,0,W00,World,H5,HS,TRUE,710812,"Metals; gold, non-monetary, unwrought (but not powder)",Gold,6,TRUE,C00,TOTAL CPC,0,0,TOTAL MOT,8,kg,586.206,FALSE,15,g,586206,FALSE,585.266,FALSE,0,FALSE,29887219.24,0,29887219.24,0,FALSE,TRUE
C,A,20200101,2020,52,2020,276,DEU,Germany,M,Import,208,DNK,Denmark,0,W00,World,H5,HS,TRUE,710812,"Metals; gold, non-monetary, unwrought (but not powder)",Gold,6,TRUE,C00,TOTAL CPC,0,0,TOTAL MOT,8,kg,144.664,FALSE,15,g,144664,FALSE,145,FALSE,0,FALSE,7598939.546,0,7598939.546,0,FALSE,TRUE
C,A,20200101,2020,52,2020,276,DEU,Germany,M,Import,233,EST,Estonia,0,W00,World,H5,HS,TRUE,710812,"Metals; gold, non-monetary, unwrought (but not powder)",Gold,6,TRUE,C00,TOTAL CPC,0,0,TOTAL MOT,8,kg,156.862,FALSE,15,g,156862,FALSE,154.647,FALSE,0,FALSE,9145078.467,0,9145078.467,0,FALSE,TRUE
C,A,20200101,2020,52,2020,276,DEU,Germany,M,Import,246,FIN,Finland,0,W00,World,H5,HS,TRUE,710812,"Metals; gold, non-monetary, unwrought (but not powder)",Gold,6,TRUE,C00,TOTAL CPC,0,0,TOTAL MOT,8,kg,63.206,FALSE,15,g,63206,FALSE,62,FALSE,0,FALSE,3274929.08,0,3274929.08,0,FALSE,TRUE
C,A,20200101,2020,52,2020,276,DEU,Germany,M,Import,251,FRA,France,0,W00,World,H5,HS,TRUE,710812,"Metals; gold, non-monetary, unwrought (but not powder)",Gold,6,TRUE,C00,TOTAL CPC,0,0,TOTAL MOT,8,kg,2032.656,FALSE,15,g,2032656,FALSE,2033.084,FALSE,0,FALSE,83124419.05,0,83124419.05,0,FALSE,TRUE
C,A,20200101,2020,52,2020,276,DEU,Germany,M,Import,268,GEO,Georgia,0,W00,World,H5,HS,TRUE,710812,"Metals; gold, non-monetary, unwrought (but not powder)",Gold,6,TRUE,C00,TOTAL CPC,0,0,TOTAL MOT,8,kg,71.321,FALSE,15,g,71321,FALSE,72,FALSE,0,FALSE,2599609.248,0,2599609.248,0,FALSE,TRUE
C,A,20200101,2020,52,2020,276,DEU,Germany,M,Import,300,GRC,Greece,0,W00,World,H5,HS,TRUE,710812,"Metals; gold, non-monetary, unwrought (but not powder)",Gold,6,TRUE,C00,TOTAL CPC,0,0,TOTAL MOT,8,kg,81.461,FALSE,15,g,81461,FALSE,80.71,FALSE,0,FALSE,2778492.006,0,2778492.006,0,FALSE,TRUE
C,A,20200101,2020,52,2020,276,DEU,Germany,M,Import,344,HKG,Hong Kong,0,W00,World,H5,HS,TRUE,710812,"Metals; gold, non-monetary, unwrought (but not powder)",Gold,6,TRUE,C00,TOTAL CPC,0,0,TOTAL MOT,8,kg,7214.43,FALSE,15,g,7214430,FALSE,7214.43,FALSE,0,FALSE,390357271.6,0,390357271.6,0,FALSE,TRUE
C,A,20200101,2020,52,2020,276,DEU,Germany,M,Import,348,HUN,Hungary,0,W00,World,H5,HS,TRUE,710812,"Metals; gold, non-monetary, unwrought (but not powder)",Gold,6,TRUE,C00,TOTAL CPC,0,0,TOTAL MOT,8,kg,85.2,FALSE,15,g,85200,FALSE,84.338,FALSE,0,FALSE,4923380.255,0,4923380.255,0,FALSE,TRUE
C,A,20200101,2020,52,2020,276,DEU,Germany,M,Import,360,IDN,Indonesia,0,W00,World,H5,HS,TRUE,710812,"Metals; gold, non-monetary, unwrought (but not powder)",Gold,6,TRUE,C00,TOTAL CPC,0,0,TOTAL MOT,8,kg,0.03,FALSE,15,g,30,FALSE,0.03,FALSE,0,FALSE,1912.806,0,1912.806,0,FALSE,TRUE
C,A,20200101,2020,52,2020,276,DEU,Germany,M,Import,372,IRL,Ireland,0,W00,World,H5,HS,TRUE,710812,"Metals; gold, non-monetary, unwrought (but not powder)",Gold,6,TRUE,C00,TOTAL CPC,0,0,TOTAL MOT,8,kg,84.295,FALSE,15,g,84295,FALSE,86,FALSE,0,FALSE,4537987.609,0,4537987.609,0,FALSE,TRUE
C,A,20200101,2020,52,2020,276,DEU,Germany,M,Import,376,ISR,Israel,0,W00,World,H5,HS,TRUE,710812,"Metals; gold, non-monetary, unwrought (but not powder)",Gold,6,TRUE,C00,TOTAL CPC,0,0,TOTAL MOT,8,kg,2.522,FALSE,15,g,2522,FALSE,2.358,FALSE,0,FALSE,155578.294,0,155578.294,0,FALSE,TRUE
C,A,20200101,2020,52,2020,276,DEU,Germany,M,Import,380,ITA,Italy,0,W00,World,H5,HS,TRUE,710812,"Metals; gold, non-monetary, unwrought (but not powder)",Gold,6,TRUE,C00,TOTAL CPC,0,0,TOTAL MOT,8,kg,132.541,FALSE,15,g,132541,FALSE,131.464,FALSE,0,FALSE,7593981.562,0,7593981.562,0,FALSE,TRUE
C,A,20200101,2020,52,2020,276,DEU,Germany,M,Import,428,LVA,Latvia,0,W00,World,H5,HS,TRUE,710812,"Metals; gold, non-monetary, unwrought (but not powder)",Gold,6,TRUE,C00,TOTAL CPC,0,0,TOTAL MOT,8,kg,24.901,FALSE,15,g,24901,FALSE,25.05,FALSE,0,FALSE,1274481.659,0,1274481.659,0,FALSE,TRUE
C,A,20200101,2020,52,2020,276,DEU,Germany,M,Import,440,LTU,Lithuania,0,W00,World,H5,HS,TRUE,710812,"Metals; gold, non-monetary, unwrought (but not powder)",Gold,6,TRUE,C00,TOTAL CPC,0,0,TOTAL MOT,8,kg,43.929,FALSE,15,g,43929,FALSE,43.979,FALSE,0,FALSE,2575344.953,0,2575344.953,0,FALSE,TRUE
C,A,20200101,2020,52,2020,276,DEU,Germany,M,Import,442,LUX,Luxembourg,0,W00,World,H5,HS,TRUE,710812,"Metals; gold, non-monetary, unwrought (but not powder)",Gold,6,TRUE,C00,TOTAL CPC,0,0,TOTAL MOT,8,kg,434.992,FALSE,15,g,434992,FALSE,432.74,FALSE,0,FALSE,24938145.23,0,24938145.23,0,FALSE,TRUE
C,A,20200101,2020,52,2020,276,DEU,Germany,M,Import,458,MYS,Malaysia,0,W00,World,H5,HS,TRUE,710812,"Metals; gold, non-monetary, unwrought (but not powder)",Gold,6,TRUE,C00,TOTAL CPC,0,0,TOTAL MOT,8,kg,10,FALSE,15,g,10000,FALSE,10,FALSE,0,FALSE,368556.756,0,368556.756,0,FALSE,TRUE
C,A,20200101,2020,52,2020,276,DEU,Germany,M,Import,554,NZL,New Zealand,0,W00,World,H5,HS,TRUE,710812,"Metals; gold, non-monetary, unwrought (but not powder)",Gold,6,TRUE,C00,TOTAL CPC,0,0,TOTAL MOT,8,kg,0.01,FALSE,15,g,10,FALSE,0.01,FALSE,0,FALSE,847.851,0,847.851,0,FALSE,TRUE
C,A,20200101,2020,52,2020,276,DEU,Germany,M,Import,579,NOR,Norway,0,W00,World,H5,HS,TRUE,710812,"Metals; gold, non-monetary, unwrought (but not powder)",Gold,6,TRUE,C00,TOTAL CPC,0,0,TOTAL MOT,8,kg,0.856,FALSE,15,g,856,FALSE,1,FALSE,0,FALSE,48947.944,0,48947.944,0,FALSE,TRUE
C,A,20200101,2020,52,2020,276,DEU,Germany,M,Import,616,POL,Poland,0,W00,World,H5,HS,TRUE,710812,"Metals; gold, non-monetary, unwrought (but not powder)",Gold,6,TRUE,C00,TOTAL CPC,0,0,TOTAL MOT,8,kg,719.606,FALSE,15,g,719606,FALSE,721.413,FALSE,0,FALSE,25843959.29,0,25843959.29,0,FALSE,TRUE
C,A,20200101,2020,52,2020,276,DEU,Germany,M,Import,620,PRT,Portugal,0,W00,World,H5,HS,TRUE,710812,"Metals; gold, non-monetary, unwrought (but not powder)",Gold,6,TRUE,C00,TOTAL CPC,0,0,TOTAL MOT,8,kg,541.491,FALSE,15,g,541491,FALSE,544,FALSE,0,FALSE,29868776.78,0,29868776.78,0,FALSE,TRUE
C,A,20200101,2020,52,2020,276,DEU,Germany,M,Import,642,ROU,Romania,0,W00,World,H5,HS,TRUE,710812,"Metals; gold, non-monetary, unwrought (but not powder)",Gold,6,TRUE,C00,TOTAL CPC,0,0,TOTAL MOT,8,kg,35.146,FALSE,15,g,35146,FALSE,35.402,FALSE,0,FALSE,1935172.069,0,1935172.069,0,FALSE,TRUE
C,A,20200101,2020,52,2020,276,DEU,Germany,M,Import,643,RUS,Russia,0,W00,World,H5,HS,TRUE,710812,"Metals; gold, non-monetary, unwrought (but not powder)",Gold,6,TRUE,C00,TOTAL CPC,0,0,TOTAL MOT,8,kg,208.043,FALSE,15,g,208043,FALSE,208,FALSE,0,FALSE,11240168.64,0,11240168.64,0,FALSE,TRUE
C,A,20200101,2020,52,2020,276,DEU,Germany,M,Import,694,SLE,Sierra Leone,0,W00,World,H5,HS,TRUE,710812,"Metals; gold, non-monetary, unwrought (but not powder)",Gold,6,TRUE,C00,TOTAL CPC,0,0,TOTAL MOT,8,kg,0.365,FALSE,15,g,365,FALSE,0.365,FALSE,0,FALSE,15822.354,0,15822.354,0,FALSE,TRUE
C,A,20200101,2020,52,2020,276,DEU,Germany,M,Import,702,SGP,Singapore,0,W00,World,H5,HS,TRUE,710812,"Metals; gold, non-monetary, unwrought (but not powder)",Gold,6,TRUE,C00,TOTAL CPC,0,0,TOTAL MOT,8,kg,0.475,FALSE,15,g,475,FALSE,0.475,FALSE,0,FALSE,26768.996,0,26768.996,0,FALSE,TRUE
C,A,20200101,2020,52,2020,276,DEU,Germany,M,Import,703,SVK,Slovakia,0,W00,World,H5,HS,TRUE,710812,"Metals; gold, non-monetary, unwrought (but not powder)",Gold,6,TRUE,C00,TOTAL CPC,0,0,TOTAL MOT,8,kg,435.476,FALSE,15,g,435476,FALSE,435.357,FALSE,0,FALSE,24814932.66,0,24814932.66,0,FALSE,TRUE
C,A,20200101,2020,52,2020,276,DEU,Germany,M,Import,705,SVN,Slovenia,0,W00,World,H5,HS,TRUE,710812,"Metals; gold, non-monetary, unwrought (but not powder)",Gold,6,TRUE,C00,TOTAL CPC,0,0,TOTAL MOT,8,kg,8.154,FALSE,15,g,8154,FALSE,8.004,FALSE,0,FALSE,426381.993,0,426381.993,0,FALSE,TRUE
C,A,20200101,2020,52,2020,276,DEU,Germany,M,Import,710,ZAF,South Africa,0,W00,World,H5,HS,TRUE,710812,"Metals; gold, non-monetary, unwrought (but not powder)",Gold,6,TRUE,C00,TOTAL CPC,0,0,TOTAL MOT,8,kg,1088.198,FALSE,15,g,1088198,FALSE,1088,FALSE,0,FALSE,55781142.3,0,55781142.3,0,FALSE,TRUE
C,A,20200101,2020,52,2020,276,DEU,Germany,M,Import,724,ESP,Spain,0,W00,World,H5,HS,TRUE,710812,"Metals; gold, non-monetary, unwrought (but not powder)",Gold,6,TRUE,C00,TOTAL CPC,0,0,TOTAL MOT,8,kg,15.002,FALSE,15,g,15002,FALSE,14.903,FALSE,0,FALSE,826092.116,0,826092.116,0,FALSE,TRUE
C,A,20200101,2020,52,2020,276,DEU,Germany,M,Import,752,SWE,Sweden,0,W00,World,H5,HS,TRUE,710812,"Metals; gold, non-monetary, unwrought (but not powder)",Gold,6,TRUE,C00,TOTAL CPC,0,0,TOTAL MOT,8,kg,2451.856,FALSE,15,g,2451856,FALSE,2454,FALSE,0,FALSE,139144066.7,0,139144066.7,0,FALSE,TRUE
C,A,20200101,2020,52,2020,276,DEU,Germany,M,Import,757,CHE,Switzerland,0,W00,World,H5,HS,TRUE,710812,"Metals; gold, non-monetary, unwrought (but not powder)",Gold,6,TRUE,C00,TOTAL CPC,0,0,TOTAL MOT,8,kg,70307.01,FALSE,15,g,70307010,FALSE,70322.557,FALSE,0,FALSE,3951664482,0,3951664482,0,FALSE,TRUE
C,A,20200101,2020,52,2020,276,DEU,Germany,M,Import,764,THA,Thailand,0,W00,World,H5,HS,TRUE,710812,"Metals; gold, non-monetary, unwrought (but not powder)",Gold,6,TRUE,C00,TOTAL CPC,0,0,TOTAL MOT,8,kg,734.86,FALSE,15,g,734860,FALSE,734.367,FALSE,0,FALSE,24542043.61,0,24542043.61,0,FALSE,TRUE
C,A,20200101,2020,52,2020,276,DEU,Germany,M,Import,784,ARE,United Arab Emirates,0,W00,World,H5,HS,TRUE,710812,"Metals; gold, non-monetary, unwrought (but not powder)",Gold,6,TRUE,C00,TOTAL CPC,0,0,TOTAL MOT,8,kg,2.12,FALSE,15,g,2120,FALSE,2.12,FALSE,0,FALSE,133951.248,0,133951.248,0,FALSE,TRUE
C,A,20200101,2020,52,2020,276,DEU,Germany,M,Import,792,TUR,Turkey,0,W00,World,H5,HS,TRUE,710812,"Metals; gold, non-monetary, unwrought (but not powder)",Gold,6,TRUE,C00,TOTAL CPC,0,0,TOTAL MOT,8,kg,206.345,FALSE,15,g,206345,FALSE,207.462,FALSE,0,FALSE,11948911.15,0,11948911.15,0,FALSE,TRUE
C,A,20200101,2020,52,2020,276,DEU,Germany,M,Import,826,GBR,United Kingdom,0,W00,World,H5,HS,TRUE,710812,"Metals; gold, non-monetary, unwrought (but not powder)",Gold,6,TRUE,C00,TOTAL CPC,0,0,TOTAL MOT,8,kg,6570.619,FALSE,15,g,6570619,FALSE,6569.844,FALSE,0,FALSE,311554253.2,0,311554253.2,0,FALSE,TRUE
C,A,20200101,2020,52,2020,276,DEU,Germany,M,Import,839,XX ,Special Categories,0,W00,World,H5,HS,TRUE,710812,"Metals; gold, non-monetary, unwrought (but not powder)",Gold,6,TRUE,C00,TOTAL CPC,0,0,TOTAL MOT,8,kg,18477.875,FALSE,15,g,18477875,FALSE,18472,FALSE,0,FALSE,940320950.9,0,940320950.9,0,FALSE,TRUE
C,A,20200101,2020,52,2020,276,DEU,Germany,M,Import,842,USA,USA,0,W00,World,H5,HS,TRUE,710812,"Metals; gold, non-monetary, unwrought (but not powder)",Gold,6,TRUE,C00,TOTAL CPC,0,0,TOTAL MOT,8,kg,212.608,FALSE,15,g,212608,FALSE,213.927,FALSE,0,FALSE,7322915.052,0,7322915.052,0,FALSE,TRUE
C,A,20200101,2020,52,2020,276,DEU,Germany,M,Import,0,W00,World,0,W00,World,H5,HS,TRUE,711011,"Metals; platinum, unwrought or in powder form",Platinum,6,TRUE,C00,TOTAL CPC,0,0,TOTAL MOT,8,kg,36025.666,TRUE,15,g,36025665,FALSE,36036.972,TRUE,0,FALSE,1101778875,0,1101778875,6,FALSE,TRUE
C,A,20200101,2020,52,2020,276,DEU,Germany,M,Import,36,AUS,Australia,0,W00,World,H5,HS,TRUE,711011,"Metals; platinum, unwrought or in powder form",Platinum,6,TRUE,C00,TOTAL CPC,0,0,TOTAL MOT,8,kg,0.786,FALSE,15,g,786,FALSE,0.786,FALSE,0,FALSE,15670.381,0,15670.381,0,FALSE,TRUE
C,A,20200101,2020,52,2020,276,DEU,Germany,M,Import,40,AUT,Austria,0,W00,World,H5,HS,TRUE,711011,"Metals; platinum, unwrought or in powder form",Platinum,6,TRUE,C00,TOTAL CPC,0,0,TOTAL MOT,8,kg,493.9,FALSE,15,g,493900,FALSE,493.414,FALSE,0,FALSE,14244116.91,0,14244116.91,0,FALSE,TRUE
C,A,20200101,2020,52,2020,276,DEU,Germany,M,Import,76,BRA,Brazil,0,W00,World,H5,HS,TRUE,711011,"Metals; platinum, unwrought or in powder form",Platinum,6,TRUE,C00,TOTAL CPC,0,0,TOTAL MOT,8,kg,7.576,FALSE,15,g,7576,FALSE,8,FALSE,0,FALSE,357122.2,0,357122.2,0,FALSE,TRUE
C,A,20200101,2020,52,2020,276,DEU,Germany,M,Import,124,CAN,Canada,0,W00,World,H5,HS,TRUE,711011,"Metals; platinum, unwrought or in powder form",Platinum,6,TRUE,C00,TOTAL CPC,0,0,TOTAL MOT,8,kg,25.635,FALSE,15,g,25635,FALSE,26,FALSE,0,FALSE,389733.595,0,389733.595,0,FALSE,TRUE
C,A,20200101,2020,52,2020,276,DEU,Germany,M,Import,156,CHN,China,0,W00,World,H5,HS,TRUE,711011,"Metals; platinum, unwrought or in powder form",Platinum,6,TRUE,C00,TOTAL CPC,0,0,TOTAL MOT,8,kg,0.704,FALSE,15,g,704,FALSE,0.704,FALSE,0,FALSE,23519.283,0,23519.283,0,FALSE,TRUE
C,A,20200101,2020,52,2020,276,DEU,Germany,M,Import,191,HRV,Croatia,0,W00,World,H5,HS,TRUE,711011,"Metals; platinum, unwrought or in powder form",Platinum,6,TRUE,C00,TOTAL CPC,0,0,TOTAL MOT,8,kg,0.5,FALSE,15,g,500,FALSE,1,FALSE,0,FALSE,13140.541,0,13140.541,0,FALSE,TRUE
C,A,20200101,2020,52,2020,276,DEU,Germany,M,Import,196,CYP,Cyprus,0,W00,World,H5,HS,TRUE,711011,"Metals; platinum, unwrought or in powder form",Platinum,6,TRUE,C00,TOTAL CPC,0,0,TOTAL MOT,8,kg,1.357,FALSE,15,g,1357,FALSE,1.617,FALSE,0,FALSE,37716.781,0,37716.781,0,FALSE,TRUE
C,A,20200101,2020,52,2020,276,DEU,Germany,M,Import,203,CZE,Czechia,0,W00,World,H5,HS,TRUE,711011,"Metals; platinum, unwrought or in powder form",Platinum,6,TRUE,C00,TOTAL CPC,0,0,TOTAL MOT,8,kg,49.727,FALSE,15,g,49727,FALSE,48.781,FALSE,0,FALSE,1358242.896,0,1358242.896,0,FALSE,TRUE
C,A,20200101,2020,52,2020,276,DEU,Germany,M,Import,208,DNK,Denmark,0,W00,World,H5,HS,TRUE,711011,"Metals; platinum, unwrought or in powder form",Platinum,6,TRUE,C00,TOTAL CPC,0,0,TOTAL MOT,8,kg,12.237,FALSE,15,g,12237,FALSE,13.027,FALSE,0,FALSE,364403.203,0,364403.203,0,FALSE,TRUE
C,A,20200101,2020,52,2020,276,DEU,Germany,M,Import,233,EST,Estonia,0,W00,World,H5,HS,TRUE,711011,"Metals; platinum, unwrought or in powder form",Platinum,6,TRUE,C00,TOTAL CPC,0,0,TOTAL MOT,8,kg,0.039,FALSE,15,g,39,FALSE,0.039,FALSE,0,FALSE,1080.952,0,1080.952,0,FALSE,TRUE
C,A,20200101,2020,52,2020,276,DEU,Germany,M,Import,246,FIN,Finland,0,W00,World,H5,HS,TRUE,711011,"Metals; platinum, unwrought or in powder form",Platinum,6,TRUE,C00,TOTAL CPC,0,0,TOTAL MOT,8,kg,4.064,FALSE,15,g,4064,FALSE,4.159,FALSE,0,FALSE,119532.075,0,119532.075,0,FALSE,TRUE
C,A,20200101,2020,52,2020,276,DEU,Germany,M,Import,251,FRA,France,0,W00,World,H5,HS,TRUE,711011,"Metals; platinum, unwrought or in powder form",Platinum,6,TRUE,C00,TOTAL CPC,0,0,TOTAL MOT,8,kg,46.239,FALSE,15,g,46239,FALSE,45.439,FALSE,0,FALSE,1693877.454,0,1693877.454,0,FALSE,TRUE
C,A,20200101,2020,52,2020,276,DEU,Germany,M,Import,300,GRC,Greece,0,W00,World,H5,HS,TRUE,711011,"Metals; platinum, unwrought or in powder form",Platinum,6,TRUE,C00,TOTAL CPC,0,0,TOTAL MOT,8,kg,0.321,FALSE,15,g,321,FALSE,0.321,FALSE,0,FALSE,9340.068,0,9340.068,0,FALSE,TRUE
C,A,20200101,2020,52,2020,276,DEU,Germany,M,Import,348,HUN,Hungary,0,W00,World,H5,HS,TRUE,711011,"Metals; platinum, unwrought or in powder form",Platinum,6,TRUE,C00,TOTAL CPC,0,0,TOTAL MOT,8,kg,34.907,FALSE,15,g,34907,FALSE,37,FALSE,0,FALSE,981000.813,0,981000.813,0,FALSE,TRUE
C,A,20200101,2020,52,2020,276,DEU,Germany,M,Import,372,IRL,Ireland,0,W00,World,H5,HS,TRUE,711011,"Metals; platinum, unwrought or in powder form",Platinum,6,TRUE,C00,TOTAL CPC,0,0,TOTAL MOT,8,kg,51.398,FALSE,15,g,51398,FALSE,51.821,FALSE,0,FALSE,1298083.213,0,1298083.213,0,FALSE,TRUE
C,A,20200101,2020,52,2020,276,DEU,Germany,M,Import,380,ITA,Italy,0,W00,World,H5,HS,TRUE,711011,"Metals; platinum, unwrought or in powder form",Platinum,6,TRUE,C00,TOTAL CPC,0,0,TOTAL MOT,8,kg,5648.896,FALSE,15,g,5648896,FALSE,5649,FALSE,0,FALSE,185138215.1,0,185138215.1,0,FALSE,TRUE
C,A,20200101,2020,52,2020,276,DEU,Germany,M,Import,392,JPN,Japan,0,W00,World,H5,HS,TRUE,711011,"Metals; platinum, unwrought or in powder form",Platinum,6,TRUE,C00,TOTAL CPC,0,0,TOTAL MOT,8,kg,344.167,FALSE,15,g,344167,FALSE,344.015,FALSE,0,FALSE,10215260.13,0,10215260.13,0,FALSE,TRUE
C,A,20200101,2020,52,2020,276,DEU,Germany,M,Import,410,KOR,South Korea,0,W00,World,H5,HS,TRUE,711011,"Metals; platinum, unwrought or in powder form",Platinum,6,TRUE,C00,TOTAL CPC,0,0,TOTAL MOT,8,kg,47.3,FALSE,15,g,47300,FALSE,47,FALSE,0,FALSE,3007503.071,0,3007503.071,0,FALSE,TRUE
C,A,20200101,2020,52,2020,276,DEU,Germany,M,Import,428,LVA,Latvia,0,W00,World,H5,HS,TRUE,711011,"Metals; platinum, unwrought or in powder form",Platinum,6,TRUE,C00,TOTAL CPC,0,0,TOTAL MOT,8,kg,5.72,FALSE,15,g,5720,FALSE,6.62,FALSE,0,FALSE,166321.543,0,166321.543,0,FALSE,TRUE
C,A,20200101,2020,52,2020,276,DEU,Germany,M,Import,440,LTU,Lithuania,0,W00,World,H5,HS,TRUE,711011,"Metals; platinum, unwrought or in powder form",Platinum,6,TRUE,C00,TOTAL CPC,0,0,TOTAL MOT,8,kg,123.945,FALSE,15,g,123945,FALSE,125,FALSE,0,FALSE,3447152.44,0,3447152.44,0,FALSE,TRUE
C,A,20200101,2020,52,2020,276,DEU,Germany,M,Import,442,LUX,Luxembourg,0,W00,World,H5,HS,TRUE,711011,"Metals; platinum, unwrought or in powder form",Platinum,6,TRUE,C00,TOTAL CPC,0,0,TOTAL MOT,8,kg,2.602,FALSE,15,g,2602,FALSE,3.085,FALSE,0,FALSE,65187.368,0,65187.368,0,FALSE,TRUE
C,A,20200101,2020,52,2020,276,DEU,Germany,M,Import,616,POL,Poland,0,W00,World,H5,HS,TRUE,711011,"Metals; platinum, unwrought or in powder form",Platinum,6,TRUE,C00,TOTAL CPC,0,0,TOTAL MOT,8,kg,60.173,FALSE,15,g,60173,FALSE,60.27,FALSE,0,FALSE,1715312.534,0,1715312.534,0,FALSE,TRUE
C,A,20200101,2020,52,2020,276,DEU,Germany,M,Import,620,PRT,Portugal,0,W00,World,H5,HS,TRUE,711011,"Metals; platinum, unwrought or in powder form",Platinum,6,TRUE,C00,TOTAL CPC,0,0,TOTAL MOT,8,kg,3.762,FALSE,15,g,3762,FALSE,3.492,FALSE,0,FALSE,106101.3,0,106101.3,0,FALSE,TRUE
C,A,20200101,2020,52,2020,276,DEU,Germany,M,Import,642,ROU,Romania,0,W00,World,H5,HS,TRUE,711011,"Metals; platinum, unwrought or in powder form",Platinum,6,TRUE,C00,TOTAL CPC,0,0,TOTAL MOT,8,kg,37.88,FALSE,15,g,37880,FALSE,38,FALSE,0,FALSE,1209543.39,0,1209543.39,0,FALSE,TRUE
C,A,20200101,2020,52,2020,276,DEU,Germany,M,Import,643,RUS,Russia,0,W00,World,H5,HS,TRUE,711011,"Metals; platinum, unwrought or in powder form",Platinum,6,TRUE,C00,TOTAL CPC,0,0,TOTAL MOT,8,kg,417.181,FALSE,15,g,417181,FALSE,417,FALSE,0,FALSE,16011371.14,0,16011371.14,0,FALSE,TRUE
C,A,20200101,2020,52,2020,276,DEU,Germany,M,Import,699,IND,India,0,W00,World,H5,HS,TRUE,711011,"Metals; platinum, unwrought or in powder form",Platinum,6,TRUE,C00,TOTAL CPC,0,0,TOTAL MOT,8,kg,2.775,FALSE,15,g,2775,FALSE,3.067,FALSE,0,FALSE,83613.835,0,83613.835,0,FALSE,TRUE
C,A,20200101,2020,52,2020,276,DEU,Germany,M,Import,710,ZAF,South Africa,0,W00,World,H5,HS,TRUE,711011,"Metals; platinum, unwrought or in powder form",Platinum,6,TRUE,C00,TOTAL CPC,0,0,TOTAL MOT,8,kg,8797.5,FALSE,15,g,8797500,FALSE,8798.1,FALSE,0,FALSE,264531530.7,0,264531530.7,0,FALSE,TRUE
C,A,20200101,2020,52,2020,276,DEU,Germany,M,Import,724,ESP,Spain,0,W00,World,H5,HS,TRUE,711011,"Metals; platinum, unwrought or in powder form",Platinum,6,TRUE,C00,TOTAL CPC,0,0,TOTAL MOT,8,kg,2.153,FALSE,15,g,2153,FALSE,3.072,FALSE,0,FALSE,64268.673,0,64268.673,0,FALSE,TRUE
C,A,20200101,2020,52,2020,276,DEU,Germany,M,Import,752,SWE,Sweden,0,W00,World,H5,HS,TRUE,711011,"Metals; platinum, unwrought or in powder form",Platinum,6,TRUE,C00,TOTAL CPC,0,0,TOTAL MOT,8,kg,0.489,FALSE,15,g,489,FALSE,0.489,FALSE,0,FALSE,14683.126,0,14683.126,0,FALSE,TRUE
C,A,20200101,2020,52,2020,276,DEU,Germany,M,Import,757,CHE,Switzerland,0,W00,World,H5,HS,TRUE,711011,"Metals; platinum, unwrought or in powder form",Platinum,6,TRUE,C00,TOTAL CPC,0,0,TOTAL MOT,8,kg,830.057,FALSE,15,g,830057,FALSE,831.229,FALSE,0,FALSE,21436776.06,0,21436776.06,0,FALSE,TRUE
C,A,20200101,2020,52,2020,276,DEU,Germany,M,Import,784,ARE,United Arab Emirates,0,W00,World,H5,HS,TRUE,711011,"Metals; platinum, unwrought or in powder form",Platinum,6,TRUE,C00,TOTAL CPC,0,0,TOTAL MOT,8,kg,47.194,FALSE,15,g,47194,FALSE,47,FALSE,0,FALSE,1719218.131,0,1719218.131,0,FALSE,TRUE
C,A,20200101,2020,52,2020,276,DEU,Germany,M,Import,804,UKR,Ukraine,0,W00,World,H5,HS,TRUE,711011,"Metals; platinum, unwrought or in powder form",Platinum,6,TRUE,C00,TOTAL CPC,0,0,TOTAL MOT,8,kg,44.787,FALSE,15,g,44787,FALSE,45,FALSE,0,FALSE,2865512.097,0,2865512.097,0,FALSE,TRUE
C,A,20200101,2020,52,2020,276,DEU,Germany,M,Import,826,GBR,United Kingdom,0,W00,World,H5,HS,TRUE,711011,"Metals; platinum, unwrought or in powder form",Platinum,6,TRUE,C00,TOTAL CPC,0,0,TOTAL MOT,8,kg,6162.399,FALSE,15,g,6162399,FALSE,6163.342,FALSE,0,FALSE,184964268.7,0,184964268.7,0,FALSE,TRUE
C,A,20200101,2020,52,2020,276,DEU,Germany,M,Import,839,XX ,Special Categories,0,W00,World,H5,HS,TRUE,711011,"Metals; platinum, unwrought or in powder form",Platinum,6,TRUE,C00,TOTAL CPC,0,0,TOTAL MOT,8,kg,10615.764,FALSE,15,g,10615764,FALSE,10618,FALSE,0,FALSE,304611116.9,0,304611116.9,0,FALSE,TRUE
C,A,20200101,2020,52,2020,276,DEU,Germany,M,Import,842,USA,USA,0,W00,World,H5,HS,TRUE,711011,"Metals; platinum, unwrought or in powder form",Platinum,6,TRUE,C00,TOTAL CPC,0,0,TOTAL MOT,8,kg,2101.532,TRUE,15,g,2101531,FALSE,2102.083,TRUE,0,FALSE,79499337.97,0,79499337.97,6,FALSE,TRUE
C,A,20200101,2020,52,2020,276,DEU,Germany,M,Import,0,W00,World,0,W00,World,H5,HS,TRUE,720280,Ferro-alloys,Tungsten,6,TRUE,C00,TOTAL CPC,0,0,TOTAL MOT,8,kg,718228,FALSE,8,kg,718228,FALSE,718228,FALSE,0,FALSE,16142401.76,0,16142401.76,0,FALSE,TRUE
C,A,20200101,2020,52,2020,276,DEU,Germany,M,Import,56,BEL,Belgium,0,W00,World,H5,HS,TRUE,720280,Ferro-alloys,Tungsten,6,TRUE,C00,TOTAL CPC,0,0,TOTAL MOT,8,kg,21574,FALSE,8,kg,21574,FALSE,21574,FALSE,0,FALSE,229366.431,0,229366.431,0,FALSE,TRUE
C,A,20200101,2020,52,2020,276,DEU,Germany,M,Import,156,CHN,China,0,W00,World,H5,HS,TRUE,720280,Ferro-alloys,Tungsten,6,TRUE,C00,TOTAL CPC,0,0,TOTAL MOT,8,kg,154081,FALSE,8,kg,154081,FALSE,154081,FALSE,0,FALSE,3716906.039,0,3716906.039,0,FALSE,TRUE
C,A,20200101,2020,52,2020,276,DEU,Germany,M,Import,203,CZE,Czechia,0,W00,World,H5,HS,TRUE,720280,Ferro-alloys,Tungsten,6,TRUE,C00,TOTAL CPC,0,0,TOTAL MOT,8,kg,1000,FALSE,8,kg,1000,FALSE,1000,FALSE,0,FALSE,23866.651,0,23866.651,0,FALSE,TRUE
C,A,20200101,2020,52,2020,276,DEU,Germany,M,Import,233,EST,Estonia,0,W00,World,H5,HS,TRUE,720280,Ferro-alloys,Tungsten,6,TRUE,C00,TOTAL CPC,0,0,TOTAL MOT,8,kg,1785,FALSE,8,kg,1785,FALSE,1785,FALSE,0,FALSE,29970.718,0,29970.718,0,FALSE,TRUE
C,A,20200101,2020,52,2020,276,DEU,Germany,M,Import,251,FRA,France,0,W00,World,H5,HS,TRUE,720280,Ferro-alloys,Tungsten,6,TRUE,C00,TOTAL CPC,0,0,TOTAL MOT,8,kg,5094,FALSE,8,kg,5094,FALSE,5094,FALSE,0,FALSE,142962.232,0,142962.232,0,FALSE,TRUE
C,A,20200101,2020,52,2020,276,DEU,Germany,M,Import,410,KOR,South Korea,0,W00,World,H5,HS,TRUE,720280,Ferro-alloys,Tungsten,6,TRUE,C00,TOTAL CPC,0,0,TOTAL MOT,8,kg,11005,FALSE,8,kg,11005,FALSE,11005,FALSE,0,FALSE,211363.89,0,211363.89,0,FALSE,TRUE
C,A,20200101,2020,52,2020,276,DEU,Germany,M,Import,528,NLD,Netherlands,0,W00,World,H5,HS,TRUE,720280,Ferro-alloys,Tungsten,6,TRUE,C00,TOTAL CPC,0,0,TOTAL MOT,8,kg,8116,FALSE,8,kg,8116,FALSE,8116,FALSE,0,FALSE,197457.77,0,197457.77,0,FALSE,TRUE
C,A,20200101,2020,52,2020,276,DEU,Germany,M,Import,643,RUS,Russia,0,W00,World,H5,HS,TRUE,720280,Ferro-alloys,Tungsten,6,TRUE,C00,TOTAL CPC,0,0,TOTAL MOT,8,kg,492504,FALSE,8,kg,492504,FALSE,492504,FALSE,0,FALSE,10989206.01,0,10989206.01,0,FALSE,TRUE
C,A,20200101,2020,52,2020,276,DEU,Germany,M,Import,688,SRB,Serbia,0,W00,World,H5,HS,TRUE,720280,Ferro-alloys,Tungsten,6,TRUE,C00,TOTAL CPC,0,0,TOTAL MOT,8,kg,577,FALSE,8,kg,577,FALSE,577,FALSE,0,FALSE,8252.26,0,8252.26,0,FALSE,TRUE
C,A,20200101,2020,52,2020,276,DEU,Germany,M,Import,704,VNM,Vietnam,0,W00,World,H5,HS,TRUE,720280,Ferro-alloys,Tungsten,6,TRUE,C00,TOTAL CPC,0,0,TOTAL MOT,8,kg,22104,FALSE,8,kg,22104,FALSE,22104,FALSE,0,FALSE,589530.381,0,589530.381,0,FALSE,TRUE
C,A,20200101,2020,52,2020,276,DEU,Germany,M,Import,826,GBR,United Kingdom,0,W00,World,H5,HS,TRUE,720280,Ferro-alloys,Tungsten,6,TRUE,C00,TOTAL CPC,0,0,TOTAL MOT,8,kg,388,FALSE,8,kg,388,FALSE,388,FALSE,0,FALSE,3519.38,0,3519.38,0,FALSE,TRUE
C,A,20200101,2020,52,2020,276,DEU,Germany,M,Import,0,W00,World,0,W00,World,H5,HS,TRUE,720292,Ferro-alloys,Vanadium,6,TRUE,C00,TOTAL CPC,0,0,TOTAL MOT,8,kg,3612545.245,TRUE,-1,N/A,0,FALSE,3612545.245,TRUE,0,FALSE,67412904.77,0,67412904.77,6,FALSE,TRUE
C,A,20200101,2020,52,2020,276,DEU,Germany,M,Import,40,AUT,Austria,0,W00,World,H5,HS,TRUE,720292,Ferro-alloys,Vanadium,6,TRUE,C00,TOTAL CPC,0,0,TOTAL MOT,8,kg,1769029,FALSE,8,kg,1769029,FALSE,1769029,FALSE,0,FALSE,31869036.8,0,31869036.8,0,FALSE,TRUE
C,A,20200101,2020,52,2020,276,DEU,Germany,M,Import,56,BEL,Belgium,0,W00,World,H5,HS,TRUE,720292,Ferro-alloys,Vanadium,6,TRUE,C00,TOTAL CPC,0,0,TOTAL MOT,8,kg,54000,FALSE,8,kg,54000,FALSE,54000,FALSE,0,FALSE,1047639.354,0,1047639.354,0,FALSE,TRUE
C,A,20200101,2020,52,2020,276,DEU,Germany,M,Import,156,CHN,China,0,W00,World,H5,HS,TRUE,720292,Ferro-alloys,Vanadium,6,TRUE,C00,TOTAL CPC,0,0,TOTAL MOT,8,kg,171889,FALSE,8,kg,171889,FALSE,171889,FALSE,0,FALSE,3386468.278,0,3386468.278,0,FALSE,TRUE
C,A,20200101,2020,52,2020,276,DEU,Germany,M,Import,203,CZE,Czechia,0,W00,World,H5,HS,TRUE,720292,Ferro-alloys,Vanadium,6,TRUE,C00,TOTAL CPC,0,0,TOTAL MOT,8,kg,158996,FALSE,8,kg,158996,FALSE,158996,FALSE,0,FALSE,3199461.238,0,3199461.238,0,FALSE,TRUE
C,A,20200101,2020,52,2020,276,DEU,Germany,M,Import,251,FRA,France,0,W00,World,H5,HS,TRUE,720292,Ferro-alloys,Vanadium,6,TRUE,C00,TOTAL CPC,0,0,TOTAL MOT,8,kg,10320,FALSE,8,kg,10320,FALSE,10320,FALSE,0,FALSE,217032.605,0,217032.605,0,FALSE,TRUE
C,A,20200101,2020,52,2020,276,DEU,Germany,M,Import,372,IRL,Ireland,0,W00,World,H5,HS,TRUE,720292,Ferro-alloys,Vanadium,6,TRUE,C00,TOTAL CPC,0,0,TOTAL MOT,8,kg,40538,FALSE,8,kg,40538,FALSE,40538,FALSE,0,FALSE,715845.261,0,715845.261,0,FALSE,TRUE
C,A,20200101,2020,52,2020,276,DEU,Germany,M,Import,380,ITA,Italy,0,W00,World,H5,HS,TRUE,720292,Ferro-alloys,Vanadium,6,TRUE,C00,TOTAL CPC,0,0,TOTAL MOT,8,kg,15082,FALSE,8,kg,15082,FALSE,15082,FALSE,0,FALSE,266786.122,0,266786.122,0,FALSE,TRUE
C,A,20200101,2020,52,2020,276,DEU,Germany,M,Import,410,KOR,South Korea,0,W00,World,H5,HS,TRUE,720292,Ferro-alloys,Vanadium,6,TRUE,C00,TOTAL CPC,0,0,TOTAL MOT,8,kg,457983,FALSE,8,kg,457983,FALSE,457983,FALSE,0,FALSE,8599150.687,0,8599150.687,0,FALSE,TRUE
C,A,20200101,2020,52,2020,276,DEU,Germany,M,Import,428,LVA,Latvia,0,W00,World,H5,HS,TRUE,720292,Ferro-alloys,Vanadium,6,TRUE,C00,TOTAL CPC,0,0,TOTAL MOT,8,kg,56602,FALSE,8,kg,56602,FALSE,56602,FALSE,0,FALSE,1195297.9,0,1195297.9,0,FALSE,TRUE
C,A,20200101,2020,52,2020,276,DEU,Germany,M,Import,440,LTU,Lithuania,0,W00,World,H5,HS,TRUE,720292,Ferro-alloys,Vanadium,6,TRUE,C00,TOTAL CPC,0,0,TOTAL MOT,8,kg,12000,FALSE,8,kg,12000,FALSE,12000,FALSE,0,FALSE,201645.603,0,201645.603,0,FALSE,TRUE
C,A,20200101,2020,52,2020,276,DEU,Germany,M,Import,442,LUX,Luxembourg,0,W00,World,H5,HS,TRUE,720292,Ferro-alloys,Vanadium,6,TRUE,C00,TOTAL CPC,0,0,TOTAL MOT,8,kg,22007,FALSE,8,kg,22007,FALSE,22007,FALSE,0,FALSE,506102.799,0,506102.799,0,FALSE,TRUE
C,A,20200101,2020,52,2020,276,DEU,Germany,M,Import,528,NLD,Netherlands,0,W00,World,H5,HS,TRUE,720292,Ferro-alloys,Vanadium,6,TRUE,C00,TOTAL CPC,0,0,TOTAL MOT,8,kg,186315,FALSE,8,kg,186315,FALSE,186315,FALSE,0,FALSE,4056496.472,0,4056496.472,0,FALSE,TRUE
C,A,20200101,2020,52,2020,276,DEU,Germany,M,Import,688,SRB,Serbia,0,W00,World,H5,HS,TRUE,720292,Ferro-alloys,Vanadium,6,TRUE,C00,TOTAL CPC,0,0,TOTAL MOT,8,kg,137.061,TRUE,-1,N/A,0,FALSE,137.061,TRUE,0,FALSE,2657.817,0,2657.817,6,FALSE,TRUE
C,A,20200101,2020,52,2020,276,DEU,Germany,M,Import,699,IND,India,0,W00,World,H5,HS,TRUE,720292,Ferro-alloys,Vanadium,6,TRUE,C00,TOTAL CPC,0,0,TOTAL MOT,8,kg,16000,FALSE,8,kg,16000,FALSE,16000,FALSE,0,FALSE,298213.726,0,298213.726,0,FALSE,TRUE
C,A,20200101,2020,52,2020,276,DEU,Germany,M,Import,710,ZAF,South Africa,0,W00,World,H5,HS,TRUE,720292,Ferro-alloys,Vanadium,6,TRUE,C00,TOTAL CPC,0,0,TOTAL MOT,8,kg,576542.184,TRUE,-1,N/A,0,FALSE,576542.184,TRUE,0,FALSE,10667835.23,0,10667835.23,6,FALSE,TRUE
C,A,20200101,2020,52,2020,276,DEU,Germany,M,Import,724,ESP,Spain,0,W00,World,H5,HS,TRUE,720292,Ferro-alloys,Vanadium,6,TRUE,C00,TOTAL CPC,0,0,TOTAL MOT,8,kg,3000,FALSE,8,kg,3000,FALSE,3000,FALSE,0,FALSE,52139.382,0,52139.382,0,FALSE,TRUE
C,A,20200101,2020,52,2020,276,DEU,Germany,M,Import,752,SWE,Sweden,0,W00,World,H5,HS,TRUE,720292,Ferro-alloys,Vanadium,6,TRUE,C00,TOTAL CPC,0,0,TOTAL MOT,8,kg,8000,FALSE,8,kg,8000,FALSE,8000,FALSE,0,FALSE,215162.078,0,215162.078,0,FALSE,TRUE
C,A,20200101,2020,52,2020,276,DEU,Germany,M,Import,757,CHE,Switzerland,0,W00,World,H5,HS,TRUE,720292,Ferro-alloys,Vanadium,6,TRUE,C00,TOTAL CPC,0,0,TOTAL MOT,8,kg,29000,FALSE,8,kg,29000,FALSE,29000,FALSE,0,FALSE,489449.735,0,489449.735,0,FALSE,TRUE
C,A,20200101,2020,52,2020,276,DEU,Germany,M,Import,826,GBR,United Kingdom,0,W00,World,H5,HS,TRUE,720292,Ferro-alloys,Vanadium,6,TRUE,C00,TOTAL CPC,0,0,TOTAL MOT,8,kg,25105,FALSE,8,kg,25105,FALSE,25105,FALSE,0,FALSE,426483.689,0,426483.689,0,FALSE,TRUE
C,A,20200101,2020,52,2020,276,DEU,Germany,M,Import,0,W00,World,0,W00,World,H5,HS,TRUE,720293,Ferro-alloys,Niobium,6,TRUE,C00,TOTAL CPC,0,0,TOTAL MOT,8,kg,4708984,FALSE,8,kg,4708984,FALSE,4708984,FALSE,0,FALSE,109146445.2,0,109146445.2,0,FALSE,TRUE
C,A,20200101,2020,52,2020,276,DEU,Germany,M,Import,56,BEL,Belgium,0,W00,World,H5,HS,TRUE,720293,Ferro-alloys,Niobium,6,TRUE,C00,TOTAL CPC,0,0,TOTAL MOT,8,kg,27549,FALSE,8,kg,27549,FALSE,27549,FALSE,0,FALSE,795884.868,0,795884.868,0,FALSE,TRUE
C,A,20200101,2020,52,2020,276,DEU,Germany,M,Import,76,BRA,Brazil,0,W00,World,H5,HS,TRUE,720293,Ferro-alloys,Niobium,6,TRUE,C00,TOTAL CPC,0,0,TOTAL MOT,8,kg,3263103,FALSE,8,kg,3263103,FALSE,3263103,FALSE,0,FALSE,74263240.26,0,74263240.26,0,FALSE,TRUE
C,A,20200101,2020,52,2020,276,DEU,Germany,M,Import,124,CAN,Canada,0,W00,World,H5,HS,TRUE,720293,Ferro-alloys,Niobium,6,TRUE,C00,TOTAL CPC,0,0,TOTAL MOT,8,kg,1051640,FALSE,8,kg,1051640,FALSE,1051640,FALSE,0,FALSE,24214612.18,0,24214612.18,0,FALSE,TRUE
C,A,20200101,2020,52,2020,276,DEU,Germany,M,Import,156,CHN,China,0,W00,World,H5,HS,TRUE,720293,Ferro-alloys,Niobium,6,TRUE,C00,TOTAL CPC,0,0,TOTAL MOT,8,kg,2988,FALSE,8,kg,2988,FALSE,2988,FALSE,0,FALSE,74380.033,0,74380.033,0,FALSE,TRUE
C,A,20200101,2020,52,2020,276,DEU,Germany,M,Import,203,CZE,Czechia,0,W00,World,H5,HS,TRUE,720293,Ferro-alloys,Niobium,6,TRUE,C00,TOTAL CPC,0,0,TOTAL MOT,8,kg,450,FALSE,8,kg,450,FALSE,450,FALSE,0,FALSE,10929.502,0,10929.502,0,FALSE,TRUE
C,A,20200101,2020,52,2020,276,DEU,Germany,M,Import,251,FRA,France,0,W00,World,H5,HS,TRUE,720293,Ferro-alloys,Niobium,6,TRUE,C00,TOTAL CPC,0,0,TOTAL MOT,8,kg,1317,FALSE,8,kg,1317,FALSE,1317,FALSE,0,FALSE,48959.371,0,48959.371,0,FALSE,TRUE
C,A,20200101,2020,52,2020,276,DEU,Germany,M,Import,528,NLD,Netherlands,0,W00,World,H5,HS,TRUE,720293,Ferro-alloys,Niobium,6,TRUE,C00,TOTAL CPC,0,0,TOTAL MOT,8,kg,336656,FALSE,8,kg,336656,FALSE,336656,FALSE,0,FALSE,8972332.914,0,8972332.914,0,FALSE,TRUE
C,A,20200101,2020,52,2020,276,DEU,Germany,M,Import,643,RUS,Russia,0,W00,World,H5,HS,TRUE,720293,Ferro-alloys,Niobium,6,TRUE,C00,TOTAL CPC,0,0,TOTAL MOT,8,kg,8762,FALSE,8,kg,8762,FALSE,8762,FALSE,0,FALSE,382074.374,0,382074.374,0,FALSE,TRUE
C,A,20200101,2020,52,2020,276,DEU,Germany,M,Import,688,SRB,Serbia,0,W00,World,H5,HS,TRUE,720293,Ferro-alloys,Niobium,6,TRUE,C00,TOTAL CPC,0,0,TOTAL MOT,8,kg,997,FALSE,8,kg,997,FALSE,997,FALSE,0,FALSE,14809.961,0,14809.961,0,FALSE,TRUE
C,A,20200101,2020,52,2020,276,DEU,Germany,M,Import,710,ZAF,South Africa,0,W00,World,H5,HS,TRUE,720293,Ferro-alloys,Niobium,6,TRUE,C00,TOTAL CPC,0,0,TOTAL MOT,8,kg,9419,FALSE,8,kg,9419,FALSE,9419,FALSE,0,FALSE,210348.069,0,210348.069,0,FALSE,TRUE
C,A,20200101,2020,52,2020,276,DEU,Germany,M,Import,752,SWE,Sweden,0,W00,World,H5,HS,TRUE,720293,Ferro-alloys,Niobium,6,TRUE,C00,TOTAL CPC,0,0,TOTAL MOT,8,kg,750,FALSE,8,kg,750,FALSE,750,FALSE,0,FALSE,21212.261,0,21212.261,0,FALSE,TRUE
C,A,20200101,2020,52,2020,276,DEU,Germany,M,Import,826,GBR,United Kingdom,0,W00,World,H5,HS,TRUE,720293,Ferro-alloys,Niobium,6,TRUE,C00,TOTAL CPC,0,0,TOTAL MOT,8,kg,5353,FALSE,8,kg,5353,FALSE,5353,FALSE,0,FALSE,137661.451,0,137661.451,0,FALSE,TRUE
C,A,20200101,2020,52,2020,276,DEU,Germany,M,Import,0,W00,World,0,W00,World,H5,HS,TRUE,760110,"Aluminium; unwrought, (not alloyed)",Aluminium,6,TRUE,C00,TOTAL CPC,0,0,TOTAL MOT,8,kg,557111392.1,TRUE,-1,N/A,0,FALSE,557111392.1,TRUE,0,FALSE,1064244351,0,1064244351,6,FALSE,TRUE
C,A,20200101,2020,52,2020,276,DEU,Germany,M,Import,40,AUT,Austria,0,W00,World,H5,HS,TRUE,760110,"Aluminium; unwrought, (not alloyed)",Aluminium,6,TRUE,C00,TOTAL CPC,0,0,TOTAL MOT,8,kg,675247,FALSE,8,kg,675247,FALSE,675247,FALSE,0,FALSE,1707501.339,0,1707501.339,0,FALSE,TRUE
C,A,20200101,2020,52,2020,276,DEU,Germany,M,Import,44,BHS,Bahamas,0,W00,World,H5,HS,TRUE,760110,"Aluminium; unwrought, (not alloyed)",Aluminium,6,TRUE,C00,TOTAL CPC,0,0,TOTAL MOT,8,kg,42442021,FALSE,8,kg,42442021,FALSE,42442021,FALSE,0,FALSE,77929180.43,0,77929180.43,0,FALSE,TRUE
C,A,20200101,2020,52,2020,276,DEU,Germany,M,Import,56,BEL,Belgium,0,W00,World,H5,HS,TRUE,760110,"Aluminium; unwrought, (not alloyed)",Aluminium,6,TRUE,C00,TOTAL CPC,0,0,TOTAL MOT,8,kg,1901198,FALSE,8,kg,1901198,FALSE,1901198,FALSE,0,FALSE,3017823.538,0,3017823.538,0,FALSE,TRUE
C,A,20200101,2020,52,2020,276,DEU,Germany,M,Import,76,BRA,Brazil,0,W00,World,H5,HS,TRUE,760110,"Aluminium; unwrought, (not alloyed)",Aluminium,6,TRUE,C00,TOTAL CPC,0,0,TOTAL MOT,8,kg,1519103,FALSE,8,kg,1519103,FALSE,1519103,FALSE,0,FALSE,2955400.254,0,2955400.254,0,FALSE,TRUE
C,A,20200101,2020,52,2020,276,DEU,Germany,M,Import,120,CMR,Cameroon,0,W00,World,H5,HS,TRUE,760110,"Aluminium; unwrought, (not alloyed)",Aluminium,6,TRUE,C00,TOTAL CPC,0,0,TOTAL MOT,8,kg,7210776,FALSE,8,kg,7210776,FALSE,7210776,FALSE,0,FALSE,15150771.97,0,15150771.97,0,FALSE,TRUE
C,A,20200101,2020,52,2020,276,DEU,Germany,M,Import,124,CAN,Canada,0,W00,World,H5,HS,TRUE,760110,"Aluminium; unwrought, (not alloyed)",Aluminium,6,TRUE,C00,TOTAL CPC,0,0,TOTAL MOT,8,kg,4802326,FALSE,8,kg,4802326,FALSE,4802326,FALSE,0,FALSE,9409410.165,0,9409410.165,0,FALSE,TRUE
C,A,20200101,2020,52,2020,276,DEU,Germany,M,Import,156,CHN,China,0,W00,World,H5,HS,TRUE,760110,"Aluminium; unwrought, (not alloyed)",Aluminium,6,TRUE,C00,TOTAL CPC,0,0,TOTAL MOT,8,kg,17727.914,TRUE,-1,N/A,0,FALSE,17727.914,TRUE,0,FALSE,119646.341,0,119646.341,6,FALSE,TRUE
C,A,20200101,2020,52,2020,276,DEU,Germany,M,Import,203,CZE,Czechia,0,W00,World,H5,HS,TRUE,760110,"Aluminium; unwrought, (not alloyed)",Aluminium,6,TRUE,C00,TOTAL CPC,0,0,TOTAL MOT,8,kg,418100,FALSE,8,kg,418100,FALSE,418100,FALSE,0,FALSE,891078.376,0,891078.376,0,FALSE,TRUE
C,A,20200101,2020,52,2020,276,DEU,Germany,M,Import,251,FRA,France,0,W00,World,H5,HS,TRUE,760110,"Aluminium; unwrought, (not alloyed)",Aluminium,6,TRUE,C00,TOTAL CPC,0,0,TOTAL MOT,8,kg,40322910,FALSE,8,kg,40322910,FALSE,40322910,FALSE,0,FALSE,78421663.91,0,78421663.91,0,FALSE,TRUE
C,A,20200101,2020,52,2020,276,DEU,Germany,M,Import,288,GHA,Ghana,0,W00,World,H5,HS,TRUE,760110,"Aluminium; unwrought, (not alloyed)",Aluminium,6,TRUE,C00,TOTAL CPC,0,0,TOTAL MOT,8,kg,4191657,FALSE,8,kg,4191657,FALSE,4191657,FALSE,0,FALSE,7331726.07,0,7331726.07,0,FALSE,TRUE
C,A,20200101,2020,52,2020,276,DEU,Germany,M,Import,344,HKG,Hong Kong,0,W00,World,H5,HS,TRUE,760110,"Aluminium; unwrought, (not alloyed)",Aluminium,6,TRUE,C00,TOTAL CPC,0,0,TOTAL MOT,8,kg,15645,FALSE,8,kg,15645,FALSE,15645,FALSE,0,FALSE,31821.82,0,31821.82,0,FALSE,TRUE
C,A,20200101,2020,52,2020,276,DEU,Germany,M,Import,348,HUN,Hungary,0,W00,World,H5,HS,TRUE,760110,"Aluminium; unwrought, (not alloyed)",Aluminium,6,TRUE,C00,TOTAL CPC,0,0,TOTAL MOT,8,kg,364,FALSE,8,kg,364,FALSE,364,FALSE,0,FALSE,2490.99,0,2490.99,0,FALSE,TRUE
C,A,20200101,2020,52,2020,276,DEU,Germany,M,Import,352,ISL,Iceland,0,W00,World,H5,HS,TRUE,760110,"Aluminium; unwrought, (not alloyed)",Aluminium,6,TRUE,C00,TOTAL CPC,0,0,TOTAL MOT,8,kg,42264328,FALSE,8,kg,42264328,FALSE,42264328,FALSE,0,FALSE,82314404.1,0,82314404.1,0,FALSE,TRUE
C,A,20200101,2020,52,2020,276,DEU,Germany,M,Import,376,ISR,Israel,0,W00,World,H5,HS,TRUE,760110,"Aluminium; unwrought, (not alloyed)",Aluminium,6,TRUE,C00,TOTAL CPC,0,0,TOTAL MOT,8,kg,24200,FALSE,8,kg,24200,FALSE,24200,FALSE,0,FALSE,44212.779,0,44212.779,0,FALSE,TRUE
C,A,20200101,2020,52,2020,276,DEU,Germany,M,Import,380,ITA,Italy,0,W00,World,H5,HS,TRUE,760110,"Aluminium; unwrought, (not alloyed)",Aluminium,6,TRUE,C00,TOTAL CPC,0,0,TOTAL MOT,8,kg,154377,FALSE,8,kg,154377,FALSE,154377,FALSE,0,FALSE,209984.705,0,209984.705,0,FALSE,TRUE
C,A,20200101,2020,52,2020,276,DEU,Germany,M,Import,392,JPN,Japan,0,W00,World,H5,HS,TRUE,760110,"Aluminium; unwrought, (not alloyed)",Aluminium,6,TRUE,C00,TOTAL CPC,0,0,TOTAL MOT,8,kg,19027,FALSE,8,kg,19027,FALSE,19027,FALSE,0,FALSE,36206.19,0,36206.19,0,FALSE,TRUE
C,A,20200101,2020,52,2020,276,DEU,Germany,M,Import,490,S19,"Other Asia, nes",0,W00,World,H5,HS,TRUE,760110,"Aluminium; unwrought, (not alloyed)",Aluminium,6,TRUE,C00,TOTAL CPC,0,0,TOTAL MOT,8,kg,2439,FALSE,8,kg,2439,FALSE,2439,FALSE,0,FALSE,6516.566,0,6516.566,0,FALSE,TRUE
C,A,20200101,2020,52,2020,276,DEU,Germany,M,Import,508,MOZ,Mozambique,0,W00,World,H5,HS,TRUE,760110,"Aluminium; unwrought, (not alloyed)",Aluminium,6,TRUE,C00,TOTAL CPC,0,0,TOTAL MOT,8,kg,42063826,FALSE,8,kg,42063826,FALSE,42063826,FALSE,0,FALSE,80954523.78,0,80954523.78,0,FALSE,TRUE
C,A,20200101,2020,52,2020,276,DEU,Germany,M,Import,512,OMN,Oman,0,W00,World,H5,HS,TRUE,760110,"Aluminium; unwrought, (not alloyed)",Aluminium,6,TRUE,C00,TOTAL CPC,0,0,TOTAL MOT,8,kg,9315598,FALSE,8,kg,9315598,FALSE,9315598,FALSE,0,FALSE,17527098.28,0,17527098.28,0,FALSE,TRUE
C,A,20200101,2020,52,2020,276,DEU,Germany,M,Import,528,NLD,Netherlands,0,W00,World,H5,HS,TRUE,760110,"Aluminium; unwrought, (not alloyed)",Aluminium,6,TRUE,C00,TOTAL CPC,0,0,TOTAL MOT,8,kg,98775166,FALSE,8,kg,98775166,FALSE,98775166,FALSE,0,FALSE,192288397.2,0,192288397.2,0,FALSE,TRUE
C,A,20200101,2020,52,2020,276,DEU,Germany,M,Import,554,NZL,New Zealand,0,W00,World,H5,HS,TRUE,760110,"Aluminium; unwrought, (not alloyed)",Aluminium,6,TRUE,C00,TOTAL CPC,0,0,TOTAL MOT,8,kg,293076,FALSE,8,kg,293076,FALSE,293076,FALSE,0,FALSE,655667.296,0,655667.296,0,FALSE,TRUE
C,A,20200101,2020,52,2020,276,DEU,Germany,M,Import,579,NOR,Norway,0,W00,World,H5,HS,TRUE,760110,"Aluminium; unwrought, (not alloyed)",Aluminium,6,TRUE,C00,TOTAL CPC,0,0,TOTAL MOT,8,kg,18121439.2,TRUE,-1,N/A,0,FALSE,18121439.2,TRUE,0,FALSE,40320839.75,0,40320839.75,6,FALSE,TRUE
C,A,20200101,2020,52,2020,276,DEU,Germany,M,Import,616,POL,Poland,0,W00,World,H5,HS,TRUE,760110,"Aluminium; unwrought, (not alloyed)",Aluminium,6,TRUE,C00,TOTAL CPC,0,0,TOTAL MOT,8,kg,858401,FALSE,8,kg,858401,FALSE,858401,FALSE,0,FALSE,1663688.49,0,1663688.49,0,FALSE,TRUE
C,A,20200101,2020,52,2020,276,DEU,Germany,M,Import,634,QAT,Qatar,0,W00,World,H5,HS,TRUE,760110,"Aluminium; unwrought, (not alloyed)",Aluminium,6,TRUE,C00,TOTAL CPC,0,0,TOTAL MOT,8,kg,12524676,FALSE,8,kg,12524676,FALSE,12524676,FALSE,0,FALSE,23066059.18,0,23066059.18,0,FALSE,TRUE
C,A,20200101,2020,52,2020,276,DEU,Germany,M,Import,643,RUS,Russia,0,W00,World,H5,HS,TRUE,760110,"Aluminium; unwrought, (not alloyed)",Aluminium,6,TRUE,C00,TOTAL CPC,0,0,TOTAL MOT,8,kg,124862937,FALSE,8,kg,124862937,FALSE,124862937,FALSE,0,FALSE,231385885.7,0,231385885.7,0,FALSE,TRUE
C,A,20200101,2020,52,2020,276,DEU,Germany,M,Import,682,SAU,Saudi Arabia,0,W00,World,H5,HS,TRUE,760110,"Aluminium; unwrought, (not alloyed)",Aluminium,6,TRUE,C00,TOTAL CPC,0,0,TOTAL MOT,8,kg,2575372,FALSE,8,kg,2575372,FALSE,2575372,FALSE,0,FALSE,4951446.166,0,4951446.166,0,FALSE,TRUE
C,A,20200101,2020,52,2020,276,DEU,Germany,M,Import,688,SRB,Serbia,0,W00,World,H5,HS,TRUE,760110,"Aluminium; unwrought, (not alloyed)",Aluminium,6,TRUE,C00,TOTAL CPC,0,0,TOTAL MOT,8,kg,5917,FALSE,8,kg,5917,FALSE,5917,FALSE,0,FALSE,11426.558,0,11426.558,0,FALSE,TRUE
C,A,20200101,2020,52,2020,276,DEU,Germany,M,Import,699,IND,India,0,W00,World,H5,HS,TRUE,760110,"Aluminium; unwrought, (not alloyed)",Aluminium,6,TRUE,C00,TOTAL CPC,0,0,TOTAL MOT,8,kg,160,FALSE,8,kg,160,FALSE,160,FALSE,0,FALSE,4140.984,0,4140.984,0,FALSE,TRUE
C,A,20200101,2020,52,2020,276,DEU,Germany,M,Import,703,SVK,Slovakia,0,W00,World,H5,HS,TRUE,760110,"Aluminium; unwrought, (not alloyed)",Aluminium,6,TRUE,C00,TOTAL CPC,0,0,TOTAL MOT,8,kg,30150,FALSE,8,kg,30150,FALSE,30150,FALSE,0,FALSE,66952.771,0,66952.771,0,FALSE,TRUE
C,A,20200101,2020,52,2020,276,DEU,Germany,M,Import,705,SVN,Slovenia,0,W00,World,H5,HS,TRUE,760110,"Aluminium; unwrought, (not alloyed)",Aluminium,6,TRUE,C00,TOTAL CPC,0,0,TOTAL MOT,8,kg,44503,FALSE,8,kg,44503,FALSE,44503,FALSE,0,FALSE,88472.407,0,88472.407,0,FALSE,TRUE
C,A,20200101,2020,52,2020,276,DEU,Germany,M,Import,710,ZAF,South Africa,0,W00,World,H5,HS,TRUE,760110,"Aluminium; unwrought, (not alloyed)",Aluminium,6,TRUE,C00,TOTAL CPC,0,0,TOTAL MOT,8,kg,57607428,FALSE,8,kg,57607428,FALSE,57607428,FALSE,0,FALSE,107012254.5,0,107012254.5,0,FALSE,TRUE
C,A,20200101,2020,52,2020,276,DEU,Germany,M,Import,724,ESP,Spain,0,W00,World,H5,HS,TRUE,760110,"Aluminium; unwrought, (not alloyed)",Aluminium,6,TRUE,C00,TOTAL CPC,0,0,TOTAL MOT,8,kg,2410302,FALSE,8,kg,2410302,FALSE,2410302,FALSE,0,FALSE,3958301.207,0,3958301.207,0,FALSE,TRUE
C,A,20200101,2020,52,2020,276,DEU,Germany,M,Import,752,SWE,Sweden,0,W00,World,H5,HS,TRUE,760110,"Aluminium; unwrought, (not alloyed)",Aluminium,6,TRUE,C00,TOTAL CPC,0,0,TOTAL MOT,8,kg,134,FALSE,8,kg,134,FALSE,134,FALSE,0,FALSE,283.379,0,283.379,0,FALSE,TRUE
C,A,20200101,2020,52,2020,276,DEU,Germany,M,Import,757,CHE,Switzerland,0,W00,World,H5,HS,TRUE,760110,"Aluminium; unwrought, (not alloyed)",Aluminium,6,TRUE,C00,TOTAL CPC,0,0,TOTAL MOT,8,kg,276387.686,TRUE,-1,N/A,0,FALSE,276387.686,TRUE,0,FALSE,641194.418,0,641194.418,6,FALSE,TRUE
C,A,20200101,2020,52,2020,276,DEU,Germany,M,Import,784,ARE,United Arab Emirates,0,W00,World,H5,HS,TRUE,760110,"Aluminium; unwrought, (not alloyed)",Aluminium,6,TRUE,C00,TOTAL CPC,0,0,TOTAL MOT,8,kg,34129790,FALSE,8,kg,34129790,FALSE,34129790,FALSE,0,FALSE,65625649.49,0,65625649.49,0,FALSE,TRUE
C,A,20200101,2020,52,2020,276,DEU,Germany,M,Import,792,TUR,Turkey,0,W00,World,H5,HS,TRUE,760110,"Aluminium; unwrought, (not alloyed)",Aluminium,6,TRUE,C00,TOTAL CPC,0,0,TOTAL MOT,8,kg,1994,FALSE,8,kg,1994,FALSE,1994,FALSE,0,FALSE,15157.329,0,15157.329,0,FALSE,TRUE
C,A,20200101,2020,52,2020,276,DEU,Germany,M,Import,804,UKR,Ukraine,0,W00,World,H5,HS,TRUE,760110,"Aluminium; unwrought, (not alloyed)",Aluminium,6,TRUE,C00,TOTAL CPC,0,0,TOTAL MOT,8,kg,506618,FALSE,8,kg,506618,FALSE,506618,FALSE,0,FALSE,994296.755,0,994296.755,0,FALSE,TRUE
C,A,20200101,2020,52,2020,276,DEU,Germany,M,Import,826,GBR,United Kingdom,0,W00,World,H5,HS,TRUE,760110,"Aluminium; unwrought, (not alloyed)",Aluminium,6,TRUE,C00,TOTAL CPC,0,0,TOTAL MOT,8,kg,6715740.61,TRUE,-1,N/A,0,FALSE,6715740.61,TRUE,0,FALSE,13377735.89,0,13377735.89,6,FALSE,TRUE
C,A,20200101,2020,52,2020,276,DEU,Germany,M,Import,842,USA,USA,0,W00,World,H5,HS,TRUE,760110,"Aluminium; unwrought, (not alloyed)",Aluminium,6,TRUE,C00,TOTAL CPC,0,0,TOTAL MOT,8,kg,10330.685,TRUE,-1,N/A,0,FALSE,10330.685,TRUE,0,FALSE,55039.442,0,55039.442,6,FALSE,TRUE
C,A,20200101,2020,52,2020,276,DEU,Germany,M,Import,0,W00,World,0,W00,World,H5,HS,TRUE,790111,"Zinc; unwrought, (not alloyed), containing by weight 99.99% or more of zinc",Zinc,6,TRUE,C00,TOTAL CPC,0,0,TOTAL MOT,8,kg,230468779.7,TRUE,-1,N/A,0,FALSE,230468779.7,TRUE,0,FALSE,547325441.4,0,547325441.4,6,FALSE,TRUE
C,A,20200101,2020,52,2020,276,DEU,Germany,M,Import,40,AUT,Austria,0,W00,World,H5,HS,TRUE,790111,"Zinc; unwrought, (not alloyed), containing by weight 99.99% or more of zinc",Zinc,6,TRUE,C00,TOTAL CPC,0,0,TOTAL MOT,8,kg,4709055,FALSE,8,kg,4709055,FALSE,4709055,FALSE,0,FALSE,11795318.79,0,11795318.79,0,FALSE,TRUE
C,A,20200101,2020,52,2020,276,DEU,Germany,M,Import,56,BEL,Belgium,0,W00,World,H5,HS,TRUE,790111,"Zinc; unwrought, (not alloyed), containing by weight 99.99% or more of zinc",Zinc,6,TRUE,C00,TOTAL CPC,0,0,TOTAL MOT,8,kg,27777534,FALSE,8,kg,27777534,FALSE,27777534,FALSE,0,FALSE,65611085.2,0,65611085.2,0,FALSE,TRUE
C,A,20200101,2020,52,2020,276,DEU,Germany,M,Import,156,CHN,China,0,W00,World,H5,HS,TRUE,790111,"Zinc; unwrought, (not alloyed), containing by weight 99.99% or more of zinc",Zinc,6,TRUE,C00,TOTAL CPC,0,0,TOTAL MOT,8,kg,3040,FALSE,8,kg,3040,FALSE,3040,FALSE,0,FALSE,20315.277,0,20315.277,0,FALSE,TRUE
C,A,20200101,2020,52,2020,276,DEU,Germany,M,Import,246,FIN,Finland,0,W00,World,H5,HS,TRUE,790111,"Zinc; unwrought, (not alloyed), containing by weight 99.99% or more of zinc",Zinc,6,TRUE,C00,TOTAL CPC,0,0,TOTAL MOT,8,kg,77023651,FALSE,8,kg,77023651,FALSE,77023651,FALSE,0,FALSE,184356090.1,0,184356090.1,0,FALSE,TRUE
C,A,20200101,2020,52,2020,276,DEU,Germany,M,Import,251,FRA,France,0,W00,World,H5,HS,TRUE,790111,"Zinc; unwrought, (not alloyed), containing by weight 99.99% or more of zinc",Zinc,6,TRUE,C00,TOTAL CPC,0,0,TOTAL MOT,8,kg,104870,FALSE,8,kg,104870,FALSE,104870,FALSE,0,FALSE,273131.289,0,273131.289,0,FALSE,TRUE
C,A,20200101,2020,52,2020,276,DEU,Germany,M,Import,380,ITA,Italy,0,W00,World,H5,HS,TRUE,790111,"Zinc; unwrought, (not alloyed), containing by weight 99.99% or more of zinc",Zinc,6,TRUE,C00,TOTAL CPC,0,0,TOTAL MOT,8,kg,130162,FALSE,8,kg,130162,FALSE,130162,FALSE,0,FALSE,422864.899,0,422864.899,0,FALSE,TRUE
C,A,20200101,2020,52,2020,276,DEU,Germany,M,Import,392,JPN,Japan,0,W00,World,H5,HS,TRUE,790111,"Zinc; unwrought, (not alloyed), containing by weight 99.99% or more of zinc",Zinc,6,TRUE,C00,TOTAL CPC,0,0,TOTAL MOT,8,kg,694.926,TRUE,-1,N/A,0,FALSE,694.926,TRUE,0,FALSE,1904.807,0,1904.807,6,FALSE,TRUE
C,A,20200101,2020,52,2020,276,DEU,Germany,M,Import,442,LUX,Luxembourg,0,W00,World,H5,HS,TRUE,790111,"Zinc; unwrought, (not alloyed), containing by weight 99.99% or more of zinc",Zinc,6,TRUE,C00,TOTAL CPC,0,0,TOTAL MOT,8,kg,367382,FALSE,8,kg,367382,FALSE,367382,FALSE,0,FALSE,921933.509,0,921933.509,0,FALSE,TRUE
C,A,20200101,2020,52,2020,276,DEU,Germany,M,Import,458,MYS,Malaysia,0,W00,World,H5,HS,TRUE,790111,"Zinc; unwrought, (not alloyed), containing by weight 99.99% or more of zinc",Zinc,6,TRUE,C00,TOTAL CPC,0,0,TOTAL MOT,8,kg,24538,FALSE,8,kg,24538,FALSE,24538,FALSE,0,FALSE,61348.045,0,61348.045,0,FALSE,TRUE
C,A,20200101,2020,52,2020,276,DEU,Germany,M,Import,484,MEX,Mexico,0,W00,World,H5,HS,TRUE,790111,"Zinc; unwrought, (not alloyed), containing by weight 99.99% or more of zinc",Zinc,6,TRUE,C00,TOTAL CPC,0,0,TOTAL MOT,8,kg,6656688,FALSE,8,kg,6656688,FALSE,6656688,FALSE,0,FALSE,15575618.23,0,15575618.23,0,FALSE,TRUE
C,A,20200101,2020,52,2020,276,DEU,Germany,M,Import,528,NLD,Netherlands,0,W00,World,H5,HS,TRUE,790111,"Zinc; unwrought, (not alloyed), containing by weight 99.99% or more of zinc",Zinc,6,TRUE,C00,TOTAL CPC,0,0,TOTAL MOT,8,kg,37255102,FALSE,8,kg,37255102,FALSE,37255102,FALSE,0,FALSE,88020564.11,0,88020564.11,0,FALSE,TRUE
C,A,20200101,2020,52,2020,276,DEU,Germany,M,Import,579,NOR,Norway,0,W00,World,H5,HS,TRUE,790111,"Zinc; unwrought, (not alloyed), containing by weight 99.99% or more of zinc",Zinc,6,TRUE,C00,TOTAL CPC,0,0,TOTAL MOT,8,kg,22646330,FALSE,8,kg,22646330,FALSE,22646330,FALSE,0,FALSE,52633558.77,0,52633558.77,0,FALSE,TRUE
C,A,20200101,2020,52,2020,276,DEU,Germany,M,Import,604,PER,Peru,0,W00,World,H5,HS,TRUE,790111,"Zinc; unwrought, (not alloyed), containing by weight 99.99% or more of zinc",Zinc,6,TRUE,C00,TOTAL CPC,0,0,TOTAL MOT,8,kg,2355696,FALSE,8,kg,2355696,FALSE,2355696,FALSE,0,FALSE,6008991.202,0,6008991.202,0,FALSE,TRUE
C,A,20200101,2020,52,2020,276,DEU,Germany,M,Import,616,POL,Poland,0,W00,World,H5,HS,TRUE,790111,"Zinc; unwrought, (not alloyed), containing by weight 99.99% or more of zinc",Zinc,6,TRUE,C00,TOTAL CPC,0,0,TOTAL MOT,8,kg,3205879,FALSE,8,kg,3205879,FALSE,3205879,FALSE,0,FALSE,8008032.014,0,8008032.014,0,FALSE,TRUE
C,A,20200101,2020,52,2020,276,DEU,Germany,M,Import,705,SVN,Slovenia,0,W00,World,H5,HS,TRUE,790111,"Zinc; unwrought, (not alloyed), containing by weight 99.99% or more of zinc",Zinc,6,TRUE,C00,TOTAL CPC,0,0,TOTAL MOT,8,kg,185500,FALSE,8,kg,185500,FALSE,185500,FALSE,0,FALSE,497083.818,0,497083.818,0,FALSE,TRUE
C,A,20200101,2020,52,2020,276,DEU,Germany,M,Import,724,ESP,Spain,0,W00,World,H5,HS,TRUE,790111,"Zinc; unwrought, (not alloyed), containing by weight 99.99% or more of zinc",Zinc,6,TRUE,C00,TOTAL CPC,0,0,TOTAL MOT,8,kg,44238563,FALSE,8,kg,44238563,FALSE,44238563,FALSE,0,FALSE,104334710.5,0,104334710.5,0,FALSE,TRUE
C,A,20200101,2020,52,2020,276,DEU,Germany,M,Import,752,SWE,Sweden,0,W00,World,H5,HS,TRUE,790111,"Zinc; unwrought, (not alloyed), containing by weight 99.99% or more of zinc",Zinc,6,TRUE,C00,TOTAL CPC,0,0,TOTAL MOT,8,kg,2431220,FALSE,8,kg,2431220,FALSE,2431220,FALSE,0,FALSE,5682022.545,0,5682022.545,0,FALSE,TRUE
C,A,20200101,2020,52,2020,276,DEU,Germany,M,Import,757,CHE,Switzerland,0,W00,World,H5,HS,TRUE,790111,"Zinc; unwrought, (not alloyed), containing by weight 99.99% or more of zinc",Zinc,6,TRUE,C00,TOTAL CPC,0,0,TOTAL MOT,8,kg,14445,FALSE,8,kg,14445,FALSE,14445,FALSE,0,FALSE,30092.982,0,30092.982,0,FALSE,TRUE
C,A,20200101,2020,52,2020,276,DEU,Germany,M,Import,826,GBR,United Kingdom,0,W00,World,H5,HS,TRUE,790111,"Zinc; unwrought, (not alloyed), containing by weight 99.99% or more of zinc",Zinc,6,TRUE,C00,TOTAL CPC,0,0,TOTAL MOT,8,kg,1330143,FALSE,8,kg,1330143,FALSE,1330143,FALSE,0,FALSE,3044973.038,0,3044973.038,0,FALSE,TRUE
C,A,20200101,2020,52,2020,276,DEU,Germany,M,Import,842,USA,USA,0,W00,World,H5,HS,TRUE,790111,"Zinc; unwrought, (not alloyed), containing by weight 99.99% or more of zinc",Zinc,6,TRUE,C00,TOTAL CPC,0,0,TOTAL MOT,8,kg,8286.766,TRUE,-1,N/A,0,FALSE,8286.766,TRUE,0,FALSE,25802.309,0,25802.309,6,FALSE,TRUE
C,A,20200101,2020,52,2020,276,DEU,Germany,M,Import,0,W00,World,0,W00,World,H5,HS,TRUE,810320,"Tantalum; unwrought, including bars and rods obtained simply by sintering, powders",Tantalum,6,TRUE,C00,TOTAL CPC,0,0,TOTAL MOT,8,kg,46794.74,TRUE,-1,N/A,0,FALSE,46794.74,TRUE,0,FALSE,10215565.22,0,10215565.22,6,FALSE,TRUE
C,A,20200101,2020,52,2020,276,DEU,Germany,M,Import,40,AUT,Austria,0,W00,World,H5,HS,TRUE,810320,"Tantalum; unwrought, including bars and rods obtained simply by sintering, powders",Tantalum,6,TRUE,C00,TOTAL CPC,0,0,TOTAL MOT,8,kg,700,FALSE,8,kg,700,FALSE,700,FALSE,0,FALSE,220059.5,0,220059.5,0,FALSE,TRUE
C,A,20200101,2020,52,2020,276,DEU,Germany,M,Import,124,CAN,Canada,0,W00,World,H5,HS,TRUE,810320,"Tantalum; unwrought, including bars and rods obtained simply by sintering, powders",Tantalum,6,TRUE,C00,TOTAL CPC,0,0,TOTAL MOT,8,kg,5,FALSE,8,kg,5,FALSE,5,FALSE,0,FALSE,9542.318,0,9542.318,0,FALSE,TRUE
C,A,20200101,2020,52,2020,276,DEU,Germany,M,Import,156,CHN,China,0,W00,World,H5,HS,TRUE,810320,"Tantalum; unwrought, including bars and rods obtained simply by sintering, powders",Tantalum,6,TRUE,C00,TOTAL CPC,0,0,TOTAL MOT,8,kg,2487.932,TRUE,-1,N/A,0,FALSE,2487.932,TRUE,0,FALSE,690386.891,0,690386.891,6,FALSE,TRUE
C,A,20200101,2020,52,2020,276,DEU,Germany,M,Import,203,CZE,Czechia,0,W00,World,H5,HS,TRUE,810320,"Tantalum; unwrought, including bars and rods obtained simply by sintering, powders",Tantalum,6,TRUE,C00,TOTAL CPC,0,0,TOTAL MOT,8,kg,93,FALSE,8,kg,93,FALSE,93,FALSE,0,FALSE,12752.038,0,12752.038,0,FALSE,TRUE
C,A,20200101,2020,52,2020,276,DEU,Germany,M,Import,233,EST,Estonia,0,W00,World,H5,HS,TRUE,810320,"Tantalum; unwrought, including bars and rods obtained simply by sintering, powders",Tantalum,6,TRUE,C00,TOTAL CPC,0,0,TOTAL MOT,8,kg,5448,FALSE,8,kg,5448,FALSE,5448,FALSE,0,FALSE,1472340.5,0,1472340.5,0,FALSE,TRUE
C,A,20200101,2020,52,2020,276,DEU,Germany,M,Import,251,FRA,France,0,W00,World,H5,HS,TRUE,810320,"Tantalum; unwrought, including bars and rods obtained simply by sintering, powders",Tantalum,6,TRUE,C00,TOTAL CPC,0,0,TOTAL MOT,8,kg,7.764,TRUE,-1,N/A,0,FALSE,7.764,TRUE,0,FALSE,10145.64,0,10145.64,6,FALSE,TRUE
C,A,20200101,2020,52,2020,276,DEU,Germany,M,Import,392,JPN,Japan,0,W00,World,H5,HS,TRUE,810320,"Tantalum; unwrought, including bars and rods obtained simply by sintering, powders",Tantalum,6,TRUE,C00,TOTAL CPC,0,0,TOTAL MOT,8,kg,1408,FALSE,8,kg,1408,FALSE,1408,FALSE,0,FALSE,272445.696,0,272445.696,0,FALSE,TRUE
C,A,20200101,2020,52,2020,276,DEU,Germany,M,Import,398,KAZ,Kazakhstan,0,W00,World,H5,HS,TRUE,810320,"Tantalum; unwrought, including bars and rods obtained simply by sintering, powders",Tantalum,6,TRUE,C00,TOTAL CPC,0,0,TOTAL MOT,8,kg,2932,FALSE,8,kg,2932,FALSE,2932,FALSE,0,FALSE,883214.619,0,883214.619,0,FALSE,TRUE
C,A,20200101,2020,52,2020,276,DEU,Germany,M,Import,410,KOR,South Korea,0,W00,World,H5,HS,TRUE,810320,"Tantalum; unwrought, including bars and rods obtained simply by sintering, powders",Tantalum,6,TRUE,C00,TOTAL CPC,0,0,TOTAL MOT,8,kg,1660.188,TRUE,-1,N/A,0,FALSE,1660.188,TRUE,0,FALSE,208386.129,0,208386.129,6,FALSE,TRUE
C,A,20200101,2020,52,2020,276,DEU,Germany,M,Import,643,RUS,Russia,0,W00,World,H5,HS,TRUE,810320,"Tantalum; unwrought, including bars and rods obtained simply by sintering, powders",Tantalum,6,TRUE,C00,TOTAL CPC,0,0,TOTAL MOT,8,kg,5243.403,TRUE,-1,N/A,0,FALSE,5243.403,TRUE,0,FALSE,1044053.7,0,1044053.7,6,FALSE,TRUE
C,A,20200101,2020,52,2020,276,DEU,Germany,M,Import,757,CHE,Switzerland,0,W00,World,H5,HS,TRUE,810320,"Tantalum; unwrought, including bars and rods obtained simply by sintering, powders",Tantalum,6,TRUE,C00,TOTAL CPC,0,0,TOTAL MOT,8,kg,15,FALSE,8,kg,15,FALSE,15,FALSE,0,FALSE,4940.843,0,4940.843,0,FALSE,TRUE
C,A,20200101,2020,52,2020,276,DEU,Germany,M,Import,764,THA,Thailand,0,W00,World,H5,HS,TRUE,810320,"Tantalum; unwrought, including bars and rods obtained simply by sintering, powders",Tantalum,6,TRUE,C00,TOTAL CPC,0,0,TOTAL MOT,8,kg,13261,FALSE,8,kg,13261,FALSE,13261,FALSE,0,FALSE,1162380.274,0,1162380.274,0,FALSE,TRUE
C,A,20200101,2020,52,2020,276,DEU,Germany,M,Import,826,GBR,United Kingdom,0,W00,World,H5,HS,TRUE,810320,"Tantalum; unwrought, including bars and rods obtained simply by sintering, powders",Tantalum,6,TRUE,C00,TOTAL CPC,0,0,TOTAL MOT,8,kg,844,FALSE,8,kg,844,FALSE,844,FALSE,0,FALSE,254063.793,0,254063.793,0,FALSE,TRUE
C,A,20200101,2020,52,2020,276,DEU,Germany,M,Import,842,USA,USA,0,W00,World,H5,HS,TRUE,810320,"Tantalum; unwrought, including bars and rods obtained simply by sintering, powders",Tantalum,6,TRUE,C00,TOTAL CPC,0,0,TOTAL MOT,8,kg,12689.453,TRUE,-1,N/A,0,FALSE,12689.453,TRUE,0,FALSE,3970853.281,0,3970853.281,6,FALSE,TRUE
C,A,20200101,2020,52,2020,276,DEU,Germany,M,Import,0,W00,World,0,W00,World,H5,HS,TRUE,810411,"Magnesium; unwrought, containing at least 99.8% by weight of magnesium",Magnesium,6,TRUE,C00,TOTAL CPC,0,0,TOTAL MOT,8,kg,21430496,FALSE,8,kg,21430496,FALSE,21430496,FALSE,0,FALSE,50635989.7,0,50635989.7,0,FALSE,TRUE
C,A,20200101,2020,52,2020,276,DEU,Germany,M,Import,40,AUT,Austria,0,W00,World,H5,HS,TRUE,810411,"Magnesium; unwrought, containing at least 99.8% by weight of magnesium",Magnesium,6,TRUE,C00,TOTAL CPC,0,0,TOTAL MOT,8,kg,1208311,FALSE,8,kg,1208311,FALSE,1208311,FALSE,0,FALSE,3783342.329,0,3783342.329,0,FALSE,TRUE
C,A,20200101,2020,52,2020,276,DEU,Germany,M,Import,56,BEL,Belgium,0,W00,World,H5,HS,TRUE,810411,"Magnesium; unwrought, containing at least 99.8% by weight of magnesium",Magnesium,6,TRUE,C00,TOTAL CPC,0,0,TOTAL MOT,8,kg,137975,FALSE,8,kg,137975,FALSE,137975,FALSE,0,FALSE,366728.507,0,366728.507,0,FALSE,TRUE
C,A,20200101,2020,52,2020,276,DEU,Germany,M,Import,156,CHN,China,0,W00,World,H5,HS,TRUE,810411,"Magnesium; unwrought, containing at least 99.8% by weight of magnesium",Magnesium,6,TRUE,C00,TOTAL CPC,0,0,TOTAL MOT,8,kg,17191976,FALSE,8,kg,17191976,FALSE,17191976,FALSE,0,FALSE,39335494.56,0,39335494.56,0,FALSE,TRUE
C,A,20200101,2020,52,2020,276,DEU,Germany,M,Import,251,FRA,France,0,W00,World,H5,HS,TRUE,810411,"Magnesium; unwrought, containing at least 99.8% by weight of magnesium",Magnesium,6,TRUE,C00,TOTAL CPC,0,0,TOTAL MOT,8,kg,221029,FALSE,8,kg,221029,FALSE,221029,FALSE,0,FALSE,581001.599,0,581001.599,0,FALSE,TRUE
C,A,20200101,2020,52,2020,276,DEU,Germany,M,Import,352,ISL,Iceland,0,W00,World,H5,HS,TRUE,810411,"Magnesium; unwrought, containing at least 99.8% by weight of magnesium",Magnesium,6,TRUE,C00,TOTAL CPC,0,0,TOTAL MOT,8,kg,48597,FALSE,8,kg,48597,FALSE,48597,FALSE,0,FALSE,139554.832,0,139554.832,0,FALSE,TRUE
C,A,20200101,2020,52,2020,276,DEU,Germany,M,Import,376,ISR,Israel,0,W00,World,H5,HS,TRUE,810411,"Magnesium; unwrought, containing at least 99.8% by weight of magnesium",Magnesium,6,TRUE,C00,TOTAL CPC,0,0,TOTAL MOT,8,kg,485988,FALSE,8,kg,485988,FALSE,485988,FALSE,0,FALSE,1471036.73,0,1471036.73,0,FALSE,TRUE
C,A,20200101,2020,52,2020,276,DEU,Germany,M,Import,392,JPN,Japan,0,W00,World,H5,HS,TRUE,810411,"Magnesium; unwrought, containing at least 99.8% by weight of magnesium",Magnesium,6,TRUE,C00,TOTAL CPC,0,0,TOTAL MOT,8,kg,336,FALSE,8,kg,336,FALSE,336,FALSE,0,FALSE,822.712,0,822.712,0,FALSE,TRUE
C,A,20200101,2020,52,2020,276,DEU,Germany,M,Import,440,LTU,Lithuania,0,W00,World,H5,HS,TRUE,810411,"Magnesium; unwrought, containing at least 99.8% by weight of magnesium",Magnesium,6,TRUE,C00,TOTAL CPC,0,0,TOTAL MOT,8,kg,512,FALSE,8,kg,512,FALSE,512,FALSE,0,FALSE,468.489,0,468.489,0,FALSE,TRUE
C,A,20200101,2020,52,2020,276,DEU,Germany,M,Import,442,LUX,Luxembourg,0,W00,World,H5,HS,TRUE,810411,"Magnesium; unwrought, containing at least 99.8% by weight of magnesium",Magnesium,6,TRUE,C00,TOTAL CPC,0,0,TOTAL MOT,8,kg,24035,FALSE,8,kg,24035,FALSE,24035,FALSE,0,FALSE,53655.686,0,53655.686,0,FALSE,TRUE
C,A,20200101,2020,52,2020,276,DEU,Germany,M,Import,528,NLD,Netherlands,0,W00,World,H5,HS,TRUE,810411,"Magnesium; unwrought, containing at least 99.8% by weight of magnesium",Magnesium,6,TRUE,C00,TOTAL CPC,0,0,TOTAL MOT,8,kg,1951980,FALSE,8,kg,1951980,FALSE,1951980,FALSE,0,FALSE,4530610.624,0,4530610.624,0,FALSE,TRUE
C,A,20200101,2020,52,2020,276,DEU,Germany,M,Import,699,IND,India,0,W00,World,H5,HS,TRUE,810411,"Magnesium; unwrought, containing at least 99.8% by weight of magnesium",Magnesium,6,TRUE,C00,TOTAL CPC,0,0,TOTAL MOT,8,kg,2000,FALSE,8,kg,2000,FALSE,2000,FALSE,0,FALSE,9479.472,0,9479.472,0,FALSE,TRUE
C,A,20200101,2020,52,2020,276,DEU,Germany,M,Import,705,SVN,Slovenia,0,W00,World,H5,HS,TRUE,810411,"Magnesium; unwrought, containing at least 99.8% by weight of magnesium",Magnesium,6,TRUE,C00,TOTAL CPC,0,0,TOTAL MOT,8,kg,24957,FALSE,8,kg,24957,FALSE,24957,FALSE,0,FALSE,60741.294,0,60741.294,0,FALSE,TRUE
C,A,20200101,2020,52,2020,276,DEU,Germany,M,Import,752,SWE,Sweden,0,W00,World,H5,HS,TRUE,810411,"Magnesium; unwrought, containing at least 99.8% by weight of magnesium",Magnesium,6,TRUE,C00,TOTAL CPC,0,0,TOTAL MOT,8,kg,50000,FALSE,8,kg,50000,FALSE,50000,FALSE,0,FALSE,97609.082,0,97609.082,0,FALSE,TRUE
C,A,20200101,2020,52,2020,276,DEU,Germany,M,Import,757,CHE,Switzerland,0,W00,World,H5,HS,TRUE,810411,"Magnesium; unwrought, containing at least 99.8% by weight of magnesium",Magnesium,6,TRUE,C00,TOTAL CPC,0,0,TOTAL MOT,8,kg,4611,FALSE,8,kg,4611,FALSE,4611,FALSE,0,FALSE,11119.183,0,11119.183,0,FALSE,TRUE
C,A,20200101,2020,52,2020,276,DEU,Germany,M,Import,826,GBR,United Kingdom,0,W00,World,H5,HS,TRUE,810411,"Magnesium; unwrought, containing at least 99.8% by weight of magnesium",Magnesium,6,TRUE,C00,TOTAL CPC,0,0,TOTAL MOT,8,kg,77740,FALSE,8,kg,77740,FALSE,77740,FALSE,0,FALSE,192252.973,0,192252.973,0,FALSE,TRUE
C,A,20200101,2020,52,2020,276,DEU,Germany,M,Import,842,USA,USA,0,W00,World,H5,HS,TRUE,810411,"Magnesium; unwrought, containing at least 99.8% by weight of magnesium",Magnesium,6,TRUE,C00,TOTAL CPC,0,0,TOTAL MOT,8,kg,449,FALSE,8,kg,449,FALSE,449,FALSE,0,FALSE,2071.635,0,2071.635,0,FALSE,TRUE
C,A,20200101,2020,52,2020,276,DEU,Germany,M,Import,0,W00,World,0,W00,World,H5,HS,TRUE,810520,"Cobalt; mattes and other intermediate products of cobalt metallurgy, unwrought cobalt, powders",Cobalt,6,TRUE,C00,TOTAL CPC,0,0,TOTAL MOT,8,kg,2190073.301,TRUE,-1,N/A,0,FALSE,2190073.301,TRUE,0,FALSE,89452374.61,0,89452374.61,6,FALSE,TRUE
C,A,20200101,2020,52,2020,276,DEU,Germany,M,Import,40,AUT,Austria,0,W00,World,H5,HS,TRUE,810520,"Cobalt; mattes and other intermediate products of cobalt metallurgy, unwrought cobalt, powders",Cobalt,6,TRUE,C00,TOTAL CPC,0,0,TOTAL MOT,8,kg,547,FALSE,8,kg,547,FALSE,547,FALSE,0,FALSE,102765.888,0,102765.888,0,FALSE,TRUE
C,A,20200101,2020,52,2020,276,DEU,Germany,M,Import,56,BEL,Belgium,0,W00,World,H5,HS,TRUE,810520,"Cobalt; mattes and other intermediate products of cobalt metallurgy, unwrought cobalt, powders",Cobalt,6,TRUE,C00,TOTAL CPC,0,0,TOTAL MOT,8,kg,382683,FALSE,8,kg,382683,FALSE,382683,FALSE,0,FALSE,17063102.35,0,17063102.35,0,FALSE,TRUE
C,A,20200101,2020,52,2020,276,DEU,Germany,M,Import,76,BRA,Brazil,0,W00,World,H5,HS,TRUE,810520,"Cobalt; mattes and other intermediate products of cobalt metallurgy, unwrought cobalt, powders",Cobalt,6,TRUE,C00,TOTAL CPC,0,0,TOTAL MOT,8,kg,8.476,TRUE,-1,N/A,0,FALSE,8.476,TRUE,0,FALSE,1086.666,0,1086.666,6,FALSE,TRUE
C,A,20200101,2020,52,2020,276,DEU,Germany,M,Import,124,CAN,Canada,0,W00,World,H5,HS,TRUE,810520,"Cobalt; mattes and other intermediate products of cobalt metallurgy, unwrought cobalt, powders",Cobalt,6,TRUE,C00,TOTAL CPC,0,0,TOTAL MOT,8,kg,302489,FALSE,8,kg,302489,FALSE,302489,FALSE,0,FALSE,12347355.21,0,12347355.21,0,FALSE,TRUE
C,A,20200101,2020,52,2020,276,DEU,Germany,M,Import,156,CHN,China,0,W00,World,H5,HS,TRUE,810520,"Cobalt; mattes and other intermediate products of cobalt metallurgy, unwrought cobalt, powders",Cobalt,6,TRUE,C00,TOTAL CPC,0,0,TOTAL MOT,8,kg,232863,FALSE,8,kg,232863,FALSE,232863,FALSE,0,FALSE,8943421.438,0,8943421.438,0,FALSE,TRUE
C,A,20200101,2020,52,2020,276,DEU,Germany,M,Import,191,HRV,Croatia,0,W00,World,H5,HS,TRUE,810520,"Cobalt; mattes and other intermediate products of cobalt metallurgy, unwrought cobalt, powders",Cobalt,6,TRUE,C00,TOTAL CPC,0,0,TOTAL MOT,8,kg,22,FALSE,8,kg,22,FALSE,22,FALSE,0,FALSE,2730.947,0,2730.947,0,FALSE,TRUE
C,A,20200101,2020,52,2020,276,DEU,Germany,M,Import,203,CZE,Czechia,0,W00,World,H5,HS,TRUE,810520,"Cobalt; mattes and other intermediate products of cobalt metallurgy, unwrought cobalt, powders",Cobalt,6,TRUE,C00,TOTAL CPC,0,0,TOTAL MOT,8,kg,4143,FALSE,8,kg,4143,FALSE,4143,FALSE,0,FALSE,141319.093,0,141319.093,0,FALSE,TRUE
C,A,20200101,2020,52,2020,276,DEU,Germany,M,Import,233,EST,Estonia,0,W00,World,H5,HS,TRUE,810520,"Cobalt; mattes and other intermediate products of cobalt metallurgy, unwrought cobalt, powders",Cobalt,6,TRUE,C00,TOTAL CPC,0,0,TOTAL MOT,8,kg,29,FALSE,8,kg,29,FALSE,29,FALSE,0,FALSE,6380.59,0,6380.59,0,FALSE,TRUE
C,A,20200101,2020,52,2020,276,DEU,Germany,M,Import,246,FIN,Finland,0,W00,World,H5,HS,TRUE,810520,"Cobalt; mattes and other intermediate products of cobalt metallurgy, unwrought cobalt, powders",Cobalt,6,TRUE,C00,TOTAL CPC,0,0,TOTAL MOT,8,kg,200825,FALSE,8,kg,200825,FALSE,200825,FALSE,0,FALSE,10085217.91,0,10085217.91,0,FALSE,TRUE
C,A,20200101,2020,52,2020,276,DEU,Germany,M,Import,251,FRA,France,0,W00,World,H5,HS,TRUE,810520,"Cobalt; mattes and other intermediate products of cobalt metallurgy, unwrought cobalt, powders",Cobalt,6,TRUE,C00,TOTAL CPC,0,0,TOTAL MOT,8,kg,7978,FALSE,8,kg,7978,FALSE,7978,FALSE,0,FALSE,386992.364,0,386992.364,0,FALSE,TRUE
C,A,20200101,2020,52,2020,276,DEU,Germany,M,Import,372,IRL,Ireland,0,W00,World,H5,HS,TRUE,810520,"Cobalt; mattes and other intermediate products of cobalt metallurgy, unwrought cobalt, powders",Cobalt,6,TRUE,C00,TOTAL CPC,0,0,TOTAL MOT,8,kg,2857,FALSE,8,kg,2857,FALSE,2857,FALSE,0,FALSE,130179.342,0,130179.342,0,FALSE,TRUE
C,A,20200101,2020,52,2020,276,DEU,Germany,M,Import,380,ITA,Italy,0,W00,World,H5,HS,TRUE,810520,"Cobalt; mattes and other intermediate products of cobalt metallurgy, unwrought cobalt, powders",Cobalt,6,TRUE,C00,TOTAL CPC,0,0,TOTAL MOT,8,kg,4705,FALSE,8,kg,4705,FALSE,4705,FALSE,0,FALSE,267912.78,0,267912.78,0,FALSE,TRUE
C,A,20200101,2020,52,2020,276,DEU,Germany,M,Import,392,JPN,Japan,0,W00,World,H5,HS,TRUE,810520,"Cobalt; mattes and other intermediate products of cobalt metallurgy, unwrought cobalt, powders",Cobalt,6,TRUE,C00,TOTAL CPC,0,0,TOTAL MOT,8,kg,25550,FALSE,8,kg,25550,FALSE,25550,FALSE,0,FALSE,818972.228,0,818972.228,0,FALSE,TRUE
C,A,20200101,2020,52,2020,276,DEU,Germany,M,Import,410,KOR,South Korea,0,W00,World,H5,HS,TRUE,810520,"Cobalt; mattes and other intermediate products of cobalt metallurgy, unwrought cobalt, powders",Cobalt,6,TRUE,C00,TOTAL CPC,0,0,TOTAL MOT,8,kg,12,FALSE,8,kg,12,FALSE,12,FALSE,0,FALSE,325.657,0,325.657,0,FALSE,TRUE
C,A,20200101,2020,52,2020,276,DEU,Germany,M,Import,442,LUX,Luxembourg,0,W00,World,H5,HS,TRUE,810520,"Cobalt; mattes and other intermediate products of cobalt metallurgy, unwrought cobalt, powders",Cobalt,6,TRUE,C00,TOTAL CPC,0,0,TOTAL MOT,8,kg,92000,FALSE,8,kg,92000,FALSE,92000,FALSE,0,FALSE,3009643.265,0,3009643.265,0,FALSE,TRUE
C,A,20200101,2020,52,2020,276,DEU,Germany,M,Import,450,MDG,Madagascar,0,W00,World,H5,HS,TRUE,810520,"Cobalt; mattes and other intermediate products of cobalt metallurgy, unwrought cobalt, powders",Cobalt,6,TRUE,C00,TOTAL CPC,0,0,TOTAL MOT,8,kg,77000,FALSE,8,kg,77000,FALSE,77000,FALSE,0,FALSE,2420076.319,0,2420076.319,0,FALSE,TRUE
C,A,20200101,2020,52,2020,276,DEU,Germany,M,Import,484,MEX,Mexico,0,W00,World,H5,HS,TRUE,810520,"Cobalt; mattes and other intermediate products of cobalt metallurgy, unwrought cobalt, powders",Cobalt,6,TRUE,C00,TOTAL CPC,0,0,TOTAL MOT,8,kg,8750,FALSE,8,kg,8750,FALSE,8750,FALSE,0,FALSE,286943.712,0,286943.712,0,FALSE,TRUE
C,A,20200101,2020,52,2020,276,DEU,Germany,M,Import,504,MAR,Morocco,0,W00,World,H5,HS,TRUE,810520,"Cobalt; mattes and other intermediate products of cobalt metallurgy, unwrought cobalt, powders",Cobalt,6,TRUE,C00,TOTAL CPC,0,0,TOTAL MOT,8,kg,19300,FALSE,8,kg,19300,FALSE,19300,FALSE,0,FALSE,626278.19,0,626278.19,0,FALSE,TRUE
C,A,20200101,2020,52,2020,276,DEU,Germany,M,Import,528,NLD,Netherlands,0,W00,World,H5,HS,TRUE,810520,"Cobalt; mattes and other intermediate products of cobalt metallurgy, unwrought cobalt, powders",Cobalt,6,TRUE,C00,TOTAL CPC,0,0,TOTAL MOT,8,kg,43358,FALSE,8,kg,43358,FALSE,43358,FALSE,0,FALSE,1622515.175,0,1622515.175,0,FALSE,TRUE
C,A,20200101,2020,52,2020,276,DEU,Germany,M,Import,579,NOR,Norway,0,W00,World,H5,HS,TRUE,810520,"Cobalt; mattes and other intermediate products of cobalt metallurgy, unwrought cobalt, powders",Cobalt,6,TRUE,C00,TOTAL CPC,0,0,TOTAL MOT,8,kg,65016,FALSE,8,kg,65016,FALSE,65016,FALSE,0,FALSE,2160991.697,0,2160991.697,0,FALSE,TRUE
C,A,20200101,2020,52,2020,276,DEU,Germany,M,Import,616,POL,Poland,0,W00,World,H5,HS,TRUE,810520,"Cobalt; mattes and other intermediate products of cobalt metallurgy, unwrought cobalt, powders",Cobalt,6,TRUE,C00,TOTAL CPC,0,0,TOTAL MOT,8,kg,43.483,TRUE,-1,N/A,0,FALSE,43.483,TRUE,0,FALSE,2712.665,0,2712.665,6,FALSE,TRUE
C,A,20200101,2020,52,2020,276,DEU,Germany,M,Import,643,RUS,Russia,0,W00,World,H5,HS,TRUE,810520,"Cobalt; mattes and other intermediate products of cobalt metallurgy, unwrought cobalt, powders",Cobalt,6,TRUE,C00,TOTAL CPC,0,0,TOTAL MOT,8,kg,82259,FALSE,8,kg,82259,FALSE,82259,FALSE,0,FALSE,3011351.536,0,3011351.536,0,FALSE,TRUE
C,A,20200101,2020,52,2020,276,DEU,Germany,M,Import,702,SGP,Singapore,0,W00,World,H5,HS,TRUE,810520,"Cobalt; mattes and other intermediate products of cobalt metallurgy, unwrought cobalt, powders",Cobalt,6,TRUE,C00,TOTAL CPC,0,0,TOTAL MOT,8,kg,1477,FALSE,8,kg,1477,FALSE,1477,FALSE,0,FALSE,62568.401,0,62568.401,0,FALSE,TRUE
C,A,20200101,2020,52,2020,276,DEU,Germany,M,Import,710,ZAF,South Africa,0,W00,World,H5,HS,TRUE,810520,"Cobalt; mattes and other intermediate products of cobalt metallurgy, unwrought cobalt, powders",Cobalt,6,TRUE,C00,TOTAL CPC,0,0,TOTAL MOT,8,kg,74802,FALSE,8,kg,74802,FALSE,74802,FALSE,0,FALSE,3892413.391,0,3892413.391,0,FALSE,TRUE
C,A,20200101,2020,52,2020,276,DEU,Germany,M,Import,724,ESP,Spain,0,W00,World,H5,HS,TRUE,810520,"Cobalt; mattes and other intermediate products of cobalt metallurgy, unwrought cobalt, powders",Cobalt,6,TRUE,C00,TOTAL CPC,0,0,TOTAL MOT,8,kg,11,FALSE,8,kg,11,FALSE,11,FALSE,0,FALSE,1403.181,0,1403.181,0,FALSE,TRUE
C,A,20200101,2020,52,2020,276,DEU,Germany,M,Import,752,SWE,Sweden,0,W00,World,H5,HS,TRUE,810520,"Cobalt; mattes and other intermediate products of cobalt metallurgy, unwrought cobalt, powders",Cobalt,6,TRUE,C00,TOTAL CPC,0,0,TOTAL MOT,8,kg,7040,FALSE,8,kg,7040,FALSE,7040,FALSE,0,FALSE,213514.368,0,213514.368,0,FALSE,TRUE
C,A,20200101,2020,52,2020,276,DEU,Germany,M,Import,757,CHE,Switzerland,0,W00,World,H5,HS,TRUE,810520,"Cobalt; mattes and other intermediate products of cobalt metallurgy, unwrought cobalt, powders",Cobalt,6,TRUE,C00,TOTAL CPC,0,0,TOTAL MOT,8,kg,388.763,TRUE,-1,N/A,0,FALSE,388.763,TRUE,0,FALSE,48452.032,0,48452.032,6,FALSE,TRUE
C,A,20200101,2020,52,2020,276,DEU,Germany,M,Import,792,TUR,Turkey,0,W00,World,H5,HS,TRUE,810520,"Cobalt; mattes and other intermediate products of cobalt metallurgy, unwrought cobalt, powders",Cobalt,6,TRUE,C00,TOTAL CPC,0,0,TOTAL MOT,8,kg,13,FALSE,8,kg,13,FALSE,13,FALSE,0,FALSE,2798.364,0,2798.364,0,FALSE,TRUE
C,A,20200101,2020,52,2020,276,DEU,Germany,M,Import,826,GBR,United Kingdom,0,W00,World,H5,HS,TRUE,810520,"Cobalt; mattes and other intermediate products of cobalt metallurgy, unwrought cobalt, powders",Cobalt,6,TRUE,C00,TOTAL CPC,0,0,TOTAL MOT,8,kg,163374.18,TRUE,-1,N/A,0,FALSE,163374.18,TRUE,0,FALSE,5855371.42,0,5855371.42,6,FALSE,TRUE
C,A,20200101,2020,52,2020,276,DEU,Germany,M,Import,842,USA,USA,0,W00,World,H5,HS,TRUE,810520,"Cobalt; mattes and other intermediate products of cobalt metallurgy, unwrought cobalt, powders",Cobalt,6,TRUE,C00,TOTAL CPC,0,0,TOTAL MOT,8,kg,359779.399,TRUE,-1,N/A,0,FALSE,359779.399,TRUE,0,FALSE,14786195.08,0,14786195.08,6,FALSE,TRUE
C,A,20200101,2020,52,2020,276,DEU,Germany,M,Import,894,ZMB,Zambia,0,W00,World,H5,HS,TRUE,810520,"Cobalt; mattes and other intermediate products of cobalt metallurgy, unwrought cobalt, powders",Cobalt,6,TRUE,C00,TOTAL CPC,0,0,TOTAL MOT,8,kg,30750,FALSE,8,kg,30750,FALSE,30750,FALSE,0,FALSE,1151383.355,0,1151383.355,0,FALSE,TRUE
C,A,20200101,2020,52,2020,276,DEU,Germany,M,Import,0,W00,World,0,W00,World,H5,HS,TRUE,810600,"Bismuth; articles thereof, including waste and scrap",Bismuth,6,TRUE,C00,TOTAL CPC,0,0,TOTAL MOT,8,kg,1065343.528,TRUE,-1,N/A,0,FALSE,1065343.528,TRUE,0,FALSE,8966026.597,0,8966026.597,6,FALSE,TRUE
C,A,20200101,2020,52,2020,276,DEU,Germany,M,Import,56,BEL,Belgium,0,W00,World,H5,HS,TRUE,810600,"Bismuth; articles thereof, including waste and scrap",Bismuth,6,TRUE,C00,TOTAL CPC,0,0,TOTAL MOT,8,kg,27368.107,TRUE,-1,N/A,0,FALSE,27368.107,TRUE,0,FALSE,175487.927,0,175487.927,6,FALSE,TRUE
C,A,20200101,2020,52,2020,276,DEU,Germany,M,Import,124,CAN,Canada,0,W00,World,H5,HS,TRUE,810600,"Bismuth; articles thereof, including waste and scrap",Bismuth,6,TRUE,C00,TOTAL CPC,0,0,TOTAL MOT,8,kg,18.54,TRUE,-1,N/A,0,FALSE,18.54,TRUE,0,FALSE,754.153,0,754.153,6,FALSE,TRUE
C,A,20200101,2020,52,2020,276,DEU,Germany,M,Import,156,CHN,China,0,W00,World,H5,HS,TRUE,810600,"Bismuth; articles thereof, including waste and scrap",Bismuth,6,TRUE,C00,TOTAL CPC,0,0,TOTAL MOT,8,kg,896413,FALSE,8,kg,896413,FALSE,896413,FALSE,0,FALSE,6846441.316,0,6846441.316,0,FALSE,TRUE
C,A,20200101,2020,52,2020,276,DEU,Germany,M,Import,251,FRA,France,0,W00,World,H5,HS,TRUE,810600,"Bismuth; articles thereof, including waste and scrap",Bismuth,6,TRUE,C00,TOTAL CPC,0,0,TOTAL MOT,8,kg,11930,FALSE,8,kg,11930,FALSE,11930,FALSE,0,FALSE,239282.398,0,239282.398,0,FALSE,TRUE
C,A,20200101,2020,52,2020,276,DEU,Germany,M,Import,344,HKG,Hong Kong,0,W00,World,H5,HS,TRUE,810600,"Bismuth; articles thereof, including waste and scrap",Bismuth,6,TRUE,C00,TOTAL CPC,0,0,TOTAL MOT,8,kg,1800,FALSE,8,kg,1800,FALSE,1800,FALSE,0,FALSE,125021.394,0,125021.394,0,FALSE,TRUE
C,A,20200101,2020,52,2020,276,DEU,Germany,M,Import,410,KOR,South Korea,0,W00,World,H5,HS,TRUE,810600,"Bismuth; articles thereof, including waste and scrap",Bismuth,6,TRUE,C00,TOTAL CPC,0,0,TOTAL MOT,8,kg,15437,FALSE,8,kg,15437,FALSE,15437,FALSE,0,FALSE,93076.167,0,93076.167,0,FALSE,TRUE
C,A,20200101,2020,52,2020,276,DEU,Germany,M,Import,418,LAO,Laos,0,W00,World,H5,HS,TRUE,810600,"Bismuth; articles thereof, including waste and scrap",Bismuth,6,TRUE,C00,TOTAL CPC,0,0,TOTAL MOT,8,kg,64800,FALSE,8,kg,64800,FALSE,64800,FALSE,0,FALSE,422247.865,0,422247.865,0,FALSE,TRUE
C,A,20200101,2020,52,2020,276,DEU,Germany,M,Import,442,LUX,Luxembourg,0,W00,World,H5,HS,TRUE,810600,"Bismuth; articles thereof, including waste and scrap",Bismuth,6,TRUE,C00,TOTAL CPC,0,0,TOTAL MOT,8,kg,7003,FALSE,8,kg,7003,FALSE,7003,FALSE,0,FALSE,41327.573,0,41327.573,0,FALSE,TRUE
C,A,20200101,2020,52,2020,276,DEU,Germany,M,Import,490,S19,"Other Asia, nes",0,W00,World,H5,HS,TRUE,810600,"Bismuth; articles thereof, including waste and scrap",Bismuth,6,TRUE,C00,TOTAL CPC,0,0,TOTAL MOT,8,kg,3,FALSE,8,kg,3,FALSE,3,FALSE,0,FALSE,991.825,0,991.825,0,FALSE,TRUE
C,A,20200101,2020,52,2020,276,DEU,Germany,M,Import,528,NLD,Netherlands,0,W00,World,H5,HS,TRUE,810600,"Bismuth; articles thereof, including waste and scrap",Bismuth,6,TRUE,C00,TOTAL CPC,0,0,TOTAL MOT,8,kg,3175,FALSE,8,kg,3175,FALSE,3175,FALSE,0,FALSE,31498.448,0,31498.448,0,FALSE,TRUE
C,A,20200101,2020,52,2020,276,DEU,Germany,M,Import,616,POL,Poland,0,W00,World,H5,HS,TRUE,810600,"Bismuth; articles thereof, including waste and scrap",Bismuth,6,TRUE,C00,TOTAL CPC,0,0,TOTAL MOT,8,kg,26366,FALSE,8,kg,26366,FALSE,26366,FALSE,0,FALSE,384566.506,0,384566.506,0,FALSE,TRUE
C,A,20200101,2020,52,2020,276,DEU,Germany,M,Import,752,SWE,Sweden,0,W00,World,H5,HS,TRUE,810600,"Bismuth; articles thereof, including waste and scrap",Bismuth,6,TRUE,C00,TOTAL CPC,0,0,TOTAL MOT,8,kg,724,FALSE,8,kg,724,FALSE,724,FALSE,0,FALSE,3873.603,0,3873.603,0,FALSE,TRUE
C,A,20200101,2020,52,2020,276,DEU,Germany,M,Import,757,CHE,Switzerland,0,W00,World,H5,HS,TRUE,810600,"Bismuth; articles thereof, including waste and scrap",Bismuth,6,TRUE,C00,TOTAL CPC,0,0,TOTAL MOT,8,kg,10,FALSE,8,kg,10,FALSE,10,FALSE,0,FALSE,1382.613,0,1382.613,0,FALSE,TRUE
C,A,20200101,2020,52,2020,276,DEU,Germany,M,Import,792,TUR,Turkey,0,W00,World,H5,HS,TRUE,810600,"Bismuth; articles thereof, including waste and scrap",Bismuth,6,TRUE,C00,TOTAL CPC,0,0,TOTAL MOT,8,kg,1680,FALSE,8,kg,1680,FALSE,1680,FALSE,0,FALSE,243694.192,0,243694.192,0,FALSE,TRUE
C,A,20200101,2020,52,2020,276,DEU,Germany,M,Import,826,GBR,United Kingdom,0,W00,World,H5,HS,TRUE,810600,"Bismuth; articles thereof, including waste and scrap",Bismuth,6,TRUE,C00,TOTAL CPC,0,0,TOTAL MOT,8,kg,7124.88,TRUE,-1,N/A,0,FALSE,7124.88,TRUE,0,FALSE,262847.387,0,262847.387,6,FALSE,TRUE
C,A,20200101,2020,52,2020,276,DEU,Germany,M,Import,842,USA,USA,0,W00,World,H5,HS,TRUE,810600,"Bismuth; articles thereof, including waste and scrap",Bismuth,6,TRUE,C00,TOTAL CPC,0,0,TOTAL MOT,8,kg,1491,FALSE,8,kg,1491,FALSE,1491,FALSE,0,FALSE,93533.229,0,93533.229,0,FALSE,TRUE
C,A,20200101,2020,52,2020,276,DEU,Germany,M,Import,0,W00,World,0,W00,World,H5,HS,TRUE,810720,"Cadmium; unwrought, powders",Cadmium,6,TRUE,C00,TOTAL CPC,0,0,TOTAL MOT,8,kg,24969.884,TRUE,-1,N/A,0,FALSE,24969.884,TRUE,0,FALSE,189398.619,0,189398.619,6,FALSE,TRUE
C,A,20200101,2020,52,2020,276,DEU,Germany,M,Import,56,BEL,Belgium,0,W00,World,H5,HS,TRUE,810720,"Cadmium; unwrought, powders",Cadmium,6,TRUE,C00,TOTAL CPC,0,0,TOTAL MOT,8,kg,4500,FALSE,8,kg,4500,FALSE,4500,FALSE,0,FALSE,58198.885,0,58198.885,0,FALSE,TRUE
C,A,20200101,2020,52,2020,276,DEU,Germany,M,Import,124,CAN,Canada,0,W00,World,H5,HS,TRUE,810720,"Cadmium; unwrought, powders",Cadmium,6,TRUE,C00,TOTAL CPC,0,0,TOTAL MOT,8,kg,17029,FALSE,8,kg,17029,FALSE,17029,FALSE,0,FALSE,80821.184,0,80821.184,0,FALSE,TRUE
C,A,20200101,2020,52,2020,276,DEU,Germany,M,Import,156,CHN,China,0,W00,World,H5,HS,TRUE,810720,"Cadmium; unwrought, powders",Cadmium,6,TRUE,C00,TOTAL CPC,0,0,TOTAL MOT,8,kg,45.155,TRUE,-1,N/A,0,FALSE,45.155,TRUE,0,FALSE,507.339,0,507.339,6,FALSE,TRUE
C,A,20200101,2020,52,2020,276,DEU,Germany,M,Import,251,FRA,France,0,W00,World,H5,HS,TRUE,810720,"Cadmium; unwrought, powders",Cadmium,6,TRUE,C00,TOTAL CPC,0,0,TOTAL MOT,8,kg,882,FALSE,8,kg,882,FALSE,882,FALSE,0,FALSE,11810.49,0,11810.49,0,FALSE,TRUE
C,A,20200101,2020,52,2020,276,DEU,Germany,M,Import,392,JPN,Japan,0,W00,World,H5,HS,TRUE,810720,"Cadmium; unwrought, powders",Cadmium,6,TRUE,C00,TOTAL CPC,0,0,TOTAL MOT,8,kg,674.644,TRUE,-1,N/A,0,FALSE,674.644,TRUE,0,FALSE,17132.98,0,17132.98,6,FALSE,TRUE
C,A,20200101,2020,52,2020,276,DEU,Germany,M,Import,528,NLD,Netherlands,0,W00,World,H5,HS,TRUE,810720,"Cadmium; unwrought, powders",Cadmium,6,TRUE,C00,TOTAL CPC,0,0,TOTAL MOT,8,kg,111.327,TRUE,-1,N/A,0,FALSE,111.327,TRUE,0,FALSE,844.423,0,844.423,6,FALSE,TRUE
C,A,20200101,2020,52,2020,276,DEU,Germany,M,Import,643,RUS,Russia,0,W00,World,H5,HS,TRUE,810720,"Cadmium; unwrought, powders",Cadmium,6,TRUE,C00,TOTAL CPC,0,0,TOTAL MOT,8,kg,648,FALSE,8,kg,648,FALSE,648,FALSE,0,FALSE,7269.576,0,7269.576,0,FALSE,TRUE
C,A,20200101,2020,52,2020,276,DEU,Germany,M,Import,842,USA,USA,0,W00,World,H5,HS,TRUE,810720,"Cadmium; unwrought, powders",Cadmium,6,TRUE,C00,TOTAL CPC,0,0,TOTAL MOT,8,kg,1079.759,TRUE,-1,N/A,0,FALSE,1079.759,TRUE,0,FALSE,12813.742,0,12813.742,6,FALSE,TRUE
C,A,20200101,2020,52,2020,276,DEU,Germany,M,Import,0,W00,World,0,W00,World,H5,HS,TRUE,810790,"Cadmium; other than unwrought, n.e.c. in heading no. 8107",Cadmium,6,TRUE,C00,TOTAL CPC,0,0,TOTAL MOT,8,kg,1094.425,TRUE,-1,N/A,0,FALSE,1094.425,TRUE,0,FALSE,403458.033,0,403458.033,6,FALSE,TRUE
C,A,20200101,2020,52,2020,276,DEU,Germany,M,Import,124,CAN,Canada,0,W00,World,H5,HS,TRUE,810790,"Cadmium; other than unwrought, n.e.c. in heading no. 8107",Cadmium,6,TRUE,C00,TOTAL CPC,0,0,TOTAL MOT,8,kg,354,FALSE,8,kg,354,FALSE,354,FALSE,0,FALSE,119432.664,0,119432.664,0,FALSE,TRUE
C,A,20200101,2020,52,2020,276,DEU,Germany,M,Import,156,CHN,China,0,W00,World,H5,HS,TRUE,810790,"Cadmium; other than unwrought, n.e.c. in heading no. 8107",Cadmium,6,TRUE,C00,TOTAL CPC,0,0,TOTAL MOT,8,kg,144.289,TRUE,-1,N/A,0,FALSE,144.289,TRUE,0,FALSE,11506.543,0,11506.543,6,FALSE,TRUE
C,A,20200101,2020,52,2020,276,DEU,Germany,M,Import,251,FRA,France,0,W00,World,H5,HS,TRUE,810790,"Cadmium; other than unwrought, n.e.c. in heading no. 8107",Cadmium,6,TRUE,C00,TOTAL CPC,0,0,TOTAL MOT,8,kg,31,FALSE,8,kg,31,FALSE,31,FALSE,0,FALSE,9872.546,0,9872.546,0,FALSE,TRUE
C,A,20200101,2020,52,2020,276,DEU,Germany,M,Import,392,JPN,Japan,0,W00,World,H5,HS,TRUE,810790,"Cadmium; other than unwrought, n.e.c. in heading no. 8107",Cadmium,6,TRUE,C00,TOTAL CPC,0,0,TOTAL MOT,8,kg,248.233,TRUE,-1,N/A,0,FALSE,248.233,TRUE,0,FALSE,227703.867,0,227703.867,6,FALSE,TRUE
C,A,20200101,2020,52,2020,276,DEU,Germany,M,Import,643,RUS,Russia,0,W00,World,H5,HS,TRUE,810790,"Cadmium; other than unwrought, n.e.c. in heading no. 8107",Cadmium,6,TRUE,C00,TOTAL CPC,0,0,TOTAL MOT,8,kg,1,FALSE,8,kg,1,FALSE,1,FALSE,0,FALSE,676.452,0,676.452,0,FALSE,TRUE
C,A,20200101,2020,52,2020,276,DEU,Germany,M,Import,757,CHE,Switzerland,0,W00,World,H5,HS,TRUE,810790,"Cadmium; other than unwrought, n.e.c. in heading no. 8107",Cadmium,6,TRUE,C00,TOTAL CPC,0,0,TOTAL MOT,8,kg,250,FALSE,8,kg,250,FALSE,250,FALSE,0,FALSE,19892.494,0,19892.494,0,FALSE,TRUE
C,A,20200101,2020,52,2020,276,DEU,Germany,M,Import,792,TUR,Turkey,0,W00,World,H5,HS,TRUE,810790,"Cadmium; other than unwrought, n.e.c. in heading no. 8107",Cadmium,6,TRUE,C00,TOTAL CPC,0,0,TOTAL MOT,8,kg,4,FALSE,8,kg,4,FALSE,4,FALSE,0,FALSE,164.542,0,164.542,0,FALSE,TRUE
C,A,20200101,2020,52,2020,276,DEU,Germany,M,Import,826,GBR,United Kingdom,0,W00,World,H5,HS,TRUE,810790,"Cadmium; other than unwrought, n.e.c. in heading no. 8107",Cadmium,6,TRUE,C00,TOTAL CPC,0,0,TOTAL MOT,8,kg,42.074,TRUE,-1,N/A,0,FALSE,42.074,TRUE,0,FALSE,3562.801,0,3562.801,6,FALSE,TRUE
C,A,20200101,2020,52,2020,276,DEU,Germany,M,Import,842,USA,USA,0,W00,World,H5,HS,TRUE,810790,"Cadmium; other than unwrought, n.e.c. in heading no. 8107",Cadmium,6,TRUE,C00,TOTAL CPC,0,0,TOTAL MOT,8,kg,19.829,TRUE,-1,N/A,0,FALSE,19.829,TRUE,0,FALSE,10646.124,0,10646.124,6,FALSE,TRUE
C,A,20200101,2020,52,2020,276,DEU,Germany,M,Import,0,W00,World,0,W00,World,H5,HS,TRUE,810820,"Titanium; unwrought, powders",Titanium,6,TRUE,C00,TOTAL CPC,0,0,TOTAL MOT,8,kg,3241028.698,TRUE,-1,N/A,0,FALSE,3241028.698,TRUE,0,FALSE,38562006.88,0,38562006.88,6,FALSE,TRUE
C,A,20200101,2020,52,2020,276,DEU,Germany,M,Import,40,AUT,Austria,0,W00,World,H5,HS,TRUE,810820,"Titanium; unwrought, powders",Titanium,6,TRUE,C00,TOTAL CPC,0,0,TOTAL MOT,8,kg,699,FALSE,8,kg,699,FALSE,699,FALSE,0,FALSE,35428.042,0,35428.042,0,FALSE,TRUE
C,A,20200101,2020,52,2020,276,DEU,Germany,M,Import,56,BEL,Belgium,0,W00,World,H5,HS,TRUE,810820,"Titanium; unwrought, powders",Titanium,6,TRUE,C00,TOTAL CPC,0,0,TOTAL MOT,8,kg,229195,FALSE,8,kg,229195,FALSE,229195,FALSE,0,FALSE,1315720.105,0,1315720.105,0,FALSE,TRUE
C,A,20200101,2020,52,2020,276,DEU,Germany,M,Import,124,CAN,Canada,0,W00,World,H5,HS,TRUE,810820,"Titanium; unwrought, powders",Titanium,6,TRUE,C00,TOTAL CPC,0,0,TOTAL MOT,8,kg,84392,FALSE,8,kg,84392,FALSE,84392,FALSE,0,FALSE,7227608.421,0,7227608.421,0,FALSE,TRUE
C,A,20200101,2020,52,2020,276,DEU,Germany,M,Import,156,CHN,China,0,W00,World,H5,HS,TRUE,810820,"Titanium; unwrought, powders",Titanium,6,TRUE,C00,TOTAL CPC,0,0,TOTAL MOT,8,kg,448058.153,TRUE,-1,N/A,0,FALSE,448058.153,TRUE,0,FALSE,5129124.564,0,5129124.564,6,FALSE,TRUE
C,A,20200101,2020,52,2020,276,DEU,Germany,M,Import,196,CYP,Cyprus,0,W00,World,H5,HS,TRUE,810820,"Titanium; unwrought, powders",Titanium,6,TRUE,C00,TOTAL CPC,0,0,TOTAL MOT,8,kg,20000,FALSE,8,kg,20000,FALSE,20000,FALSE,0,FALSE,147019.802,0,147019.802,0,FALSE,TRUE
C,A,20200101,2020,52,2020,276,DEU,Germany,M,Import,246,FIN,Finland,0,W00,World,H5,HS,TRUE,810820,"Titanium; unwrought, powders",Titanium,6,TRUE,C00,TOTAL CPC,0,0,TOTAL MOT,8,kg,22450,FALSE,8,kg,22450,FALSE,22450,FALSE,0,FALSE,3843304.333,0,3843304.333,0,FALSE,TRUE
C,A,20200101,2020,52,2020,276,DEU,Germany,M,Import,251,FRA,France,0,W00,World,H5,HS,TRUE,810820,"Titanium; unwrought, powders",Titanium,6,TRUE,C00,TOTAL CPC,0,0,TOTAL MOT,8,kg,19064,FALSE,8,kg,19064,FALSE,19064,FALSE,0,FALSE,172437.037,0,172437.037,0,FALSE,TRUE
C,A,20200101,2020,52,2020,276,DEU,Germany,M,Import,380,ITA,Italy,0,W00,World,H5,HS,TRUE,810820,"Titanium; unwrought, powders",Titanium,6,TRUE,C00,TOTAL CPC,0,0,TOTAL MOT,8,kg,370,FALSE,8,kg,370,FALSE,370,FALSE,0,FALSE,4584.335,0,4584.335,0,FALSE,TRUE
C,A,20200101,2020,52,2020,276,DEU,Germany,M,Import,392,JPN,Japan,0,W00,World,H5,HS,TRUE,810820,"Titanium; unwrought, powders",Titanium,6,TRUE,C00,TOTAL CPC,0,0,TOTAL MOT,8,kg,345112.959,TRUE,-1,N/A,0,FALSE,345112.959,TRUE,0,FALSE,3122238.278,0,3122238.278,6,FALSE,TRUE
C,A,20200101,2020,52,2020,276,DEU,Germany,M,Import,410,KOR,South Korea,0,W00,World,H5,HS,TRUE,810820,"Titanium; unwrought, powders",Titanium,6,TRUE,C00,TOTAL CPC,0,0,TOTAL MOT,8,kg,555,FALSE,8,kg,555,FALSE,555,FALSE,0,FALSE,72700.329,0,72700.329,0,FALSE,TRUE
C,A,20200101,2020,52,2020,276,DEU,Germany,M,Import,528,NLD,Netherlands,0,W00,World,H5,HS,TRUE,810820,"Titanium; unwrought, powders",Titanium,6,TRUE,C00,TOTAL CPC,0,0,TOTAL MOT,8,kg,208564,FALSE,8,kg,208564,FALSE,208564,FALSE,0,FALSE,1286287.578,0,1286287.578,0,FALSE,TRUE
C,A,20200101,2020,52,2020,276,DEU,Germany,M,Import,642,ROU,Romania,0,W00,World,H5,HS,TRUE,810820,"Titanium; unwrought, powders",Titanium,6,TRUE,C00,TOTAL CPC,0,0,TOTAL MOT,8,kg,17760,FALSE,8,kg,17760,FALSE,17760,FALSE,0,FALSE,313438.471,0,313438.471,0,FALSE,TRUE
C,A,20200101,2020,52,2020,276,DEU,Germany,M,Import,643,RUS,Russia,0,W00,World,H5,HS,TRUE,810820,"Titanium; unwrought, powders",Titanium,6,TRUE,C00,TOTAL CPC,0,0,TOTAL MOT,8,kg,825763,FALSE,8,kg,825763,FALSE,825763,FALSE,0,FALSE,6507289.663,0,6507289.663,0,FALSE,TRUE
C,A,20200101,2020,52,2020,276,DEU,Germany,M,Import,724,ESP,Spain,0,W00,World,H5,HS,TRUE,810820,"Titanium; unwrought, powders",Titanium,6,TRUE,C00,TOTAL CPC,0,0,TOTAL MOT,8,kg,57633,FALSE,8,kg,57633,FALSE,57633,FALSE,0,FALSE,297683.533,0,297683.533,0,FALSE,TRUE
C,A,20200101,2020,52,2020,276,DEU,Germany,M,Import,752,SWE,Sweden,0,W00,World,H5,HS,TRUE,810820,"Titanium; unwrought, powders",Titanium,6,TRUE,C00,TOTAL CPC,0,0,TOTAL MOT,8,kg,29156.733,TRUE,-1,N/A,0,FALSE,29156.733,TRUE,0,FALSE,251552.235,0,251552.235,6,FALSE,TRUE
C,A,20200101,2020,52,2020,276,DEU,Germany,M,Import,757,CHE,Switzerland,0,W00,World,H5,HS,TRUE,810820,"Titanium; unwrought, powders",Titanium,6,TRUE,C00,TOTAL CPC,0,0,TOTAL MOT,8,kg,3631.654,TRUE,-1,N/A,0,FALSE,3631.654,TRUE,0,FALSE,89482.514,0,89482.514,6,FALSE,TRUE
C,A,20200101,2020,52,2020,276,DEU,Germany,M,Import,804,UKR,Ukraine,0,W00,World,H5,HS,TRUE,810820,"Titanium; unwrought, powders",Titanium,6,TRUE,C00,TOTAL CPC,0,0,TOTAL MOT,8,kg,789215,FALSE,8,kg,789215,FALSE,789215,FALSE,0,FALSE,4733205.773,0,4733205.773,0,FALSE,TRUE
C,A,20200101,2020,52,2020,276,DEU,Germany,M,Import,826,GBR,United Kingdom,0,W00,World,H5,HS,TRUE,810820,"Titanium; unwrought, powders",Titanium,6,TRUE,C00,TOTAL CPC,0,0,TOTAL MOT,8,kg,89947,FALSE,8,kg,89947,FALSE,89947,FALSE,0,FALSE,537079.054,0,537079.054,0,FALSE,TRUE
C,A,20200101,2020,52,2020,276,DEU,Germany,M,Import,842,USA,USA,0,W00,World,H5,HS,TRUE,810820,"Titanium; unwrought, powders",Titanium,6,TRUE,C00,TOTAL CPC,0,0,TOTAL MOT,8,kg,49462.199,TRUE,-1,N/A,0,FALSE,49462.199,TRUE,0,FALSE,3475822.815,0,3475822.815,6,FALSE,TRUE
C,A,20200101,2020,52,2020,276,DEU,Germany,M,Import,0,W00,World,0,W00,World,H5,HS,TRUE,810920,"Zirconium; unwrought, powders",Zirconium,6,TRUE,C00,TOTAL CPC,0,0,TOTAL MOT,8,kg,214234.457,TRUE,-1,N/A,0,FALSE,214234.457,TRUE,0,FALSE,6859649.274,0,6859649.274,6,FALSE,TRUE
C,A,20200101,2020,52,2020,276,DEU,Germany,M,Import,156,CHN,China,0,W00,World,H5,HS,TRUE,810920,"Zirconium; unwrought, powders",Zirconium,6,TRUE,C00,TOTAL CPC,0,0,TOTAL MOT,8,kg,32173.984,TRUE,-1,N/A,0,FALSE,32173.984,TRUE,0,FALSE,819443.002,0,819443.002,6,FALSE,TRUE
C,A,20200101,2020,52,2020,276,DEU,Germany,M,Import,203,CZE,Czechia,0,W00,World,H5,HS,TRUE,810920,"Zirconium; unwrought, powders",Zirconium,6,TRUE,C00,TOTAL CPC,0,0,TOTAL MOT,8,kg,262,FALSE,8,kg,262,FALSE,262,FALSE,0,FALSE,54833.764,0,54833.764,0,FALSE,TRUE
C,A,20200101,2020,52,2020,276,DEU,Germany,M,Import,251,FRA,France,0,W00,World,H5,HS,TRUE,810920,"Zirconium; unwrought, powders",Zirconium,6,TRUE,C00,TOTAL CPC,0,0,TOTAL MOT,8,kg,18305,FALSE,8,kg,18305,FALSE,18305,FALSE,0,FALSE,556357.942,0,556357.942,0,FALSE,TRUE
C,A,20200101,2020,52,2020,276,DEU,Germany,M,Import,380,ITA,Italy,0,W00,World,H5,HS,TRUE,810920,"Zirconium; unwrought, powders",Zirconium,6,TRUE,C00,TOTAL CPC,0,0,TOTAL MOT,8,kg,50,FALSE,8,kg,50,FALSE,50,FALSE,0,FALSE,1999.648,0,1999.648,0,FALSE,TRUE
C,A,20200101,2020,52,2020,276,DEU,Germany,M,Import,392,JPN,Japan,0,W00,World,H5,HS,TRUE,810920,"Zirconium; unwrought, powders",Zirconium,6,TRUE,C00,TOTAL CPC,0,0,TOTAL MOT,8,kg,30,FALSE,8,kg,30,FALSE,30,FALSE,0,FALSE,1773.402,0,1773.402,0,FALSE,TRUE
C,A,20200101,2020,52,2020,276,DEU,Germany,M,Import,410,KOR,South Korea,0,W00,World,H5,HS,TRUE,810920,"Zirconium; unwrought, powders",Zirconium,6,TRUE,C00,TOTAL CPC,0,0,TOTAL MOT,8,kg,3947,FALSE,8,kg,3947,FALSE,3947,FALSE,0,FALSE,509075.99,0,509075.99,0,FALSE,TRUE
C,A,20200101,2020,52,2020,276,DEU,Germany,M,Import,528,NLD,Netherlands,0,W00,World,H5,HS,TRUE,810920,"Zirconium; unwrought, powders",Zirconium,6,TRUE,C00,TOTAL CPC,0,0,TOTAL MOT,8,kg,251,FALSE,8,kg,251,FALSE,251,FALSE,0,FALSE,7643.224,0,7643.224,0,FALSE,TRUE
C,A,20200101,2020,52,2020,276,DEU,Germany,M,Import,643,RUS,Russia,0,W00,World,H5,HS,TRUE,810920,"Zirconium; unwrought, powders",Zirconium,6,TRUE,C00,TOTAL CPC,0,0,TOTAL MOT,8,kg,800,FALSE,8,kg,800,FALSE,800,FALSE,0,FALSE,34848.715,0,34848.715,0,FALSE,TRUE
C,A,20200101,2020,52,2020,276,DEU,Germany,M,Import,724,ESP,Spain,0,W00,World,H5,HS,TRUE,810920,"Zirconium; unwrought, powders",Zirconium,6,TRUE,C00,TOTAL CPC,0,0,TOTAL MOT,8,kg,19903,FALSE,8,kg,19903,FALSE,19903,FALSE,0,FALSE,522000.569,0,522000.569,0,FALSE,TRUE
C,A,20200101,2020,52,2020,276,DEU,Germany,M,Import,752,SWE,Sweden,0,W00,World,H5,HS,TRUE,810920,"Zirconium; unwrought, powders",Zirconium,6,TRUE,C00,TOTAL CPC,0,0,TOTAL MOT,8,kg,58098,FALSE,8,kg,58098,FALSE,58098,FALSE,0,FALSE,2506903.302,0,2506903.302,0,FALSE,TRUE
C,A,20200101,2020,52,2020,276,DEU,Germany,M,Import,757,CHE,Switzerland,0,W00,World,H5,HS,TRUE,810920,"Zirconium; unwrought, powders",Zirconium,6,TRUE,C00,TOTAL CPC,0,0,TOTAL MOT,8,kg,906.357,TRUE,-1,N/A,0,FALSE,906.357,TRUE,0,FALSE,33493.525,0,33493.525,6,FALSE,TRUE
C,A,20200101,2020,52,2020,276,DEU,Germany,M,Import,826,GBR,United Kingdom,0,W00,World,H5,HS,TRUE,810920,"Zirconium; unwrought, powders",Zirconium,6,TRUE,C00,TOTAL CPC,0,0,TOTAL MOT,8,kg,604.908,TRUE,-1,N/A,0,FALSE,604.908,TRUE,0,FALSE,8715.035,0,8715.035,6,FALSE,TRUE
C,A,20200101,2020,52,2020,276,DEU,Germany,M,Import,842,USA,USA,0,W00,World,H5,HS,TRUE,810920,"Zirconium; unwrought, powders",Zirconium,6,TRUE,C00,TOTAL CPC,0,0,TOTAL MOT,8,kg,78903.208,TRUE,-1,N/A,0,FALSE,78903.208,TRUE,0,FALSE,1802561.156,0,1802561.156,6,FALSE,TRUE
C,A,20200101,2020,52,2020,276,DEU,Germany,M,Import,0,W00,World,0,W00,World,H5,HS,TRUE,811292,"Gallium, germanium, hafnium, indium, niobium (columbium), rhenium and vanadium; articles thereof, unwrought, including waste and scrap, powders",Indium,6,TRUE,C00,TOTAL CPC,0,0,TOTAL MOT,8,kg,399156.722,TRUE,-1,N/A,0,FALSE,399156.722,TRUE,0,FALSE,39526102.1,0,39526102.1,6,FALSE,TRUE
C,A,20200101,2020,52,2020,276,DEU,Germany,M,Import,40,AUT,Austria,0,W00,World,H5,HS,TRUE,811292,"Gallium, germanium, hafnium, indium, niobium (columbium), rhenium and vanadium; articles thereof, unwrought, including waste and scrap, powders",Indium,6,TRUE,C00,TOTAL CPC,0,0,TOTAL MOT,8,kg,1016.865,TRUE,-1,N/A,0,FALSE,1016.865,TRUE,0,FALSE,195263.87,0,195263.87,6,FALSE,TRUE
C,A,20200101,2020,52,2020,276,DEU,Germany,M,Import,56,BEL,Belgium,0,W00,World,H5,HS,TRUE,811292,"Gallium, germanium, hafnium, indium, niobium (columbium), rhenium and vanadium; articles thereof, unwrought, including waste and scrap, powders",Indium,6,TRUE,C00,TOTAL CPC,0,0,TOTAL MOT,8,kg,765.178,TRUE,-1,N/A,0,FALSE,765.178,TRUE,0,FALSE,606538.812,0,606538.812,6,FALSE,TRUE
C,A,20200101,2020,52,2020,276,DEU,Germany,M,Import,76,BRA,Brazil,0,W00,World,H5,HS,TRUE,811292,"Gallium, germanium, hafnium, indium, niobium (columbium), rhenium and vanadium; articles thereof, unwrought, including waste and scrap, powders",Indium,6,TRUE,C00,TOTAL CPC,0,0,TOTAL MOT,8,kg,261581.277,TRUE,-1,N/A,0,FALSE,261581.277,TRUE,0,FALSE,11936994.39,0,11936994.39,6,FALSE,TRUE
C,A,20200101,2020,52,2020,276,DEU,Germany,M,Import,124,CAN,Canada,0,W00,World,H5,HS,TRUE,811292,"Gallium, germanium, hafnium, indium, niobium (columbium), rhenium and vanadium; articles thereof, unwrought, including waste and scrap, powders",Indium,6,TRUE,C00,TOTAL CPC,0,0,TOTAL MOT,8,kg,1425.217,TRUE,-1,N/A,0,FALSE,1425.217,TRUE,0,FALSE,523231.209,0,523231.209,6,FALSE,TRUE
C,A,20200101,2020,52,2020,276,DEU,Germany,M,Import,152,CHL,Chile,0,W00,World,H5,HS,TRUE,811292,"Gallium, germanium, hafnium, indium, niobium (columbium), rhenium and vanadium; articles thereof, unwrought, including waste and scrap, powders",Indium,6,TRUE,C00,TOTAL CPC,0,0,TOTAL MOT,8,kg,100,FALSE,8,kg,100,FALSE,100,FALSE,0,FALSE,256005.165,0,256005.165,0,FALSE,TRUE
C,A,20200101,2020,52,2020,276,DEU,Germany,M,Import,156,CHN,China,0,W00,World,H5,HS,TRUE,811292,"Gallium, germanium, hafnium, indium, niobium (columbium), rhenium and vanadium; articles thereof, unwrought, including waste and scrap, powders",Indium,6,TRUE,C00,TOTAL CPC,0,0,TOTAL MOT,8,kg,45598.616,TRUE,-1,N/A,0,FALSE,45598.616,TRUE,0,FALSE,10126756.88,0,10126756.88,6,FALSE,TRUE
C,A,20200101,2020,52,2020,276,DEU,Germany,M,Import,203,CZE,Czechia,0,W00,World,H5,HS,TRUE,811292,"Gallium, germanium, hafnium, indium, niobium (columbium), rhenium and vanadium; articles thereof, unwrought, including waste and scrap, powders",Indium,6,TRUE,C00,TOTAL CPC,0,0,TOTAL MOT,8,kg,376,FALSE,8,kg,376,FALSE,376,FALSE,0,FALSE,58519.972,0,58519.972,0,FALSE,TRUE
C,A,20200101,2020,52,2020,276,DEU,Germany,M,Import,208,DNK,Denmark,0,W00,World,H5,HS,TRUE,811292,"Gallium, germanium, hafnium, indium, niobium (columbium), rhenium and vanadium; articles thereof, unwrought, including waste and scrap, powders",Indium,6,TRUE,C00,TOTAL CPC,0,0,TOTAL MOT,8,kg,48,FALSE,8,kg,48,FALSE,48,FALSE,0,FALSE,16649.637,0,16649.637,0,FALSE,TRUE
C,A,20200101,2020,52,2020,276,DEU,Germany,M,Import,251,FRA,France,0,W00,World,H5,HS,TRUE,811292,"Gallium, germanium, hafnium, indium, niobium (columbium), rhenium and vanadium; articles thereof, unwrought, including waste and scrap, powders",Indium,6,TRUE,C00,TOTAL CPC,0,0,TOTAL MOT,8,kg,13209.739,TRUE,-1,N/A,0,FALSE,13209.739,TRUE,0,FALSE,4056262.227,0,4056262.227,6,FALSE,TRUE
C,A,20200101,2020,52,2020,276,DEU,Germany,M,Import,348,HUN,Hungary,0,W00,World,H5,HS,TRUE,811292,"Gallium, germanium, hafnium, indium, niobium (columbium), rhenium and vanadium; articles thereof, unwrought, including waste and scrap, powders",Indium,6,TRUE,C00,TOTAL CPC,0,0,TOTAL MOT,8,kg,800,FALSE,8,kg,800,FALSE,800,FALSE,0,FALSE,115821.872,0,115821.872,0,FALSE,TRUE
C,A,20200101,2020,52,2020,276,DEU,Germany,M,Import,372,IRL,Ireland,0,W00,World,H5,HS,TRUE,811292,"Gallium, germanium, hafnium, indium, niobium (columbium), rhenium and vanadium; articles thereof, unwrought, including waste and scrap, powders",Indium,6,TRUE,C00,TOTAL CPC,0,0,TOTAL MOT,8,kg,5,FALSE,8,kg,5,FALSE,5,FALSE,0,FALSE,991.825,0,991.825,0,FALSE,TRUE
C,A,20200101,2020,52,2020,276,DEU,Germany,M,Import,376,ISR,Israel,0,W00,World,H5,HS,TRUE,811292,"Gallium, germanium, hafnium, indium, niobium (columbium), rhenium and vanadium; articles thereof, unwrought, including waste and scrap, powders",Indium,6,TRUE,C00,TOTAL CPC,0,0,TOTAL MOT,8,kg,579,FALSE,8,kg,579,FALSE,579,FALSE,0,FALSE,140430.106,0,140430.106,0,FALSE,TRUE
C,A,20200101,2020,52,2020,276,DEU,Germany,M,Import,380,ITA,Italy,0,W00,World,H5,HS,TRUE,811292,"Gallium, germanium, hafnium, indium, niobium (columbium), rhenium and vanadium; articles thereof, unwrought, including waste and scrap, powders",Indium,6,TRUE,C00,TOTAL CPC,0,0,TOTAL MOT,8,kg,17,FALSE,8,kg,17,FALSE,17,FALSE,0,FALSE,2065.922,0,2065.922,0,FALSE,TRUE
C,A,20200101,2020,52,2020,276,DEU,Germany,M,Import,392,JPN,Japan,0,W00,World,H5,HS,TRUE,811292,"Gallium, germanium, hafnium, indium, niobium (columbium), rhenium and vanadium; articles thereof, unwrought, including waste and scrap, powders",Indium,6,TRUE,C00,TOTAL CPC,0,0,TOTAL MOT,8,kg,1394.278,TRUE,-1,N/A,0,FALSE,1394.278,TRUE,0,FALSE,150972.248,0,150972.248,6,FALSE,TRUE
C,A,20200101,2020,52,2020,276,DEU,Germany,M,Import,410,KOR,South Korea,0,W00,World,H5,HS,TRUE,811292,"Gallium, germanium, hafnium, indium, niobium (columbium), rhenium and vanadium; articles thereof, unwrought, including waste and scrap, powders",Indium,6,TRUE,C00,TOTAL CPC,0,0,TOTAL MOT,8,kg,808,FALSE,8,kg,808,FALSE,808,FALSE,0,FALSE,287529.894,0,287529.894,0,FALSE,TRUE
C,A,20200101,2020,52,2020,276,DEU,Germany,M,Import,440,LTU,Lithuania,0,W00,World,H5,HS,TRUE,811292,"Gallium, germanium, hafnium, indium, niobium (columbium), rhenium and vanadium; articles thereof, unwrought, including waste and scrap, powders",Indium,6,TRUE,C00,TOTAL CPC,0,0,TOTAL MOT,8,kg,339,FALSE,8,kg,339,FALSE,339,FALSE,0,FALSE,110104.023,0,110104.023,0,FALSE,TRUE
C,A,20200101,2020,52,2020,276,DEU,Germany,M,Import,442,LUX,Luxembourg,0,W00,World,H5,HS,TRUE,811292,"Gallium, germanium, hafnium, indium, niobium (columbium), rhenium and vanadium; articles thereof, unwrought, including waste and scrap, powders",Indium,6,TRUE,C00,TOTAL CPC,0,0,TOTAL MOT,8,kg,1577,FALSE,8,kg,1577,FALSE,1577,FALSE,0,FALSE,233138.338,0,233138.338,0,FALSE,TRUE
C,A,20200101,2020,52,2020,276,DEU,Germany,M,Import,490,S19,"Other Asia, nes",0,W00,World,H5,HS,TRUE,811292,"Gallium, germanium, hafnium, indium, niobium (columbium), rhenium and vanadium; articles thereof, unwrought, including waste and scrap, powders",Indium,6,TRUE,C00,TOTAL CPC,0,0,TOTAL MOT,8,kg,3950,FALSE,8,kg,3950,FALSE,3950,FALSE,0,FALSE,619279.424,0,619279.424,0,FALSE,TRUE
C,A,20200101,2020,52,2020,276,DEU,Germany,M,Import,528,NLD,Netherlands,0,W00,World,H5,HS,TRUE,811292,"Gallium, germanium, hafnium, indium, niobium (columbium), rhenium and vanadium; articles thereof, unwrought, including waste and scrap, powders",Indium,6,TRUE,C00,TOTAL CPC,0,0,TOTAL MOT,8,kg,9371,FALSE,8,kg,9371,FALSE,9371,FALSE,0,FALSE,324096.021,0,324096.021,0,FALSE,TRUE
C,A,20200101,2020,52,2020,276,DEU,Germany,M,Import,642,ROU,Romania,0,W00,World,H5,HS,TRUE,811292,"Gallium, germanium, hafnium, indium, niobium (columbium), rhenium and vanadium; articles thereof, unwrought, including waste and scrap, powders",Indium,6,TRUE,C00,TOTAL CPC,0,0,TOTAL MOT,8,kg,12,FALSE,8,kg,12,FALSE,12,FALSE,0,FALSE,7371.272,0,7371.272,0,FALSE,TRUE
C,A,20200101,2020,52,2020,276,DEU,Germany,M,Import,643,RUS,Russia,0,W00,World,H5,HS,TRUE,811292,"Gallium, germanium, hafnium, indium, niobium (columbium), rhenium and vanadium; articles thereof, unwrought, including waste and scrap, powders",Indium,6,TRUE,C00,TOTAL CPC,0,0,TOTAL MOT,8,kg,12961.256,TRUE,-1,N/A,0,FALSE,12961.256,TRUE,0,FALSE,1295531.663,0,1295531.663,6,FALSE,TRUE
C,A,20200101,2020,52,2020,276,DEU,Germany,M,Import,699,IND,India,0,W00,World,H5,HS,TRUE,811292,"Gallium, germanium, hafnium, indium, niobium (columbium), rhenium and vanadium; articles thereof, unwrought, including waste and scrap, powders",Indium,6,TRUE,C00,TOTAL CPC,0,0,TOTAL MOT,8,kg,1.777,TRUE,-1,N/A,0,FALSE,1.777,TRUE,0,FALSE,175.969,0,175.969,6,FALSE,TRUE
C,A,20200101,2020,52,2020,276,DEU,Germany,M,Import,702,SGP,Singapore,0,W00,World,H5,HS,TRUE,811292,"Gallium, germanium, hafnium, indium, niobium (columbium), rhenium and vanadium; articles thereof, unwrought, including waste and scrap, powders",Indium,6,TRUE,C00,TOTAL CPC,0,0,TOTAL MOT,8,kg,27,FALSE,8,kg,27,FALSE,27,FALSE,0,FALSE,2302.451,0,2302.451,0,FALSE,TRUE
C,A,20200101,2020,52,2020,276,DEU,Germany,M,Import,703,SVK,Slovakia,0,W00,World,H5,HS,TRUE,811292,"Gallium, germanium, hafnium, indium, niobium (columbium), rhenium and vanadium; articles thereof, unwrought, including waste and scrap, powders",Indium,6,TRUE,C00,TOTAL CPC,0,0,TOTAL MOT,8,kg,14500,FALSE,8,kg,14500,FALSE,14500,FALSE,0,FALSE,2114942.67,0,2114942.67,0,FALSE,TRUE
C,A,20200101,2020,52,2020,276,DEU,Germany,M,Import,710,ZAF,South Africa,0,W00,World,H5,HS,TRUE,811292,"Gallium, germanium, hafnium, indium, niobium (columbium), rhenium and vanadium; articles thereof, unwrought, including waste and scrap, powders",Indium,6,TRUE,C00,TOTAL CPC,0,0,TOTAL MOT,8,kg,7237,FALSE,8,kg,7237,FALSE,7237,FALSE,0,FALSE,124936.837,0,124936.837,0,FALSE,TRUE
C,A,20200101,2020,52,2020,276,DEU,Germany,M,Import,752,SWE,Sweden,0,W00,World,H5,HS,TRUE,811292,"Gallium, germanium, hafnium, indium, niobium (columbium), rhenium and vanadium; articles thereof, unwrought, including waste and scrap, powders",Indium,6,TRUE,C00,TOTAL CPC,0,0,TOTAL MOT,8,kg,25,FALSE,8,kg,25,FALSE,25,FALSE,0,FALSE,908.411,0,908.411,0,FALSE,TRUE
C,A,20200101,2020,52,2020,276,DEU,Germany,M,Import,757,CHE,Switzerland,0,W00,World,H5,HS,TRUE,811292,"Gallium, germanium, hafnium, indium, niobium (columbium), rhenium and vanadium; articles thereof, unwrought, including waste and scrap, powders",Indium,6,TRUE,C00,TOTAL CPC,0,0,TOTAL MOT,8,kg,1225.228,TRUE,-1,N/A,0,FALSE,1225.228,TRUE,0,FALSE,277206,0,277206,6,FALSE,TRUE
C,A,20200101,2020,52,2020,276,DEU,Germany,M,Import,792,TUR,Turkey,0,W00,World,H5,HS,TRUE,811292,"Gallium, germanium, hafnium, indium, niobium (columbium), rhenium and vanadium; articles thereof, unwrought, including waste and scrap, powders",Indium,6,TRUE,C00,TOTAL CPC,0,0,TOTAL MOT,8,kg,10,FALSE,8,kg,10,FALSE,10,FALSE,0,FALSE,1383.756,0,1383.756,0,FALSE,TRUE
C,A,20200101,2020,52,2020,276,DEU,Germany,M,Import,804,UKR,Ukraine,0,W00,World,H5,HS,TRUE,811292,"Gallium, germanium, hafnium, indium, niobium (columbium), rhenium and vanadium; articles thereof, unwrought, including waste and scrap, powders",Indium,6,TRUE,C00,TOTAL CPC,0,0,TOTAL MOT,8,kg,9753,FALSE,8,kg,9753,FALSE,9753,FALSE,0,FALSE,3357180.869,0,3357180.869,0,FALSE,TRUE
C,A,20200101,2020,52,2020,276,DEU,Germany,M,Import,826,GBR,United Kingdom,0,W00,World,H5,HS,TRUE,811292,"Gallium, germanium, hafnium, indium, niobium (columbium), rhenium and vanadium; articles thereof, unwrought, including waste and scrap, powders",Indium,6,TRUE,C00,TOTAL CPC,0,0,TOTAL MOT,8,kg,1599.042,TRUE,-1,N/A,0,FALSE,1599.042,TRUE,0,FALSE,431675.917,0,431675.917,6,FALSE,TRUE
C,A,20200101,2020,52,2020,276,DEU,Germany,M,Import,842,USA,USA,0,W00,World,H5,HS,TRUE,811292,"Gallium, germanium, hafnium, indium, niobium (columbium), rhenium and vanadium; articles thereof, unwrought, including waste and scrap, powders",Indium,6,TRUE,C00,TOTAL CPC,0,0,TOTAL MOT,8,kg,8844.25,TRUE,-1,N/A,0,FALSE,8844.25,TRUE,0,FALSE,2151834.454,0,2151834.454,6,FALSE,TRUE
C,A,20200101,2020,52,2020,276,DEU,Germany,M,Import,0,W00,World,0,W00,World,H5,HS,TRUE,282540,Nickel oxides and hydroxides,Nickel,6,TRUE,C00,TOTAL CPC,0,0,TOTAL MOT,8,kg,519622.443,TRUE,-1,N/A,0,FALSE,519622.443,TRUE,0,FALSE,7826857.089,0,7826857.089,6,FALSE,TRUE
C,A,20200101,2020,52,2020,276,DEU,Germany,M,Import,56,BEL,Belgium,0,W00,World,H5,HS,TRUE,282540,Nickel oxides and hydroxides,Nickel,6,TRUE,C00,TOTAL CPC,0,0,TOTAL MOT,8,kg,24204.579,TRUE,-1,N/A,0,FALSE,24204.579,TRUE,0,FALSE,396123.326,0,396123.326,6,FALSE,TRUE
C,A,20200101,2020,52,2020,276,DEU,Germany,M,Import,124,CAN,Canada,0,W00,World,H5,HS,TRUE,282540,Nickel oxides and hydroxides,Nickel,6,TRUE,C00,TOTAL CPC,0,0,TOTAL MOT,8,kg,7,FALSE,8,kg,7,FALSE,7,FALSE,0,FALSE,1533.444,0,1533.444,0,FALSE,TRUE
C,A,20200101,2020,52,2020,276,DEU,Germany,M,Import,156,CHN,China,0,W00,World,H5,HS,TRUE,282540,Nickel oxides and hydroxides,Nickel,6,TRUE,C00,TOTAL CPC,0,0,TOTAL MOT,8,kg,3667.922,TRUE,-1,N/A,0,FALSE,3667.922,TRUE,0,FALSE,66919.634,0,66919.634,6,FALSE,TRUE
C,A,20200101,2020,52,2020,276,DEU,Germany,M,Import,192,CUB,Cuba,0,W00,World,H5,HS,TRUE,282540,Nickel oxides and hydroxides,Nickel,6,TRUE,C00,TOTAL CPC,0,0,TOTAL MOT,8,kg,3000,FALSE,8,kg,3000,FALSE,3000,FALSE,0,FALSE,44268.769,0,44268.769,0,FALSE,TRUE
C,A,20200101,2020,52,2020,276,DEU,Germany,M,Import,203,CZE,Czechia,0,W00,World,H5,HS,TRUE,282540,Nickel oxides and hydroxides,Nickel,6,TRUE,C00,TOTAL CPC,0,0,TOTAL MOT,8,kg,391200,FALSE,8,kg,391200,FALSE,391200,FALSE,0,FALSE,5711689.316,0,5711689.316,0,FALSE,TRUE
C,A,20200101,2020,52,2020,276,DEU,Germany,M,Import,251,FRA,France,0,W00,World,H5,HS,TRUE,282540,Nickel oxides and hydroxides,Nickel,6,TRUE,C00,TOTAL CPC,0,0,TOTAL MOT,8,kg,7.172,TRUE,-1,N/A,0,FALSE,7.172,TRUE,0,FALSE,372.506,0,372.506,6,FALSE,TRUE
C,A,20200101,2020,52,2020,276,DEU,Germany,M,Import,380,ITA,Italy,0,W00,World,H5,HS,TRUE,282540,Nickel oxides and hydroxides,Nickel,6,TRUE,C00,TOTAL CPC,0,0,TOTAL MOT,8,kg,78100,FALSE,8,kg,78100,FALSE,78100,FALSE,0,FALSE,1143635.006,0,1143635.006,0,FALSE,TRUE
C,A,20200101,2020,52,2020,276,DEU,Germany,M,Import,392,JPN,Japan,0,W00,World,H5,HS,TRUE,282540,Nickel oxides and hydroxides,Nickel,6,TRUE,C00,TOTAL CPC,0,0,TOTAL MOT,8,kg,8511,FALSE,8,kg,8511,FALSE,8511,FALSE,0,FALSE,166043.878,0,166043.878,0,FALSE,TRUE
C,A,20200101,2020,52,2020,276,DEU,Germany,M,Import,528,NLD,Netherlands,0,W00,World,H5,HS,TRUE,282540,Nickel oxides and hydroxides,Nickel,6,TRUE,C00,TOTAL CPC,0,0,TOTAL MOT,8,kg,8149.142,TRUE,-1,N/A,0,FALSE,8149.142,TRUE,0,FALSE,128711.029,0,128711.029,6,FALSE,TRUE
C,A,20200101,2020,52,2020,276,DEU,Germany,M,Import,703,SVK,Slovakia,0,W00,World,H5,HS,TRUE,282540,Nickel oxides and hydroxides,Nickel,6,TRUE,C00,TOTAL CPC,0,0,TOTAL MOT,8,kg,784,FALSE,8,kg,784,FALSE,784,FALSE,0,FALSE,4672.319,0,4672.319,0,FALSE,TRUE
C,A,20200101,2020,52,2020,276,DEU,Germany,M,Import,724,ESP,Spain,0,W00,World,H5,HS,TRUE,282540,Nickel oxides and hydroxides,Nickel,6,TRUE,C00,TOTAL CPC,0,0,TOTAL MOT,8,kg,75,FALSE,8,kg,75,FALSE,75,FALSE,0,FALSE,2593.829,0,2593.829,0,FALSE,TRUE
C,A,20200101,2020,52,2020,276,DEU,Germany,M,Import,757,CHE,Switzerland,0,W00,World,H5,HS,TRUE,282540,Nickel oxides and hydroxides,Nickel,6,TRUE,C00,TOTAL CPC,0,0,TOTAL MOT,8,kg,788.148,TRUE,-1,N/A,0,FALSE,788.148,TRUE,0,FALSE,83236.758,0,83236.758,6,FALSE,TRUE
C,A,20200101,2020,52,2020,276,DEU,Germany,M,Import,826,GBR,United Kingdom,0,W00,World,H5,HS,TRUE,282540,Nickel oxides and hydroxides,Nickel,6,TRUE,C00,TOTAL CPC,0,0,TOTAL MOT,8,kg,573,FALSE,8,kg,573,FALSE,573,FALSE,0,FALSE,61887.378,0,61887.378,0,FALSE,TRUE
C,A,20200101,2020,52,2020,276,DEU,Germany,M,Import,842,USA,USA,0,W00,World,H5,HS,TRUE,282540,Nickel oxides and hydroxides,Nickel,6,TRUE,C00,TOTAL CPC,0,0,TOTAL MOT,8,kg,555.48,TRUE,-1,N/A,0,FALSE,555.48,TRUE,0,FALSE,15169.898,0,15169.898,6,FALSE,TRUE
C,A,20200101,2020,52,2020,276,DEU,Germany,M,Import,0,W00,World,0,W00,World,H5,HS,TRUE,282550,Copper oxides and hydroxides,Copper,6,TRUE,C00,TOTAL CPC,0,0,TOTAL MOT,8,kg,1009038.306,TRUE,-1,N/A,0,FALSE,1009038.306,TRUE,0,FALSE,6286838.232,0,6286838.232,6,FALSE,TRUE
C,A,20200101,2020,52,2020,276,DEU,Germany,M,Import,36,AUS,Australia,0,W00,World,H5,HS,TRUE,282550,Copper oxides and hydroxides,Copper,6,TRUE,C00,TOTAL CPC,0,0,TOTAL MOT,8,kg,453551.183,TRUE,-1,N/A,0,FALSE,453551.183,TRUE,0,FALSE,2626003.453,0,2626003.453,6,FALSE,TRUE
C,A,20200101,2020,52,2020,276,DEU,Germany,M,Import,40,AUT,Austria,0,W00,World,H5,HS,TRUE,282550,Copper oxides and hydroxides,Copper,6,TRUE,C00,TOTAL CPC,0,0,TOTAL MOT,8,kg,37082,FALSE,8,kg,37082,FALSE,37082,FALSE,0,FALSE,227106.258,0,227106.258,0,FALSE,TRUE
C,A,20200101,2020,52,2020,276,DEU,Germany,M,Import,56,BEL,Belgium,0,W00,World,H5,HS,TRUE,282550,Copper oxides and hydroxides,Copper,6,TRUE,C00,TOTAL CPC,0,0,TOTAL MOT,8,kg,177886,FALSE,8,kg,177886,FALSE,177886,FALSE,0,FALSE,1208801.806,0,1208801.806,0,FALSE,TRUE
C,A,20200101,2020,52,2020,276,DEU,Germany,M,Import,156,CHN,China,0,W00,World,H5,HS,TRUE,282550,Copper oxides and hydroxides,Copper,6,TRUE,C00,TOTAL CPC,0,0,TOTAL MOT,8,kg,5772.6,TRUE,-1,N/A,0,FALSE,5772.6,TRUE,0,FALSE,43983.105,0,43983.105,6,FALSE,TRUE
C,A,20200101,2020,52,2020,276,DEU,Germany,M,Import,208,DNK,Denmark,0,W00,World,H5,HS,TRUE,282550,Copper oxides and hydroxides,Copper,6,TRUE,C00,TOTAL CPC,0,0,TOTAL MOT,8,kg,975,FALSE,8,kg,975,FALSE,975,FALSE,0,FALSE,507.339,0,507.339,0,FALSE,TRUE
C,A,20200101,2020,52,2020,276,DEU,Germany,M,Import,251,FRA,France,0,W00,World,H5,HS,TRUE,282550,Copper oxides and hydroxides,Copper,6,TRUE,C00,TOTAL CPC,0,0,TOTAL MOT,8,kg,2525.805,TRUE,-1,N/A,0,FALSE,2525.805,TRUE,0,FALSE,46531.227,0,46531.227,6,FALSE,TRUE
C,A,20200101,2020,52,2020,276,DEU,Germany,M,Import,360,IDN,Indonesia,0,W00,World,H5,HS,TRUE,282550,Copper oxides and hydroxides,Copper,6,TRUE,C00,TOTAL CPC,0,0,TOTAL MOT,8,kg,28150,FALSE,8,kg,28150,FALSE,28150,FALSE,0,FALSE,200760.045,0,200760.045,0,FALSE,TRUE
C,A,20200101,2020,52,2020,276,DEU,Germany,M,Import,380,ITA,Italy,0,W00,World,H5,HS,TRUE,282550,Copper oxides and hydroxides,Copper,6,TRUE,C00,TOTAL CPC,0,0,TOTAL MOT,8,kg,107025,FALSE,8,kg,107025,FALSE,107025,FALSE,0,FALSE,740893.418,0,740893.418,0,FALSE,TRUE
C,A,20200101,2020,52,2020,276,DEU,Germany,M,Import,392,JPN,Japan,0,W00,World,H5,HS,TRUE,282550,Copper oxides and hydroxides,Copper,6,TRUE,C00,TOTAL CPC,0,0,TOTAL MOT,8,kg,107.936,TRUE,-1,N/A,0,FALSE,107.936,TRUE,0,FALSE,834.139,0,834.139,6,FALSE,TRUE
C,A,20200101,2020,52,2020,276,DEU,Germany,M,Import,490,S19,"Other Asia, nes",0,W00,World,H5,HS,TRUE,282550,Copper oxides and hydroxides,Copper,6,TRUE,C00,TOTAL CPC,0,0,TOTAL MOT,8,kg,82132.934,TRUE,-1,N/A,0,FALSE,82132.934,TRUE,0,FALSE,582210.528,0,582210.528,6,FALSE,TRUE
C,A,20200101,2020,52,2020,276,DEU,Germany,M,Import,579,NOR,Norway,0,W00,World,H5,HS,TRUE,282550,Copper oxides and hydroxides,Copper,6,TRUE,C00,TOTAL CPC,0,0,TOTAL MOT,8,kg,22662,FALSE,8,kg,22662,FALSE,22662,FALSE,0,FALSE,95239.214,0,95239.214,0,FALSE,TRUE
C,A,20200101,2020,52,2020,276,DEU,Germany,M,Import,699,IND,India,0,W00,World,H5,HS,TRUE,282550,Copper oxides and hydroxides,Copper,6,TRUE,C00,TOTAL CPC,0,0,TOTAL MOT,8,kg,6092.692,TRUE,-1,N/A,0,FALSE,6092.692,TRUE,0,FALSE,46114.158,0,46114.158,6,FALSE,TRUE
C,A,20200101,2020,52,2020,276,DEU,Germany,M,Import,724,ESP,Spain,0,W00,World,H5,HS,TRUE,282550,Copper oxides and hydroxides,Copper,6,TRUE,C00,TOTAL CPC,0,0,TOTAL MOT,8,kg,1356.51,TRUE,-1,N/A,0,FALSE,1356.51,TRUE,0,FALSE,10256.478,0,10256.478,6,FALSE,TRUE
C,A,20200101,2020,52,2020,276,DEU,Germany,M,Import,757,CHE,Switzerland,0,W00,World,H5,HS,TRUE,282550,Copper oxides and hydroxides,Copper,6,TRUE,C00,TOTAL CPC,0,0,TOTAL MOT,8,kg,689.183,TRUE,-1,N/A,0,FALSE,689.183,TRUE,0,FALSE,19337.163,0,19337.163,6,FALSE,TRUE
C,A,20200101,2020,52,2020,276,DEU,Germany,M,Import,826,GBR,United Kingdom,0,W00,World,H5,HS,TRUE,282550,Copper oxides and hydroxides,Copper,6,TRUE,C00,TOTAL CPC,0,0,TOTAL MOT,8,kg,21201.785,TRUE,-1,N/A,0,FALSE,21201.785,TRUE,0,FALSE,185422.177,0,185422.177,6,FALSE,TRUE
C,A,20200101,2020,52,2020,276,DEU,Germany,M,Import,842,USA,USA,0,W00,World,H5,HS,TRUE,282550,Copper oxides and hydroxides,Copper,6,TRUE,C00,TOTAL CPC,0,0,TOTAL MOT,8,kg,61827.677,TRUE,-1,N/A,0,FALSE,61827.677,TRUE,0,FALSE,252837.723,0,252837.723,6,FALSE,TRUE
C,A,20200101,2020,52,2020,276,DEU,Germany,M,Import,0,W00,World,0,W00,World,H5,HS,TRUE,282570,Molybdenum oxides and hydroxides,Molybdenum,6,TRUE,C00,TOTAL CPC,0,0,TOTAL MOT,8,kg,1581683.38,TRUE,-1,N/A,0,FALSE,1581683.38,TRUE,0,FALSE,25731476.26,0,25731476.26,6,FALSE,TRUE
C,A,20200101,2020,52,2020,276,DEU,Germany,M,Import,40,AUT,Austria,0,W00,World,H5,HS,TRUE,282570,Molybdenum oxides and hydroxides,Molybdenum,6,TRUE,C00,TOTAL CPC,0,0,TOTAL MOT,8,kg,604,FALSE,8,kg,604,FALSE,604,FALSE,0,FALSE,12786.318,0,12786.318,0,FALSE,TRUE
C,A,20200101,2020,52,2020,276,DEU,Germany,M,Import,56,BEL,Belgium,0,W00,World,H5,HS,TRUE,282570,Molybdenum oxides and hydroxides,Molybdenum,6,TRUE,C00,TOTAL CPC,0,0,TOTAL MOT,8,kg,24041.437,TRUE,-1,N/A,0,FALSE,24041.437,TRUE,0,FALSE,279760.978,0,279760.978,6,FALSE,TRUE
C,A,20200101,2020,52,2020,276,DEU,Germany,M,Import,152,CHL,Chile,0,W00,World,H5,HS,TRUE,282570,Molybdenum oxides and hydroxides,Molybdenum,6,TRUE,C00,TOTAL CPC,0,0,TOTAL MOT,8,kg,1340643,FALSE,8,kg,1340643,FALSE,1340643,FALSE,0,FALSE,21641925.04,0,21641925.04,0,FALSE,TRUE
C,A,20200101,2020,52,2020,276,DEU,Germany,M,Import,156,CHN,China,0,W00,World,H5,HS,TRUE,282570,Molybdenum oxides and hydroxides,Molybdenum,6,TRUE,C00,TOTAL CPC,0,0,TOTAL MOT,8,kg,100273.885,TRUE,-1,N/A,0,FALSE,100273.885,TRUE,0,FALSE,1652249.363,0,1652249.363,6,FALSE,TRUE
C,A,20200101,2020,52,2020,276,DEU,Germany,M,Import,251,FRA,France,0,W00,World,H5,HS,TRUE,282570,Molybdenum oxides and hydroxides,Molybdenum,6,TRUE,C00,TOTAL CPC,0,0,TOTAL MOT,8,kg,125,FALSE,8,kg,125,FALSE,125,FALSE,0,FALSE,6427.439,0,6427.439,0,FALSE,TRUE
C,A,20200101,2020,52,2020,276,DEU,Germany,M,Import,380,ITA,Italy,0,W00,World,H5,HS,TRUE,282570,Molybdenum oxides and hydroxides,Molybdenum,6,TRUE,C00,TOTAL CPC,0,0,TOTAL MOT,8,kg,1502,FALSE,8,kg,1502,FALSE,1502,FALSE,0,FALSE,42401.67,0,42401.67,0,FALSE,TRUE
C,A,20200101,2020,52,2020,276,DEU,Germany,M,Import,392,JPN,Japan,0,W00,World,H5,HS,TRUE,282570,Molybdenum oxides and hydroxides,Molybdenum,6,TRUE,C00,TOTAL CPC,0,0,TOTAL MOT,8,kg,6,FALSE,8,kg,6,FALSE,6,FALSE,0,FALSE,745.012,0,745.012,0,FALSE,TRUE
C,A,20200101,2020,52,2020,276,DEU,Germany,M,Import,528,NLD,Netherlands,0,W00,World,H5,HS,TRUE,282570,Molybdenum oxides and hydroxides,Molybdenum,6,TRUE,C00,TOTAL CPC,0,0,TOTAL MOT,8,kg,86200,FALSE,8,kg,86200,FALSE,86200,FALSE,0,FALSE,1658690.513,0,1658690.513,0,FALSE,TRUE
C,A,20200101,2020,52,2020,276,DEU,Germany,M,Import,826,GBR,United Kingdom,0,W00,World,H5,HS,TRUE,282570,Molybdenum oxides and hydroxides,Molybdenum,6,TRUE,C00,TOTAL CPC,0,0,TOTAL MOT,8,kg,26575.643,TRUE,-1,N/A,0,FALSE,26575.643,TRUE,0,FALSE,361055.221,0,361055.221,6,FALSE,TRUE
C,A,20200101,2020,52,2020,276,DEU,Germany,M,Import,842,USA,USA,0,W00,World,H5,HS,TRUE,282570,Molybdenum oxides and hydroxides,Molybdenum,6,TRUE,C00,TOTAL CPC,0,0,TOTAL MOT,8,kg,1712.415,TRUE,-1,N/A,0,FALSE,1712.415,TRUE,0,FALSE,75434.705,0,75434.705,6,FALSE,TRUE
C,A,20200101,2020,52,2020,276,DEU,Germany,M,Import,0,W00,World,0,W00,World,H5,HS,TRUE,282580,Antimony oxides,Antimony,6,TRUE,C00,TOTAL CPC,0,0,TOTAL MOT,8,kg,4182432.728,TRUE,-1,N/A,0,FALSE,4182432.728,TRUE,0,FALSE,25667926.32,0,25667926.32,6,FALSE,TRUE
C,A,20200101,2020,52,2020,276,DEU,Germany,M,Import,40,AUT,Austria,0,W00,World,H5,HS,TRUE,282580,Antimony oxides,Antimony,6,TRUE,C00,TOTAL CPC,0,0,TOTAL MOT,8,kg,26000,FALSE,8,kg,26000,FALSE,26000,FALSE,0,FALSE,148772.636,0,148772.636,0,FALSE,TRUE
C,A,20200101,2020,52,2020,276,DEU,Germany,M,Import,56,BEL,Belgium,0,W00,World,H5,HS,TRUE,282580,Antimony oxides,Antimony,6,TRUE,C00,TOTAL CPC,0,0,TOTAL MOT,8,kg,865738,FALSE,8,kg,865738,FALSE,865738,FALSE,0,FALSE,5484379.665,0,5484379.665,0,FALSE,TRUE
C,A,20200101,2020,52,2020,276,DEU,Germany,M,Import,68,BOL,Bolivia,0,W00,World,H5,HS,TRUE,282580,Antimony oxides,Antimony,6,TRUE,C00,TOTAL CPC,0,0,TOTAL MOT,8,kg,40000,FALSE,8,kg,40000,FALSE,40000,FALSE,0,FALSE,225222.019,0,225222.019,0,FALSE,TRUE
C,A,20200101,2020,52,2020,276,DEU,Germany,M,Import,156,CHN,China,0,W00,World,H5,HS,TRUE,282580,Antimony oxides,Antimony,6,TRUE,C00,TOTAL CPC,0,0,TOTAL MOT,8,kg,759914.718,TRUE,-1,N/A,0,FALSE,759914.718,TRUE,0,FALSE,4322485.02,0,4322485.02,6,FALSE,TRUE
C,A,20200101,2020,52,2020,276,DEU,Germany,M,Import,251,FRA,France,0,W00,World,H5,HS,TRUE,282580,Antimony oxides,Antimony,6,TRUE,C00,TOTAL CPC,0,0,TOTAL MOT,8,kg,2094296,FALSE,8,kg,2094296,FALSE,2094296,FALSE,0,FALSE,12903606.89,0,12903606.89,0,FALSE,TRUE
C,A,20200101,2020,52,2020,276,DEU,Germany,M,Import,344,HKG,Hong Kong,0,W00,World,H5,HS,TRUE,282580,Antimony oxides,Antimony,6,TRUE,C00,TOTAL CPC,0,0,TOTAL MOT,8,kg,20000,FALSE,8,kg,20000,FALSE,20000,FALSE,0,FALSE,112697.851,0,112697.851,0,FALSE,TRUE
C,A,20200101,2020,52,2020,276,DEU,Germany,M,Import,380,ITA,Italy,0,W00,World,H5,HS,TRUE,282580,Antimony oxides,Antimony,6,TRUE,C00,TOTAL CPC,0,0,TOTAL MOT,8,kg,42453,FALSE,8,kg,42453,FALSE,42453,FALSE,0,FALSE,320776.606,0,320776.606,0,FALSE,TRUE
C,A,20200101,2020,52,2020,276,DEU,Germany,M,Import,392,JPN,Japan,0,W00,World,H5,HS,TRUE,282580,Antimony oxides,Antimony,6,TRUE,C00,TOTAL CPC,0,0,TOTAL MOT,8,kg,1040.699,TRUE,8,kg,7,FALSE,1040.699,TRUE,0,FALSE,7301.57,0,7301.57,6,FALSE,TRUE
C,A,20200101,2020,52,2020,276,DEU,Germany,M,Import,410,KOR,South Korea,0,W00,World,H5,HS,TRUE,282580,Antimony oxides,Antimony,6,TRUE,C00,TOTAL CPC,0,0,TOTAL MOT,8,kg,139880,FALSE,8,kg,139880,FALSE,139880,FALSE,0,FALSE,840247.335,0,840247.335,0,FALSE,TRUE
C,A,20200101,2020,52,2020,276,DEU,Germany,M,Import,442,LUX,Luxembourg,0,W00,World,H5,HS,TRUE,282580,Antimony oxides,Antimony,6,TRUE,C00,TOTAL CPC,0,0,TOTAL MOT,8,kg,18750,FALSE,8,kg,18750,FALSE,18750,FALSE,0,FALSE,99732.137,0,99732.137,0,FALSE,TRUE
C,A,20200101,2020,52,2020,276,DEU,Germany,M,Import,528,NLD,Netherlands,0,W00,World,H5,HS,TRUE,282580,Antimony oxides,Antimony,6,TRUE,C00,TOTAL CPC,0,0,TOTAL MOT,8,kg,7120,FALSE,8,kg,7120,FALSE,7120,FALSE,0,FALSE,51381.801,0,51381.801,0,FALSE,TRUE
C,A,20200101,2020,52,2020,276,DEU,Germany,M,Import,699,IND,India,0,W00,World,H5,HS,TRUE,282580,Antimony oxides,Antimony,6,TRUE,C00,TOTAL CPC,0,0,TOTAL MOT,8,kg,975,FALSE,8,kg,975,FALSE,975,FALSE,0,FALSE,13885.553,0,13885.553,0,FALSE,TRUE
C,A,20200101,2020,52,2020,276,DEU,Germany,M,Import,724,ESP,Spain,0,W00,World,H5,HS,TRUE,282580,Antimony oxides,Antimony,6,TRUE,C00,TOTAL CPC,0,0,TOTAL MOT,8,kg,25042,FALSE,8,kg,25042,FALSE,25042,FALSE,0,FALSE,173991.048,0,173991.048,0,FALSE,TRUE
C,A,20200101,2020,52,2020,276,DEU,Germany,M,Import,757,CHE,Switzerland,0,W00,World,H5,HS,TRUE,282580,Antimony oxides,Antimony,6,TRUE,C00,TOTAL CPC,0,0,TOTAL MOT,8,kg,20725.035,TRUE,8,kg,20377,FALSE,20725.035,TRUE,0,FALSE,104508.438,0,104508.438,6,FALSE,TRUE
C,A,20200101,2020,52,2020,276,DEU,Germany,M,Import,826,GBR,United Kingdom,0,W00,World,H5,HS,TRUE,282580,Antimony oxides,Antimony,6,TRUE,C00,TOTAL CPC,0,0,TOTAL MOT,8,kg,55199.165,TRUE,-1,N/A,0,FALSE,55199.165,TRUE,0,FALSE,448282.133,0,448282.133,6,FALSE,TRUE
C,A,20200101,2020,52,2020,276,DEU,Germany,M,Import,842,USA,USA,0,W00,World,H5,HS,TRUE,282580,Antimony oxides,Antimony,6,TRUE,C00,TOTAL CPC,0,0,TOTAL MOT,8,kg,65299.111,TRUE,-1,N/A,0,FALSE,65299.111,TRUE,0,FALSE,410655.622,0,410655.622,6,FALSE,TRUE
C,A,20200101,2020,52,2020,276,DEU,Germany,M,Import,0,W00,World,0,W00,World,H5,HS,TRUE,283691,Carbonates,Lithium,6,TRUE,C00,TOTAL CPC,0,0,TOTAL MOT,8,kg,2021539.912,TRUE,-1,N/A,0,FALSE,2021539.912,TRUE,0,FALSE,18330752.07,0,18330752.07,6,FALSE,TRUE
C,A,20200101,2020,52,2020,276,DEU,Germany,M,Import,32,ARG,Argentina,0,W00,World,H5,HS,TRUE,283691,Carbonates,Lithium,6,TRUE,C00,TOTAL CPC,0,0,TOTAL MOT,8,kg,108910,FALSE,8,kg,108910,FALSE,108910,FALSE,0,FALSE,690215.493,0,690215.493,0,FALSE,TRUE
C,A,20200101,2020,52,2020,276,DEU,Germany,M,Import,40,AUT,Austria,0,W00,World,H5,HS,TRUE,283691,Carbonates,Lithium,6,TRUE,C00,TOTAL CPC,0,0,TOTAL MOT,8,kg,50,FALSE,8,kg,50,FALSE,50,FALSE,0,FALSE,1314.054,0,1314.054,0,FALSE,TRUE
C,A,20200101,2020,52,2020,276,DEU,Germany,M,Import,56,BEL,Belgium,0,W00,World,H5,HS,TRUE,283691,Carbonates,Lithium,6,TRUE,C00,TOTAL CPC,0,0,TOTAL MOT,8,kg,560465,FALSE,8,kg,560465,FALSE,560465,FALSE,0,FALSE,3575479.537,0,3575479.537,0,FALSE,TRUE
C,A,20200101,2020,52,2020,276,DEU,Germany,M,Import,100,BGR,Bulgaria,0,W00,World,H5,HS,TRUE,283691,Carbonates,Lithium,6,TRUE,C00,TOTAL CPC,0,0,TOTAL MOT,8,kg,631,FALSE,8,kg,631,FALSE,631,FALSE,0,FALSE,2127.625,0,2127.625,0,FALSE,TRUE
C,A,20200101,2020,52,2020,276,DEU,Germany,M,Import,152,CHL,Chile,0,W00,World,H5,HS,TRUE,283691,Carbonates,Lithium,6,TRUE,C00,TOTAL CPC,0,0,TOTAL MOT,8,kg,1183935,FALSE,8,kg,1183935,FALSE,1183935,FALSE,0,FALSE,12518009.7,0,12518009.7,0,FALSE,TRUE
C,A,20200101,2020,52,2020,276,DEU,Germany,M,Import,156,CHN,China,0,W00,World,H5,HS,TRUE,283691,Carbonates,Lithium,6,TRUE,C00,TOTAL CPC,0,0,TOTAL MOT,8,kg,2737.039,TRUE,-1,N/A,0,FALSE,2737.039,TRUE,0,FALSE,29161.717,0,29161.717,6,FALSE,TRUE
C,A,20200101,2020,52,2020,276,DEU,Germany,M,Import,251,FRA,France,0,W00,World,H5,HS,TRUE,283691,Carbonates,Lithium,6,TRUE,C00,TOTAL CPC,0,0,TOTAL MOT,8,kg,74258,FALSE,8,kg,74258,FALSE,74258,FALSE,0,FALSE,741741.268,0,741741.268,0,FALSE,TRUE
C,A,20200101,2020,52,2020,276,DEU,Germany,M,Import,380,ITA,Italy,0,W00,World,H5,HS,TRUE,283691,Carbonates,Lithium,6,TRUE,C00,TOTAL CPC,0,0,TOTAL MOT,8,kg,2000,FALSE,8,kg,2000,FALSE,2000,FALSE,0,FALSE,13690.159,0,13690.159,0,FALSE,TRUE
C,A,20200101,2020,52,2020,276,DEU,Germany,M,Import,528,NLD,Netherlands,0,W00,World,H5,HS,TRUE,283691,Carbonates,Lithium,6,TRUE,C00,TOTAL CPC,0,0,TOTAL MOT,8,kg,20455,FALSE,8,kg,20455,FALSE,20455,FALSE,0,FALSE,176244.366,0,176244.366,0,FALSE,TRUE
C,A,20200101,2020,52,2020,276,DEU,Germany,M,Import,642,ROU,Romania,0,W00,World,H5,HS,TRUE,283691,Carbonates,Lithium,6,TRUE,C00,TOTAL CPC,0,0,TOTAL MOT,8,kg,2,FALSE,8,kg,2,FALSE,2,FALSE,0,FALSE,147.403,0,147.403,0,FALSE,TRUE
C,A,20200101,2020,52,2020,276,DEU,Germany,M,Import,699,IND,India,0,W00,World,H5,HS,TRUE,283691,Carbonates,Lithium,6,TRUE,C00,TOTAL CPC,0,0,TOTAL MOT,8,kg,627,FALSE,8,kg,627,FALSE,627,FALSE,0,FALSE,6725.672,0,6725.672,0,FALSE,TRUE
C,A,20200101,2020,52,2020,276,DEU,Germany,M,Import,710,ZAF,South Africa,0,W00,World,H5,HS,TRUE,283691,Carbonates,Lithium,6,TRUE,C00,TOTAL CPC,0,0,TOTAL MOT,8,kg,8,FALSE,8,kg,8,FALSE,8,FALSE,0,FALSE,92.555,0,92.555,0,FALSE,TRUE
C,A,20200101,2020,52,2020,276,DEU,Germany,M,Import,724,ESP,Spain,0,W00,World,H5,HS,TRUE,283691,Carbonates,Lithium,6,TRUE,C00,TOTAL CPC,0,0,TOTAL MOT,8,kg,10050,FALSE,8,kg,10050,FALSE,10050,FALSE,0,FALSE,101761.493,0,101761.493,0,FALSE,TRUE
C,A,20200101,2020,52,2020,276,DEU,Germany,M,Import,757,CHE,Switzerland,0,W00,World,H5,HS,TRUE,283691,Carbonates,Lithium,6,TRUE,C00,TOTAL CPC,0,0,TOTAL MOT,8,kg,195,FALSE,8,kg,195,FALSE,195,FALSE,0,FALSE,2117.341,0,2117.341,0,FALSE,TRUE
C,A,20200101,2020,52,2020,276,DEU,Germany,M,Import,826,GBR,United Kingdom,0,W00,World,H5,HS,TRUE,283691,Carbonates,Lithium,6,TRUE,C00,TOTAL CPC,0,0,TOTAL MOT,8,kg,45858.823,TRUE,-1,N/A,0,FALSE,45858.823,TRUE,0,FALSE,376623.906,0,376623.906,6,FALSE,TRUE
C,A,20200101,2020,52,2020,276,DEU,Germany,M,Import,842,USA,USA,0,W00,World,H5,HS,TRUE,283691,Carbonates,Lithium,6,TRUE,C00,TOTAL CPC,0,0,TOTAL MOT,8,kg,11358.05,TRUE,-1,N/A,0,FALSE,11358.05,TRUE,0,FALSE,95299.775,0,95299.775,6,FALSE,TRUE
C,A,20200101,2020,52,2020,276,DEU,Germany,M,Import,0,W00,World,0,W00,World,H5,HS,TRUE,283692,Carbonates,Strontium,6,TRUE,C00,TOTAL CPC,0,0,TOTAL MOT,8,kg,49527.125,TRUE,-1,N/A,0,FALSE,49527.125,TRUE,0,FALSE,172589.01,0,172589.01,6,FALSE,TRUE
C,A,20200101,2020,52,2020,276,DEU,Germany,M,Import,156,CHN,China,0,W00,World,H5,HS,TRUE,283692,Carbonates,Strontium,6,TRUE,C00,TOTAL CPC,0,0,TOTAL MOT,8,kg,995,FALSE,8,kg,995,FALSE,995,FALSE,0,FALSE,5665.287,0,5665.287,0,FALSE,TRUE
C,A,20200101,2020,52,2020,276,DEU,Germany,M,Import,251,FRA,France,0,W00,World,H5,HS,TRUE,283692,Carbonates,Strontium,6,TRUE,C00,TOTAL CPC,0,0,TOTAL MOT,8,kg,27055.744,TRUE,-1,N/A,0,FALSE,27055.744,TRUE,0,FALSE,22927.388,0,22927.388,6,FALSE,TRUE
C,A,20200101,2020,52,2020,276,DEU,Germany,M,Import,380,ITA,Italy,0,W00,World,H5,HS,TRUE,283692,Carbonates,Strontium,6,TRUE,C00,TOTAL CPC,0,0,TOTAL MOT,8,kg,14958.241,TRUE,-1,N/A,0,FALSE,14958.241,TRUE,0,FALSE,116750.851,0,116750.851,6,FALSE,TRUE
C,A,20200101,2020,52,2020,276,DEU,Germany,M,Import,392,JPN,Japan,0,W00,World,H5,HS,TRUE,283692,Carbonates,Strontium,6,TRUE,C00,TOTAL CPC,0,0,TOTAL MOT,8,kg,10,FALSE,8,kg,10,FALSE,10,FALSE,0,FALSE,406.785,0,406.785,0,FALSE,TRUE
C,A,20200101,2020,52,2020,276,DEU,Germany,M,Import,699,IND,India,0,W00,World,H5,HS,TRUE,283692,Carbonates,Strontium,6,TRUE,C00,TOTAL CPC,0,0,TOTAL MOT,8,kg,2148.221,TRUE,-1,N/A,0,FALSE,2148.221,TRUE,0,FALSE,10306.755,0,10306.755,6,FALSE,TRUE
C,A,20200101,2020,52,2020,276,DEU,Germany,M,Import,757,CHE,Switzerland,0,W00,World,H5,HS,TRUE,283692,Carbonates,Strontium,6,TRUE,C00,TOTAL CPC,0,0,TOTAL MOT,8,kg,37,FALSE,8,kg,37,FALSE,37,FALSE,0,FALSE,658.17,0,658.17,0,FALSE,TRUE
C,A,20200101,2020,52,2020,276,DEU,Germany,M,Import,826,GBR,United Kingdom,0,W00,World,H5,HS,TRUE,283692,Carbonates,Strontium,6,TRUE,C00,TOTAL CPC,0,0,TOTAL MOT,8,kg,2248.476,TRUE,-1,N/A,0,FALSE,2248.476,TRUE,0,FALSE,8361.955,0,8361.955,6,FALSE,TRUE
C,A,20200101,2020,52,2020,276,DEU,Germany,M,Import,842,USA,USA,0,W00,World,H5,HS,TRUE,283692,Carbonates,Strontium,6,TRUE,C00,TOTAL CPC,0,0,TOTAL MOT,8,kg,2074.445,TRUE,-1,N/A,0,FALSE,2074.445,TRUE,0,FALSE,7511.819,0,7511.819,6,FALSE,TRUE
C,A,20200101,2020,52,2020,276,DEU,Germany,M,Import,0,W00,World,0,W00,World,H5,HS,TRUE,284321,Silver compounds,Silver,6,TRUE,C00,TOTAL CPC,0,0,TOTAL MOT,8,kg,86145.019,TRUE,-1,N/A,0,FALSE,86145.019,TRUE,0,FALSE,27036566.24,0,27036566.24,6,FALSE,TRUE
C,A,20200101,2020,52,2020,276,DEU,Germany,M,Import,40,AUT,Austria,0,W00,World,H5,HS,TRUE,284321,Silver compounds,Silver,6,TRUE,C00,TOTAL CPC,0,0,TOTAL MOT,8,kg,503.208,TRUE,-1,N/A,0,FALSE,503.208,TRUE,0,FALSE,2189.328,0,2189.328,6,FALSE,TRUE
C,A,20200101,2020,52,2020,276,DEU,Germany,M,Import,56,BEL,Belgium,0,W00,World,H5,HS,TRUE,284321,Silver compounds,Silver,6,TRUE,C00,TOTAL CPC,0,0,TOTAL MOT,8,kg,9252.922,TRUE,-1,N/A,0,FALSE,9252.922,TRUE,0,FALSE,2286043.942,0,2286043.942,6,FALSE,TRUE
C,A,20200101,2020,52,2020,276,DEU,Germany,M,Import,76,BRA,Brazil,0,W00,World,H5,HS,TRUE,284321,Silver compounds,Silver,6,TRUE,C00,TOTAL CPC,0,0,TOTAL MOT,8,kg,6000,FALSE,8,kg,6000,FALSE,6000,FALSE,0,FALSE,2535222.882,0,2535222.882,0,FALSE,TRUE
C,A,20200101,2020,52,2020,276,DEU,Germany,M,Import,100,BGR,Bulgaria,0,W00,World,H5,HS,TRUE,284321,Silver compounds,Silver,6,TRUE,C00,TOTAL CPC,0,0,TOTAL MOT,8,kg,800,FALSE,8,kg,800,FALSE,800,FALSE,0,FALSE,305091.371,0,305091.371,0,FALSE,TRUE
C,A,20200101,2020,52,2020,276,DEU,Germany,M,Import,156,CHN,China,0,W00,World,H5,HS,TRUE,284321,Silver compounds,Silver,6,TRUE,C00,TOTAL CPC,0,0,TOTAL MOT,8,kg,4,FALSE,8,kg,4,FALSE,4,FALSE,0,FALSE,1976.794,0,1976.794,0,FALSE,TRUE
C,A,20200101,2020,52,2020,276,DEU,Germany,M,Import,203,CZE,Czechia,0,W00,World,H5,HS,TRUE,284321,Silver compounds,Silver,6,TRUE,C00,TOTAL CPC,0,0,TOTAL MOT,8,kg,2009,FALSE,8,kg,2009,FALSE,2009,FALSE,0,FALSE,841385.42,0,841385.42,0,FALSE,TRUE
C,A,20200101,2020,52,2020,276,DEU,Germany,M,Import,251,FRA,France,0,W00,World,H5,HS,TRUE,284321,Silver compounds,Silver,6,TRUE,C00,TOTAL CPC,0,0,TOTAL MOT,8,kg,23871.907,TRUE,-1,N/A,0,FALSE,23871.907,TRUE,0,FALSE,6496269.891,0,6496269.891,6,FALSE,TRUE
C,A,20200101,2020,52,2020,276,DEU,Germany,M,Import,372,IRL,Ireland,0,W00,World,H5,HS,TRUE,284321,Silver compounds,Silver,6,TRUE,C00,TOTAL CPC,0,0,TOTAL MOT,8,kg,20.16,TRUE,-1,N/A,0,FALSE,20.16,TRUE,0,FALSE,6866.218,0,6866.218,6,FALSE,TRUE
C,A,20200101,2020,52,2020,276,DEU,Germany,M,Import,380,ITA,Italy,0,W00,World,H5,HS,TRUE,284321,Silver compounds,Silver,6,TRUE,C00,TOTAL CPC,0,0,TOTAL MOT,8,kg,2437,FALSE,8,kg,2437,FALSE,2437,FALSE,0,FALSE,953786.181,0,953786.181,0,FALSE,TRUE
C,A,20200101,2020,52,2020,276,DEU,Germany,M,Import,392,JPN,Japan,0,W00,World,H5,HS,TRUE,284321,Silver compounds,Silver,6,TRUE,C00,TOTAL CPC,0,0,TOTAL MOT,8,kg,2,FALSE,8,kg,2,FALSE,2,FALSE,0,FALSE,914.125,0,914.125,0,FALSE,TRUE
C,A,20200101,2020,52,2020,276,DEU,Germany,M,Import,528,NLD,Netherlands,0,W00,World,H5,HS,TRUE,284321,Silver compounds,Silver,6,TRUE,C00,TOTAL CPC,0,0,TOTAL MOT,8,kg,21.434,TRUE,-1,N/A,0,FALSE,21.434,TRUE,0,FALSE,17210.681,0,17210.681,6,FALSE,TRUE
C,A,20200101,2020,52,2020,276,DEU,Germany,M,Import,616,POL,Poland,0,W00,World,H5,HS,TRUE,284321,Silver compounds,Silver,6,TRUE,C00,TOTAL CPC,0,0,TOTAL MOT,8,kg,105.789,TRUE,-1,N/A,0,FALSE,105.789,TRUE,0,FALSE,37535.099,0,37535.099,6,FALSE,TRUE
C,A,20200101,2020,52,2020,276,DEU,Germany,M,Import,699,IND,India,0,W00,World,H5,HS,TRUE,284321,Silver compounds,Silver,6,TRUE,C00,TOTAL CPC,0,0,TOTAL MOT,8,kg,0.273,TRUE,-1,N/A,0,FALSE,0.273,TRUE,0,FALSE,85.699,0,85.699,6,FALSE,TRUE
C,A,20200101,2020,52,2020,276,DEU,Germany,M,Import,705,SVN,Slovenia,0,W00,World,H5,HS,TRUE,284321,Silver compounds,Silver,6,TRUE,C00,TOTAL CPC,0,0,TOTAL MOT,8,kg,25,FALSE,8,kg,25,FALSE,25,FALSE,0,FALSE,3023.467,0,3023.467,0,FALSE,TRUE
C,A,20200101,2020,52,2020,276,DEU,Germany,M,Import,724,ESP,Spain,0,W00,World,H5,HS,TRUE,284321,Silver compounds,Silver,6,TRUE,C00,TOTAL CPC,0,0,TOTAL MOT,8,kg,296,FALSE,8,kg,296,FALSE,296,FALSE,0,FALSE,21100.281,0,21100.281,0,FALSE,TRUE
C,A,20200101,2020,52,2020,276,DEU,Germany,M,Import,752,SWE,Sweden,0,W00,World,H5,HS,TRUE,284321,Silver compounds,Silver,6,TRUE,C00,TOTAL CPC,0,0,TOTAL MOT,8,kg,48,FALSE,8,kg,48,FALSE,48,FALSE,0,FALSE,5882.392,0,5882.392,0,FALSE,TRUE
C,A,20200101,2020,52,2020,276,DEU,Germany,M,Import,757,CHE,Switzerland,0,W00,World,H5,HS,TRUE,284321,Silver compounds,Silver,6,TRUE,C00,TOTAL CPC,0,0,TOTAL MOT,8,kg,3564,FALSE,8,kg,3564,FALSE,3564,FALSE,0,FALSE,1088696.118,0,1088696.118,0,FALSE,TRUE
C,A,20200101,2020,52,2020,276,DEU,Germany,M,Import,792,TUR,Turkey,0,W00,World,H5,HS,TRUE,284321,Silver compounds,Silver,6,TRUE,C00,TOTAL CPC,0,0,TOTAL MOT,8,kg,2,FALSE,8,kg,2,FALSE,2,FALSE,0,FALSE,142.832,0,142.832,0,FALSE,TRUE
C,A,20200101,2020,52,2020,276,DEU,Germany,M,Import,807,MKD,North Macedonia,0,W00,World,H5,HS,TRUE,284321,Silver compounds,Silver,6,TRUE,C00,TOTAL CPC,0,0,TOTAL MOT,8,kg,2214,FALSE,8,kg,2214,FALSE,2214,FALSE,0,FALSE,1088635.557,0,1088635.557,0,FALSE,TRUE
C,A,20200101,2020,52,2020,276,DEU,Germany,M,Import,826,GBR,United Kingdom,0,W00,World,H5,HS,TRUE,284321,Silver compounds,Silver,6,TRUE,C00,TOTAL CPC,0,0,TOTAL MOT,8,kg,34802.133,TRUE,-1,N/A,0,FALSE,34802.133,TRUE,0,FALSE,11184317.91,0,11184317.91,6,FALSE,TRUE
C,A,20200101,2020,52,2020,276,DEU,Germany,M,Import,842,USA,USA,0,W00,World,H5,HS,TRUE,284321,Silver compounds,Silver,6,TRUE,C00,TOTAL CPC,0,0,TOTAL MOT,8,kg,166.193,TRUE,-1,N/A,0,FALSE,166.193,TRUE,0,FALSE,160190.052,0,160190.052,6,FALSE,TRUE
C,A,20200101,2020,52,2020,276,DEU,Germany,M,Import,0,W00,World,0,W00,World,H5,HS,TRUE,284420,"Uranium; enriched in U235, plutonium, their compounds, alloys dispersions (including cermets), ceramic products and mixtures containing uranium enriched in U235, plutonium or compounds of these products",Uranium,6,TRUE,C00,TOTAL CPC,0,0,TOTAL MOT,8,kg,144750.297,TRUE,38,gi F/S,5475165,FALSE,144750.297,TRUE,0,FALSE,149294502.9,0,149294502.9,6,FALSE,TRUE
C,A,20200101,2020,52,2020,276,DEU,Germany,M,Import,251,FRA,France,0,W00,World,H5,HS,TRUE,284420,"Uranium; enriched in U235, plutonium, their compounds, alloys dispersions (including cermets), ceramic products and mixtures containing uranium enriched in U235, plutonium or compounds of these products",Uranium,6,TRUE,C00,TOTAL CPC,0,0,TOTAL MOT,8,kg,53893,FALSE,38,gi F/S,1935600,FALSE,53893,FALSE,0,FALSE,51941331.07,0,51941331.07,0,FALSE,TRUE
C,A,20200101,2020,52,2020,276,DEU,Germany,M,Import,643,RUS,Russia,0,W00,World,H5,HS,TRUE,284420,"Uranium; enriched in U235, plutonium, their compounds, alloys dispersions (including cermets), ceramic products and mixtures containing uranium enriched in U235, plutonium or compounds of these products",Uranium,6,TRUE,C00,TOTAL CPC,0,0,TOTAL MOT,8,kg,74675.297,TRUE,38,gi F/S,2972878,FALSE,74675.297,TRUE,0,FALSE,73054072.81,0,73054072.81,6,FALSE,TRUE
C,A,20200101,2020,52,2020,276,DEU,Germany,M,Import,752,SWE,Sweden,0,W00,World,H5,HS,TRUE,284420,"Uranium; enriched in U235, plutonium, their compounds, alloys dispersions (including cermets), ceramic products and mixtures containing uranium enriched in U235, plutonium or compounds of these products",Uranium,6,TRUE,C00,TOTAL CPC,0,0,TOTAL MOT,8,kg,15997,FALSE,38,gi F/S,561309,FALSE,15997,FALSE,0,FALSE,24210512.33,0,24210512.33,0,FALSE,TRUE
C,A,20200101,2020,52,2020,276,DEU,Germany,M,Import,826,GBR,United Kingdom,0,W00,World,H5,HS,TRUE,284420,"Uranium; enriched in U235, plutonium, their compounds, alloys dispersions (including cermets), ceramic products and mixtures containing uranium enriched in U235, plutonium or compounds of these products",Uranium,6,TRUE,C00,TOTAL CPC,0,0,TOTAL MOT,8,kg,79,FALSE,38,gi F/S,1886,FALSE,79,FALSE,0,FALSE,685.593,0,685.593,0,FALSE,TRUE
C,A,20200101,2020,52,2020,276,DEU,Germany,M,Import,842,USA,USA,0,W00,World,H5,HS,TRUE,284420,"Uranium; enriched in U235, plutonium, their compounds, alloys dispersions (including cermets), ceramic products and mixtures containing uranium enriched in U235, plutonium or compounds of these products",Uranium,6,TRUE,C00,TOTAL CPC,0,0,TOTAL MOT,8,kg,106,FALSE,38,gi F/S,3492,FALSE,106,FALSE,0,FALSE,87901.079,0,87901.079,0,FALSE,TRUE
C,A,20200101,2020,52,2020,276,DEU,Germany,M,Import,0,W00,World,0,W00,World,H5,HS,TRUE,710610,Metals,Silver,6,TRUE,C00,TOTAL CPC,0,0,TOTAL MOT,8,kg,36505.231,FALSE,15,g,36505231,FALSE,36500.195,FALSE,0,FALSE,16389746.74,0,16389746.74,0,FALSE,TRUE
C,A,20200101,2020,52,2020,276,DEU,Germany,M,Import,40,AUT,Austria,0,W00,World,H5,HS,TRUE,710610,Metals,Silver,6,TRUE,C00,TOTAL CPC,0,0,TOTAL MOT,8,kg,127.678,FALSE,15,g,127678,FALSE,128,FALSE,0,FALSE,40849.943,0,40849.943,0,FALSE,TRUE
C,A,20200101,2020,52,2020,276,DEU,Germany,M,Import,124,CAN,Canada,0,W00,World,H5,HS,TRUE,710610,Metals,Silver,6,TRUE,C00,TOTAL CPC,0,0,TOTAL MOT,8,kg,1688.2,FALSE,15,g,1688200,FALSE,1688,FALSE,0,FALSE,604611.152,0,604611.152,0,FALSE,TRUE
C,A,20200101,2020,52,2020,276,DEU,Germany,M,Import,156,CHN,China,0,W00,World,H5,HS,TRUE,710610,Metals,Silver,6,TRUE,C00,TOTAL CPC,0,0,TOTAL MOT,8,kg,6700.559,FALSE,15,g,6700559,FALSE,6699.637,FALSE,0,FALSE,299944.849,0,299944.849,0,FALSE,TRUE
C,A,20200101,2020,52,2020,276,DEU,Germany,M,Import,208,DNK,Denmark,0,W00,World,H5,HS,TRUE,710610,Metals,Silver,6,TRUE,C00,TOTAL CPC,0,0,TOTAL MOT,8,kg,23.813,FALSE,15,g,23813,FALSE,24,FALSE,0,FALSE,8485.362,0,8485.362,0,FALSE,TRUE
C,A,20200101,2020,52,2020,276,DEU,Germany,M,Import,251,FRA,France,0,W00,World,H5,HS,TRUE,710610,Metals,Silver,6,TRUE,C00,TOTAL CPC,0,0,TOTAL MOT,8,kg,884,FALSE,15,g,884000,FALSE,884,FALSE,0,FALSE,483347.953,0,483347.953,0,FALSE,TRUE
C,A,20200101,2020,52,2020,276,DEU,Germany,M,Import,258,PYF,French Polynesia,0,W00,World,H5,HS,TRUE,710610,Metals,Silver,6,TRUE,C00,TOTAL CPC,0,0,TOTAL MOT,8,kg,1.5,FALSE,15,g,1500,FALSE,2,FALSE,0,FALSE,425.068,0,425.068,0,FALSE,TRUE
C,A,20200101,2020,52,2020,276,DEU,Germany,M,Import,380,ITA,Italy,0,W00,World,H5,HS,TRUE,710610,Metals,Silver,6,TRUE,C00,TOTAL CPC,0,0,TOTAL MOT,8,kg,503.4,FALSE,15,g,503400,FALSE,504,FALSE,0,FALSE,105656.807,0,105656.807,0,FALSE,TRUE
C,A,20200101,2020,52,2020,276,DEU,Germany,M,Import,392,JPN,Japan,0,W00,World,H5,HS,TRUE,710610,Metals,Silver,6,TRUE,C00,TOTAL CPC,0,0,TOTAL MOT,8,kg,1070.162,FALSE,15,g,1070162,FALSE,1074,FALSE,0,FALSE,287277.367,0,287277.367,0,FALSE,TRUE
C,A,20200101,2020,52,2020,276,DEU,Germany,M,Import,410,KOR,South Korea,0,W00,World,H5,HS,TRUE,710610,Metals,Silver,6,TRUE,C00,TOTAL CPC,0,0,TOTAL MOT,8,kg,38.717,FALSE,15,g,38717,FALSE,38,FALSE,0,FALSE,18442.464,0,18442.464,0,FALSE,TRUE
C,A,20200101,2020,52,2020,276,DEU,Germany,M,Import,642,ROU,Romania,0,W00,World,H5,HS,TRUE,710610,Metals,Silver,6,TRUE,C00,TOTAL CPC,0,0,TOTAL MOT,8,kg,354.485,FALSE,15,g,354485,FALSE,354,FALSE,0,FALSE,168772.54,0,168772.54,0,FALSE,TRUE
C,A,20200101,2020,52,2020,276,DEU,Germany,M,Import,699,IND,India,0,W00,World,H5,HS,TRUE,710610,Metals,Silver,6,TRUE,C00,TOTAL CPC,0,0,TOTAL MOT,8,kg,12,FALSE,15,g,12000,FALSE,12,FALSE,0,FALSE,6104.067,0,6104.067,0,FALSE,TRUE
C,A,20200101,2020,52,2020,276,DEU,Germany,M,Import,702,SGP,Singapore,0,W00,World,H5,HS,TRUE,710610,Metals,Silver,6,TRUE,C00,TOTAL CPC,0,0,TOTAL MOT,8,kg,64.5,FALSE,15,g,64500,FALSE,65,FALSE,0,FALSE,11890.476,0,11890.476,0,FALSE,TRUE
C,A,20200101,2020,52,2020,276,DEU,Germany,M,Import,724,ESP,Spain,0,W00,World,H5,HS,TRUE,710610,Metals,Silver,6,TRUE,C00,TOTAL CPC,0,0,TOTAL MOT,8,kg,1,FALSE,15,g,1000,FALSE,1,FALSE,0,FALSE,412.499,0,412.499,0,FALSE,TRUE
C,A,20200101,2020,52,2020,276,DEU,Germany,M,Import,757,CHE,Switzerland,0,W00,World,H5,HS,TRUE,710610,Metals,Silver,6,TRUE,C00,TOTAL CPC,0,0,TOTAL MOT,8,kg,58.168,FALSE,15,g,58168,FALSE,58.338,FALSE,0,FALSE,34676.174,0,34676.174,0,FALSE,TRUE
C,A,20200101,2020,52,2020,276,DEU,Germany,M,Import,826,GBR,United Kingdom,0,W00,World,H5,HS,TRUE,710610,Metals,Silver,6,TRUE,C00,TOTAL CPC,0,0,TOTAL MOT,8,kg,3367.103,FALSE,15,g,3367103,FALSE,3366.467,FALSE,0,FALSE,1479316.414,0,1479316.414,0,FALSE,TRUE
C,A,20200101,2020,52,2020,276,DEU,Germany,M,Import,842,USA,USA,0,W00,World,H5,HS,TRUE,710610,Metals,Silver,6,TRUE,C00,TOTAL CPC,0,0,TOTAL MOT,8,kg,21609.946,FALSE,15,g,21609946,FALSE,21601.753,FALSE,0,FALSE,12839533.61,0,12839533.61,0,FALSE,TRUE
C,A,20200101,2020,52,2020,276,DEU,Germany,M,Import,0,W00,World,0,W00,World,H5,HS,TRUE,271129,"Petroleum gases and other gaseous hydrocarbons; in gaseous state, other than natural gas",Natural gas,6,TRUE,C00,TOTAL CPC,0,0,TOTAL MOT,8,kg,685644,FALSE,8,kg,685644,FALSE,685644,FALSE,0,FALSE,1411009.596,0,1411009.596,0,FALSE,TRUE
C,A,20200101,2020,52,2020,276,DEU,Germany,M,Import,839,XX ,Special Categories,0,W00,World,H5,HS,TRUE,271129,"Petroleum gases and other gaseous hydrocarbons; in gaseous state, other than natural gas",Natural gas,6,TRUE,C00,TOTAL CPC,0,0,TOTAL MOT,8,kg,685644,FALSE,8,kg,685644,FALSE,685644,FALSE,0,FALSE,1411009.596,0,1411009.596,0,FALSE,TRUE
C,A,20200101,2020,52,2020,276,DEU,Germany,M,Import,0,W00,World,0,W00,World,H5,HS,TRUE,280470,Phosphorus,Phosphorus,6,TRUE,C00,TOTAL CPC,0,0,TOTAL MOT,8,kg,34688653.69,TRUE,-1,N/A,0,FALSE,34688653.69,TRUE,0,FALSE,103485193.9,0,103485193.9,6,FALSE,TRUE
C,A,20200101,2020,52,2020,276,DEU,Germany,M,Import,40,AUT,Austria,0,W00,World,H5,HS,TRUE,280470,Phosphorus,Phosphorus,6,TRUE,C00,TOTAL CPC,0,0,TOTAL MOT,8,kg,51.559,TRUE,-1,N/A,0,FALSE,51.559,TRUE,0,FALSE,559.901,0,559.901,6,FALSE,TRUE
C,A,20200101,2020,52,2020,276,DEU,Germany,M,Import,56,BEL,Belgium,0,W00,World,H5,HS,TRUE,280470,Phosphorus,Phosphorus,6,TRUE,C00,TOTAL CPC,0,0,TOTAL MOT,8,kg,417080,FALSE,8,kg,417080,FALSE,417080,FALSE,0,FALSE,596456.018,0,596456.018,0,FALSE,TRUE
C,A,20200101,2020,52,2020,276,DEU,Germany,M,Import,156,CHN,China,0,W00,World,H5,HS,TRUE,280470,Phosphorus,Phosphorus,6,TRUE,C00,TOTAL CPC,0,0,TOTAL MOT,8,kg,203065.294,TRUE,-1,N/A,0,FALSE,203065.294,TRUE,0,FALSE,1121406.924,0,1121406.924,6,FALSE,TRUE
C,A,20200101,2020,52,2020,276,DEU,Germany,M,Import,380,ITA,Italy,0,W00,World,H5,HS,TRUE,280470,Phosphorus,Phosphorus,6,TRUE,C00,TOTAL CPC,0,0,TOTAL MOT,8,kg,762645,FALSE,8,kg,762645,FALSE,762645,FALSE,0,FALSE,5954859.029,0,5954859.029,0,FALSE,TRUE
C,A,20200101,2020,52,2020,276,DEU,Germany,M,Import,392,JPN,Japan,0,W00,World,H5,HS,TRUE,280470,Phosphorus,Phosphorus,6,TRUE,C00,TOTAL CPC,0,0,TOTAL MOT,8,kg,125561.282,TRUE,-1,N/A,0,FALSE,125561.282,TRUE,0,FALSE,357966.623,0,357966.623,6,FALSE,TRUE
C,A,20200101,2020,52,2020,276,DEU,Germany,M,Import,398,KAZ,Kazakhstan,0,W00,World,H5,HS,TRUE,280470,Phosphorus,Phosphorus,6,TRUE,C00,TOTAL CPC,0,0,TOTAL MOT,8,kg,21727218,FALSE,8,kg,21727218,FALSE,21727218,FALSE,0,FALSE,60018020.69,0,60018020.69,0,FALSE,TRUE
C,A,20200101,2020,52,2020,276,DEU,Germany,M,Import,528,NLD,Netherlands,0,W00,World,H5,HS,TRUE,280470,Phosphorus,Phosphorus,6,TRUE,C00,TOTAL CPC,0,0,TOTAL MOT,8,kg,1829460.977,TRUE,-1,N/A,0,FALSE,1829460.977,TRUE,0,FALSE,5350778.069,0,5350778.069,6,FALSE,TRUE
C,A,20200101,2020,52,2020,276,DEU,Germany,M,Import,616,POL,Poland,0,W00,World,H5,HS,TRUE,280470,Phosphorus,Phosphorus,6,TRUE,C00,TOTAL CPC,0,0,TOTAL MOT,8,kg,8432689.582,TRUE,-1,N/A,0,FALSE,8432689.582,TRUE,0,FALSE,26464157.41,0,26464157.41,6,FALSE,TRUE
C,A,20200101,2020,52,2020,276,DEU,Germany,M,Import,704,VNM,Vietnam,0,W00,World,H5,HS,TRUE,280470,Phosphorus,Phosphorus,6,TRUE,C00,TOTAL CPC,0,0,TOTAL MOT,8,kg,1190614,FALSE,8,kg,1190614,FALSE,1190614,FALSE,0,FALSE,3610530.502,0,3610530.502,0,FALSE,TRUE
C,A,20200101,2020,52,2020,276,DEU,Germany,M,Import,757,CHE,Switzerland,0,W00,World,H5,HS,TRUE,280470,Phosphorus,Phosphorus,6,TRUE,C00,TOTAL CPC,0,0,TOTAL MOT,8,kg,16,FALSE,8,kg,16,FALSE,16,FALSE,0,FALSE,742.726,0,742.726,0,FALSE,TRUE
C,A,20200101,2020,52,2020,276,DEU,Germany,M,Import,826,GBR,United Kingdom,0,W00,World,H5,HS,TRUE,280470,Phosphorus,Phosphorus,6,TRUE,C00,TOTAL CPC,0,0,TOTAL MOT,8,kg,201,FALSE,8,kg,201,FALSE,201,FALSE,0,FALSE,8761.884,0,8761.884,0,FALSE,TRUE
C,A,20200101,2020,52,2020,276,DEU,Germany,M,Import,842,USA,USA,0,W00,World,H5,HS,TRUE,280470,Phosphorus,Phosphorus,6,TRUE,C00,TOTAL CPC,0,0,TOTAL MOT,8,kg,51,FALSE,8,kg,51,FALSE,51,FALSE,0,FALSE,954.118,0,954.118,0,FALSE,TRUE
C,A,20200101,2020,52,2020,276,DEU,Germany,M,Import,0,W00,World,0,W00,World,H5,HS,TRUE,280490,Selenium,Selenium,6,TRUE,C00,TOTAL CPC,0,0,TOTAL MOT,8,kg,79339.841,TRUE,-1,N/A,0,FALSE,79339.841,TRUE,0,FALSE,985916.518,0,985916.518,6,FALSE,TRUE
C,A,20200101,2020,52,2020,276,DEU,Germany,M,Import,40,AUT,Austria,0,W00,World,H5,HS,TRUE,280490,Selenium,Selenium,6,TRUE,C00,TOTAL CPC,0,0,TOTAL MOT,8,kg,6.621,TRUE,-1,N/A,0,FALSE,6.621,TRUE,0,FALSE,82.271,0,82.271,6,FALSE,TRUE
C,A,20200101,2020,52,2020,276,DEU,Germany,M,Import,56,BEL,Belgium,0,W00,World,H5,HS,TRUE,280490,Selenium,Selenium,6,TRUE,C00,TOTAL CPC,0,0,TOTAL MOT,8,kg,9305.425,TRUE,-1,N/A,0,FALSE,9305.425,TRUE,0,FALSE,142891.387,0,142891.387,6,FALSE,TRUE
C,A,20200101,2020,52,2020,276,DEU,Germany,M,Import,152,CHL,Chile,0,W00,World,H5,HS,TRUE,280490,Selenium,Selenium,6,TRUE,C00,TOTAL CPC,0,0,TOTAL MOT,8,kg,500,FALSE,8,kg,500,FALSE,500,FALSE,0,FALSE,6516.566,0,6516.566,0,FALSE,TRUE
C,A,20200101,2020,52,2020,276,DEU,Germany,M,Import,156,CHN,China,0,W00,World,H5,HS,TRUE,280490,Selenium,Selenium,6,TRUE,C00,TOTAL CPC,0,0,TOTAL MOT,8,kg,454.469,TRUE,-1,N/A,0,FALSE,454.469,TRUE,0,FALSE,10158.21,0,10158.21,6,FALSE,TRUE
C,A,20200101,2020,52,2020,276,DEU,Germany,M,Import,251,FRA,France,0,W00,World,H5,HS,TRUE,280490,Selenium,Selenium,6,TRUE,C00,TOTAL CPC,0,0,TOTAL MOT,8,kg,656.101,TRUE,-1,N/A,0,FALSE,656.101,TRUE,0,FALSE,11951.036,0,11951.036,6,FALSE,TRUE
C,A,20200101,2020,52,2020,276,DEU,Germany,M,Import,376,ISR,Israel,0,W00,World,H5,HS,TRUE,280490,Selenium,Selenium,6,TRUE,C00,TOTAL CPC,0,0,TOTAL MOT,8,kg,10,FALSE,8,kg,10,FALSE,10,FALSE,0,FALSE,1557.44,0,1557.44,0,FALSE,TRUE
C,A,20200101,2020,52,2020,276,DEU,Germany,M,Import,392,JPN,Japan,0,W00,World,H5,HS,TRUE,280490,Selenium,Selenium,6,TRUE,C00,TOTAL CPC,0,0,TOTAL MOT,8,kg,8080.665,TRUE,-1,N/A,0,FALSE,8080.665,TRUE,0,FALSE,160183.196,0,160183.196,6,FALSE,TRUE
C,A,20200101,2020,52,2020,276,DEU,Germany,M,Import,410,KOR,South Korea,0,W00,World,H5,HS,TRUE,280490,Selenium,Selenium,6,TRUE,C00,TOTAL CPC,0,0,TOTAL MOT,8,kg,4800,FALSE,8,kg,4800,FALSE,4800,FALSE,0,FALSE,76190,0,76190,0,FALSE,TRUE
C,A,20200101,2020,52,2020,276,DEU,Germany,M,Import,528,NLD,Netherlands,0,W00,World,H5,HS,TRUE,280490,Selenium,Selenium,6,TRUE,C00,TOTAL CPC,0,0,TOTAL MOT,8,kg,1024.255,TRUE,-1,N/A,0,FALSE,1024.255,TRUE,0,FALSE,22593.732,0,22593.732,6,FALSE,TRUE
C,A,20200101,2020,52,2020,276,DEU,Germany,M,Import,643,RUS,Russia,0,W00,World,H5,HS,TRUE,280490,Selenium,Selenium,6,TRUE,C00,TOTAL CPC,0,0,TOTAL MOT,8,kg,24193,FALSE,8,kg,24193,FALSE,24193,FALSE,0,FALSE,228771.108,0,228771.108,0,FALSE,TRUE
C,A,20200101,2020,52,2020,276,DEU,Germany,M,Import,724,ESP,Spain,0,W00,World,H5,HS,TRUE,280490,Selenium,Selenium,6,TRUE,C00,TOTAL CPC,0,0,TOTAL MOT,8,kg,79.172,TRUE,-1,N/A,0,FALSE,79.172,TRUE,0,FALSE,983.827,0,983.827,6,FALSE,TRUE
C,A,20200101,2020,52,2020,276,DEU,Germany,M,Import,752,SWE,Sweden,0,W00,World,H5,HS,TRUE,280490,Selenium,Selenium,6,TRUE,C00,TOTAL CPC,0,0,TOTAL MOT,8,kg,27858,FALSE,8,kg,27858,FALSE,27858,FALSE,0,FALSE,254134.637,0,254134.637,0,FALSE,TRUE
C,A,20200101,2020,52,2020,276,DEU,Germany,M,Import,757,CHE,Switzerland,0,W00,World,H5,HS,TRUE,280490,Selenium,Selenium,6,TRUE,C00,TOTAL CPC,0,0,TOTAL MOT,8,kg,484.501,TRUE,-1,N/A,0,FALSE,484.501,TRUE,0,FALSE,6020.653,0,6020.653,6,FALSE,TRUE
C,A,20200101,2020,52,2020,276,DEU,Germany,M,Import,826,GBR,United Kingdom,0,W00,World,H5,HS,TRUE,280490,Selenium,Selenium,6,TRUE,C00,TOTAL CPC,0,0,TOTAL MOT,8,kg,1535,FALSE,8,kg,1535,FALSE,1535,FALSE,0,FALSE,55322.821,0,55322.821,0,FALSE,TRUE
C,A,20200101,2020,52,2020,276,DEU,Germany,M,Import,842,USA,USA,0,W00,World,H5,HS,TRUE,280490,Selenium,Selenium,6,TRUE,C00,TOTAL CPC,0,0,TOTAL MOT,8,kg,352.631,TRUE,-1,N/A,0,FALSE,352.631,TRUE,0,FALSE,8559.634,0,8559.634,6,FALSE,TRUE
C,A,20200101,2020,52,2020,276,DEU,Germany,M,Import,0,W00,World,0,W00,World,H5,HS,TRUE,280530,"Earth-metals, rare; scandium and yttrium, whether or not intermixed or interalloyed",Rare earths,6,TRUE,C00,TOTAL CPC,0,0,TOTAL MOT,8,kg,196931.571,TRUE,-1,N/A,0,FALSE,196931.571,TRUE,0,FALSE,2847598.683,0,2847598.683,6,FALSE,TRUE
C,A,20200101,2020,52,2020,276,DEU,Germany,M,Import,40,AUT,Austria,0,W00,World,H5,HS,TRUE,280530,"Earth-metals, rare; scandium and yttrium, whether or not intermixed or interalloyed",Rare earths,6,TRUE,C00,TOTAL CPC,0,0,TOTAL MOT,8,kg,8617.142,TRUE,-1,N/A,0,FALSE,8617.142,TRUE,0,FALSE,120082.835,0,120082.835,6,FALSE,TRUE
C,A,20200101,2020,52,2020,276,DEU,Germany,M,Import,56,BEL,Belgium,0,W00,World,H5,HS,TRUE,280530,"Earth-metals, rare; scandium and yttrium, whether or not intermixed or interalloyed",Rare earths,6,TRUE,C00,TOTAL CPC,0,0,TOTAL MOT,8,kg,27.151,TRUE,-1,N/A,0,FALSE,27.151,TRUE,0,FALSE,38723.461,0,38723.461,6,FALSE,TRUE
C,A,20200101,2020,52,2020,276,DEU,Germany,M,Import,124,CAN,Canada,0,W00,World,H5,HS,TRUE,280530,"Earth-metals, rare; scandium and yttrium, whether or not intermixed or interalloyed",Rare earths,6,TRUE,C00,TOTAL CPC,0,0,TOTAL MOT,8,kg,40.46,TRUE,-1,N/A,0,FALSE,40.46,TRUE,0,FALSE,585.04,0,585.04,6,FALSE,TRUE
C,A,20200101,2020,52,2020,276,DEU,Germany,M,Import,156,CHN,China,0,W00,World,H5,HS,TRUE,280530,"Earth-metals, rare; scandium and yttrium, whether or not intermixed or interalloyed",Rare earths,6,TRUE,C00,TOTAL CPC,0,0,TOTAL MOT,8,kg,180896.495,TRUE,-1,N/A,0,FALSE,180896.495,TRUE,0,FALSE,2286397.023,0,2286397.023,6,FALSE,TRUE
C,A,20200101,2020,52,2020,276,DEU,Germany,M,Import,208,DNK,Denmark,0,W00,World,H5,HS,TRUE,280530,"Earth-metals, rare; scandium and yttrium, whether or not intermixed or interalloyed",Rare earths,6,TRUE,C00,TOTAL CPC,0,0,TOTAL MOT,8,kg,1,FALSE,8,kg,1,FALSE,1,FALSE,0,FALSE,1176.935,0,1176.935,0,FALSE,TRUE
C,A,20200101,2020,52,2020,276,DEU,Germany,M,Import,251,FRA,France,0,W00,World,H5,HS,TRUE,280530,"Earth-metals, rare; scandium and yttrium, whether or not intermixed or interalloyed",Rare earths,6,TRUE,C00,TOTAL CPC,0,0,TOTAL MOT,8,kg,2167.398,TRUE,-1,N/A,0,FALSE,2167.398,TRUE,0,FALSE,32163.474,0,32163.474,6,FALSE,TRUE
C,A,20200101,2020,52,2020,276,DEU,Germany,M,Import,392,JPN,Japan,0,W00,World,H5,HS,TRUE,280530,"Earth-metals, rare; scandium and yttrium, whether or not intermixed or interalloyed",Rare earths,6,TRUE,C00,TOTAL CPC,0,0,TOTAL MOT,8,kg,98,FALSE,8,kg,98,FALSE,98,FALSE,0,FALSE,11763.641,0,11763.641,0,FALSE,TRUE
C,A,20200101,2020,52,2020,276,DEU,Germany,M,Import,410,KOR,South Korea,0,W00,World,H5,HS,TRUE,280530,"Earth-metals, rare; scandium and yttrium, whether or not intermixed or interalloyed",Rare earths,6,TRUE,C00,TOTAL CPC,0,0,TOTAL MOT,8,kg,29,FALSE,8,kg,29,FALSE,29,FALSE,0,FALSE,6362.307,0,6362.307,0,FALSE,TRUE
C,A,20200101,2020,52,2020,276,DEU,Germany,M,Import,616,POL,Poland,0,W00,World,H5,HS,TRUE,280530,"Earth-metals, rare; scandium and yttrium, whether or not intermixed or interalloyed",Rare earths,6,TRUE,C00,TOTAL CPC,0,0,TOTAL MOT,8,kg,1,FALSE,8,kg,1,FALSE,1,FALSE,0,FALSE,737.013,0,737.013,0,FALSE,TRUE
C,A,20200101,2020,52,2020,276,DEU,Germany,M,Import,620,PRT,Portugal,0,W00,World,H5,HS,TRUE,280530,"Earth-metals, rare; scandium and yttrium, whether or not intermixed or interalloyed",Rare earths,6,TRUE,C00,TOTAL CPC,0,0,TOTAL MOT,8,kg,500.925,TRUE,-1,N/A,0,FALSE,500.925,TRUE,0,FALSE,7243.295,0,7243.295,6,FALSE,TRUE
C,A,20200101,2020,52,2020,276,DEU,Germany,M,Import,643,RUS,Russia,0,W00,World,H5,HS,TRUE,280530,"Earth-metals, rare; scandium and yttrium, whether or not intermixed or interalloyed",Rare earths,6,TRUE,C00,TOTAL CPC,0,0,TOTAL MOT,8,kg,1430.342,TRUE,-1,N/A,0,FALSE,1430.342,TRUE,0,FALSE,94429.071,0,94429.071,6,FALSE,TRUE
C,A,20200101,2020,52,2020,276,DEU,Germany,M,Import,752,SWE,Sweden,0,W00,World,H5,HS,TRUE,280530,"Earth-metals, rare; scandium and yttrium, whether or not intermixed or interalloyed",Rare earths,6,TRUE,C00,TOTAL CPC,0,0,TOTAL MOT,8,kg,262.434,TRUE,-1,N/A,0,FALSE,262.434,TRUE,0,FALSE,3794.76,0,3794.76,6,FALSE,TRUE
C,A,20200101,2020,52,2020,276,DEU,Germany,M,Import,757,CHE,Switzerland,0,W00,World,H5,HS,TRUE,280530,"Earth-metals, rare; scandium and yttrium, whether or not intermixed or interalloyed",Rare earths,6,TRUE,C00,TOTAL CPC,0,0,TOTAL MOT,8,kg,2,FALSE,8,kg,2,FALSE,2,FALSE,0,FALSE,2211.039,0,2211.039,0,FALSE,TRUE
C,A,20200101,2020,52,2020,276,DEU,Germany,M,Import,764,THA,Thailand,0,W00,World,H5,HS,TRUE,280530,"Earth-metals, rare; scandium and yttrium, whether or not intermixed or interalloyed",Rare earths,6,TRUE,C00,TOTAL CPC,0,0,TOTAL MOT,8,kg,52,FALSE,8,kg,52,FALSE,52,FALSE,0,FALSE,77.701,0,77.701,0,FALSE,TRUE
C,A,20200101,2020,52,2020,276,DEU,Germany,M,Import,826,GBR,United Kingdom,0,W00,World,H5,HS,TRUE,280530,"Earth-metals, rare; scandium and yttrium, whether or not intermixed or interalloyed",Rare earths,6,TRUE,C00,TOTAL CPC,0,0,TOTAL MOT,8,kg,2095.176,TRUE,-1,N/A,0,FALSE,2095.176,TRUE,0,FALSE,155366.902,0,155366.902,6,FALSE,TRUE
C,A,20200101,2020,52,2020,276,DEU,Germany,M,Import,842,USA,USA,0,W00,World,H5,HS,TRUE,280530,"Earth-metals, rare; scandium and yttrium, whether or not intermixed or interalloyed",Rare earths,6,TRUE,C00,TOTAL CPC,0,0,TOTAL MOT,8,kg,711.048,TRUE,-1,N/A,0,FALSE,711.048,TRUE,0,FALSE,86484.186,0,86484.186,6,FALSE,TRUE
C,A,20200101,2020,52,2020,276,DEU,Germany,M,Import,0,W00,World,0,W00,World,H5,HS,TRUE,281820,Aluminium oxide,Aluminium,6,TRUE,C00,TOTAL CPC,0,0,TOTAL MOT,8,kg,737563502.1,TRUE,-1,N/A,0,FALSE,737563502.1,TRUE,0,FALSE,297963407.4,0,297963407.4,6,FALSE,TRUE
C,A,20200101,2020,52,2020,276,DEU,Germany,M,Import,36,AUS,Australia,0,W00,World,H5,HS,TRUE,281820,Aluminium oxide,Aluminium,6,TRUE,C00,TOTAL CPC,0,0,TOTAL MOT,8,kg,46955.449,TRUE,-1,N/A,0,FALSE,46955.449,TRUE,0,FALSE,2141947.054,0,2141947.054,6,FALSE,TRUE
C,A,20200101,2020,52,2020,276,DEU,Germany,M,Import,40,AUT,Austria,0,W00,World,H5,HS,TRUE,281820,Aluminium oxide,Aluminium,6,TRUE,C00,TOTAL CPC,0,0,TOTAL MOT,8,kg,6861016.741,TRUE,-1,N/A,0,FALSE,6861016.741,TRUE,0,FALSE,2587915.309,0,2587915.309,6,FALSE,TRUE
C,A,20200101,2020,52,2020,276,DEU,Germany,M,Import,56,BEL,Belgium,0,W00,World,H5,HS,TRUE,281820,Aluminium oxide,Aluminium,6,TRUE,C00,TOTAL CPC,0,0,TOTAL MOT,8,kg,282379.631,TRUE,-1,N/A,0,FALSE,282379.631,TRUE,0,FALSE,1620354.413,0,1620354.413,6,FALSE,TRUE
C,A,20200101,2020,52,2020,276,DEU,Germany,M,Import,70,BIH,Bosnia and Herzegovina,0,W00,World,H5,HS,TRUE,281820,Aluminium oxide,Aluminium,6,TRUE,C00,TOTAL CPC,0,0,TOTAL MOT,8,kg,877283,FALSE,8,kg,877283,FALSE,877283,FALSE,0,FALSE,467469.609,0,467469.609,0,FALSE,TRUE
C,A,20200101,2020,52,2020,276,DEU,Germany,M,Import,76,BRA,Brazil,0,W00,World,H5,HS,TRUE,281820,Aluminium oxide,Aluminium,6,TRUE,C00,TOTAL CPC,0,0,TOTAL MOT,8,kg,240030,FALSE,8,kg,240030,FALSE,240030,FALSE,0,FALSE,205636.899,0,205636.899,0,FALSE,TRUE
C,A,20200101,2020,52,2020,276,DEU,Germany,M,Import,124,CAN,Canada,0,W00,World,H5,HS,TRUE,281820,Aluminium oxide,Aluminium,6,TRUE,C00,TOTAL CPC,0,0,TOTAL MOT,8,kg,67005,FALSE,8,kg,67005,FALSE,67005,FALSE,0,FALSE,164255.621,0,164255.621,0,FALSE,TRUE
C,A,20200101,2020,52,2020,276,DEU,Germany,M,Import,156,CHN,China,0,W00,World,H5,HS,TRUE,281820,Aluminium oxide,Aluminium,6,TRUE,C00,TOTAL CPC,0,0,TOTAL MOT,8,kg,1653195.799,TRUE,-1,N/A,0,FALSE,1653195.799,TRUE,0,FALSE,2627871.695,0,2627871.695,6,FALSE,TRUE
C,A,20200101,2020,52,2020,276,DEU,Germany,M,Import,203,CZE,Czechia,0,W00,World,H5,HS,TRUE,281820,Aluminium oxide,Aluminium,6,TRUE,C00,TOTAL CPC,0,0,TOTAL MOT,8,kg,280719,FALSE,8,kg,280719,FALSE,280719,FALSE,0,FALSE,109090.487,0,109090.487,0,FALSE,TRUE
C,A,20200101,2020,52,2020,276,DEU,Germany,M,Import,208,DNK,Denmark,0,W00,World,H5,HS,TRUE,281820,Aluminium oxide,Aluminium,6,TRUE,C00,TOTAL CPC,0,0,TOTAL MOT,8,kg,20967,FALSE,8,kg,20967,FALSE,20967,FALSE,0,FALSE,36513.564,0,36513.564,0,FALSE,TRUE
C,A,20200101,2020,52,2020,276,DEU,Germany,M,Import,234,FRO,Faroe Islands,0,W00,World,H5,HS,TRUE,281820,Aluminium oxide,Aluminium,6,TRUE,C00,TOTAL CPC,0,0,TOTAL MOT,8,kg,210,FALSE,8,kg,210,FALSE,210,FALSE,0,FALSE,1252.351,0,1252.351,0,FALSE,TRUE
C,A,20200101,2020,52,2020,276,DEU,Germany,M,Import,251,FRA,France,0,W00,World,H5,HS,TRUE,281820,Aluminium oxide,Aluminium,6,TRUE,C00,TOTAL CPC,0,0,TOTAL MOT,8,kg,31154236,FALSE,8,kg,31154236,FALSE,31154236,FALSE,0,FALSE,26359643.26,0,26359643.26,0,FALSE,TRUE
C,A,20200101,2020,52,2020,276,DEU,Germany,M,Import,328,GUY,Guyana,0,W00,World,H5,HS,TRUE,281820,Aluminium oxide,Aluminium,6,TRUE,C00,TOTAL CPC,0,0,TOTAL MOT,8,kg,50400,FALSE,8,kg,50400,FALSE,50400,FALSE,0,FALSE,56127.25,0,56127.25,0,FALSE,TRUE
C,A,20200101,2020,52,2020,276,DEU,Germany,M,Import,348,HUN,Hungary,0,W00,World,H5,HS,TRUE,281820,Aluminium oxide,Aluminium,6,TRUE,C00,TOTAL CPC,0,0,TOTAL MOT,8,kg,849586,FALSE,8,kg,849586,FALSE,849586,FALSE,0,FALSE,611715.042,0,611715.042,0,FALSE,TRUE
C,A,20200101,2020,52,2020,276,DEU,Germany,M,Import,372,IRL,Ireland,0,W00,World,H5,HS,TRUE,281820,Aluminium oxide,Aluminium,6,TRUE,C00,TOTAL CPC,0,0,TOTAL MOT,8,kg,70515220,FALSE,8,kg,70515220,FALSE,70515220,FALSE,0,FALSE,19827657.38,0,19827657.38,0,FALSE,TRUE
C,A,20200101,2020,52,2020,276,DEU,Germany,M,Import,380,ITA,Italy,0,W00,World,H5,HS,TRUE,281820,Aluminium oxide,Aluminium,6,TRUE,C00,TOTAL CPC,0,0,TOTAL MOT,8,kg,102162,FALSE,8,kg,102162,FALSE,102162,FALSE,0,FALSE,2711111.881,0,2711111.881,0,FALSE,TRUE
C,A,20200101,2020,52,2020,276,DEU,Germany,M,Import,388,JAM,Jamaica,0,W00,World,H5,HS,TRUE,281820,Aluminium oxide,Aluminium,6,TRUE,C00,TOTAL CPC,0,0,TOTAL MOT,8,kg,84061440,FALSE,8,kg,84061440,FALSE,84061440,FALSE,0,FALSE,26102698.83,0,26102698.83,0,FALSE,TRUE
C,A,20200101,2020,52,2020,276,DEU,Germany,M,Import,392,JPN,Japan,0,W00,World,H5,HS,TRUE,281820,Aluminium oxide,Aluminium,6,TRUE,C00,TOTAL CPC,0,0,TOTAL MOT,8,kg,1976013,FALSE,8,kg,1976013,FALSE,1976013,FALSE,0,FALSE,14880770.41,0,14880770.41,0,FALSE,TRUE
C,A,20200101,2020,52,2020,276,DEU,Germany,M,Import,410,KOR,South Korea,0,W00,World,H5,HS,TRUE,281820,Aluminium oxide,Aluminium,6,TRUE,C00,TOTAL CPC,0,0,TOTAL MOT,8,kg,8408.909,TRUE,-1,N/A,0,FALSE,8408.909,TRUE,0,FALSE,42225.701,0,42225.701,6,FALSE,TRUE
C,A,20200101,2020,52,2020,276,DEU,Germany,M,Import,440,LTU,Lithuania,0,W00,World,H5,HS,TRUE,281820,Aluminium oxide,Aluminium,6,TRUE,C00,TOTAL CPC,0,0,TOTAL MOT,8,kg,601,FALSE,8,kg,601,FALSE,601,FALSE,0,FALSE,1777.972,0,1777.972,0,FALSE,TRUE
C,A,20200101,2020,52,2020,276,DEU,Germany,M,Import,442,LUX,Luxembourg,0,W00,World,H5,HS,TRUE,281820,Aluminium oxide,Aluminium,6,TRUE,C00,TOTAL CPC,0,0,TOTAL MOT,8,kg,3447317,FALSE,8,kg,3447317,FALSE,3447317,FALSE,0,FALSE,3105456.093,0,3105456.093,0,FALSE,TRUE
C,A,20200101,2020,52,2020,276,DEU,Germany,M,Import,458,MYS,Malaysia,0,W00,World,H5,HS,TRUE,281820,Aluminium oxide,Aluminium,6,TRUE,C00,TOTAL CPC,0,0,TOTAL MOT,8,kg,1825,FALSE,8,kg,1825,FALSE,1825,FALSE,0,FALSE,4888.281,0,4888.281,0,FALSE,TRUE
C,A,20200101,2020,52,2020,276,DEU,Germany,M,Import,490,S19,"Other Asia, nes",0,W00,World,H5,HS,TRUE,281820,Aluminium oxide,Aluminium,6,TRUE,C00,TOTAL CPC,0,0,TOTAL MOT,8,kg,6,FALSE,8,kg,6,FALSE,6,FALSE,0,FALSE,2.285,0,2.285,0,FALSE,TRUE
C,A,20200101,2020,52,2020,276,DEU,Germany,M,Import,528,NLD,Netherlands,0,W00,World,H5,HS,TRUE,281820,Aluminium oxide,Aluminium,6,TRUE,C00,TOTAL CPC,0,0,TOTAL MOT,8,kg,445648291,FALSE,8,kg,445648291,FALSE,445648291,FALSE,0,FALSE,143386251.6,0,143386251.6,0,FALSE,TRUE
C,A,20200101,2020,52,2020,276,DEU,Germany,M,Import,579,NOR,Norway,0,W00,World,H5,HS,TRUE,281820,Aluminium oxide,Aluminium,6,TRUE,C00,TOTAL CPC,0,0,TOTAL MOT,8,kg,5102505.456,TRUE,-1,N/A,0,FALSE,5102505.456,TRUE,0,FALSE,125185.936,0,125185.936,6,FALSE,TRUE
C,A,20200101,2020,52,2020,276,DEU,Germany,M,Import,616,POL,Poland,0,W00,World,H5,HS,TRUE,281820,Aluminium oxide,Aluminium,6,TRUE,C00,TOTAL CPC,0,0,TOTAL MOT,8,kg,33884,FALSE,8,kg,33884,FALSE,33884,FALSE,0,FALSE,30655.168,0,30655.168,0,FALSE,TRUE
C,A,20200101,2020,52,2020,276,DEU,Germany,M,Import,643,RUS,Russia,0,W00,World,H5,HS,TRUE,281820,Aluminium oxide,Aluminium,6,TRUE,C00,TOTAL CPC,0,0,TOTAL MOT,8,kg,13524.874,TRUE,-1,N/A,0,FALSE,13524.874,TRUE,0,FALSE,14923.084,0,14923.084,6,FALSE,TRUE
C,A,20200101,2020,52,2020,276,DEU,Germany,M,Import,699,IND,India,0,W00,World,H5,HS,TRUE,281820,Aluminium oxide,Aluminium,6,TRUE,C00,TOTAL CPC,0,0,TOTAL MOT,8,kg,33658.993,TRUE,-1,N/A,0,FALSE,33658.993,TRUE,0,FALSE,96185.333,0,96185.333,6,FALSE,TRUE
C,A,20200101,2020,52,2020,276,DEU,Germany,M,Import,705,SVN,Slovenia,0,W00,World,H5,HS,TRUE,281820,Aluminium oxide,Aluminium,6,TRUE,C00,TOTAL CPC,0,0,TOTAL MOT,8,kg,15111270,FALSE,8,kg,15111270,FALSE,15111270,FALSE,0,FALSE,11302992.99,0,11302992.99,0,FALSE,TRUE
C,A,20200101,2020,52,2020,276,DEU,Germany,M,Import,710,ZAF,South Africa,0,W00,World,H5,HS,TRUE,281820,Aluminium oxide,Aluminium,6,TRUE,C00,TOTAL CPC,0,0,TOTAL MOT,8,kg,1000,FALSE,8,kg,1000,FALSE,1000,FALSE,0,FALSE,5152.235,0,5152.235,0,FALSE,TRUE
C,A,20200101,2020,52,2020,276,DEU,Germany,M,Import,724,ESP,Spain,0,W00,World,H5,HS,TRUE,281820,Aluminium oxide,Aluminium,6,TRUE,C00,TOTAL CPC,0,0,TOTAL MOT,8,kg,63049120,FALSE,8,kg,63049120,FALSE,63049120,FALSE,0,FALSE,19883637.23,0,19883637.23,0,FALSE,TRUE
C,A,20200101,2020,52,2020,276,DEU,Germany,M,Import,752,SWE,Sweden,0,W00,World,H5,HS,TRUE,281820,Aluminium oxide,Aluminium,6,TRUE,C00,TOTAL CPC,0,0,TOTAL MOT,8,kg,48240,FALSE,8,kg,48240,FALSE,48240,FALSE,0,FALSE,8359.669,0,8359.669,0,FALSE,TRUE
C,A,20200101,2020,52,2020,276,DEU,Germany,M,Import,757,CHE,Switzerland,0,W00,World,H5,HS,TRUE,281820,Aluminium oxide,Aluminium,6,TRUE,C00,TOTAL CPC,0,0,TOTAL MOT,8,kg,110523.445,TRUE,-1,N/A,0,FALSE,110523.445,TRUE,0,FALSE,754845.244,0,754845.244,6,FALSE,TRUE
C,A,20200101,2020,52,2020,276,DEU,Germany,M,Import,792,TUR,Turkey,0,W00,World,H5,HS,TRUE,281820,Aluminium oxide,Aluminium,6,TRUE,C00,TOTAL CPC,0,0,TOTAL MOT,8,kg,5714.432,TRUE,-1,N/A,0,FALSE,5714.432,TRUE,0,FALSE,19042.358,0,19042.358,6,FALSE,TRUE
C,A,20200101,2020,52,2020,276,DEU,Germany,M,Import,826,GBR,United Kingdom,0,W00,World,H5,HS,TRUE,281820,Aluminium oxide,Aluminium,6,TRUE,C00,TOTAL CPC,0,0,TOTAL MOT,8,kg,3250983.653,TRUE,-1,N/A,0,FALSE,3250983.653,TRUE,0,FALSE,1694371.082,0,1694371.082,6,FALSE,TRUE
C,A,20200101,2020,52,2020,276,DEU,Germany,M,Import,842,USA,USA,0,W00,World,H5,HS,TRUE,281820,Aluminium oxide,Aluminium,6,TRUE,C00,TOTAL CPC,0,0,TOTAL MOT,8,kg,2657809.723,TRUE,-1,N/A,0,FALSE,2657809.723,TRUE,0,FALSE,16975424.09,0,16975424.09,6,FALSE,TRUE
C,A,20200101,2020,52,2020,276,DEU,Germany,M,Import,0,W00,World,0,W00,World,H5,HS,TRUE,281830,Aluminium hydroxide,Aluminium,6,TRUE,C00,TOTAL CPC,0,0,TOTAL MOT,8,kg,166960457.9,TRUE,-1,N/A,0,FALSE,166960457.9,TRUE,0,FALSE,65809667.34,0,65809667.34,6,FALSE,TRUE
C,A,20200101,2020,52,2020,276,DEU,Germany,M,Import,36,AUS,Australia,0,W00,World,H5,HS,TRUE,281830,Aluminium hydroxide,Aluminium,6,TRUE,C00,TOTAL CPC,0,0,TOTAL MOT,8,kg,3349980,FALSE,8,kg,3349980,FALSE,3349980,FALSE,0,FALSE,1425399.059,0,1425399.059,0,FALSE,TRUE
C,A,20200101,2020,52,2020,276,DEU,Germany,M,Import,40,AUT,Austria,0,W00,World,H5,HS,TRUE,281830,Aluminium hydroxide,Aluminium,6,TRUE,C00,TOTAL CPC,0,0,TOTAL MOT,8,kg,249897,FALSE,8,kg,249897,FALSE,249897,FALSE,0,FALSE,30470.058,0,30470.058,0,FALSE,TRUE
C,A,20200101,2020,52,2020,276,DEU,Germany,M,Import,56,BEL,Belgium,0,W00,World,H5,HS,TRUE,281830,Aluminium hydroxide,Aluminium,6,TRUE,C00,TOTAL CPC,0,0,TOTAL MOT,8,kg,714826,FALSE,8,kg,714826,FALSE,714826,FALSE,0,FALSE,2088622.738,0,2088622.738,0,FALSE,TRUE
C,A,20200101,2020,52,2020,276,DEU,Germany,M,Import,70,BIH,Bosnia and Herzegovina,0,W00,World,H5,HS,TRUE,281830,Aluminium hydroxide,Aluminium,6,TRUE,C00,TOTAL CPC,0,0,TOTAL MOT,8,kg,11995021,FALSE,8,kg,11995021,FALSE,11995021,FALSE,0,FALSE,4812167.856,0,4812167.856,0,FALSE,TRUE
C,A,20200101,2020,52,2020,276,DEU,Germany,M,Import,156,CHN,China,0,W00,World,H5,HS,TRUE,281830,Aluminium hydroxide,Aluminium,6,TRUE,C00,TOTAL CPC,0,0,TOTAL MOT,8,kg,645554,FALSE,8,kg,645554,FALSE,645554,FALSE,0,FALSE,2362209.947,0,2362209.947,0,FALSE,TRUE
C,A,20200101,2020,52,2020,276,DEU,Germany,M,Import,203,CZE,Czechia,0,W00,World,H5,HS,TRUE,281830,Aluminium hydroxide,Aluminium,6,TRUE,C00,TOTAL CPC,0,0,TOTAL MOT,8,kg,36573,FALSE,8,kg,36573,FALSE,36573,FALSE,0,FALSE,48249.782,0,48249.782,0,FALSE,TRUE
C,A,20200101,2020,52,2020,276,DEU,Germany,M,Import,208,DNK,Denmark,0,W00,World,H5,HS,TRUE,281830,Aluminium hydroxide,Aluminium,6,TRUE,C00,TOTAL CPC,0,0,TOTAL MOT,8,kg,1257577,FALSE,8,kg,1257577,FALSE,1257577,FALSE,0,FALSE,3086133.784,0,3086133.784,0,FALSE,TRUE
C,A,20200101,2020,52,2020,276,DEU,Germany,M,Import,251,FRA,France,0,W00,World,H5,HS,TRUE,281830,Aluminium hydroxide,Aluminium,6,TRUE,C00,TOTAL CPC,0,0,TOTAL MOT,8,kg,1405202.368,TRUE,-1,N/A,0,FALSE,1405202.368,TRUE,0,FALSE,782125.008,0,782125.008,6,FALSE,TRUE
C,A,20200101,2020,52,2020,276,DEU,Germany,M,Import,300,GRC,Greece,0,W00,World,H5,HS,TRUE,281830,Aluminium hydroxide,Aluminium,6,TRUE,C00,TOTAL CPC,0,0,TOTAL MOT,8,kg,6351116,FALSE,8,kg,6351116,FALSE,6351116,FALSE,0,FALSE,1513108.172,0,1513108.172,0,FALSE,TRUE
C,A,20200101,2020,52,2020,276,DEU,Germany,M,Import,348,HUN,Hungary,0,W00,World,H5,HS,TRUE,281830,Aluminium hydroxide,Aluminium,6,TRUE,C00,TOTAL CPC,0,0,TOTAL MOT,8,kg,4300740,FALSE,8,kg,4300740,FALSE,4300740,FALSE,0,FALSE,2031552.796,0,2031552.796,0,FALSE,TRUE
C,A,20200101,2020,52,2020,276,DEU,Germany,M,Import,372,IRL,Ireland,0,W00,World,H5,HS,TRUE,281830,Aluminium hydroxide,Aluminium,6,TRUE,C00,TOTAL CPC,0,0,TOTAL MOT,8,kg,46936000,FALSE,8,kg,46936000,FALSE,46936000,FALSE,0,FALSE,11282514.32,0,11282514.32,0,FALSE,TRUE
C,A,20200101,2020,52,2020,276,DEU,Germany,M,Import,380,ITA,Italy,0,W00,World,H5,HS,TRUE,281830,Aluminium hydroxide,Aluminium,6,TRUE,C00,TOTAL CPC,0,0,TOTAL MOT,8,kg,178885,FALSE,8,kg,178885,FALSE,178885,FALSE,0,FALSE,153074.735,0,153074.735,0,FALSE,TRUE
C,A,20200101,2020,52,2020,276,DEU,Germany,M,Import,392,JPN,Japan,0,W00,World,H5,HS,TRUE,281830,Aluminium hydroxide,Aluminium,6,TRUE,C00,TOTAL CPC,0,0,TOTAL MOT,8,kg,43367.192,TRUE,-1,N/A,0,FALSE,43367.192,TRUE,0,FALSE,109699.523,0,109699.523,6,FALSE,TRUE
C,A,20200101,2020,52,2020,276,DEU,Germany,M,Import,410,KOR,South Korea,0,W00,World,H5,HS,TRUE,281830,Aluminium hydroxide,Aluminium,6,TRUE,C00,TOTAL CPC,0,0,TOTAL MOT,8,kg,160308.496,TRUE,-1,N/A,0,FALSE,160308.496,TRUE,0,FALSE,129340.632,0,129340.632,6,FALSE,TRUE
C,A,20200101,2020,52,2020,276,DEU,Germany,M,Import,528,NLD,Netherlands,0,W00,World,H5,HS,TRUE,281830,Aluminium hydroxide,Aluminium,6,TRUE,C00,TOTAL CPC,0,0,TOTAL MOT,8,kg,25281370,FALSE,8,kg,25281370,FALSE,25281370,FALSE,0,FALSE,12906261.27,0,12906261.27,0,FALSE,TRUE
C,A,20200101,2020,52,2020,276,DEU,Germany,M,Import,643,RUS,Russia,0,W00,World,H5,HS,TRUE,281830,Aluminium hydroxide,Aluminium,6,TRUE,C00,TOTAL CPC,0,0,TOTAL MOT,8,kg,102000,FALSE,8,kg,102000,FALSE,102000,FALSE,0,FALSE,76851.598,0,76851.598,0,FALSE,TRUE
C,A,20200101,2020,52,2020,276,DEU,Germany,M,Import,699,IND,India,0,W00,World,H5,HS,TRUE,281830,Aluminium hydroxide,Aluminium,6,TRUE,C00,TOTAL CPC,0,0,TOTAL MOT,8,kg,376.899,TRUE,-1,N/A,0,FALSE,376.899,TRUE,0,FALSE,1040.959,0,1040.959,6,FALSE,TRUE
C,A,20200101,2020,52,2020,276,DEU,Germany,M,Import,703,SVK,Slovakia,0,W00,World,H5,HS,TRUE,281830,Aluminium hydroxide,Aluminium,6,TRUE,C00,TOTAL CPC,0,0,TOTAL MOT,8,kg,2915,FALSE,8,kg,2915,FALSE,2915,FALSE,0,FALSE,4010.722,0,4010.722,0,FALSE,TRUE
C,A,20200101,2020,52,2020,276,DEU,Germany,M,Import,705,SVN,Slovenia,0,W00,World,H5,HS,TRUE,281830,Aluminium hydroxide,Aluminium,6,TRUE,C00,TOTAL CPC,0,0,TOTAL MOT,8,kg,13566040,FALSE,8,kg,13566040,FALSE,13566040,FALSE,0,FALSE,8637088.001,0,8637088.001,0,FALSE,TRUE
C,A,20200101,2020,52,2020,276,DEU,Germany,M,Import,710,ZAF,South Africa,0,W00,World,H5,HS,TRUE,281830,Aluminium hydroxide,Aluminium,6,TRUE,C00,TOTAL CPC,0,0,TOTAL MOT,8,kg,75,FALSE,8,kg,75,FALSE,75,FALSE,0,FALSE,811.286,0,811.286,0,FALSE,TRUE
C,A,20200101,2020,52,2020,276,DEU,Germany,M,Import,724,ESP,Spain,0,W00,World,H5,HS,TRUE,281830,Aluminium hydroxide,Aluminium,6,TRUE,C00,TOTAL CPC,0,0,TOTAL MOT,8,kg,49703712,FALSE,8,kg,49703712,FALSE,49703712,FALSE,0,FALSE,11504733.44,0,11504733.44,0,FALSE,TRUE
C,A,20200101,2020,52,2020,276,DEU,Germany,M,Import,757,CHE,Switzerland,0,W00,World,H5,HS,TRUE,281830,Aluminium hydroxide,Aluminium,6,TRUE,C00,TOTAL CPC,0,0,TOTAL MOT,8,kg,42697.968,TRUE,-1,N/A,0,FALSE,42697.968,TRUE,0,FALSE,128668.751,0,128668.751,6,FALSE,TRUE
C,A,20200101,2020,52,2020,276,DEU,Germany,M,Import,764,THA,Thailand,0,W00,World,H5,HS,TRUE,281830,Aluminium hydroxide,Aluminium,6,TRUE,C00,TOTAL CPC,0,0,TOTAL MOT,8,kg,3033,FALSE,8,kg,3033,FALSE,3033,FALSE,0,FALSE,15024.78,0,15024.78,0,FALSE,TRUE
C,A,20200101,2020,52,2020,276,DEU,Germany,M,Import,792,TUR,Turkey,0,W00,World,H5,HS,TRUE,281830,Aluminium hydroxide,Aluminium,6,TRUE,C00,TOTAL CPC,0,0,TOTAL MOT,8,kg,1293,FALSE,8,kg,1293,FALSE,1293,FALSE,0,FALSE,683.308,0,683.308,0,FALSE,TRUE
C,A,20200101,2020,52,2020,276,DEU,Germany,M,Import,826,GBR,United Kingdom,0,W00,World,H5,HS,TRUE,281830,Aluminium hydroxide,Aluminium,6,TRUE,C00,TOTAL CPC,0,0,TOTAL MOT,8,kg,207,FALSE,8,kg,207,FALSE,207,FALSE,0,FALSE,169.113,0,169.113,0,FALSE,TRUE
C,A,20200101,2020,52,2020,276,DEU,Germany,M,Import,842,USA,USA,0,W00,World,H5,HS,TRUE,281830,Aluminium hydroxide,Aluminium,6,TRUE,C00,TOTAL CPC,0,0,TOTAL MOT,8,kg,631691,FALSE,8,kg,631691,FALSE,631691,FALSE,0,FALSE,2679655.711,0,2679655.711,0,FALSE,TRUE
C,A,20200101,2020,52,2020,276,DEU,Germany,M,Import,0,W00,World,0,W00,World,H5,HS,TRUE,281910,Chromium trioxide,Chromium,6,TRUE,C00,TOTAL CPC,0,0,TOTAL MOT,8,kg,6492160.002,TRUE,-1,N/A,0,FALSE,6492160.002,TRUE,0,FALSE,16295211.4,0,16295211.4,6,FALSE,TRUE
C,A,20200101,2020,52,2020,276,DEU,Germany,M,Import,56,BEL,Belgium,0,W00,World,H5,HS,TRUE,281910,Chromium trioxide,Chromium,6,TRUE,C00,TOTAL CPC,0,0,TOTAL MOT,8,kg,10515.463,TRUE,-1,N/A,0,FALSE,10515.463,TRUE,0,FALSE,13514.19,0,13514.19,6,FALSE,TRUE
C,A,20200101,2020,52,2020,276,DEU,Germany,M,Import,156,CHN,China,0,W00,World,H5,HS,TRUE,281910,Chromium trioxide,Chromium,6,TRUE,C00,TOTAL CPC,0,0,TOTAL MOT,8,kg,20000,FALSE,8,kg,20000,FALSE,20000,FALSE,0,FALSE,97171.445,0,97171.445,0,FALSE,TRUE
C,A,20200101,2020,52,2020,276,DEU,Germany,M,Import,380,ITA,Italy,0,W00,World,H5,HS,TRUE,281910,Chromium trioxide,Chromium,6,TRUE,C00,TOTAL CPC,0,0,TOTAL MOT,8,kg,1200,FALSE,8,kg,1200,FALSE,1200,FALSE,0,FALSE,1494.594,0,1494.594,0,FALSE,TRUE
C,A,20200101,2020,52,2020,276,DEU,Germany,M,Import,398,KAZ,Kazakhstan,0,W00,World,H5,HS,TRUE,281910,Chromium trioxide,Chromium,6,TRUE,C00,TOTAL CPC,0,0,TOTAL MOT,8,kg,4437000,FALSE,8,kg,4437000,FALSE,4437000,FALSE,0,FALSE,10243441.45,0,10243441.45,0,FALSE,TRUE
C,A,20200101,2020,52,2020,276,DEU,Germany,M,Import,528,NLD,Netherlands,0,W00,World,H5,HS,TRUE,281910,Chromium trioxide,Chromium,6,TRUE,C00,TOTAL CPC,0,0,TOTAL MOT,8,kg,50,FALSE,8,kg,50,FALSE,50,FALSE,0,FALSE,814.714,0,814.714,0,FALSE,TRUE
C,A,20200101,2020,52,2020,276,DEU,Germany,M,Import,643,RUS,Russia,0,W00,World,H5,HS,TRUE,281910,Chromium trioxide,Chromium,6,TRUE,C00,TOTAL CPC,0,0,TOTAL MOT,8,kg,419401,FALSE,8,kg,419401,FALSE,419401,FALSE,0,FALSE,953855.883,0,953855.883,0,FALSE,TRUE
C,A,20200101,2020,52,2020,276,DEU,Germany,M,Import,710,ZAF,South Africa,0,W00,World,H5,HS,TRUE,281910,Chromium trioxide,Chromium,6,TRUE,C00,TOTAL CPC,0,0,TOTAL MOT,8,kg,449105,FALSE,8,kg,449105,FALSE,449105,FALSE,0,FALSE,1512123.203,0,1512123.203,0,FALSE,TRUE
C,A,20200101,2020,52,2020,276,DEU,Germany,M,Import,724,ESP,Spain,0,W00,World,H5,HS,TRUE,281910,Chromium trioxide,Chromium,6,TRUE,C00,TOTAL CPC,0,0,TOTAL MOT,8,kg,30350,FALSE,8,kg,30350,FALSE,30350,FALSE,0,FALSE,138689.842,0,138689.842,0,FALSE,TRUE
C,A,20200101,2020,52,2020,276,DEU,Germany,M,Import,792,TUR,Turkey,0,W00,World,H5,HS,TRUE,281910,Chromium trioxide,Chromium,6,TRUE,C00,TOTAL CPC,0,0,TOTAL MOT,8,kg,476572,FALSE,8,kg,476572,FALSE,476572,FALSE,0,FALSE,1171449.532,0,1171449.532,0,FALSE,TRUE
C,A,20200101,2020,52,2020,276,DEU,Germany,M,Import,826,GBR,United Kingdom,0,W00,World,H5,HS,TRUE,281910,Chromium trioxide,Chromium,6,TRUE,C00,TOTAL CPC,0,0,TOTAL MOT,8,kg,3787.747,TRUE,-1,N/A,0,FALSE,3787.747,TRUE,0,FALSE,31872.097,0,31872.097,6,FALSE,TRUE
C,A,20200101,2020,52,2020,276,DEU,Germany,M,Import,842,USA,USA,0,W00,World,H5,HS,TRUE,281910,Chromium trioxide,Chromium,6,TRUE,C00,TOTAL CPC,0,0,TOTAL MOT,8,kg,644178.791,TRUE,-1,N/A,0,FALSE,644178.791,TRUE,0,FALSE,2130784.45,0,2130784.45,6,FALSE,TRUE
C,A,20200101,2020,52,2020,276,DEU,Germany,M,Import,0,W00,World,0,W00,World,H5,HS,TRUE,282110,Iron oxides and hydroxides,Iron,6,TRUE,C00,TOTAL CPC,0,0,TOTAL MOT,8,kg,35060662.63,TRUE,-1,N/A,0,FALSE,35060662.63,TRUE,0,FALSE,42641941.51,0,42641941.51,6,FALSE,TRUE
C,A,20200101,2020,52,2020,276,DEU,Germany,M,Import,40,AUT,Austria,0,W00,World,H5,HS,TRUE,282110,Iron oxides and hydroxides,Iron,6,TRUE,C00,TOTAL CPC,0,0,TOTAL MOT,8,kg,1409863,FALSE,8,kg,1409863,FALSE,1409863,FALSE,0,FALSE,889623.775,0,889623.775,0,FALSE,TRUE
C,A,20200101,2020,52,2020,276,DEU,Germany,M,Import,56,BEL,Belgium,0,W00,World,H5,HS,TRUE,282110,Iron oxides and hydroxides,Iron,6,TRUE,C00,TOTAL CPC,0,0,TOTAL MOT,8,kg,360367,FALSE,8,kg,360367,FALSE,360367,FALSE,0,FALSE,619160.587,0,619160.587,0,FALSE,TRUE
C,A,20200101,2020,52,2020,276,DEU,Germany,M,Import,76,BRA,Brazil,0,W00,World,H5,HS,TRUE,282110,Iron oxides and hydroxides,Iron,6,TRUE,C00,TOTAL CPC,0,0,TOTAL MOT,8,kg,5227067,FALSE,8,kg,5227067,FALSE,5227067,FALSE,0,FALSE,5348349.926,0,5348349.926,0,FALSE,TRUE
C,A,20200101,2020,52,2020,276,DEU,Germany,M,Import,156,CHN,China,0,W00,World,H5,HS,TRUE,282110,Iron oxides and hydroxides,Iron,6,TRUE,C00,TOTAL CPC,0,0,TOTAL MOT,8,kg,13515694.28,TRUE,-1,N/A,0,FALSE,13515694.28,TRUE,0,FALSE,18338819.22,0,18338819.22,6,FALSE,TRUE
C,A,20200101,2020,52,2020,276,DEU,Germany,M,Import,170,COL,Colombia,0,W00,World,H5,HS,TRUE,282110,Iron oxides and hydroxides,Iron,6,TRUE,C00,TOTAL CPC,0,0,TOTAL MOT,8,kg,3160,FALSE,8,kg,3160,FALSE,3160,FALSE,0,FALSE,4550.055,0,4550.055,0,FALSE,TRUE
C,A,20200101,2020,52,2020,276,DEU,Germany,M,Import,203,CZE,Czechia,0,W00,World,H5,HS,TRUE,282110,Iron oxides and hydroxides,Iron,6,TRUE,C00,TOTAL CPC,0,0,TOTAL MOT,8,kg,261210,FALSE,8,kg,261210,FALSE,261210,FALSE,0,FALSE,216291.022,0,216291.022,0,FALSE,TRUE
C,A,20200101,2020,52,2020,276,DEU,Germany,M,Import,208,DNK,Denmark,0,W00,World,H5,HS,TRUE,282110,Iron oxides and hydroxides,Iron,6,TRUE,C00,TOTAL CPC,0,0,TOTAL MOT,8,kg,256391,FALSE,8,kg,256391,FALSE,256391,FALSE,0,FALSE,382411.457,0,382411.457,0,FALSE,TRUE
C,A,20200101,2020,52,2020,276,DEU,Germany,M,Import,246,FIN,Finland,0,W00,World,H5,HS,TRUE,282110,Iron oxides and hydroxides,Iron,6,TRUE,C00,TOTAL CPC,0,0,TOTAL MOT,8,kg,2676014,FALSE,8,kg,2676014,FALSE,2676014,FALSE,0,FALSE,170297.985,0,170297.985,0,FALSE,TRUE
C,A,20200101,2020,52,2020,276,DEU,Germany,M,Import,251,FRA,France,0,W00,World,H5,HS,TRUE,282110,Iron oxides and hydroxides,Iron,6,TRUE,C00,TOTAL CPC,0,0,TOTAL MOT,8,kg,742674,FALSE,8,kg,742674,FALSE,742674,FALSE,0,FALSE,832030.498,0,832030.498,0,FALSE,TRUE
C,A,20200101,2020,52,2020,276,DEU,Germany,M,Import,348,HUN,Hungary,0,W00,World,H5,HS,TRUE,282110,Iron oxides and hydroxides,Iron,6,TRUE,C00,TOTAL CPC,0,0,TOTAL MOT,8,kg,39993,FALSE,8,kg,39993,FALSE,39993,FALSE,0,FALSE,99926.388,0,99926.388,0,FALSE,TRUE
C,A,20200101,2020,52,2020,276,DEU,Germany,M,Import,372,IRL,Ireland,0,W00,World,H5,HS,TRUE,282110,Iron oxides and hydroxides,Iron,6,TRUE,C00,TOTAL CPC,0,0,TOTAL MOT,8,kg,4670,FALSE,8,kg,4670,FALSE,4670,FALSE,0,FALSE,8365.383,0,8365.383,0,FALSE,TRUE
C,A,20200101,2020,52,2020,276,DEU,Germany,M,Import,380,ITA,Italy,0,W00,World,H5,HS,TRUE,282110,Iron oxides and hydroxides,Iron,6,TRUE,C00,TOTAL CPC,0,0,TOTAL MOT,8,kg,2764907,FALSE,8,kg,2764907,FALSE,2764907,FALSE,0,FALSE,6111634.826,0,6111634.826,0,FALSE,TRUE
C,A,20200101,2020,52,2020,276,DEU,Germany,M,Import,392,JPN,Japan,0,W00,World,H5,HS,TRUE,282110,Iron oxides and hydroxides,Iron,6,TRUE,C00,TOTAL CPC,0,0,TOTAL MOT,8,kg,91241,FALSE,8,kg,91241,FALSE,91241,FALSE,0,FALSE,313053.396,0,313053.396,0,FALSE,TRUE
C,A,20200101,2020,52,2020,276,DEU,Germany,M,Import,410,KOR,South Korea,0,W00,World,H5,HS,TRUE,282110,Iron oxides and hydroxides,Iron,6,TRUE,C00,TOTAL CPC,0,0,TOTAL MOT,8,kg,30049.903,TRUE,-1,N/A,0,FALSE,30049.903,TRUE,0,FALSE,32805.647,0,32805.647,6,FALSE,TRUE
C,A,20200101,2020,52,2020,276,DEU,Germany,M,Import,490,S19,"Other Asia, nes",0,W00,World,H5,HS,TRUE,282110,Iron oxides and hydroxides,Iron,6,TRUE,C00,TOTAL CPC,0,0,TOTAL MOT,8,kg,40000,FALSE,8,kg,40000,FALSE,40000,FALSE,0,FALSE,16758.189,0,16758.189,0,FALSE,TRUE
C,A,20200101,2020,52,2020,276,DEU,Germany,M,Import,528,NLD,Netherlands,0,W00,World,H5,HS,TRUE,282110,Iron oxides and hydroxides,Iron,6,TRUE,C00,TOTAL CPC,0,0,TOTAL MOT,8,kg,2043148,FALSE,8,kg,2043148,FALSE,2043148,FALSE,0,FALSE,1207772.273,0,1207772.273,0,FALSE,TRUE
C,A,20200101,2020,52,2020,276,DEU,Germany,M,Import,579,NOR,Norway,0,W00,World,H5,HS,TRUE,282110,Iron oxides and hydroxides,Iron,6,TRUE,C00,TOTAL CPC,0,0,TOTAL MOT,8,kg,1800624.456,TRUE,-1,N/A,0,FALSE,1800624.456,TRUE,0,FALSE,1803951.768,0,1803951.768,6,FALSE,TRUE
C,A,20200101,2020,52,2020,276,DEU,Germany,M,Import,616,POL,Poland,0,W00,World,H5,HS,TRUE,282110,Iron oxides and hydroxides,Iron,6,TRUE,C00,TOTAL CPC,0,0,TOTAL MOT,8,kg,13459,FALSE,8,kg,13459,FALSE,13459,FALSE,0,FALSE,33133.589,0,33133.589,0,FALSE,TRUE
C,A,20200101,2020,52,2020,276,DEU,Germany,M,Import,643,RUS,Russia,0,W00,World,H5,HS,TRUE,282110,Iron oxides and hydroxides,Iron,6,TRUE,C00,TOTAL CPC,0,0,TOTAL MOT,8,kg,869.224,TRUE,-1,N/A,0,FALSE,869.224,TRUE,0,FALSE,1252.351,0,1252.351,6,FALSE,TRUE
C,A,20200101,2020,52,2020,276,DEU,Germany,M,Import,699,IND,India,0,W00,World,H5,HS,TRUE,282110,Iron oxides and hydroxides,Iron,6,TRUE,C00,TOTAL CPC,0,0,TOTAL MOT,8,kg,337612.819,TRUE,-1,N/A,0,FALSE,337612.819,TRUE,0,FALSE,107735.297,0,107735.297,6,FALSE,TRUE
C,A,20200101,2020,52,2020,276,DEU,Germany,M,Import,704,VNM,Vietnam,0,W00,World,H5,HS,TRUE,282110,Iron oxides and hydroxides,Iron,6,TRUE,C00,TOTAL CPC,0,0,TOTAL MOT,8,kg,249580,FALSE,8,kg,249580,FALSE,249580,FALSE,0,FALSE,61185.787,0,61185.787,0,FALSE,TRUE
C,A,20200101,2020,52,2020,276,DEU,Germany,M,Import,705,SVN,Slovenia,0,W00,World,H5,HS,TRUE,282110,Iron oxides and hydroxides,Iron,6,TRUE,C00,TOTAL CPC,0,0,TOTAL MOT,8,kg,23000,FALSE,8,kg,23000,FALSE,23000,FALSE,0,FALSE,34892.136,0,34892.136,0,FALSE,TRUE
C,A,20200101,2020,52,2020,276,DEU,Germany,M,Import,710,ZAF,South Africa,0,W00,World,H5,HS,TRUE,282110,Iron oxides and hydroxides,Iron,6,TRUE,C00,TOTAL CPC,0,0,TOTAL MOT,8,kg,23,FALSE,8,kg,23,FALSE,23,FALSE,0,FALSE,1817.965,0,1817.965,0,FALSE,TRUE
C,A,20200101,2020,52,2020,276,DEU,Germany,M,Import,724,ESP,Spain,0,W00,World,H5,HS,TRUE,282110,Iron oxides and hydroxides,Iron,6,TRUE,C00,TOTAL CPC,0,0,TOTAL MOT,8,kg,629399,FALSE,8,kg,629399,FALSE,629399,FALSE,0,FALSE,936430.383,0,936430.383,0,FALSE,TRUE
C,A,20200101,2020,52,2020,276,DEU,Germany,M,Import,752,SWE,Sweden,0,W00,World,H5,HS,TRUE,282110,Iron oxides and hydroxides,Iron,6,TRUE,C00,TOTAL CPC,0,0,TOTAL MOT,8,kg,508912,FALSE,8,kg,508912,FALSE,508912,FALSE,0,FALSE,185507.876,0,185507.876,0,FALSE,TRUE
C,A,20200101,2020,52,2020,276,DEU,Germany,M,Import,757,CHE,Switzerland,0,W00,World,H5,HS,TRUE,282110,Iron oxides and hydroxides,Iron,6,TRUE,C00,TOTAL CPC,0,0,TOTAL MOT,8,kg,26672,FALSE,8,kg,26672,FALSE,26672,FALSE,0,FALSE,139093.199,0,139093.199,0,FALSE,TRUE
C,A,20200101,2020,52,2020,276,DEU,Germany,M,Import,764,THA,Thailand,0,W00,World,H5,HS,TRUE,282110,Iron oxides and hydroxides,Iron,6,TRUE,C00,TOTAL CPC,0,0,TOTAL MOT,8,kg,260002.819,TRUE,-1,N/A,0,FALSE,260002.819,TRUE,0,FALSE,62802.645,0,62802.645,6,FALSE,TRUE
C,A,20200101,2020,52,2020,276,DEU,Germany,M,Import,792,TUR,Turkey,0,W00,World,H5,HS,TRUE,282110,Iron oxides and hydroxides,Iron,6,TRUE,C00,TOTAL CPC,0,0,TOTAL MOT,8,kg,649.577,TRUE,-1,N/A,0,FALSE,649.577,TRUE,0,FALSE,798.716,0,798.716,6,FALSE,TRUE
C,A,20200101,2020,52,2020,276,DEU,Germany,M,Import,804,UKR,Ukraine,0,W00,World,H5,HS,TRUE,282110,Iron oxides and hydroxides,Iron,6,TRUE,C00,TOTAL CPC,0,0,TOTAL MOT,8,kg,6300,FALSE,8,kg,6300,FALSE,6300,FALSE,0,FALSE,8206.554,0,8206.554,0,FALSE,TRUE
C,A,20200101,2020,52,2020,276,DEU,Germany,M,Import,818,EGY,Egypt,0,W00,World,H5,HS,TRUE,282110,Iron oxides and hydroxides,Iron,6,TRUE,C00,TOTAL CPC,0,0,TOTAL MOT,8,kg,964110,FALSE,8,kg,964110,FALSE,964110,FALSE,0,FALSE,133980.957,0,133980.957,0,FALSE,TRUE
C,A,20200101,2020,52,2020,276,DEU,Germany,M,Import,826,GBR,United Kingdom,0,W00,World,H5,HS,TRUE,282110,Iron oxides and hydroxides,Iron,6,TRUE,C00,TOTAL CPC,0,0,TOTAL MOT,8,kg,605457,FALSE,8,kg,605457,FALSE,605457,FALSE,0,FALSE,665034.788,0,665034.788,0,FALSE,TRUE
C,A,20200101,2020,52,2020,276,DEU,Germany,M,Import,842,USA,USA,0,W00,World,H5,HS,TRUE,282110,Iron oxides and hydroxides,Iron,6,TRUE,C00,TOTAL CPC,0,0,TOTAL MOT,8,kg,167542.554,TRUE,-1,N/A,0,FALSE,167542.554,TRUE,0,FALSE,3874266.875,0,3874266.875,6,FALSE,TRUE
C,A,20200101,2020,52,2020,276,DEU,Germany,M,Import,0,W00,World,0,W00,World,H5,HS,TRUE,282300,Titanium oxides,Titanium,6,TRUE,C00,TOTAL CPC,0,0,TOTAL MOT,8,kg,20341604.67,TRUE,-1,N/A,0,FALSE,20341604.67,TRUE,0,FALSE,73589080.22,0,73589080.22,6,FALSE,TRUE
C,A,20200101,2020,52,2020,276,DEU,Germany,M,Import,40,AUT,Austria,0,W00,World,H5,HS,TRUE,282300,Titanium oxides,Titanium,6,TRUE,C00,TOTAL CPC,0,0,TOTAL MOT,8,kg,137284,FALSE,8,kg,137284,FALSE,137284,FALSE,0,FALSE,321570.752,0,321570.752,0,FALSE,TRUE
C,A,20200101,2020,52,2020,276,DEU,Germany,M,Import,56,BEL,Belgium,0,W00,World,H5,HS,TRUE,282300,Titanium oxides,Titanium,6,TRUE,C00,TOTAL CPC,0,0,TOTAL MOT,8,kg,1556329,FALSE,8,kg,1556329,FALSE,1556329,FALSE,0,FALSE,5280211.078,0,5280211.078,0,FALSE,TRUE
C,A,20200101,2020,52,2020,276,DEU,Germany,M,Import,124,CAN,Canada,0,W00,World,H5,HS,TRUE,282300,Titanium oxides,Titanium,6,TRUE,C00,TOTAL CPC,0,0,TOTAL MOT,8,kg,23112.79,TRUE,-1,N/A,0,FALSE,23112.79,TRUE,0,FALSE,106364.11,0,106364.11,6,FALSE,TRUE
C,A,20200101,2020,52,2020,276,DEU,Germany,M,Import,156,CHN,China,0,W00,World,H5,HS,TRUE,282300,Titanium oxides,Titanium,6,TRUE,C00,TOTAL CPC,0,0,TOTAL MOT,8,kg,4634724.957,TRUE,-1,N/A,0,FALSE,4634724.957,TRUE,0,FALSE,10621658.22,0,10621658.22,6,FALSE,TRUE
C,A,20200101,2020,52,2020,276,DEU,Germany,M,Import,203,CZE,Czechia,0,W00,World,H5,HS,TRUE,282300,Titanium oxides,Titanium,6,TRUE,C00,TOTAL CPC,0,0,TOTAL MOT,8,kg,1456050,FALSE,8,kg,1456050,FALSE,1456050,FALSE,0,FALSE,3551331.793,0,3551331.793,0,FALSE,TRUE
C,A,20200101,2020,52,2020,276,DEU,Germany,M,Import,208,DNK,Denmark,0,W00,World,H5,HS,TRUE,282300,Titanium oxides,Titanium,6,TRUE,C00,TOTAL CPC,0,0,TOTAL MOT,8,kg,8101,FALSE,8,kg,8101,FALSE,8101,FALSE,0,FALSE,97059.465,0,97059.465,0,FALSE,TRUE
C,A,20200101,2020,52,2020,276,DEU,Germany,M,Import,246,FIN,Finland,0,W00,World,H5,HS,TRUE,282300,Titanium oxides,Titanium,6,TRUE,C00,TOTAL CPC,0,0,TOTAL MOT,8,kg,1325,FALSE,8,kg,1325,FALSE,1325,FALSE,0,FALSE,11569.389,0,11569.389,0,FALSE,TRUE
C,A,20200101,2020,52,2020,276,DEU,Germany,M,Import,251,FRA,France,0,W00,World,H5,HS,TRUE,282300,Titanium oxides,Titanium,6,TRUE,C00,TOTAL CPC,0,0,TOTAL MOT,8,kg,7339236,FALSE,8,kg,7339236,FALSE,7339236,FALSE,0,FALSE,39913594.95,0,39913594.95,0,FALSE,TRUE
C,A,20200101,2020,52,2020,276,DEU,Germany,M,Import,348,HUN,Hungary,0,W00,World,H5,HS,TRUE,282300,Titanium oxides,Titanium,6,TRUE,C00,TOTAL CPC,0,0,TOTAL MOT,8,kg,400,FALSE,8,kg,400,FALSE,400,FALSE,0,FALSE,1773.402,0,1773.402,0,FALSE,TRUE
C,A,20200101,2020,52,2020,276,DEU,Germany,M,Import,372,IRL,Ireland,0,W00,World,H5,HS,TRUE,282300,Titanium oxides,Titanium,6,TRUE,C00,TOTAL CPC,0,0,TOTAL MOT,8,kg,715,FALSE,8,kg,715,FALSE,715,FALSE,0,FALSE,4494.065,0,4494.065,0,FALSE,TRUE
C,A,20200101,2020,52,2020,276,DEU,Germany,M,Import,380,ITA,Italy,0,W00,World,H5,HS,TRUE,282300,Titanium oxides,Titanium,6,TRUE,C00,TOTAL CPC,0,0,TOTAL MOT,8,kg,220819.422,TRUE,-1,N/A,0,FALSE,220819.422,TRUE,0,FALSE,735884.015,0,735884.015,6,FALSE,TRUE
C,A,20200101,2020,52,2020,276,DEU,Germany,M,Import,392,JPN,Japan,0,W00,World,H5,HS,TRUE,282300,Titanium oxides,Titanium,6,TRUE,C00,TOTAL CPC,0,0,TOTAL MOT,8,kg,264384.145,TRUE,-1,N/A,0,FALSE,264384.145,TRUE,0,FALSE,2073786.496,0,2073786.496,6,FALSE,TRUE
C,A,20200101,2020,52,2020,276,DEU,Germany,M,Import,410,KOR,South Korea,0,W00,World,H5,HS,TRUE,282300,Titanium oxides,Titanium,6,TRUE,C00,TOTAL CPC,0,0,TOTAL MOT,8,kg,593765,FALSE,8,kg,593765,FALSE,593765,FALSE,0,FALSE,1434933.379,0,1434933.379,0,FALSE,TRUE
C,A,20200101,2020,52,2020,276,DEU,Germany,M,Import,484,MEX,Mexico,0,W00,World,H5,HS,TRUE,282300,Titanium oxides,Titanium,6,TRUE,C00,TOTAL CPC,0,0,TOTAL MOT,8,kg,48000,FALSE,8,kg,48000,FALSE,48000,FALSE,0,FALSE,158624.614,0,158624.614,0,FALSE,TRUE
C,A,20200101,2020,52,2020,276,DEU,Germany,M,Import,528,NLD,Netherlands,0,W00,World,H5,HS,TRUE,282300,Titanium oxides,Titanium,6,TRUE,C00,TOTAL CPC,0,0,TOTAL MOT,8,kg,526109,FALSE,8,kg,526109,FALSE,526109,FALSE,0,FALSE,1546502.286,0,1546502.286,0,FALSE,TRUE
C,A,20200101,2020,52,2020,276,DEU,Germany,M,Import,579,NOR,Norway,0,W00,World,H5,HS,TRUE,282300,Titanium oxides,Titanium,6,TRUE,C00,TOTAL CPC,0,0,TOTAL MOT,8,kg,1882173,FALSE,8,kg,1882173,FALSE,1882173,FALSE,0,FALSE,3502183.884,0,3502183.884,0,FALSE,TRUE
C,A,20200101,2020,52,2020,276,DEU,Germany,M,Import,616,POL,Poland,0,W00,World,H5,HS,TRUE,282300,Titanium oxides,Titanium,6,TRUE,C00,TOTAL CPC,0,0,TOTAL MOT,8,kg,555944,FALSE,8,kg,555944,FALSE,555944,FALSE,0,FALSE,1320642.666,0,1320642.666,0,FALSE,TRUE
C,A,20200101,2020,52,2020,276,DEU,Germany,M,Import,724,ESP,Spain,0,W00,World,H5,HS,TRUE,282300,Titanium oxides,Titanium,6,TRUE,C00,TOTAL CPC,0,0,TOTAL MOT,8,kg,1358,FALSE,8,kg,1358,FALSE,1358,FALSE,0,FALSE,20220.436,0,20220.436,0,FALSE,TRUE
C,A,20200101,2020,52,2020,276,DEU,Germany,M,Import,752,SWE,Sweden,0,W00,World,H5,HS,TRUE,282300,Titanium oxides,Titanium,6,TRUE,C00,TOTAL CPC,0,0,TOTAL MOT,8,kg,479,FALSE,8,kg,479,FALSE,479,FALSE,0,FALSE,1828.249,0,1828.249,0,FALSE,TRUE
C,A,20200101,2020,52,2020,276,DEU,Germany,M,Import,757,CHE,Switzerland,0,W00,World,H5,HS,TRUE,282300,Titanium oxides,Titanium,6,TRUE,C00,TOTAL CPC,0,0,TOTAL MOT,8,kg,29133.981,TRUE,-1,N/A,0,FALSE,29133.981,TRUE,0,FALSE,104142.788,0,104142.788,6,FALSE,TRUE
C,A,20200101,2020,52,2020,276,DEU,Germany,M,Import,784,ARE,United Arab Emirates,0,W00,World,H5,HS,TRUE,282300,Titanium oxides,Titanium,6,TRUE,C00,TOTAL CPC,0,0,TOTAL MOT,8,kg,208,FALSE,8,kg,208,FALSE,208,FALSE,0,FALSE,571.328,0,571.328,0,FALSE,TRUE
C,A,20200101,2020,52,2020,276,DEU,Germany,M,Import,804,UKR,Ukraine,0,W00,World,H5,HS,TRUE,282300,Titanium oxides,Titanium,6,TRUE,C00,TOTAL CPC,0,0,TOTAL MOT,8,kg,281822,FALSE,8,kg,281822,FALSE,281822,FALSE,0,FALSE,632310.27,0,632310.27,0,FALSE,TRUE
C,A,20200101,2020,52,2020,276,DEU,Germany,M,Import,826,GBR,United Kingdom,0,W00,World,H5,HS,TRUE,282300,Titanium oxides,Titanium,6,TRUE,C00,TOTAL CPC,0,0,TOTAL MOT,8,kg,755919.284,TRUE,-1,N/A,0,FALSE,755919.284,TRUE,0,FALSE,2042010.382,0,2042010.382,6,FALSE,TRUE
C,A,20200101,2020,52,2020,276,DEU,Germany,M,Import,842,USA,USA,0,W00,World,H5,HS,TRUE,282300,Titanium oxides,Titanium,6,TRUE,C00,TOTAL CPC,0,0,TOTAL MOT,8,kg,24212.088,TRUE,-1,N/A,0,FALSE,24212.088,TRUE,0,FALSE,105812.208,0,105812.208,6,FALSE,TRUE
C,A,20200101,2020,52,2020,276,DEU,Germany,M,Import,0,W00,World,0,W00,World,H5,HS,TRUE,2614,Titanium ores and concentrates,Titanium,4,FALSE,C00,TOTAL CPC,0,0,TOTAL MOT,8,kg,545276442.3,TRUE,-1,N/A,0,FALSE,545276442.3,TRUE,0,FALSE,199306491.7,0,199306491.7,6,FALSE,TRUE
C,A,20200101,2020,52,2020,276,DEU,Germany,M,Import,36,AUS,Australia,0,W00,World,H5,HS,TRUE,2614,Titanium ores and concentrates,Titanium,4,FALSE,C00,TOTAL CPC,0,0,TOTAL MOT,8,kg,23787,FALSE,8,kg,23787,FALSE,23787,FALSE,0,FALSE,10872.369,0,10872.369,0,FALSE,TRUE
C,A,20200101,2020,52,2020,276,DEU,Germany,M,Import,40,AUT,Austria,0,W00,World,H5,HS,TRUE,2614,Titanium ores and concentrates,Titanium,4,FALSE,C00,TOTAL CPC,0,0,TOTAL MOT,8,kg,23055,FALSE,8,kg,23055,FALSE,23055,FALSE,0,FALSE,10537.571,0,10537.571,0,FALSE,TRUE
C,A,20200101,2020,52,2020,276,DEU,Germany,M,Import,124,CAN,Canada,0,W00,World,H5,HS,TRUE,2614,Titanium ores and concentrates,Titanium,4,FALSE,C00,TOTAL CPC,0,0,TOTAL MOT,8,kg,29842000,FALSE,8,kg,29842000,FALSE,29842000,FALSE,0,FALSE,3076097.838,0,3076097.838,0,FALSE,TRUE
C,A,20200101,2020,52,2020,276,DEU,Germany,M,Import,156,CHN,China,0,W00,World,H5,HS,TRUE,2614,Titanium ores and concentrates,Titanium,4,FALSE,C00,TOTAL CPC,0,0,TOTAL MOT,8,kg,31652,FALSE,8,kg,31652,FALSE,31652,FALSE,0,FALSE,6200.05,0,6200.05,0,FALSE,TRUE
C,A,20200101,2020,52,2020,276,DEU,Germany,M,Import,380,ITA,Italy,0,W00,World,H5,HS,TRUE,2614,Titanium ores and concentrates,Titanium,4,FALSE,C00,TOTAL CPC,0,0,TOTAL MOT,8,kg,38850,FALSE,8,kg,38850,FALSE,38850,FALSE,0,FALSE,163034.122,0,163034.122,0,FALSE,TRUE
C,A,20200101,2020,52,2020,276,DEU,Germany,M,Import,442,LUX,Luxembourg,0,W00,World,H5,HS,TRUE,2614,Titanium ores and concentrates,Titanium,4,FALSE,C00,TOTAL CPC,0,0,TOTAL MOT,8,kg,43915,FALSE,8,kg,43915,FALSE,43915,FALSE,0,FALSE,18095.096,0,18095.096,0,FALSE,TRUE
C,A,20200101,2020,52,2020,276,DEU,Germany,M,Import,508,MOZ,Mozambique,0,W00,World,H5,HS,TRUE,2614,Titanium ores and concentrates,Titanium,4,FALSE,C00,TOTAL CPC,0,0,TOTAL MOT,8,kg,345578,FALSE,8,kg,345578,FALSE,345578,FALSE,0,FALSE,157844.18,0,157844.18,0,FALSE,TRUE
C,A,20200101,2020,52,2020,276,DEU,Germany,M,Import,528,NLD,Netherlands,0,W00,World,H5,HS,TRUE,2614,Titanium ores and concentrates,Titanium,4,FALSE,C00,TOTAL CPC,0,0,TOTAL MOT,8,kg,4590216,FALSE,8,kg,4590216,FALSE,4590216,FALSE,0,FALSE,2381287.727,0,2381287.727,0,FALSE,TRUE
C,A,20200101,2020,52,2020,276,DEU,Germany,M,Import,579,NOR,Norway,0,W00,World,H5,HS,TRUE,2614,Titanium ores and concentrates,Titanium,4,FALSE,C00,TOTAL CPC,0,0,TOTAL MOT,8,kg,359117336,FALSE,8,kg,359117336,FALSE,359117336,FALSE,0,FALSE,63075043.04,0,63075043.04,0,FALSE,TRUE
C,A,20200101,2020,52,2020,276,DEU,Germany,M,Import,694,SLE,Sierra Leone,0,W00,World,H5,HS,TRUE,2614,Titanium ores and concentrates,Titanium,4,FALSE,C00,TOTAL CPC,0,0,TOTAL MOT,8,kg,18958207,FALSE,8,kg,18958207,FALSE,18958207,FALSE,0,FALSE,23061999.33,0,23061999.33,0,FALSE,TRUE
C,A,20200101,2020,52,2020,276,DEU,Germany,M,Import,699,IND,India,0,W00,World,H5,HS,TRUE,2614,Titanium ores and concentrates,Titanium,4,FALSE,C00,TOTAL CPC,0,0,TOTAL MOT,8,kg,9.252,TRUE,-1,N/A,0,FALSE,9.252,TRUE,0,FALSE,5.713,0,5.713,6,FALSE,TRUE
C,A,20200101,2020,52,2020,276,DEU,Germany,M,Import,710,ZAF,South Africa,0,W00,World,H5,HS,TRUE,2614,Titanium ores and concentrates,Titanium,4,FALSE,C00,TOTAL CPC,0,0,TOTAL MOT,8,kg,131342086,FALSE,8,kg,131342086,FALSE,131342086,FALSE,0,FALSE,106814324.9,0,106814324.9,0,FALSE,TRUE
C,A,20200101,2020,52,2020,276,DEU,Germany,M,Import,757,CHE,Switzerland,0,W00,World,H5,HS,TRUE,2614,Titanium ores and concentrates,Titanium,4,FALSE,C00,TOTAL CPC,0,0,TOTAL MOT,8,kg,3788,FALSE,8,kg,3788,FALSE,3788,FALSE,0,FALSE,735.87,0,735.87,0,FALSE,TRUE
C,A,20200101,2020,52,2020,276,DEU,Germany,M,Import,804,UKR,Ukraine,0,W00,World,H5,HS,TRUE,2614,Titanium ores and concentrates,Titanium,4,FALSE,C00,TOTAL CPC,0,0,TOTAL MOT,8,kg,353281,FALSE,8,kg,353281,FALSE,353281,FALSE,0,FALSE,415975.827,0,415975.827,0,FALSE,TRUE
C,A,20200101,2020,52,2020,276,DEU,Germany,M,Import,826,GBR,United Kingdom,0,W00,World,H5,HS,TRUE,2614,Titanium ores and concentrates,Titanium,4,FALSE,C00,TOTAL CPC,0,0,TOTAL MOT,8,kg,3462,FALSE,8,kg,3462,FALSE,3462,FALSE,0,FALSE,1582.578,0,1582.578,0,FALSE,TRUE
C,A,20200101,2020,52,2020,276,DEU,Germany,M,Import,842,USA,USA,0,W00,World,H5,HS,TRUE,2614,Titanium ores and concentrates,Titanium,4,FALSE,C00,TOTAL CPC,0,0,TOTAL MOT,8,kg,559220,FALSE,8,kg,559220,FALSE,559220,FALSE,0,FALSE,112855.538,0,112855.538,0,FALSE,TRUE
C,A,20200101,2020,52,2020,276,DEU,Germany,M,Import,0,W00,World,0,W00,World,H5,HS,TRUE,2701,"Coal; briquettes, ovoids and similar solid fuels manufactured from coal",Coal,4,FALSE,C00,TOTAL CPC,0,0,TOTAL MOT,8,kg,29673046341,FALSE,8,kg,29673046341,FALSE,29673046341,FALSE,0,FALSE,2716130239,0,2716130239,0,FALSE,TRUE
C,A,20200101,2020,52,2020,276,DEU,Germany,M,Import,36,AUS,Australia,0,W00,World,H5,HS,TRUE,2701,"Coal; briquettes, ovoids and similar solid fuels manufactured from coal",Coal,4,FALSE,C00,TOTAL CPC,0,0,TOTAL MOT,8,kg,3850748869,FALSE,8,kg,3850748869,FALSE,3850748869,FALSE,0,FALSE,607492435.9,0,607492435.9,0,FALSE,TRUE
C,A,20200101,2020,52,2020,276,DEU,Germany,M,Import,40,AUT,Austria,0,W00,World,H5,HS,TRUE,2701,"Coal; briquettes, ovoids and similar solid fuels manufactured from coal",Coal,4,FALSE,C00,TOTAL CPC,0,0,TOTAL MOT,8,kg,1747889,FALSE,8,kg,1747889,FALSE,1747889,FALSE,0,FALSE,358966.447,0,358966.447,0,FALSE,TRUE
C,A,20200101,2020,52,2020,276,DEU,Germany,M,Import,56,BEL,Belgium,0,W00,World,H5,HS,TRUE,2701,"Coal; briquettes, ovoids and similar solid fuels manufactured from coal",Coal,4,FALSE,C00,TOTAL CPC,0,0,TOTAL MOT,8,kg,187835113,FALSE,8,kg,187835113,FALSE,187835113,FALSE,0,FALSE,27504778.57,0,27504778.57,0,FALSE,TRUE
C,A,20200101,2020,52,2020,276,DEU,Germany,M,Import,124,CAN,Canada,0,W00,World,H5,HS,TRUE,2701,"Coal; briquettes, ovoids and similar solid fuels manufactured from coal",Coal,4,FALSE,C00,TOTAL CPC,0,0,TOTAL MOT,8,kg,1218678598,FALSE,8,kg,1218678598,FALSE,1218678598,FALSE,0,FALSE,155584306.3,0,155584306.3,0,FALSE,TRUE
C,A,20200101,2020,52,2020,276,DEU,Germany,M,Import,156,CHN,China,0,W00,World,H5,HS,TRUE,2701,"Coal; briquettes, ovoids and similar solid fuels manufactured from coal",Coal,4,FALSE,C00,TOTAL CPC,0,0,TOTAL MOT,8,kg,2356380,FALSE,8,kg,2356380,FALSE,2356380,FALSE,0,FALSE,892978.613,0,892978.613,0,FALSE,TRUE
C,A,20200101,2020,52,2020,276,DEU,Germany,M,Import,170,COL,Colombia,0,W00,World,H5,HS,TRUE,2701,"Coal; briquettes, ovoids and similar solid fuels manufactured from coal",Coal,4,FALSE,C00,TOTAL CPC,0,0,TOTAL MOT,8,kg,1923090463,FALSE,8,kg,1923090463,FALSE,1923090463,FALSE,0,FALSE,115181753,0,115181753,0,FALSE,TRUE
C,A,20200101,2020,52,2020,276,DEU,Germany,M,Import,203,CZE,Czechia,0,W00,World,H5,HS,TRUE,2701,"Coal; briquettes, ovoids and similar solid fuels manufactured from coal",Coal,4,FALSE,C00,TOTAL CPC,0,0,TOTAL MOT,8,kg,3495085,FALSE,8,kg,3495085,FALSE,3495085,FALSE,0,FALSE,905361.573,0,905361.573,0,FALSE,TRUE
C,A,20200101,2020,52,2020,276,DEU,Germany,M,Import,251,FRA,France,0,W00,World,H5,HS,TRUE,2701,"Coal; briquettes, ovoids and similar solid fuels manufactured from coal",Coal,4,FALSE,C00,TOTAL CPC,0,0,TOTAL MOT,8,kg,4593195,FALSE,8,kg,4593195,FALSE,4593195,FALSE,0,FALSE,264124.877,0,264124.877,0,FALSE,TRUE
C,A,20200101,2020,52,2020,276,DEU,Germany,M,Import,380,ITA,Italy,0,W00,World,H5,HS,TRUE,2701,"Coal; briquettes, ovoids and similar solid fuels manufactured from coal",Coal,4,FALSE,C00,TOTAL CPC,0,0,TOTAL MOT,8,kg,12764960,FALSE,8,kg,12764960,FALSE,12764960,FALSE,0,FALSE,1093947.763,0,1093947.763,0,FALSE,TRUE
C,A,20200101,2020,52,2020,276,DEU,Germany,M,Import,398,KAZ,Kazakhstan,0,W00,World,H5,HS,TRUE,2701,"Coal; briquettes, ovoids and similar solid fuels manufactured from coal",Coal,4,FALSE,C00,TOTAL CPC,0,0,TOTAL MOT,8,kg,159418700,FALSE,8,kg,159418700,FALSE,159418700,FALSE,0,FALSE,8736397.354,0,8736397.354,0,FALSE,TRUE
C,A,20200101,2020,52,2020,276,DEU,Germany,M,Import,442,LUX,Luxembourg,0,W00,World,H5,HS,TRUE,2701,"Coal; briquettes, ovoids and similar solid fuels manufactured from coal",Coal,4,FALSE,C00,TOTAL CPC,0,0,TOTAL MOT,8,kg,39530000,FALSE,8,kg,39530000,FALSE,39530000,FALSE,0,FALSE,5516128.355,0,5516128.355,0,FALSE,TRUE
C,A,20200101,2020,52,2020,276,DEU,Germany,M,Import,508,MOZ,Mozambique,0,W00,World,H5,HS,TRUE,2701,"Coal; briquettes, ovoids and similar solid fuels manufactured from coal",Coal,4,FALSE,C00,TOTAL CPC,0,0,TOTAL MOT,8,kg,140176000,FALSE,8,kg,140176000,FALSE,140176000,FALSE,0,FALSE,23580693.05,0,23580693.05,0,FALSE,TRUE
C,A,20200101,2020,52,2020,276,DEU,Germany,M,Import,528,NLD,Netherlands,0,W00,World,H5,HS,TRUE,2701,"Coal; briquettes, ovoids and similar solid fuels manufactured from coal",Coal,4,FALSE,C00,TOTAL CPC,0,0,TOTAL MOT,8,kg,511154725,FALSE,8,kg,511154725,FALSE,511154725,FALSE,0,FALSE,33623986.92,0,33623986.92,0,FALSE,TRUE
C,A,20200101,2020,52,2020,276,DEU,Germany,M,Import,566,NGA,Nigeria,0,W00,World,H5,HS,TRUE,2701,"Coal; briquettes, ovoids and similar solid fuels manufactured from coal",Coal,4,FALSE,C00,TOTAL CPC,0,0,TOTAL MOT,8,kg,34183,FALSE,8,kg,34183,FALSE,34183,FALSE,0,FALSE,2343.587,0,2343.587,0,FALSE,TRUE
C,A,20200101,2020,52,2020,276,DEU,Germany,M,Import,579,NOR,Norway,0,W00,World,H5,HS,TRUE,2701,"Coal; briquettes, ovoids and similar solid fuels manufactured from coal",Coal,4,FALSE,C00,TOTAL CPC,0,0,TOTAL MOT,8,kg,19358600,FALSE,8,kg,19358600,FALSE,19358600,FALSE,0,FALSE,1962868.902,0,1962868.902,0,FALSE,TRUE
C,A,20200101,2020,52,2020,276,DEU,Germany,M,Import,616,POL,Poland,0,W00,World,H5,HS,TRUE,2701,"Coal; briquettes, ovoids and similar solid fuels manufactured from coal",Coal,4,FALSE,C00,TOTAL CPC,0,0,TOTAL MOT,8,kg,177938399,FALSE,8,kg,177938399,FALSE,177938399,FALSE,0,FALSE,25543636.23,0,25543636.23,0,FALSE,TRUE
C,A,20200101,2020,52,2020,276,DEU,Germany,M,Import,643,RUS,Russia,0,W00,World,H5,HS,TRUE,2701,"Coal; briquettes, ovoids and similar solid fuels manufactured from coal",Coal,4,FALSE,C00,TOTAL CPC,0,0,TOTAL MOT,8,kg,14494014089,FALSE,8,kg,14494014089,FALSE,14494014089,FALSE,0,FALSE,985341196.7,0,985341196.7,0,FALSE,TRUE
C,A,20200101,2020,52,2020,276,DEU,Germany,M,Import,703,SVK,Slovakia,0,W00,World,H5,HS,TRUE,2701,"Coal; briquettes, ovoids and similar solid fuels manufactured from coal",Coal,4,FALSE,C00,TOTAL CPC,0,0,TOTAL MOT,8,kg,1872413,FALSE,8,kg,1872413,FALSE,1872413,FALSE,0,FALSE,795354.676,0,795354.676,0,FALSE,TRUE
C,A,20200101,2020,52,2020,276,DEU,Germany,M,Import,710,ZAF,South Africa,0,W00,World,H5,HS,TRUE,2701,"Coal; briquettes, ovoids and similar solid fuels manufactured from coal",Coal,4,FALSE,C00,TOTAL CPC,0,0,TOTAL MOT,8,kg,424779190,FALSE,8,kg,424779190,FALSE,424779190,FALSE,0,FALSE,23795130.68,0,23795130.68,0,FALSE,TRUE
C,A,20200101,2020,52,2020,276,DEU,Germany,M,Import,724,ESP,Spain,0,W00,World,H5,HS,TRUE,2701,"Coal; briquettes, ovoids and similar solid fuels manufactured from coal",Coal,4,FALSE,C00,TOTAL CPC,0,0,TOTAL MOT,8,kg,12306831,FALSE,8,kg,12306831,FALSE,12306831,FALSE,0,FALSE,1013622.492,0,1013622.492,0,FALSE,TRUE
C,A,20200101,2020,52,2020,276,DEU,Germany,M,Import,752,SWE,Sweden,0,W00,World,H5,HS,TRUE,2701,"Coal; briquettes, ovoids and similar solid fuels manufactured from coal",Coal,4,FALSE,C00,TOTAL CPC,0,0,TOTAL MOT,8,kg,2387240,FALSE,8,kg,2387240,FALSE,2387240,FALSE,0,FALSE,434384.011,0,434384.011,0,FALSE,TRUE
C,A,20200101,2020,52,2020,276,DEU,Germany,M,Import,804,UKR,Ukraine,0,W00,World,H5,HS,TRUE,2701,"Coal; briquettes, ovoids and similar solid fuels manufactured from coal",Coal,4,FALSE,C00,TOTAL CPC,0,0,TOTAL MOT,8,kg,5765916,FALSE,8,kg,5765916,FALSE,5765916,FALSE,0,FALSE,952593.248,0,952593.248,0,FALSE,TRUE
C,A,20200101,2020,52,2020,276,DEU,Germany,M,Import,826,GBR,United Kingdom,0,W00,World,H5,HS,TRUE,2701,"Coal; briquettes, ovoids and similar solid fuels manufactured from coal",Coal,4,FALSE,C00,TOTAL CPC,0,0,TOTAL MOT,8,kg,773249668,FALSE,8,kg,773249668,FALSE,773249668,FALSE,0,FALSE,52732347.08,0,52732347.08,0,FALSE,TRUE
C,A,20200101,2020,52,2020,276,DEU,Germany,M,Import,842,USA,USA,0,W00,World,H5,HS,TRUE,2701,"Coal; briquettes, ovoids and similar solid fuels manufactured from coal",Coal,4,FALSE,C00,TOTAL CPC,0,0,TOTAL MOT,8,kg,5705749835,FALSE,8,kg,5705749835,FALSE,5705749835,FALSE,0,FALSE,642820902.9,0,642820902.9,0,FALSE,TRUE
C,A,20200101,2020,52,2020,276,DEU,Germany,M,Import,0,W00,World,0,W00,World,H5,HS,TRUE,2702,"Lignite; whether or not agglomerated, excluding jet",Lignite,4,FALSE,C00,TOTAL CPC,0,0,TOTAL MOT,8,kg,272331418,FALSE,8,kg,272331418,FALSE,272331418,FALSE,0,FALSE,17304451.81,0,17304451.81,0,FALSE,TRUE
C,A,20200101,2020,52,2020,276,DEU,Germany,M,Import,203,CZE,Czechia,0,W00,World,H5,HS,TRUE,2702,"Lignite; whether or not agglomerated, excluding jet",Lignite,4,FALSE,C00,TOTAL CPC,0,0,TOTAL MOT,8,kg,81013811,FALSE,8,kg,81013811,FALSE,81013811,FALSE,0,FALSE,6150999.316,0,6150999.316,0,FALSE,TRUE
C,A,20200101,2020,52,2020,276,DEU,Germany,M,Import,616,POL,Poland,0,W00,World,H5,HS,TRUE,2702,"Lignite; whether or not agglomerated, excluding jet",Lignite,4,FALSE,C00,TOTAL CPC,0,0,TOTAL MOT,8,kg,192000,FALSE,8,kg,192000,FALSE,192000,FALSE,0,FALSE,23377.594,0,23377.594,0,FALSE,TRUE
C,A,20200101,2020,52,2020,276,DEU,Germany,M,Import,826,GBR,United Kingdom,0,W00,World,H5,HS,TRUE,2702,"Lignite; whether or not agglomerated, excluding jet",Lignite,4,FALSE,C00,TOTAL CPC,0,0,TOTAL MOT,8,kg,191052200,FALSE,8,kg,191052200,FALSE,191052200,FALSE,0,FALSE,11115288.93,0,11115288.93,0,FALSE,TRUE
C,A,20200101,2020,52,2020,276,DEU,Germany,M,Import,842,USA,USA,0,W00,World,H5,HS,TRUE,2702,"Lignite; whether or not agglomerated, excluding jet",Lignite,4,FALSE,C00,TOTAL CPC,0,0,TOTAL MOT,8,kg,73407,FALSE,8,kg,73407,FALSE,73407,FALSE,0,FALSE,14785.965,0,14785.965,0,FALSE,TRUE
C,A,20200101,2020,52,2020,276,DEU,Germany,M,Import,0,W00,World,0,W00,World,H5,HS,TRUE,2709,Petroleum oils and oils obtained from bituminous minerals,Crude oils,4,FALSE,C00,TOTAL CPC,0,0,TOTAL MOT,8,kg,84736041890,FALSE,8,kg,84736041890,FALSE,84736041890,FALSE,0,FALSE,27495840611,0,27495840611,0,FALSE,TRUE
C,A,20200101,2020,52,2020,276,DEU,Germany,M,Import,12,DZA,Algeria,0,W00,World,H5,HS,TRUE,2709,Petroleum oils and oils obtained from bituminous minerals,Crude oils,4,FALSE,C00,TOTAL CPC,0,0,TOTAL MOT,8,kg,1255143000,FALSE,8,kg,1255143000,FALSE,1255143000,FALSE,0,FALSE,420175353.3,0,420175353.3,0,FALSE,TRUE
C,A,20200101,2020,52,2020,276,DEU,Germany,M,Import,31,AZE,Azerbaijan,0,W00,World,H5,HS,TRUE,2709,Petroleum oils and oils obtained from bituminous minerals,Crude oils,4,FALSE,C00,TOTAL CPC,0,0,TOTAL MOT,8,kg,2214355000,FALSE,8,kg,2214355000,FALSE,2214355000,FALSE,0,FALSE,808524981.1,0,808524981.1,0,FALSE,TRUE
C,A,20200101,2020,52,2020,276,DEU,Germany,M,Import,76,BRA,Brazil,0,W00,World,H5,HS,TRUE,2709,Petroleum oils and oils obtained from bituminous minerals,Crude oils,4,FALSE,C00,TOTAL CPC,0,0,TOTAL MOT,8,kg,68033000,FALSE,8,kg,68033000,FALSE,68033000,FALSE,0,FALSE,21511989.09,0,21511989.09,0,FALSE,TRUE
C,A,20200101,2020,52,2020,276,DEU,Germany,M,Import,120,CMR,Cameroon,0,W00,World,H5,HS,TRUE,2709,Petroleum oils and oils obtained from bituminous minerals,Crude oils,4,FALSE,C00,TOTAL CPC,0,0,TOTAL MOT,8,kg,19815000,FALSE,8,kg,19815000,FALSE,19815000,FALSE,0,FALSE,8694421.896,0,8694421.896,0,FALSE,TRUE
C,A,20200101,2020,52,2020,276,DEU,Germany,M,Import,124,CAN,Canada,0,W00,World,H5,HS,TRUE,2709,Petroleum oils and oils obtained from bituminous minerals,Crude oils,4,FALSE,C00,TOTAL CPC,0,0,TOTAL MOT,8,kg,484342000,FALSE,8,kg,484342000,FALSE,484342000,FALSE,0,FALSE,155116921.2,0,155116921.2,0,FALSE,TRUE
C,A,20200101,2020,52,2020,276,DEU,Germany,M,Import,148,TCD,Chad,0,W00,World,H5,HS,TRUE,2709,Petroleum oils and oils obtained from bituminous minerals,Crude oils,4,FALSE,C00,TOTAL CPC,0,0,TOTAL MOT,8,kg,901189000,FALSE,8,kg,901189000,FALSE,901189000,FALSE,0,FALSE,266550026.3,0,266550026.3,0,FALSE,TRUE
C,A,20200101,2020,52,2020,276,DEU,Germany,M,Import,170,COL,Colombia,0,W00,World,H5,HS,TRUE,2709,Petroleum oils and oils obtained from bituminous minerals,Crude oils,4,FALSE,C00,TOTAL CPC,0,0,TOTAL MOT,8,kg,186850200,FALSE,8,kg,186850200,FALSE,186850200,FALSE,0,FALSE,55075936.31,0,55075936.31,0,FALSE,TRUE
C,A,20200101,2020,52,2020,276,DEU,Germany,M,Import,178,COG,Republic of the Congo,0,W00,World,H5,HS,TRUE,2709,Petroleum oils and oils obtained from bituminous minerals,Crude oils,4,FALSE,C00,TOTAL CPC,0,0,TOTAL MOT,8,kg,3375000,FALSE,8,kg,3375000,FALSE,3375000,FALSE,0,FALSE,1569580.505,0,1569580.505,0,FALSE,TRUE
C,A,20200101,2020,52,2020,276,DEU,Germany,M,Import,208,DNK,Denmark,0,W00,World,H5,HS,TRUE,2709,Petroleum oils and oils obtained from bituminous minerals,Crude oils,4,FALSE,C00,TOTAL CPC,0,0,TOTAL MOT,8,kg,206992000,FALSE,8,kg,206992000,FALSE,206992000,FALSE,0,FALSE,72244424.65,0,72244424.65,0,FALSE,TRUE
C,A,20200101,2020,52,2020,276,DEU,Germany,M,Import,251,FRA,France,0,W00,World,H5,HS,TRUE,2709,Petroleum oils and oils obtained from bituminous minerals,Crude oils,4,FALSE,C00,TOTAL CPC,0,0,TOTAL MOT,8,kg,3712070,FALSE,8,kg,3712070,FALSE,3712070,FALSE,0,FALSE,1118863.372,0,1118863.372,0,FALSE,TRUE
C,A,20200101,2020,52,2020,276,DEU,Germany,M,Import,288,GHA,Ghana,0,W00,World,H5,HS,TRUE,2709,Petroleum oils and oils obtained from bituminous minerals,Crude oils,4,FALSE,C00,TOTAL CPC,0,0,TOTAL MOT,8,kg,132438000,FALSE,8,kg,132438000,FALSE,132438000,FALSE,0,FALSE,41904602.89,0,41904602.89,0,FALSE,TRUE
C,A,20200101,2020,52,2020,276,DEU,Germany,M,Import,328,GUY,Guyana,0,W00,World,H5,HS,TRUE,2709,Petroleum oils and oils obtained from bituminous minerals,Crude oils,4,FALSE,C00,TOTAL CPC,0,0,TOTAL MOT,8,kg,141000000,FALSE,8,kg,141000000,FALSE,141000000,FALSE,0,FALSE,42414378.19,0,42414378.19,0,FALSE,TRUE
C,A,20200101,2020,52,2020,276,DEU,Germany,M,Import,368,IRQ,Iraq,0,W00,World,H5,HS,TRUE,2709,Petroleum oils and oils obtained from bituminous minerals,Crude oils,4,FALSE,C00,TOTAL CPC,0,0,TOTAL MOT,8,kg,1804148000,FALSE,8,kg,1804148000,FALSE,1804148000,FALSE,0,FALSE,452625881.9,0,452625881.9,0,FALSE,TRUE
C,A,20200101,2020,52,2020,276,DEU,Germany,M,Import,380,ITA,Italy,0,W00,World,H5,HS,TRUE,2709,Petroleum oils and oils obtained from bituminous minerals,Crude oils,4,FALSE,C00,TOTAL CPC,0,0,TOTAL MOT,8,kg,172468300,FALSE,8,kg,172468300,FALSE,172468300,FALSE,0,FALSE,33352691.88,0,33352691.88,0,FALSE,TRUE
C,A,20200101,2020,52,2020,276,DEU,Germany,M,Import,384,CIV,Ivory Coast,0,W00,World,H5,HS,TRUE,2709,Petroleum oils and oils obtained from bituminous minerals,Crude oils,4,FALSE,C00,TOTAL CPC,0,0,TOTAL MOT,8,kg,55194000,FALSE,8,kg,55194000,FALSE,55194000,FALSE,0,FALSE,18053629.48,0,18053629.48,0,FALSE,TRUE
C,A,20200101,2020,52,2020,276,DEU,Germany,M,Import,398,KAZ,Kazakhstan,0,W00,World,H5,HS,TRUE,2709,Petroleum oils and oils obtained from bituminous minerals,Crude oils,4,FALSE,C00,TOTAL CPC,0,0,TOTAL MOT,8,kg,7185459000,FALSE,8,kg,7185459000,FALSE,7185459000,FALSE,0,FALSE,2495175603,0,2495175603,0,FALSE,TRUE
C,A,20200101,2020,52,2020,276,DEU,Germany,M,Import,434,LBY,Libya,0,W00,World,H5,HS,TRUE,2709,Petroleum oils and oils obtained from bituminous minerals,Crude oils,4,FALSE,C00,TOTAL CPC,0,0,TOTAL MOT,8,kg,1816562000,FALSE,8,kg,1816562000,FALSE,1816562000,FALSE,0,FALSE,834619521.3,0,834619521.3,0,FALSE,TRUE
C,A,20200101,2020,52,2020,276,DEU,Germany,M,Import,528,NLD,Netherlands,0,W00,World,H5,HS,TRUE,2709,Petroleum oils and oils obtained from bituminous minerals,Crude oils,4,FALSE,C00,TOTAL CPC,0,0,TOTAL MOT,8,kg,9773598000,FALSE,8,kg,9773598000,FALSE,9773598000,FALSE,0,FALSE,3054980167,0,3054980167,0,FALSE,TRUE
C,A,20200101,2020,52,2020,276,DEU,Germany,M,Import,566,NGA,Nigeria,0,W00,World,H5,HS,TRUE,2709,Petroleum oils and oils obtained from bituminous minerals,Crude oils,4,FALSE,C00,TOTAL CPC,0,0,TOTAL MOT,8,kg,4257650000,FALSE,8,kg,4257650000,FALSE,4257650000,FALSE,0,FALSE,1518188173,0,1518188173,0,FALSE,TRUE
C,A,20200101,2020,52,2020,276,DEU,Germany,M,Import,579,NOR,Norway,0,W00,World,H5,HS,TRUE,2709,Petroleum oils and oils obtained from bituminous minerals,Crude oils,4,FALSE,C00,TOTAL CPC,0,0,TOTAL MOT,8,kg,6399175000,FALSE,8,kg,6399175000,FALSE,6399175000,FALSE,0,FALSE,2113883432,0,2113883432,0,FALSE,TRUE
C,A,20200101,2020,52,2020,276,DEU,Germany,M,Import,616,POL,Poland,0,W00,World,H5,HS,TRUE,2709,Petroleum oils and oils obtained from bituminous minerals,Crude oils,4,FALSE,C00,TOTAL CPC,0,0,TOTAL MOT,8,kg,275679320,FALSE,8,kg,275679320,FALSE,275679320,FALSE,0,FALSE,85755470.76,0,85755470.76,0,FALSE,TRUE
C,A,20200101,2020,52,2020,276,DEU,Germany,M,Import,643,RUS,Russia,0,W00,World,H5,HS,TRUE,2709,Petroleum oils and oils obtained from bituminous minerals,Crude oils,4,FALSE,C00,TOTAL CPC,0,0,TOTAL MOT,8,kg,26284512000,FALSE,8,kg,26284512000,FALSE,26284512000,FALSE,0,FALSE,8000991065,0,8000991065,0,FALSE,TRUE
C,A,20200101,2020,52,2020,276,DEU,Germany,M,Import,682,SAU,Saudi Arabia,0,W00,World,H5,HS,TRUE,2709,Petroleum oils and oils obtained from bituminous minerals,Crude oils,4,FALSE,C00,TOTAL CPC,0,0,TOTAL MOT,8,kg,1909614800,FALSE,8,kg,1909614800,FALSE,1909614800,FALSE,0,FALSE,540630262.6,0,540630262.6,0,FALSE,TRUE
C,A,20200101,2020,52,2020,276,DEU,Germany,M,Import,788,TUN,Tunisia,0,W00,World,H5,HS,TRUE,2709,Petroleum oils and oils obtained from bituminous minerals,Crude oils,4,FALSE,C00,TOTAL CPC,0,0,TOTAL MOT,8,kg,65983000,FALSE,8,kg,65983000,FALSE,65983000,FALSE,0,FALSE,21463084.56,0,21463084.56,0,FALSE,TRUE
C,A,20200101,2020,52,2020,276,DEU,Germany,M,Import,818,EGY,Egypt,0,W00,World,H5,HS,TRUE,2709,Petroleum oils and oils obtained from bituminous minerals,Crude oils,4,FALSE,C00,TOTAL CPC,0,0,TOTAL MOT,8,kg,1203537000,FALSE,8,kg,1203537000,FALSE,1203537000,FALSE,0,FALSE,393203455.7,0,393203455.7,0,FALSE,TRUE
C,A,20200101,2020,52,2020,276,DEU,Germany,M,Import,826,GBR,United Kingdom,0,W00,World,H5,HS,TRUE,2709,Petroleum oils and oils obtained from bituminous minerals,Crude oils,4,FALSE,C00,TOTAL CPC,0,0,TOTAL MOT,8,kg,7673683200,FALSE,8,kg,7673683200,FALSE,7673683200,FALSE,0,FALSE,2653318350,0,2653318350,0,FALSE,TRUE
C,A,20200101,2020,52,2020,276,DEU,Germany,M,Import,842,USA,USA,0,W00,World,H5,HS,TRUE,2709,Petroleum oils and oils obtained from bituminous minerals,Crude oils,4,FALSE,C00,TOTAL CPC,0,0,TOTAL MOT,8,kg,10210387000,FALSE,8,kg,10210387000,FALSE,10210387000,FALSE,0,FALSE,3374990389,0,3374990389,0,FALSE,TRUE
C,A,20200101,2020,52,2020,276,DEU,Germany,M,Import,887,YEM,Yemen,0,W00,World,H5,HS,TRUE,2709,Petroleum oils and oils obtained from bituminous minerals,Crude oils,4,FALSE,C00,TOTAL CPC,0,0,TOTAL MOT,8,kg,31147000,FALSE,8,kg,31147000,FALSE,31147000,FALSE,0,FALSE,9707955.26,0,9707955.26,0,FALSE,TRUE
C,A,20200101,2020,52,2020,276,DEU,Germany,M,Import,0,W00,World,0,W00,World,H5,HS,TRUE,2710,"Petroleum oils and oils from bituminous minerals, not crude; preparations n.e.c, containing by weight 70% or more of petroleum oils or oils from bituminous minerals; these being the basic constituents of the preparations; waste oils",Crude oils,4,FALSE,C00,TOTAL CPC,0,0,TOTAL MOT,8,kg,33670638981,TRUE,-1,N/A,0,FALSE,33670638981,TRUE,0,FALSE,15134286857,0,15134286857,6,FALSE,TRUE
C,A,20200101,2020,52,2020,276,DEU,Germany,M,Import,12,DZA,Algeria,0,W00,World,H5,HS,TRUE,2710,"Petroleum oils and oils from bituminous minerals, not crude; preparations n.e.c, containing by weight 70% or more of petroleum oils or oils from bituminous minerals; these being the basic constituents of the preparations; waste oils",Crude oils,4,FALSE,C00,TOTAL CPC,0,0,TOTAL MOT,8,kg,654514790,FALSE,8,kg,654514790,FALSE,654514790,FALSE,0,FALSE,260440006.1,0,260440006.1,0,FALSE,TRUE
C,A,20200101,2020,52,2020,276,DEU,Germany,M,Import,32,ARG,Argentina,0,W00,World,H5,HS,TRUE,2710,"Petroleum oils and oils from bituminous minerals, not crude; preparations n.e.c, containing by weight 70% or more of petroleum oils or oils from bituminous minerals; these being the basic constituents of the preparations; waste oils",Crude oils,4,FALSE,C00,TOTAL CPC,0,0,TOTAL MOT,8,kg,1087,FALSE,8,kg,1087,FALSE,1087,FALSE,0,FALSE,670.739,0,670.739,0,FALSE,TRUE
C,A,20200101,2020,52,2020,276,DEU,Germany,M,Import,36,AUS,Australia,0,W00,World,H5,HS,TRUE,2710,"Petroleum oils and oils from bituminous minerals, not crude; preparations n.e.c, containing by weight 70% or more of petroleum oils or oils from bituminous minerals; these being the basic constituents of the preparations; waste oils",Crude oils,4,FALSE,C00,TOTAL CPC,0,0,TOTAL MOT,8,kg,31031,FALSE,8,kg,31031,FALSE,31031,FALSE,0,FALSE,177855.51,0,177855.51,0,FALSE,TRUE
C,A,20200101,2020,52,2020,276,DEU,Germany,M,Import,40,AUT,Austria,0,W00,World,H5,HS,TRUE,2710,"Petroleum oils and oils from bituminous minerals, not crude; preparations n.e.c, containing by weight 70% or more of petroleum oils or oils from bituminous minerals; these being the basic constituents of the preparations; waste oils",Crude oils,4,FALSE,C00,TOTAL CPC,0,0,TOTAL MOT,8,kg,242071452.8,TRUE,-1,N/A,0,FALSE,242071452.8,TRUE,0,FALSE,114786292.4,0,114786292.4,6,FALSE,TRUE
C,A,20200101,2020,52,2020,276,DEU,Germany,M,Import,44,BHS,Bahamas,0,W00,World,H5,HS,TRUE,2710,"Petroleum oils and oils from bituminous minerals, not crude; preparations n.e.c, containing by weight 70% or more of petroleum oils or oils from bituminous minerals; these being the basic constituents of the preparations; waste oils",Crude oils,4,FALSE,C00,TOTAL CPC,0,0,TOTAL MOT,8,kg,472930,FALSE,8,kg,472930,FALSE,472930,FALSE,0,FALSE,380913.436,0,380913.436,0,FALSE,TRUE
C,A,20200101,2020,52,2020,276,DEU,Germany,M,Import,56,BEL,Belgium,0,W00,World,H5,HS,TRUE,2710,"Petroleum oils and oils from bituminous minerals, not crude; preparations n.e.c, containing by weight 70% or more of petroleum oils or oils from bituminous minerals; these being the basic constituents of the preparations; waste oils",Crude oils,4,FALSE,C00,TOTAL CPC,0,0,TOTAL MOT,8,kg,5505778358,TRUE,-1,N/A,0,FALSE,5505778358,TRUE,0,FALSE,2750901879,0,2750901879,6,FALSE,TRUE
C,A,20200101,2020,52,2020,276,DEU,Germany,M,Import,76,BRA,Brazil,0,W00,World,H5,HS,TRUE,2710,"Petroleum oils and oils from bituminous minerals, not crude; preparations n.e.c, containing by weight 70% or more of petroleum oils or oils from bituminous minerals; these being the basic constituents of the preparations; waste oils",Crude oils,4,FALSE,C00,TOTAL CPC,0,0,TOTAL MOT,8,kg,6266.878,TRUE,-1,N/A,0,FALSE,6266.878,TRUE,0,FALSE,7227.298,0,7227.298,6,FALSE,TRUE
C,A,20200101,2020,52,2020,276,DEU,Germany,M,Import,100,BGR,Bulgaria,0,W00,World,H5,HS,TRUE,2710,"Petroleum oils and oils from bituminous minerals, not crude; preparations n.e.c, containing by weight 70% or more of petroleum oils or oils from bituminous minerals; these being the basic constituents of the preparations; waste oils",Crude oils,4,FALSE,C00,TOTAL CPC,0,0,TOTAL MOT,8,kg,79629,FALSE,8,kg,79629,FALSE,79629,FALSE,0,FALSE,195572.388,0,195572.388,0,FALSE,TRUE
C,A,20200101,2020,52,2020,276,DEU,Germany,M,Import,124,CAN,Canada,0,W00,World,H5,HS,TRUE,2710,"Petroleum oils and oils from bituminous minerals, not crude; preparations n.e.c, containing by weight 70% or more of petroleum oils or oils from bituminous minerals; these being the basic constituents of the preparations; waste oils",Crude oils,4,FALSE,C00,TOTAL CPC,0,0,TOTAL MOT,8,kg,25683200.21,TRUE,-1,N/A,0,FALSE,25683200.21,TRUE,0,FALSE,31481104.03,0,31481104.03,6,FALSE,TRUE
C,A,20200101,2020,52,2020,276,DEU,Germany,M,Import,152,CHL,Chile,0,W00,World,H5,HS,TRUE,2710,"Petroleum oils and oils from bituminous minerals, not crude; preparations n.e.c, containing by weight 70% or more of petroleum oils or oils from bituminous minerals; these being the basic constituents of the preparations; waste oils",Crude oils,4,FALSE,C00,TOTAL CPC,0,0,TOTAL MOT,8,kg,26,FALSE,8,kg,26,FALSE,26,FALSE,0,FALSE,115.408,0,115.408,0,FALSE,TRUE
C,A,20200101,2020,52,2020,276,DEU,Germany,M,Import,156,CHN,China,0,W00,World,H5,HS,TRUE,2710,"Petroleum oils and oils from bituminous minerals, not crude; preparations n.e.c, containing by weight 70% or more of petroleum oils or oils from bituminous minerals; these being the basic constituents of the preparations; waste oils",Crude oils,4,FALSE,C00,TOTAL CPC,0,0,TOTAL MOT,8,kg,61276024.01,TRUE,-1,N/A,0,FALSE,61276024.01,TRUE,0,FALSE,19179744.15,0,19179744.15,6,FALSE,TRUE
C,A,20200101,2020,52,2020,276,DEU,Germany,M,Import,180,COD,Democratic Republic of the Congo,0,W00,World,H5,HS,TRUE,2710,"Petroleum oils and oils from bituminous minerals, not crude; preparations n.e.c, containing by weight 70% or more of petroleum oils or oils from bituminous minerals; these being the basic constituents of the preparations; waste oils",Crude oils,4,FALSE,C00,TOTAL CPC,0,0,TOTAL MOT,8,kg,6897830,FALSE,8,kg,6897830,FALSE,6897830,FALSE,0,FALSE,2465606.58,0,2465606.58,0,FALSE,TRUE
C,A,20200101,2020,52,2020,276,DEU,Germany,M,Import,203,CZE,Czechia,0,W00,World,H5,HS,TRUE,2710,"Petroleum oils and oils from bituminous minerals, not crude; preparations n.e.c, containing by weight 70% or more of petroleum oils or oils from bituminous minerals; these being the basic constituents of the preparations; waste oils",Crude oils,4,FALSE,C00,TOTAL CPC,0,0,TOTAL MOT,8,kg,460351176.2,TRUE,-1,N/A,0,FALSE,460351176.2,TRUE,0,FALSE,287781817.9,0,287781817.9,6,FALSE,TRUE
C,A,20200101,2020,52,2020,276,DEU,Germany,M,Import,208,DNK,Denmark,0,W00,World,H5,HS,TRUE,2710,"Petroleum oils and oils from bituminous minerals, not crude; preparations n.e.c, containing by weight 70% or more of petroleum oils or oils from bituminous minerals; these being the basic constituents of the preparations; waste oils",Crude oils,4,FALSE,C00,TOTAL CPC,0,0,TOTAL MOT,8,kg,110827561.3,TRUE,-1,N/A,0,FALSE,110827561.3,TRUE,0,FALSE,47626109.91,0,47626109.91,6,FALSE,TRUE
C,A,20200101,2020,52,2020,276,DEU,Germany,M,Import,233,EST,Estonia,0,W00,World,H5,HS,TRUE,2710,"Petroleum oils and oils from bituminous minerals, not crude; preparations n.e.c, containing by weight 70% or more of petroleum oils or oils from bituminous minerals; these being the basic constituents of the preparations; waste oils",Crude oils,4,FALSE,C00,TOTAL CPC,0,0,TOTAL MOT,8,kg,505315,FALSE,8,kg,505315,FALSE,505315,FALSE,0,FALSE,885213.124,0,885213.124,0,FALSE,TRUE
C,A,20200101,2020,52,2020,276,DEU,Germany,M,Import,246,FIN,Finland,0,W00,World,H5,HS,TRUE,2710,"Petroleum oils and oils from bituminous minerals, not crude; preparations n.e.c, containing by weight 70% or more of petroleum oils or oils from bituminous minerals; these being the basic constituents of the preparations; waste oils",Crude oils,4,FALSE,C00,TOTAL CPC,0,0,TOTAL MOT,8,kg,546044388,TRUE,-1,N/A,0,FALSE,546044388,TRUE,0,FALSE,237682981.6,0,237682981.6,6,FALSE,TRUE
C,A,20200101,2020,52,2020,276,DEU,Germany,M,Import,251,FRA,France,0,W00,World,H5,HS,TRUE,2710,"Petroleum oils and oils from bituminous minerals, not crude; preparations n.e.c, containing by weight 70% or more of petroleum oils or oils from bituminous minerals; these being the basic constituents of the preparations; waste oils",Crude oils,4,FALSE,C00,TOTAL CPC,0,0,TOTAL MOT,8,kg,792459840.1,TRUE,-1,N/A,0,FALSE,792459840.1,TRUE,0,FALSE,458490586.6,0,458490586.6,6,FALSE,TRUE
C,A,20200101,2020,52,2020,276,DEU,Germany,M,Import,266,GAB,Gabon,0,W00,World,H5,HS,TRUE,2710,"Petroleum oils and oils from bituminous minerals, not crude; preparations n.e.c, containing by weight 70% or more of petroleum oils or oils from bituminous minerals; these being the basic constituents of the preparations; waste oils",Crude oils,4,FALSE,C00,TOTAL CPC,0,0,TOTAL MOT,8,kg,95027240,FALSE,8,kg,95027240,FALSE,95027240,FALSE,0,FALSE,27894571.59,0,27894571.59,0,FALSE,TRUE
C,A,20200101,2020,52,2020,276,DEU,Germany,M,Import,268,GEO,Georgia,0,W00,World,H5,HS,TRUE,2710,"Petroleum oils and oils from bituminous minerals, not crude; preparations n.e.c, containing by weight 70% or more of petroleum oils or oils from bituminous minerals; these being the basic constituents of the preparations; waste oils",Crude oils,4,FALSE,C00,TOTAL CPC,0,0,TOTAL MOT,8,kg,323,FALSE,8,kg,323,FALSE,323,FALSE,0,FALSE,3875.888,0,3875.888,0,FALSE,TRUE
C,A,20200101,2020,52,2020,276,DEU,Germany,M,Import,300,GRC,Greece,0,W00,World,H5,HS,TRUE,2710,"Petroleum oils and oils from bituminous minerals, not crude; preparations n.e.c, containing by weight 70% or more of petroleum oils or oils from bituminous minerals; these being the basic constituents of the preparations; waste oils",Crude oils,4,FALSE,C00,TOTAL CPC,0,0,TOTAL MOT,8,kg,734010,FALSE,8,kg,734010,FALSE,734010,FALSE,0,FALSE,352703.55,0,352703.55,0,FALSE,TRUE
C,A,20200101,2020,52,2020,276,DEU,Germany,M,Import,340,HND,Honduras,0,W00,World,H5,HS,TRUE,2710,"Petroleum oils and oils from bituminous minerals, not crude; preparations n.e.c, containing by weight 70% or more of petroleum oils or oils from bituminous minerals; these being the basic constituents of the preparations; waste oils",Crude oils,4,FALSE,C00,TOTAL CPC,0,0,TOTAL MOT,8,kg,1217.448,TRUE,-1,N/A,0,FALSE,1217.448,TRUE,0,FALSE,2618.967,0,2618.967,6,FALSE,TRUE
C,A,20200101,2020,52,2020,276,DEU,Germany,M,Import,348,HUN,Hungary,0,W00,World,H5,HS,TRUE,2710,"Petroleum oils and oils from bituminous minerals, not crude; preparations n.e.c, containing by weight 70% or more of petroleum oils or oils from bituminous minerals; these being the basic constituents of the preparations; waste oils",Crude oils,4,FALSE,C00,TOTAL CPC,0,0,TOTAL MOT,8,kg,37784718.77,TRUE,-1,N/A,0,FALSE,37784718.77,TRUE,0,FALSE,17716235.23,0,17716235.23,6,FALSE,TRUE
C,A,20200101,2020,52,2020,276,DEU,Germany,M,Import,360,IDN,Indonesia,0,W00,World,H5,HS,TRUE,2710,"Petroleum oils and oils from bituminous minerals, not crude; preparations n.e.c, containing by weight 70% or more of petroleum oils or oils from bituminous minerals; these being the basic constituents of the preparations; waste oils",Crude oils,4,FALSE,C00,TOTAL CPC,0,0,TOTAL MOT,8,kg,2155790,FALSE,8,kg,2155790,FALSE,2155790,FALSE,0,FALSE,2124106.769,0,2124106.769,0,FALSE,TRUE
C,A,20200101,2020,52,2020,276,DEU,Germany,M,Import,372,IRL,Ireland,0,W00,World,H5,HS,TRUE,2710,"Petroleum oils and oils from bituminous minerals, not crude; preparations n.e.c, containing by weight 70% or more of petroleum oils or oils from bituminous minerals; these being the basic constituents of the preparations; waste oils",Crude oils,4,FALSE,C00,TOTAL CPC,0,0,TOTAL MOT,8,kg,986917.286,TRUE,-1,N/A,0,FALSE,986917.286,TRUE,0,FALSE,1240648.764,0,1240648.764,6,FALSE,TRUE
C,A,20200101,2020,52,2020,276,DEU,Germany,M,Import,376,ISR,Israel,0,W00,World,H5,HS,TRUE,2710,"Petroleum oils and oils from bituminous minerals, not crude; preparations n.e.c, containing by weight 70% or more of petroleum oils or oils from bituminous minerals; these being the basic constituents of the preparations; waste oils",Crude oils,4,FALSE,C00,TOTAL CPC,0,0,TOTAL MOT,8,kg,24799928,FALSE,8,kg,24799928,FALSE,24799928,FALSE,0,FALSE,13185064.71,0,13185064.71,0,FALSE,TRUE
C,A,20200101,2020,52,2020,276,DEU,Germany,M,Import,380,ITA,Italy,0,W00,World,H5,HS,TRUE,2710,"Petroleum oils and oils from bituminous minerals, not crude; preparations n.e.c, containing by weight 70% or more of petroleum oils or oils from bituminous minerals; these being the basic constituents of the preparations; waste oils",Crude oils,4,FALSE,C00,TOTAL CPC,0,0,TOTAL MOT,8,kg,204956063,TRUE,-1,N/A,0,FALSE,204956063,TRUE,0,FALSE,233165508.1,0,233165508.1,6,FALSE,TRUE
C,A,20200101,2020,52,2020,276,DEU,Germany,M,Import,392,JPN,Japan,0,W00,World,H5,HS,TRUE,2710,"Petroleum oils and oils from bituminous minerals, not crude; preparations n.e.c, containing by weight 70% or more of petroleum oils or oils from bituminous minerals; these being the basic constituents of the preparations; waste oils",Crude oils,4,FALSE,C00,TOTAL CPC,0,0,TOTAL MOT,8,kg,1592909.14,TRUE,-1,N/A,0,FALSE,1592909.14,TRUE,0,FALSE,5817274.135,0,5817274.135,6,FALSE,TRUE
C,A,20200101,2020,52,2020,276,DEU,Germany,M,Import,410,KOR,South Korea,0,W00,World,H5,HS,TRUE,2710,"Petroleum oils and oils from bituminous minerals, not crude; preparations n.e.c, containing by weight 70% or more of petroleum oils or oils from bituminous minerals; these being the basic constituents of the preparations; waste oils",Crude oils,4,FALSE,C00,TOTAL CPC,0,0,TOTAL MOT,8,kg,71977266.72,TRUE,-1,N/A,0,FALSE,71977266.72,TRUE,0,FALSE,62958600.7,0,62958600.7,6,FALSE,TRUE
C,A,20200101,2020,52,2020,276,DEU,Germany,M,Import,414,KWT,Kuwait,0,W00,World,H5,HS,TRUE,2710,"Petroleum oils and oils from bituminous minerals, not crude; preparations n.e.c, containing by weight 70% or more of petroleum oils or oils from bituminous minerals; these being the basic constituents of the preparations; waste oils",Crude oils,4,FALSE,C00,TOTAL CPC,0,0,TOTAL MOT,8,kg,62180753,FALSE,8,kg,62180753,FALSE,62180753,FALSE,0,FALSE,16322357.47,0,16322357.47,0,FALSE,TRUE
C,A,20200101,2020,52,2020,276,DEU,Germany,M,Import,428,LVA,Latvia,0,W00,World,H5,HS,TRUE,2710,"Petroleum oils and oils from bituminous minerals, not crude; preparations n.e.c, containing by weight 70% or more of petroleum oils or oils from bituminous minerals; these being the basic constituents of the preparations; waste oils",Crude oils,4,FALSE,C00,TOTAL CPC,0,0,TOTAL MOT,8,kg,122963,FALSE,8,kg,122963,FALSE,122963,FALSE,0,FALSE,96189.904,0,96189.904,0,FALSE,TRUE
C,A,20200101,2020,52,2020,276,DEU,Germany,M,Import,434,LBY,Libya,0,W00,World,H5,HS,TRUE,2710,"Petroleum oils and oils from bituminous minerals, not crude; preparations n.e.c, containing by weight 70% or more of petroleum oils or oils from bituminous minerals; these being the basic constituents of the preparations; waste oils",Crude oils,4,FALSE,C00,TOTAL CPC,0,0,TOTAL MOT,8,kg,37768470,FALSE,8,kg,37768470,FALSE,37768470,FALSE,0,FALSE,20245008.96,0,20245008.96,0,FALSE,TRUE
C,A,20200101,2020,52,2020,276,DEU,Germany,M,Import,440,LTU,Lithuania,0,W00,World,H5,HS,TRUE,2710,"Petroleum oils and oils from bituminous minerals, not crude; preparations n.e.c, containing by weight 70% or more of petroleum oils or oils from bituminous minerals; these being the basic constituents of the preparations; waste oils",Crude oils,4,FALSE,C00,TOTAL CPC,0,0,TOTAL MOT,8,kg,7152864,FALSE,8,kg,7152864,FALSE,7152864,FALSE,0,FALSE,10027820.03,0,10027820.03,0,FALSE,TRUE
C,A,20200101,2020,52,2020,276,DEU,Germany,M,Import,442,LUX,Luxembourg,0,W00,World,H5,HS,TRUE,2710,"Petroleum oils and oils from bituminous minerals, not crude; preparations n.e.c, containing by weight 70% or more of petroleum oils or oils from bituminous minerals; these being the basic constituents of the preparations; waste oils",Crude oils,4,FALSE,C00,TOTAL CPC,0,0,TOTAL MOT,8,kg,3250811,FALSE,8,kg,3250811,FALSE,3250811,FALSE,0,FALSE,1359221.009,0,1359221.009,0,FALSE,TRUE
C,A,20200101,2020,52,2020,276,DEU,Germany,M,Import,458,MYS,Malaysia,0,W00,World,H5,HS,TRUE,2710,"Petroleum oils and oils from bituminous minerals, not crude; preparations n.e.c, containing by weight 70% or more of petroleum oils or oils from bituminous minerals; these being the basic constituents of the preparations; waste oils",Crude oils,4,FALSE,C00,TOTAL CPC,0,0,TOTAL MOT,8,kg,228132.429,TRUE,-1,N/A,0,FALSE,228132.429,TRUE,0,FALSE,202189.507,0,202189.507,6,FALSE,TRUE
C,A,20200101,2020,52,2020,276,DEU,Germany,M,Import,484,MEX,Mexico,0,W00,World,H5,HS,TRUE,2710,"Petroleum oils and oils from bituminous minerals, not crude; preparations n.e.c, containing by weight 70% or more of petroleum oils or oils from bituminous minerals; these being the basic constituents of the preparations; waste oils",Crude oils,4,FALSE,C00,TOTAL CPC,0,0,TOTAL MOT,8,kg,27465.716,TRUE,-1,N/A,0,FALSE,27465.716,TRUE,0,FALSE,27334.611,0,27334.611,6,FALSE,TRUE
C,A,20200101,2020,52,2020,276,DEU,Germany,M,Import,490,S19,"Other Asia, nes",0,W00,World,H5,HS,TRUE,2710,"Petroleum oils and oils from bituminous minerals, not crude; preparations n.e.c, containing by weight 70% or more of petroleum oils or oils from bituminous minerals; these being the basic constituents of the preparations; waste oils",Crude oils,4,FALSE,C00,TOTAL CPC,0,0,TOTAL MOT,8,kg,1744755.022,TRUE,-1,N/A,0,FALSE,1744755.022,TRUE,0,FALSE,2115619.123,0,2115619.123,6,FALSE,TRUE
C,A,20200101,2020,52,2020,276,DEU,Germany,M,Import,528,NLD,Netherlands,0,W00,World,H5,HS,TRUE,2710,"Petroleum oils and oils from bituminous minerals, not crude; preparations n.e.c, containing by weight 70% or more of petroleum oils or oils from bituminous minerals; these being the basic constituents of the preparations; waste oils",Crude oils,4,FALSE,C00,TOTAL CPC,0,0,TOTAL MOT,8,kg,14486053653,TRUE,-1,N/A,0,FALSE,14486053653,TRUE,0,FALSE,6406688914,0,6406688914,6,FALSE,TRUE
C,A,20200101,2020,52,2020,276,DEU,Germany,M,Import,531,CUW,Curacao,0,W00,World,H5,HS,TRUE,2710,"Petroleum oils and oils from bituminous minerals, not crude; preparations n.e.c, containing by weight 70% or more of petroleum oils or oils from bituminous minerals; these being the basic constituents of the preparations; waste oils",Crude oils,4,FALSE,C00,TOTAL CPC,0,0,TOTAL MOT,8,kg,316,FALSE,8,kg,316,FALSE,316,FALSE,0,FALSE,735.87,0,735.87,0,FALSE,TRUE
C,A,20200101,2020,52,2020,276,DEU,Germany,M,Import,566,NGA,Nigeria,0,W00,World,H5,HS,TRUE,2710,"Petroleum oils and oils from bituminous minerals, not crude; preparations n.e.c, containing by weight 70% or more of petroleum oils or oils from bituminous minerals; these being the basic constituents of the preparations; waste oils",Crude oils,4,FALSE,C00,TOTAL CPC,0,0,TOTAL MOT,8,kg,91225780,FALSE,8,kg,91225780,FALSE,91225780,FALSE,0,FALSE,48628505.81,0,48628505.81,0,FALSE,TRUE
C,A,20200101,2020,52,2020,276,DEU,Germany,M,Import,579,NOR,Norway,0,W00,World,H5,HS,TRUE,2710,"Petroleum oils and oils from bituminous minerals, not crude; preparations n.e.c, containing by weight 70% or more of petroleum oils or oils from bituminous minerals; these being the basic constituents of the preparations; waste oils",Crude oils,4,FALSE,C00,TOTAL CPC,0,0,TOTAL MOT,8,kg,516201101.4,TRUE,-1,N/A,0,FALSE,516201101.4,TRUE,0,FALSE,181403842.5,0,181403842.5,6,FALSE,TRUE
C,A,20200101,2020,52,2020,276,DEU,Germany,M,Import,616,POL,Poland,0,W00,World,H5,HS,TRUE,2710,"Petroleum oils and oils from bituminous minerals, not crude; preparations n.e.c, containing by weight 70% or more of petroleum oils or oils from bituminous minerals; these being the basic constituents of the preparations; waste oils",Crude oils,4,FALSE,C00,TOTAL CPC,0,0,TOTAL MOT,8,kg,327060391.1,TRUE,-1,N/A,0,FALSE,327060391.1,TRUE,0,FALSE,138511955.3,0,138511955.3,6,FALSE,TRUE
C,A,20200101,2020,52,2020,276,DEU,Germany,M,Import,634,QAT,Qatar,0,W00,World,H5,HS,TRUE,2710,"Petroleum oils and oils from bituminous minerals, not crude; preparations n.e.c, containing by weight 70% or more of petroleum oils or oils from bituminous minerals; these being the basic constituents of the preparations; waste oils",Crude oils,4,FALSE,C00,TOTAL CPC,0,0,TOTAL MOT,8,kg,287181660,FALSE,8,kg,287181660,FALSE,287181660,FALSE,0,FALSE,130389400.6,0,130389400.6,0,FALSE,TRUE
C,A,20200101,2020,52,2020,276,DEU,Germany,M,Import,642,ROU,Romania,0,W00,World,H5,HS,TRUE,2710,"Petroleum oils and oils from bituminous minerals, not crude; preparations n.e.c, containing by weight 70% or more of petroleum oils or oils from bituminous minerals; these being the basic constituents of the preparations; waste oils",Crude oils,4,FALSE,C00,TOTAL CPC,0,0,TOTAL MOT,8,kg,37558105.62,TRUE,-1,N/A,0,FALSE,37558105.62,TRUE,0,FALSE,16882482.75,0,16882482.75,6,FALSE,TRUE
C,A,20200101,2020,52,2020,276,DEU,Germany,M,Import,643,RUS,Russia,0,W00,World,H5,HS,TRUE,2710,"Petroleum oils and oils from bituminous minerals, not crude; preparations n.e.c, containing by weight 70% or more of petroleum oils or oils from bituminous minerals; these being the basic constituents of the preparations; waste oils",Crude oils,4,FALSE,C00,TOTAL CPC,0,0,TOTAL MOT,8,kg,6451286365,TRUE,-1,N/A,0,FALSE,6451286365,TRUE,0,FALSE,2443468895,0,2443468895,6,FALSE,TRUE
C,A,20200101,2020,52,2020,276,DEU,Germany,M,Import,682,SAU,Saudi Arabia,0,W00,World,H5,HS,TRUE,2710,"Petroleum oils and oils from bituminous minerals, not crude; preparations n.e.c, containing by weight 70% or more of petroleum oils or oils from bituminous minerals; these being the basic constituents of the preparations; waste oils",Crude oils,4,FALSE,C00,TOTAL CPC,0,0,TOTAL MOT,8,kg,137000550,FALSE,8,kg,137000550,FALSE,137000550,FALSE,0,FALSE,44415610.61,0,44415610.61,0,FALSE,TRUE
C,A,20200101,2020,52,2020,276,DEU,Germany,M,Import,699,IND,India,0,W00,World,H5,HS,TRUE,2710,"Petroleum oils and oils from bituminous minerals, not crude; preparations n.e.c, containing by weight 70% or more of petroleum oils or oils from bituminous minerals; these being the basic constituents of the preparations; waste oils",Crude oils,4,FALSE,C00,TOTAL CPC,0,0,TOTAL MOT,8,kg,42969316.32,TRUE,-1,N/A,0,FALSE,42969316.32,TRUE,0,FALSE,28322912.09,0,28322912.09,6,FALSE,TRUE
C,A,20200101,2020,52,2020,276,DEU,Germany,M,Import,702,SGP,Singapore,0,W00,World,H5,HS,TRUE,2710,"Petroleum oils and oils from bituminous minerals, not crude; preparations n.e.c, containing by weight 70% or more of petroleum oils or oils from bituminous minerals; these being the basic constituents of the preparations; waste oils",Crude oils,4,FALSE,C00,TOTAL CPC,0,0,TOTAL MOT,8,kg,1295,FALSE,8,kg,1295,FALSE,1295,FALSE,0,FALSE,3402.829,0,3402.829,0,FALSE,TRUE
C,A,20200101,2020,52,2020,276,DEU,Germany,M,Import,703,SVK,Slovakia,0,W00,World,H5,HS,TRUE,2710,"Petroleum oils and oils from bituminous minerals, not crude; preparations n.e.c, containing by weight 70% or more of petroleum oils or oils from bituminous minerals; these being the basic constituents of the preparations; waste oils",Crude oils,4,FALSE,C00,TOTAL CPC,0,0,TOTAL MOT,8,kg,122689116.6,TRUE,-1,N/A,0,FALSE,122689116.6,TRUE,0,FALSE,40659236.1,0,40659236.1,6,FALSE,TRUE
C,A,20200101,2020,52,2020,276,DEU,Germany,M,Import,705,SVN,Slovenia,0,W00,World,H5,HS,TRUE,2710,"Petroleum oils and oils from bituminous minerals, not crude; preparations n.e.c, containing by weight 70% or more of petroleum oils or oils from bituminous minerals; these being the basic constituents of the preparations; waste oils",Crude oils,4,FALSE,C00,TOTAL CPC,0,0,TOTAL MOT,8,kg,52255677,FALSE,8,kg,52255677,FALSE,52255677,FALSE,0,FALSE,25964600.89,0,25964600.89,0,FALSE,TRUE
C,A,20200101,2020,52,2020,276,DEU,Germany,M,Import,710,ZAF,South Africa,0,W00,World,H5,HS,TRUE,2710,"Petroleum oils and oils from bituminous minerals, not crude; preparations n.e.c, containing by weight 70% or more of petroleum oils or oils from bituminous minerals; these being the basic constituents of the preparations; waste oils",Crude oils,4,FALSE,C00,TOTAL CPC,0,0,TOTAL MOT,8,kg,9900220,FALSE,8,kg,9900220,FALSE,9900220,FALSE,0,FALSE,8837961.168,0,8837961.168,0,FALSE,TRUE
C,A,20200101,2020,52,2020,276,DEU,Germany,M,Import,724,ESP,Spain,0,W00,World,H5,HS,TRUE,2710,"Petroleum oils and oils from bituminous minerals, not crude; preparations n.e.c, containing by weight 70% or more of petroleum oils or oils from bituminous minerals; these being the basic constituents of the preparations; waste oils",Crude oils,4,FALSE,C00,TOTAL CPC,0,0,TOTAL MOT,8,kg,40615893.39,TRUE,-1,N/A,0,FALSE,40615893.39,TRUE,0,FALSE,52107744.02,0,52107744.02,6,FALSE,TRUE
C,A,20200101,2020,52,2020,276,DEU,Germany,M,Import,752,SWE,Sweden,0,W00,World,H5,HS,TRUE,2710,"Petroleum oils and oils from bituminous minerals, not crude; preparations n.e.c, containing by weight 70% or more of petroleum oils or oils from bituminous minerals; these being the basic constituents of the preparations; waste oils",Crude oils,4,FALSE,C00,TOTAL CPC,0,0,TOTAL MOT,8,kg,645980961.1,TRUE,-1,N/A,0,FALSE,645980961.1,TRUE,0,FALSE,277212925.3,0,277212925.3,6,FALSE,TRUE
C,A,20200101,2020,52,2020,276,DEU,Germany,M,Import,757,CHE,Switzerland,0,W00,World,H5,HS,TRUE,2710,"Petroleum oils and oils from bituminous minerals, not crude; preparations n.e.c, containing by weight 70% or more of petroleum oils or oils from bituminous minerals; these being the basic constituents of the preparations; waste oils",Crude oils,4,FALSE,C00,TOTAL CPC,0,0,TOTAL MOT,8,kg,23040071.18,TRUE,-1,N/A,0,FALSE,23040071.18,TRUE,0,FALSE,39000087.39,0,39000087.39,6,FALSE,TRUE
C,A,20200101,2020,52,2020,276,DEU,Germany,M,Import,764,THA,Thailand,0,W00,World,H5,HS,TRUE,2710,"Petroleum oils and oils from bituminous minerals, not crude; preparations n.e.c, containing by weight 70% or more of petroleum oils or oils from bituminous minerals; these being the basic constituents of the preparations; waste oils",Crude oils,4,FALSE,C00,TOTAL CPC,0,0,TOTAL MOT,8,kg,11102,FALSE,8,kg,11102,FALSE,11102,FALSE,0,FALSE,15593.823,0,15593.823,0,FALSE,TRUE
C,A,20200101,2020,52,2020,276,DEU,Germany,M,Import,784,ARE,United Arab Emirates,0,W00,World,H5,HS,TRUE,2710,"Petroleum oils and oils from bituminous minerals, not crude; preparations n.e.c, containing by weight 70% or more of petroleum oils or oils from bituminous minerals; these being the basic constituents of the preparations; waste oils",Crude oils,4,FALSE,C00,TOTAL CPC,0,0,TOTAL MOT,8,kg,3371182,FALSE,8,kg,3371182,FALSE,3371182,FALSE,0,FALSE,2928079.355,0,2928079.355,0,FALSE,TRUE
C,A,20200101,2020,52,2020,276,DEU,Germany,M,Import,788,TUN,Tunisia,0,W00,World,H5,HS,TRUE,2710,"Petroleum oils and oils from bituminous minerals, not crude; preparations n.e.c, containing by weight 70% or more of petroleum oils or oils from bituminous minerals; these being the basic constituents of the preparations; waste oils",Crude oils,4,FALSE,C00,TOTAL CPC,0,0,TOTAL MOT,8,kg,11983400,FALSE,8,kg,11983400,FALSE,11983400,FALSE,0,FALSE,3713417.511,0,3713417.511,0,FALSE,TRUE
C,A,20200101,2020,52,2020,276,DEU,Germany,M,Import,792,TUR,Turkey,0,W00,World,H5,HS,TRUE,2710,"Petroleum oils and oils from bituminous minerals, not crude; preparations n.e.c, containing by weight 70% or more of petroleum oils or oils from bituminous minerals; these being the basic constituents of the preparations; waste oils",Crude oils,4,FALSE,C00,TOTAL CPC,0,0,TOTAL MOT,8,kg,54366941.25,TRUE,-1,N/A,0,FALSE,54366941.25,TRUE,0,FALSE,22938354.83,0,22938354.83,6,FALSE,TRUE
C,A,20200101,2020,52,2020,276,DEU,Germany,M,Import,804,UKR,Ukraine,0,W00,World,H5,HS,TRUE,2710,"Petroleum oils and oils from bituminous minerals, not crude; preparations n.e.c, containing by weight 70% or more of petroleum oils or oils from bituminous minerals; these being the basic constituents of the preparations; waste oils",Crude oils,4,FALSE,C00,TOTAL CPC,0,0,TOTAL MOT,8,kg,61365034,FALSE,8,kg,61365034,FALSE,61365034,FALSE,0,FALSE,19626210.6,0,19626210.6,0,FALSE,TRUE
C,A,20200101,2020,52,2020,276,DEU,Germany,M,Import,826,GBR,United Kingdom,0,W00,World,H5,HS,TRUE,2710,"Petroleum oils and oils from bituminous minerals, not crude; preparations n.e.c, containing by weight 70% or more of petroleum oils or oils from bituminous minerals; these being the basic constituents of the preparations; waste oils",Crude oils,4,FALSE,C00,TOTAL CPC,0,0,TOTAL MOT,8,kg,185543730.3,TRUE,-1,N/A,0,FALSE,185543730.3,TRUE,0,FALSE,91948474.1,0,91948474.1,6,FALSE,TRUE
C,A,20200101,2020,52,2020,276,DEU,Germany,M,Import,842,USA,USA,0,W00,World,H5,HS,TRUE,2710,"Petroleum oils and oils from bituminous minerals, not crude; preparations n.e.c, containing by weight 70% or more of petroleum oils or oils from bituminous minerals; these being the basic constituents of the preparations; waste oils",Crude oils,4,FALSE,C00,TOTAL CPC,0,0,TOTAL MOT,8,kg,1123483615,TRUE,-1,N/A,0,FALSE,1123483615,TRUE,0,FALSE,483276870.5,0,483276870.5,6,FALSE,TRUE
C,A,20200101,2020,52,2020,276,DEU,Germany,M,Import,0,W00,World,0,W00,World,H5,HS,TRUE,2809,Diphosphorus pentoxide,Phosphorus,4,FALSE,C00,TOTAL CPC,0,0,TOTAL MOT,8,kg,248407382.7,TRUE,-1,N/A,0,FALSE,248407382.7,TRUE,0,FALSE,216637146.9,0,216637146.9,6,FALSE,TRUE
C,A,20200101,2020,52,2020,276,DEU,Germany,M,Import,40,AUT,Austria,0,W00,World,H5,HS,TRUE,2809,Diphosphorus pentoxide,Phosphorus,4,FALSE,C00,TOTAL CPC,0,0,TOTAL MOT,8,kg,1020076,FALSE,27,kg P2O5,605349,FALSE,1020076,FALSE,0,FALSE,904473.73,0,904473.73,0,FALSE,TRUE
C,A,20200101,2020,52,2020,276,DEU,Germany,M,Import,56,BEL,Belgium,0,W00,World,H5,HS,TRUE,2809,Diphosphorus pentoxide,Phosphorus,4,FALSE,C00,TOTAL CPC,0,0,TOTAL MOT,8,kg,28312789,FALSE,27,kg P2O5,16408957,FALSE,28312789,FALSE,0,FALSE,17214971.58,0,17214971.58,0,FALSE,TRUE
C,A,20200101,2020,52,2020,276,DEU,Germany,M,Import,156,CHN,China,0,W00,World,H5,HS,TRUE,2809,Diphosphorus pentoxide,Phosphorus,4,FALSE,C00,TOTAL CPC,0,0,TOTAL MOT,8,kg,4628671.666,TRUE,-1,N/A,0,FALSE,4628671.666,TRUE,0,FALSE,6902276.047,0,6902276.047,6,FALSE,TRUE
C,A,20200101,2020,52,2020,276,DEU,Germany,M,Import,170,COL,Colombia,0,W00,World,H5,HS,TRUE,2809,Diphosphorus pentoxide,Phosphorus,4,FALSE,C00,TOTAL CPC,0,0,TOTAL MOT,8,kg,555,FALSE,27,kg P2O5,433,FALSE,555,FALSE,0,FALSE,12166.998,0,12166.998,0,FALSE,TRUE
C,A,20200101,2020,52,2020,276,DEU,Germany,M,Import,203,CZE,Czechia,0,W00,World,H5,HS,TRUE,2809,Diphosphorus pentoxide,Phosphorus,4,FALSE,C00,TOTAL CPC,0,0,TOTAL MOT,8,kg,10528395,FALSE,27,kg P2O5,6748268,FALSE,10528395,FALSE,0,FALSE,9192438.12,0,9192438.12,0,FALSE,TRUE
C,A,20200101,2020,52,2020,276,DEU,Germany,M,Import,208,DNK,Denmark,0,W00,World,H5,HS,TRUE,2809,Diphosphorus pentoxide,Phosphorus,4,FALSE,C00,TOTAL CPC,0,0,TOTAL MOT,8,kg,24720,FALSE,27,kg P2O5,14541,FALSE,24720,FALSE,0,FALSE,19716.525,0,19716.525,0,FALSE,TRUE
C,A,20200101,2020,52,2020,276,DEU,Germany,M,Import,246,FIN,Finland,0,W00,World,H5,HS,TRUE,2809,Diphosphorus pentoxide,Phosphorus,4,FALSE,C00,TOTAL CPC,0,0,TOTAL MOT,8,kg,18708,FALSE,27,kg P2O5,10714,FALSE,18708,FALSE,0,FALSE,16405.109,0,16405.109,0,FALSE,TRUE
C,A,20200101,2020,52,2020,276,DEU,Germany,M,Import,251,FRA,France,0,W00,World,H5,HS,TRUE,2809,Diphosphorus pentoxide,Phosphorus,4,FALSE,C00,TOTAL CPC,0,0,TOTAL MOT,8,kg,1248417.998,TRUE,-1,N/A,0,FALSE,1248417.998,TRUE,0,FALSE,2544457.826,0,2544457.826,6,FALSE,TRUE
C,A,20200101,2020,52,2020,276,DEU,Germany,M,Import,348,HUN,Hungary,0,W00,World,H5,HS,TRUE,2809,Diphosphorus pentoxide,Phosphorus,4,FALSE,C00,TOTAL CPC,0,0,TOTAL MOT,8,kg,7803,FALSE,27,kg P2O5,4470,FALSE,7803,FALSE,0,FALSE,7485.538,0,7485.538,0,FALSE,TRUE
C,A,20200101,2020,52,2020,276,DEU,Germany,M,Import,380,ITA,Italy,0,W00,World,H5,HS,TRUE,2809,Diphosphorus pentoxide,Phosphorus,4,FALSE,C00,TOTAL CPC,0,0,TOTAL MOT,8,kg,210068,FALSE,27,kg P2O5,120011,FALSE,210068,FALSE,0,FALSE,187724.628,0,187724.628,0,FALSE,TRUE
C,A,20200101,2020,52,2020,276,DEU,Germany,M,Import,392,JPN,Japan,0,W00,World,H5,HS,TRUE,2809,Diphosphorus pentoxide,Phosphorus,4,FALSE,C00,TOTAL CPC,0,0,TOTAL MOT,8,kg,1399,FALSE,27,kg P2O5,870,FALSE,1399,FALSE,0,FALSE,1206.644,0,1206.644,0,FALSE,TRUE
C,A,20200101,2020,52,2020,276,DEU,Germany,M,Import,440,LTU,Lithuania,0,W00,World,H5,HS,TRUE,2809,Diphosphorus pentoxide,Phosphorus,4,FALSE,C00,TOTAL CPC,0,0,TOTAL MOT,8,kg,190,FALSE,27,kg P2O5,100,FALSE,190,FALSE,0,FALSE,710.732,0,710.732,0,FALSE,TRUE
C,A,20200101,2020,52,2020,276,DEU,Germany,M,Import,490,S19,"Other Asia, nes",0,W00,World,H5,HS,TRUE,2809,Diphosphorus pentoxide,Phosphorus,4,FALSE,C00,TOTAL CPC,0,0,TOTAL MOT,8,kg,1437,FALSE,27,kg P2O5,891,FALSE,1437,FALSE,0,FALSE,1252.351,0,1252.351,0,FALSE,TRUE
C,A,20200101,2020,52,2020,276,DEU,Germany,M,Import,528,NLD,Netherlands,0,W00,World,H5,HS,TRUE,2809,Diphosphorus pentoxide,Phosphorus,4,FALSE,C00,TOTAL CPC,0,0,TOTAL MOT,8,kg,16753848,FALSE,27,kg P2O5,9825806,FALSE,16753848,FALSE,0,FALSE,9077618.357,0,9077618.357,0,FALSE,TRUE
C,A,20200101,2020,52,2020,276,DEU,Germany,M,Import,616,POL,Poland,0,W00,World,H5,HS,TRUE,2809,Diphosphorus pentoxide,Phosphorus,4,FALSE,C00,TOTAL CPC,0,0,TOTAL MOT,8,kg,21302260,FALSE,27,kg P2O5,13386479,FALSE,21302260,FALSE,0,FALSE,14731080.22,0,14731080.22,0,FALSE,TRUE
C,A,20200101,2020,52,2020,276,DEU,Germany,M,Import,643,RUS,Russia,0,W00,World,H5,HS,TRUE,2809,Diphosphorus pentoxide,Phosphorus,4,FALSE,C00,TOTAL CPC,0,0,TOTAL MOT,8,kg,1420,FALSE,27,kg P2O5,880,FALSE,1420,FALSE,0,FALSE,1207.787,0,1207.787,0,FALSE,TRUE
C,A,20200101,2020,52,2020,276,DEU,Germany,M,Import,688,SRB,Serbia,0,W00,World,H5,HS,TRUE,2809,Diphosphorus pentoxide,Phosphorus,4,FALSE,C00,TOTAL CPC,0,0,TOTAL MOT,8,kg,31498,FALSE,27,kg P2O5,17428,FALSE,31498,FALSE,0,FALSE,18322.485,0,18322.485,0,FALSE,TRUE
C,A,20200101,2020,52,2020,276,DEU,Germany,M,Import,699,IND,India,0,W00,World,H5,HS,TRUE,2809,Diphosphorus pentoxide,Phosphorus,4,FALSE,C00,TOTAL CPC,0,0,TOTAL MOT,8,kg,1258,FALSE,27,kg P2O5,784,FALSE,1258,FALSE,0,FALSE,6729.1,0,6729.1,0,FALSE,TRUE
C,A,20200101,2020,52,2020,276,DEU,Germany,M,Import,710,ZAF,South Africa,0,W00,World,H5,HS,TRUE,2809,Diphosphorus pentoxide,Phosphorus,4,FALSE,C00,TOTAL CPC,0,0,TOTAL MOT,8,kg,235930,FALSE,27,kg P2O5,146187,FALSE,235930,FALSE,0,FALSE,200008.177,0,200008.177,0,FALSE,TRUE
C,A,20200101,2020,52,2020,276,DEU,Germany,M,Import,724,ESP,Spain,0,W00,World,H5,HS,TRUE,2809,Diphosphorus pentoxide,Phosphorus,4,FALSE,C00,TOTAL CPC,0,0,TOTAL MOT,8,kg,30168.103,TRUE,-1,N/A,0,FALSE,30168.103,TRUE,0,FALSE,33009.039,0,33009.039,6,FALSE,TRUE
C,A,20200101,2020,52,2020,276,DEU,Germany,M,Import,752,SWE,Sweden,0,W00,World,H5,HS,TRUE,2809,Diphosphorus pentoxide,Phosphorus,4,FALSE,C00,TOTAL CPC,0,0,TOTAL MOT,8,kg,24763,FALSE,27,kg P2O5,14182,FALSE,24763,FALSE,0,FALSE,22477.181,0,22477.181,0,FALSE,TRUE
C,A,20200101,2020,52,2020,276,DEU,Germany,M,Import,757,CHE,Switzerland,0,W00,World,H5,HS,TRUE,2809,Diphosphorus pentoxide,Phosphorus,4,FALSE,C00,TOTAL CPC,0,0,TOTAL MOT,8,kg,3249679.491,TRUE,-1,N/A,0,FALSE,3249679.491,TRUE,0,FALSE,5145325.137,0,5145325.137,6,FALSE,TRUE
C,A,20200101,2020,52,2020,276,DEU,Germany,M,Import,807,MKD,North Macedonia,0,W00,World,H5,HS,TRUE,2809,Diphosphorus pentoxide,Phosphorus,4,FALSE,C00,TOTAL CPC,0,0,TOTAL MOT,8,kg,41384,FALSE,27,kg P2O5,23700,FALSE,41384,FALSE,0,FALSE,18731.556,0,18731.556,0,FALSE,TRUE
C,A,20200101,2020,52,2020,276,DEU,Germany,M,Import,826,GBR,United Kingdom,0,W00,World,H5,HS,TRUE,2809,Diphosphorus pentoxide,Phosphorus,4,FALSE,C00,TOTAL CPC,0,0,TOTAL MOT,8,kg,369797.611,TRUE,-1,N/A,0,FALSE,369797.611,TRUE,0,FALSE,291766.862,0,291766.862,6,FALSE,TRUE
C,A,20200101,2020,52,2020,276,DEU,Germany,M,Import,839,XX ,Special Categories,0,W00,World,H5,HS,TRUE,2809,Diphosphorus pentoxide,Phosphorus,4,FALSE,C00,TOTAL CPC,0,0,TOTAL MOT,8,kg,159507770,FALSE,27,kg P2O5,95208710,FALSE,159507770,FALSE,0,FALSE,148830950.3,0,148830950.3,0,FALSE,TRUE
C,A,20200101,2020,52,2020,276,DEU,Germany,M,Import,842,USA,USA,0,W00,World,H5,HS,TRUE,2809,Diphosphorus pentoxide,Phosphorus,4,FALSE,C00,TOTAL CPC,0,0,TOTAL MOT,8,kg,854376.826,TRUE,-1,N/A,0,FALSE,854376.826,TRUE,0,FALSE,1254634.871,0,1254634.871,6,FALSE,TRUE
C,A,20200101,2020,52,2020,276,DEU,Germany,M,Import,0,W00,World,0,W00,World,H5,HS,TRUE,2817,Zinc,Zinc,4,FALSE,C00,TOTAL CPC,0,0,TOTAL MOT,8,kg,32075334.76,TRUE,-1,N/A,0,FALSE,32075334.76,TRUE,0,FALSE,75184664.15,0,75184664.15,6,FALSE,TRUE
C,A,20200101,2020,52,2020,276,DEU,Germany,M,Import,36,AUS,Australia,0,W00,World,H5,HS,TRUE,2817,Zinc,Zinc,4,FALSE,C00,TOTAL CPC,0,0,TOTAL MOT,8,kg,104646.994,TRUE,-1,N/A,0,FALSE,104646.994,TRUE,0,FALSE,1150506.938,0,1150506.938,6,FALSE,TRUE
C,A,20200101,2020,52,2020,276,DEU,Germany,M,Import,40,AUT,Austria,0,W00,World,H5,HS,TRUE,2817,Zinc,Zinc,4,FALSE,C00,TOTAL CPC,0,0,TOTAL MOT,8,kg,6949645,FALSE,8,kg,6949645,FALSE,6949645,FALSE,0,FALSE,15355452.46,0,15355452.46,0,FALSE,TRUE
C,A,20200101,2020,52,2020,276,DEU,Germany,M,Import,56,BEL,Belgium,0,W00,World,H5,HS,TRUE,2817,Zinc,Zinc,4,FALSE,C00,TOTAL CPC,0,0,TOTAL MOT,8,kg,3854985.487,TRUE,-1,N/A,0,FALSE,3854985.487,TRUE,0,FALSE,10408348.39,0,10408348.39,6,FALSE,TRUE
C,A,20200101,2020,52,2020,276,DEU,Germany,M,Import,76,BRA,Brazil,0,W00,World,H5,HS,TRUE,2817,Zinc,Zinc,4,FALSE,C00,TOTAL CPC,0,0,TOTAL MOT,8,kg,4000,FALSE,8,kg,4000,FALSE,4000,FALSE,0,FALSE,10847.231,0,10847.231,0,FALSE,TRUE
C,A,20200101,2020,52,2020,276,DEU,Germany,M,Import,124,CAN,Canada,0,W00,World,H5,HS,TRUE,2817,Zinc,Zinc,4,FALSE,C00,TOTAL CPC,0,0,TOTAL MOT,8,kg,6822.149,TRUE,-1,N/A,0,FALSE,6822.149,TRUE,0,FALSE,31788.683,0,31788.683,6,FALSE,TRUE
C,A,20200101,2020,52,2020,276,DEU,Germany,M,Import,156,CHN,China,0,W00,World,H5,HS,TRUE,2817,Zinc,Zinc,4,FALSE,C00,TOTAL CPC,0,0,TOTAL MOT,8,kg,58114.349,TRUE,-1,N/A,0,FALSE,58114.349,TRUE,0,FALSE,238252.865,0,238252.865,6,FALSE,TRUE
C,A,20200101,2020,52,2020,276,DEU,Germany,M,Import,203,CZE,Czechia,0,W00,World,H5,HS,TRUE,2817,Zinc,Zinc,4,FALSE,C00,TOTAL CPC,0,0,TOTAL MOT,8,kg,780293,FALSE,8,kg,780293,FALSE,780293,FALSE,0,FALSE,1887658.158,0,1887658.158,0,FALSE,TRUE
C,A,20200101,2020,52,2020,276,DEU,Germany,M,Import,208,DNK,Denmark,0,W00,World,H5,HS,TRUE,2817,Zinc,Zinc,4,FALSE,C00,TOTAL CPC,0,0,TOTAL MOT,8,kg,10122,FALSE,8,kg,10122,FALSE,10122,FALSE,0,FALSE,9197.236,0,9197.236,0,FALSE,TRUE
C,A,20200101,2020,52,2020,276,DEU,Germany,M,Import,246,FIN,Finland,0,W00,World,H5,HS,TRUE,2817,Zinc,Zinc,4,FALSE,C00,TOTAL CPC,0,0,TOTAL MOT,8,kg,35427,FALSE,8,kg,35427,FALSE,35427,FALSE,0,FALSE,431204,0,431204,0,FALSE,TRUE
C,A,20200101,2020,52,2020,276,DEU,Germany,M,Import,251,FRA,France,0,W00,World,H5,HS,TRUE,2817,Zinc,Zinc,4,FALSE,C00,TOTAL CPC,0,0,TOTAL MOT,8,kg,144871,FALSE,8,kg,144871,FALSE,144871,FALSE,0,FALSE,359476.071,0,359476.071,0,FALSE,TRUE
C,A,20200101,2020,52,2020,276,DEU,Germany,M,Import,300,GRC,Greece,0,W00,World,H5,HS,TRUE,2817,Zinc,Zinc,4,FALSE,C00,TOTAL CPC,0,0,TOTAL MOT,8,kg,96000,FALSE,8,kg,96000,FALSE,96000,FALSE,0,FALSE,150967.678,0,150967.678,0,FALSE,TRUE
C,A,20200101,2020,52,2020,276,DEU,Germany,M,Import,380,ITA,Italy,0,W00,World,H5,HS,TRUE,2817,Zinc,Zinc,4,FALSE,C00,TOTAL CPC,0,0,TOTAL MOT,8,kg,272733,FALSE,8,kg,272733,FALSE,272733,FALSE,0,FALSE,732346.353,0,732346.353,0,FALSE,TRUE
C,A,20200101,2020,52,2020,276,DEU,Germany,M,Import,392,JPN,Japan,0,W00,World,H5,HS,TRUE,2817,Zinc,Zinc,4,FALSE,C00,TOTAL CPC,0,0,TOTAL MOT,8,kg,13555,FALSE,8,kg,13555,FALSE,13555,FALSE,0,FALSE,67404.12,0,67404.12,0,FALSE,TRUE
C,A,20200101,2020,52,2020,276,DEU,Germany,M,Import,410,KOR,South Korea,0,W00,World,H5,HS,TRUE,2817,Zinc,Zinc,4,FALSE,C00,TOTAL CPC,0,0,TOTAL MOT,8,kg,3258,FALSE,8,kg,3258,FALSE,3258,FALSE,0,FALSE,8720.749,0,8720.749,0,FALSE,TRUE
C,A,20200101,2020,52,2020,276,DEU,Germany,M,Import,484,MEX,Mexico,0,W00,World,H5,HS,TRUE,2817,Zinc,Zinc,4,FALSE,C00,TOTAL CPC,0,0,TOTAL MOT,8,kg,2030291.586,TRUE,-1,N/A,0,FALSE,2030291.586,TRUE,0,FALSE,3408703.217,0,3408703.217,6,FALSE,TRUE
C,A,20200101,2020,52,2020,276,DEU,Germany,M,Import,490,S19,"Other Asia, nes",0,W00,World,H5,HS,TRUE,2817,Zinc,Zinc,4,FALSE,C00,TOTAL CPC,0,0,TOTAL MOT,8,kg,160000,FALSE,8,kg,160000,FALSE,160000,FALSE,0,FALSE,527533.308,0,527533.308,0,FALSE,TRUE
C,A,20200101,2020,52,2020,276,DEU,Germany,M,Import,528,NLD,Netherlands,0,W00,World,H5,HS,TRUE,2817,Zinc,Zinc,4,FALSE,C00,TOTAL CPC,0,0,TOTAL MOT,8,kg,5993713.312,TRUE,-1,N/A,0,FALSE,5993713.312,TRUE,0,FALSE,13325614.79,0,13325614.79,6,FALSE,TRUE
C,A,20200101,2020,52,2020,276,DEU,Germany,M,Import,579,NOR,Norway,0,W00,World,H5,HS,TRUE,2817,Zinc,Zinc,4,FALSE,C00,TOTAL CPC,0,0,TOTAL MOT,8,kg,72200,FALSE,8,kg,72200,FALSE,72200,FALSE,0,FALSE,176261.505,0,176261.505,0,FALSE,TRUE
C,A,20200101,2020,52,2020,276,DEU,Germany,M,Import,604,PER,Peru,0,W00,World,H5,HS,TRUE,2817,Zinc,Zinc,4,FALSE,C00,TOTAL CPC,0,0,TOTAL MOT,8,kg,5627293.074,TRUE,-1,N/A,0,FALSE,5627293.074,TRUE,0,FALSE,13458215.42,0,13458215.42,6,FALSE,TRUE
C,A,20200101,2020,52,2020,276,DEU,Germany,M,Import,616,POL,Poland,0,W00,World,H5,HS,TRUE,2817,Zinc,Zinc,4,FALSE,C00,TOTAL CPC,0,0,TOTAL MOT,8,kg,2369225,FALSE,8,kg,2369225,FALSE,2369225,FALSE,0,FALSE,5294417.717,0,5294417.717,0,FALSE,TRUE
C,A,20200101,2020,52,2020,276,DEU,Germany,M,Import,642,ROU,Romania,0,W00,World,H5,HS,TRUE,2817,Zinc,Zinc,4,FALSE,C00,TOTAL CPC,0,0,TOTAL MOT,8,kg,33410,FALSE,8,kg,33410,FALSE,33410,FALSE,0,FALSE,77722.301,0,77722.301,0,FALSE,TRUE
C,A,20200101,2020,52,2020,276,DEU,Germany,M,Import,643,RUS,Russia,0,W00,World,H5,HS,TRUE,2817,Zinc,Zinc,4,FALSE,C00,TOTAL CPC,0,0,TOTAL MOT,8,kg,1123305.451,TRUE,-1,N/A,0,FALSE,1123305.451,TRUE,0,FALSE,2597986.677,0,2597986.677,6,FALSE,TRUE
C,A,20200101,2020,52,2020,276,DEU,Germany,M,Import,682,SAU,Saudi Arabia,0,W00,World,H5,HS,TRUE,2817,Zinc,Zinc,4,FALSE,C00,TOTAL CPC,0,0,TOTAL MOT,8,kg,10000,FALSE,8,kg,10000,FALSE,10000,FALSE,0,FALSE,23983.202,0,23983.202,0,FALSE,TRUE
C,A,20200101,2020,52,2020,276,DEU,Germany,M,Import,699,IND,India,0,W00,World,H5,HS,TRUE,2817,Zinc,Zinc,4,FALSE,C00,TOTAL CPC,0,0,TOTAL MOT,8,kg,148.257,TRUE,-1,N/A,0,FALSE,148.257,TRUE,0,FALSE,414.784,0,414.784,6,FALSE,TRUE
C,A,20200101,2020,52,2020,276,DEU,Germany,M,Import,703,SVK,Slovakia,0,W00,World,H5,HS,TRUE,2817,Zinc,Zinc,4,FALSE,C00,TOTAL CPC,0,0,TOTAL MOT,8,kg,1247750,FALSE,8,kg,1247750,FALSE,1247750,FALSE,0,FALSE,2852053.897,0,2852053.897,0,FALSE,TRUE
C,A,20200101,2020,52,2020,276,DEU,Germany,M,Import,724,ESP,Spain,0,W00,World,H5,HS,TRUE,2817,Zinc,Zinc,4,FALSE,C00,TOTAL CPC,0,0,TOTAL MOT,8,kg,80627,FALSE,8,kg,80627,FALSE,80627,FALSE,0,FALSE,219921.239,0,219921.239,0,FALSE,TRUE
C,A,20200101,2020,52,2020,276,DEU,Germany,M,Import,757,CHE,Switzerland,0,W00,World,H5,HS,TRUE,2817,Zinc,Zinc,4,FALSE,C00,TOTAL CPC,0,0,TOTAL MOT,8,kg,30294.987,TRUE,-1,N/A,0,FALSE,30294.987,TRUE,0,FALSE,84281.145,0,84281.145,6,FALSE,TRUE
C,A,20200101,2020,52,2020,276,DEU,Germany,M,Import,764,THA,Thailand,0,W00,World,H5,HS,TRUE,2817,Zinc,Zinc,4,FALSE,C00,TOTAL CPC,0,0,TOTAL MOT,8,kg,83317.187,TRUE,-1,N/A,0,FALSE,83317.187,TRUE,0,FALSE,207829.656,0,207829.656,6,FALSE,TRUE
C,A,20200101,2020,52,2020,276,DEU,Germany,M,Import,792,TUR,Turkey,0,W00,World,H5,HS,TRUE,2817,Zinc,Zinc,4,FALSE,C00,TOTAL CPC,0,0,TOTAL MOT,8,kg,702016.937,TRUE,-1,N/A,0,FALSE,702016.937,TRUE,0,FALSE,1426572.567,0,1426572.567,6,FALSE,TRUE
C,A,20200101,2020,52,2020,276,DEU,Germany,M,Import,826,GBR,United Kingdom,0,W00,World,H5,HS,TRUE,2817,Zinc,Zinc,4,FALSE,C00,TOTAL CPC,0,0,TOTAL MOT,8,kg,72095.097,TRUE,-1,N/A,0,FALSE,72095.097,TRUE,0,FALSE,240250.227,0,240250.227,6,FALSE,TRUE
C,A,20200101,2020,52,2020,276,DEU,Germany,M,Import,842,USA,USA,0,W00,World,H5,HS,TRUE,2817,Zinc,Zinc,4,FALSE,C00,TOTAL CPC,0,0,TOTAL MOT,8,kg,105173.891,TRUE,-1,N/A,0,FALSE,105173.891,TRUE,0,FALSE,420731.56,0,420731.56,6,FALSE,TRUE
C,A,20200101,2020,52,2020,276,DEU,Germany,M,Import,0,W00,World,0,W00,World,H5,HS,TRUE,2819,Chromium oxides and hydroxides,Chromium,4,FALSE,C00,TOTAL CPC,0,0,TOTAL MOT,8,kg,8314135.415,TRUE,-1,N/A,0,FALSE,8314135.415,TRUE,0,FALSE,24502767.11,0,24502767.11,6,FALSE,TRUE
C,A,20200101,2020,52,2020,276,DEU,Germany,M,Import,8,ALB,Albania,0,W00,World,H5,HS,TRUE,2819,Chromium oxides and hydroxides,Chromium,4,FALSE,C00,TOTAL CPC,0,0,TOTAL MOT,8,kg,1,FALSE,8,kg,1,FALSE,1,FALSE,0,FALSE,6.856,0,6.856,0,FALSE,TRUE
C,A,20200101,2020,52,2020,276,DEU,Germany,M,Import,40,AUT,Austria,0,W00,World,H5,HS,TRUE,2819,Chromium oxides and hydroxides,Chromium,4,FALSE,C00,TOTAL CPC,0,0,TOTAL MOT,8,kg,88389,FALSE,8,kg,88389,FALSE,88389,FALSE,0,FALSE,195528.967,0,195528.967,0,FALSE,TRUE
C,A,20200101,2020,52,2020,276,DEU,Germany,M,Import,56,BEL,Belgium,0,W00,World,H5,HS,TRUE,2819,Chromium oxides and hydroxides,Chromium,4,FALSE,C00,TOTAL CPC,0,0,TOTAL MOT,8,kg,19194.463,TRUE,-1,N/A,0,FALSE,19194.463,TRUE,0,FALSE,89401.386,0,89401.386,6,FALSE,TRUE
C,A,20200101,2020,52,2020,276,DEU,Germany,M,Import,76,BRA,Brazil,0,W00,World,H5,HS,TRUE,2819,Chromium oxides and hydroxides,Chromium,4,FALSE,C00,TOTAL CPC,0,0,TOTAL MOT,8,kg,25,FALSE,8,kg,25,FALSE,25,FALSE,0,FALSE,6209.191,0,6209.191,0,FALSE,TRUE
C,A,20200101,2020,52,2020,276,DEU,Germany,M,Import,156,CHN,China,0,W00,World,H5,HS,TRUE,2819,Chromium oxides and hydroxides,Chromium,4,FALSE,C00,TOTAL CPC,0,0,TOTAL MOT,8,kg,143378.652,TRUE,-1,N/A,0,FALSE,143378.652,TRUE,0,FALSE,720501.583,0,720501.583,6,FALSE,TRUE
C,A,20200101,2020,52,2020,276,DEU,Germany,M,Import,203,CZE,Czechia,0,W00,World,H5,HS,TRUE,2819,Chromium oxides and hydroxides,Chromium,4,FALSE,C00,TOTAL CPC,0,0,TOTAL MOT,8,kg,380,FALSE,8,kg,380,FALSE,380,FALSE,0,FALSE,14500.301,0,14500.301,0,FALSE,TRUE
C,A,20200101,2020,52,2020,276,DEU,Germany,M,Import,251,FRA,France,0,W00,World,H5,HS,TRUE,2819,Chromium oxides and hydroxides,Chromium,4,FALSE,C00,TOTAL CPC,0,0,TOTAL MOT,8,kg,7801,FALSE,8,kg,7801,FALSE,7801,FALSE,0,FALSE,44545.292,0,44545.292,0,FALSE,TRUE
C,A,20200101,2020,52,2020,276,DEU,Germany,M,Import,348,HUN,Hungary,0,W00,World,H5,HS,TRUE,2819,Chromium oxides and hydroxides,Chromium,4,FALSE,C00,TOTAL CPC,0,0,TOTAL MOT,8,kg,2000,FALSE,8,kg,2000,FALSE,2000,FALSE,0,FALSE,11716.792,0,11716.792,0,FALSE,TRUE
C,A,20200101,2020,52,2020,276,DEU,Germany,M,Import,372,IRL,Ireland,0,W00,World,H5,HS,TRUE,2819,Chromium oxides and hydroxides,Chromium,4,FALSE,C00,TOTAL CPC,0,0,TOTAL MOT,8,kg,25,FALSE,8,kg,25,FALSE,25,FALSE,0,FALSE,2453.282,0,2453.282,0,FALSE,TRUE
C,A,20200101,2020,52,2020,276,DEU,Germany,M,Import,380,ITA,Italy,0,W00,World,H5,HS,TRUE,2819,Chromium oxides and hydroxides,Chromium,4,FALSE,C00,TOTAL CPC,0,0,TOTAL MOT,8,kg,134261,FALSE,8,kg,134261,FALSE,134261,FALSE,0,FALSE,481715.098,0,481715.098,0,FALSE,TRUE
C,A,20200101,2020,52,2020,276,DEU,Germany,M,Import,392,JPN,Japan,0,W00,World,H5,HS,TRUE,2819,Chromium oxides and hydroxides,Chromium,4,FALSE,C00,TOTAL CPC,0,0,TOTAL MOT,8,kg,255,FALSE,8,kg,255,FALSE,255,FALSE,0,FALSE,1247.78,0,1247.78,0,FALSE,TRUE
C,A,20200101,2020,52,2020,276,DEU,Germany,M,Import,398,KAZ,Kazakhstan,0,W00,World,H5,HS,TRUE,2819,Chromium oxides and hydroxides,Chromium,4,FALSE,C00,TOTAL CPC,0,0,TOTAL MOT,8,kg,4867000,FALSE,8,kg,4867000,FALSE,4867000,FALSE,0,FALSE,12002556.55,0,12002556.55,0,FALSE,TRUE
C,A,20200101,2020,52,2020,276,DEU,Germany,M,Import,428,LVA,Latvia,0,W00,World,H5,HS,TRUE,2819,Chromium oxides and hydroxides,Chromium,4,FALSE,C00,TOTAL CPC,0,0,TOTAL MOT,8,kg,96840,FALSE,8,kg,96840,FALSE,96840,FALSE,0,FALSE,291706.301,0,291706.301,0,FALSE,TRUE
C,A,20200101,2020,52,2020,276,DEU,Germany,M,Import,528,NLD,Netherlands,0,W00,World,H5,HS,TRUE,2819,Chromium oxides and hydroxides,Chromium,4,FALSE,C00,TOTAL CPC,0,0,TOTAL MOT,8,kg,22618,FALSE,8,kg,22618,FALSE,22618,FALSE,0,FALSE,96657.25,0,96657.25,0,FALSE,TRUE
C,A,20200101,2020,52,2020,276,DEU,Germany,M,Import,643,RUS,Russia,0,W00,World,H5,HS,TRUE,2819,Chromium oxides and hydroxides,Chromium,4,FALSE,C00,TOTAL CPC,0,0,TOTAL MOT,8,kg,583401,FALSE,8,kg,583401,FALSE,583401,FALSE,0,FALSE,1429058.986,0,1429058.986,0,FALSE,TRUE
C,A,20200101,2020,52,2020,276,DEU,Germany,M,Import,699,IND,India,0,W00,World,H5,HS,TRUE,2819,Chromium oxides and hydroxides,Chromium,4,FALSE,C00,TOTAL CPC,0,0,TOTAL MOT,8,kg,180362,FALSE,8,kg,180362,FALSE,180362,FALSE,0,FALSE,656491.151,0,656491.151,0,FALSE,TRUE
C,A,20200101,2020,52,2020,276,DEU,Germany,M,Import,710,ZAF,South Africa,0,W00,World,H5,HS,TRUE,2819,Chromium oxides and hydroxides,Chromium,4,FALSE,C00,TOTAL CPC,0,0,TOTAL MOT,8,kg,449105,FALSE,8,kg,449105,FALSE,449105,FALSE,0,FALSE,1512123.203,0,1512123.203,0,FALSE,TRUE
C,A,20200101,2020,52,2020,276,DEU,Germany,M,Import,724,ESP,Spain,0,W00,World,H5,HS,TRUE,2819,Chromium oxides and hydroxides,Chromium,4,FALSE,C00,TOTAL CPC,0,0,TOTAL MOT,8,kg,77155,FALSE,8,kg,77155,FALSE,77155,FALSE,0,FALSE,331600.984,0,331600.984,0,FALSE,TRUE
C,A,20200101,2020,52,2020,276,DEU,Germany,M,Import,752,SWE,Sweden,0,W00,World,H5,HS,TRUE,2819,Chromium oxides and hydroxides,Chromium,4,FALSE,C00,TOTAL CPC,0,0,TOTAL MOT,8,kg,66,FALSE,8,kg,66,FALSE,66,FALSE,0,FALSE,3375.405,0,3375.405,0,FALSE,TRUE
C,A,20200101,2020,52,2020,276,DEU,Germany,M,Import,757,CHE,Switzerland,0,W00,World,H5,HS,TRUE,2819,Chromium oxides and hydroxides,Chromium,4,FALSE,C00,TOTAL CPC,0,0,TOTAL MOT,8,kg,183,FALSE,8,kg,183,FALSE,183,FALSE,0,FALSE,3166.299,0,3166.299,0,FALSE,TRUE
C,A,20200101,2020,52,2020,276,DEU,Germany,M,Import,792,TUR,Turkey,0,W00,World,H5,HS,TRUE,2819,Chromium oxides and hydroxides,Chromium,4,FALSE,C00,TOTAL CPC,0,0,TOTAL MOT,8,kg,476572,FALSE,8,kg,476572,FALSE,476572,FALSE,0,FALSE,1171449.532,0,1171449.532,0,FALSE,TRUE
C,A,20200101,2020,52,2020,276,DEU,Germany,M,Import,826,GBR,United Kingdom,0,W00,World,H5,HS,TRUE,2819,Chromium oxides and hydroxides,Chromium,4,FALSE,C00,TOTAL CPC,0,0,TOTAL MOT,8,kg,267840.747,TRUE,-1,N/A,0,FALSE,267840.747,TRUE,0,FALSE,1340449.46,0,1340449.46,6,FALSE,TRUE
C,A,20200101,2020,52,2020,276,DEU,Germany,M,Import,842,USA,USA,0,W00,World,H5,HS,TRUE,2819,Chromium oxides and hydroxides,Chromium,4,FALSE,C00,TOTAL CPC,0,0,TOTAL MOT,8,kg,897282.552,TRUE,-1,N/A,0,FALSE,897282.552,TRUE,0,FALSE,4096305.456,0,4096305.456,6,FALSE,TRUE
C,A,20200101,2020,52,2020,276,DEU,Germany,M,Import,0,W00,World,0,W00,World,H5,HS,TRUE,2820,Manganese oxides,Manganese,4,FALSE,C00,TOTAL CPC,0,0,TOTAL MOT,8,kg,17247596.43,TRUE,-1,N/A,0,FALSE,17247596.43,TRUE,0,FALSE,29534158.04,0,29534158.04,6,FALSE,TRUE
C,A,20200101,2020,52,2020,276,DEU,Germany,M,Import,40,AUT,Austria,0,W00,World,H5,HS,TRUE,2820,Manganese oxides,Manganese,4,FALSE,C00,TOTAL CPC,0,0,TOTAL MOT,8,kg,10510,FALSE,8,kg,10510,FALSE,10510,FALSE,0,FALSE,22350.346,0,22350.346,0,FALSE,TRUE
C,A,20200101,2020,52,2020,276,DEU,Germany,M,Import,56,BEL,Belgium,0,W00,World,H5,HS,TRUE,2820,Manganese oxides,Manganese,4,FALSE,C00,TOTAL CPC,0,0,TOTAL MOT,8,kg,279878,FALSE,8,kg,279878,FALSE,279878,FALSE,0,FALSE,744167.126,0,744167.126,0,FALSE,TRUE
C,A,20200101,2020,52,2020,276,DEU,Germany,M,Import,76,BRA,Brazil,0,W00,World,H5,HS,TRUE,2820,Manganese oxides,Manganese,4,FALSE,C00,TOTAL CPC,0,0,TOTAL MOT,8,kg,737552,FALSE,8,kg,737552,FALSE,737552,FALSE,0,FALSE,601860.779,0,601860.779,0,FALSE,TRUE
C,A,20200101,2020,52,2020,276,DEU,Germany,M,Import,124,CAN,Canada,0,W00,World,H5,HS,TRUE,2820,Manganese oxides,Manganese,4,FALSE,C00,TOTAL CPC,0,0,TOTAL MOT,8,kg,27668,FALSE,8,kg,27668,FALSE,27668,FALSE,0,FALSE,51849.147,0,51849.147,0,FALSE,TRUE
C,A,20200101,2020,52,2020,276,DEU,Germany,M,Import,156,CHN,China,0,W00,World,H5,HS,TRUE,2820,Manganese oxides,Manganese,4,FALSE,C00,TOTAL CPC,0,0,TOTAL MOT,8,kg,3809116.981,TRUE,-1,N/A,0,FALSE,3809116.981,TRUE,0,FALSE,6810644.197,0,6810644.197,6,FALSE,TRUE
C,A,20200101,2020,52,2020,276,DEU,Germany,M,Import,203,CZE,Czechia,0,W00,World,H5,HS,TRUE,2820,Manganese oxides,Manganese,4,FALSE,C00,TOTAL CPC,0,0,TOTAL MOT,8,kg,47750,FALSE,8,kg,47750,FALSE,47750,FALSE,0,FALSE,41767.496,0,41767.496,0,FALSE,TRUE
C,A,20200101,2020,52,2020,276,DEU,Germany,M,Import,251,FRA,France,0,W00,World,H5,HS,TRUE,2820,Manganese oxides,Manganese,4,FALSE,C00,TOTAL CPC,0,0,TOTAL MOT,8,kg,1146607.654,TRUE,-1,N/A,0,FALSE,1146607.654,TRUE,0,FALSE,701475.222,0,701475.222,6,FALSE,TRUE
C,A,20200101,2020,52,2020,276,DEU,Germany,M,Import,268,GEO,Georgia,0,W00,World,H5,HS,TRUE,2820,Manganese oxides,Manganese,4,FALSE,C00,TOTAL CPC,0,0,TOTAL MOT,8,kg,36850,FALSE,8,kg,36850,FALSE,36850,FALSE,0,FALSE,32769.082,0,32769.082,0,FALSE,TRUE
C,A,20200101,2020,52,2020,276,DEU,Germany,M,Import,300,GRC,Greece,0,W00,World,H5,HS,TRUE,2820,Manganese oxides,Manganese,4,FALSE,C00,TOTAL CPC,0,0,TOTAL MOT,8,kg,5760774,FALSE,8,kg,5760774,FALSE,5760774,FALSE,0,FALSE,11300520.29,0,11300520.29,0,FALSE,TRUE
C,A,20200101,2020,52,2020,276,DEU,Germany,M,Import,380,ITA,Italy,0,W00,World,H5,HS,TRUE,2820,Manganese oxides,Manganese,4,FALSE,C00,TOTAL CPC,0,0,TOTAL MOT,8,kg,500,FALSE,8,kg,500,FALSE,500,FALSE,0,FALSE,387.36,0,387.36,0,FALSE,TRUE
C,A,20200101,2020,52,2020,276,DEU,Germany,M,Import,392,JPN,Japan,0,W00,World,H5,HS,TRUE,2820,Manganese oxides,Manganese,4,FALSE,C00,TOTAL CPC,0,0,TOTAL MOT,8,kg,3407,FALSE,8,kg,3407,FALSE,3407,FALSE,0,FALSE,7348.419,0,7348.419,0,FALSE,TRUE
C,A,20200101,2020,52,2020,276,DEU,Germany,M,Import,442,LUX,Luxembourg,0,W00,World,H5,HS,TRUE,2820,Manganese oxides,Manganese,4,FALSE,C00,TOTAL CPC,0,0,TOTAL MOT,8,kg,10000,FALSE,8,kg,10000,FALSE,10000,FALSE,0,FALSE,20567.804,0,20567.804,0,FALSE,TRUE
C,A,20200101,2020,52,2020,276,DEU,Germany,M,Import,484,MEX,Mexico,0,W00,World,H5,HS,TRUE,2820,Manganese oxides,Manganese,4,FALSE,C00,TOTAL CPC,0,0,TOTAL MOT,8,kg,14000,FALSE,8,kg,14000,FALSE,14000,FALSE,0,FALSE,12616.062,0,12616.062,0,FALSE,TRUE
C,A,20200101,2020,52,2020,276,DEU,Germany,M,Import,528,NLD,Netherlands,0,W00,World,H5,HS,TRUE,2820,Manganese oxides,Manganese,4,FALSE,C00,TOTAL CPC,0,0,TOTAL MOT,8,kg,646437,FALSE,8,kg,646437,FALSE,646437,FALSE,0,FALSE,578684.293,0,578684.293,0,FALSE,TRUE
C,A,20200101,2020,52,2020,276,DEU,Germany,M,Import,699,IND,India,0,W00,World,H5,HS,TRUE,2820,Manganese oxides,Manganese,4,FALSE,C00,TOTAL CPC,0,0,TOTAL MOT,8,kg,10281,FALSE,8,kg,10281,FALSE,10281,FALSE,0,FALSE,19601.117,0,19601.117,0,FALSE,TRUE
C,A,20200101,2020,52,2020,276,DEU,Germany,M,Import,710,ZAF,South Africa,0,W00,World,H5,HS,TRUE,2820,Manganese oxides,Manganese,4,FALSE,C00,TOTAL CPC,0,0,TOTAL MOT,8,kg,16872,FALSE,8,kg,16872,FALSE,16872,FALSE,0,FALSE,14841.956,0,14841.956,0,FALSE,TRUE
C,A,20200101,2020,52,2020,276,DEU,Germany,M,Import,724,ESP,Spain,0,W00,World,H5,HS,TRUE,2820,Manganese oxides,Manganese,4,FALSE,C00,TOTAL CPC,0,0,TOTAL MOT,8,kg,4327866,FALSE,8,kg,4327866,FALSE,4327866,FALSE,0,FALSE,7259241.703,0,7259241.703,0,FALSE,TRUE
C,A,20200101,2020,52,2020,276,DEU,Germany,M,Import,757,CHE,Switzerland,0,W00,World,H5,HS,TRUE,2820,Manganese oxides,Manganese,4,FALSE,C00,TOTAL CPC,0,0,TOTAL MOT,8,kg,88,FALSE,8,kg,88,FALSE,88,FALSE,0,FALSE,5811.547,0,5811.547,0,FALSE,TRUE
C,A,20200101,2020,52,2020,276,DEU,Germany,M,Import,804,UKR,Ukraine,0,W00,World,H5,HS,TRUE,2820,Manganese oxides,Manganese,4,FALSE,C00,TOTAL CPC,0,0,TOTAL MOT,8,kg,60000,FALSE,8,kg,60000,FALSE,60000,FALSE,0,FALSE,74044.093,0,74044.093,0,FALSE,TRUE
C,A,20200101,2020,52,2020,276,DEU,Germany,M,Import,826,GBR,United Kingdom,0,W00,World,H5,HS,TRUE,2820,Manganese oxides,Manganese,4,FALSE,C00,TOTAL CPC,0,0,TOTAL MOT,8,kg,20902.781,TRUE,-1,N/A,0,FALSE,20902.781,TRUE,0,FALSE,33314.128,0,33314.128,6,FALSE,TRUE
C,A,20200101,2020,52,2020,276,DEU,Germany,M,Import,842,USA,USA,0,W00,World,H5,HS,TRUE,2820,Manganese oxides,Manganese,4,FALSE,C00,TOTAL CPC,0,0,TOTAL MOT,8,kg,280536.018,TRUE,-1,N/A,0,FALSE,280536.018,TRUE,0,FALSE,1200295.877,0,1200295.877,6,FALSE,TRUE
C,A,20200101,2020,52,2020,276,DEU,Germany,M,Import,0,W00,World,0,W00,World,H5,HS,TRUE,2822,Cobalt oxides and hydroxides,Cobalt,4,FALSE,C00,TOTAL CPC,0,0,TOTAL MOT,8,kg,1137184.686,TRUE,-1,N/A,0,FALSE,1137184.686,TRUE,0,FALSE,28846224.43,0,28846224.43,6,FALSE,TRUE
C,A,20200101,2020,52,2020,276,DEU,Germany,M,Import,56,BEL,Belgium,0,W00,World,H5,HS,TRUE,2822,Cobalt oxides and hydroxides,Cobalt,4,FALSE,C00,TOTAL CPC,0,0,TOTAL MOT,8,kg,114794,FALSE,8,kg,114794,FALSE,114794,FALSE,0,FALSE,3271351.425,0,3271351.425,0,FALSE,TRUE
C,A,20200101,2020,52,2020,276,DEU,Germany,M,Import,156,CHN,China,0,W00,World,H5,HS,TRUE,2822,Cobalt oxides and hydroxides,Cobalt,4,FALSE,C00,TOTAL CPC,0,0,TOTAL MOT,8,kg,5576.073,TRUE,-1,N/A,0,FALSE,5576.073,TRUE,0,FALSE,308258.812,0,308258.812,6,FALSE,TRUE
C,A,20200101,2020,52,2020,276,DEU,Germany,M,Import,208,DNK,Denmark,0,W00,World,H5,HS,TRUE,2822,Cobalt oxides and hydroxides,Cobalt,4,FALSE,C00,TOTAL CPC,0,0,TOTAL MOT,8,kg,23827,FALSE,8,kg,23827,FALSE,23827,FALSE,0,FALSE,59949.434,0,59949.434,0,FALSE,TRUE
C,A,20200101,2020,52,2020,276,DEU,Germany,M,Import,246,FIN,Finland,0,W00,World,H5,HS,TRUE,2822,Cobalt oxides and hydroxides,Cobalt,4,FALSE,C00,TOTAL CPC,0,0,TOTAL MOT,8,kg,938746,FALSE,8,kg,938746,FALSE,938746,FALSE,0,FALSE,23595463.02,0,23595463.02,0,FALSE,TRUE
C,A,20200101,2020,52,2020,276,DEU,Germany,M,Import,251,FRA,France,0,W00,World,H5,HS,TRUE,2822,Cobalt oxides and hydroxides,Cobalt,4,FALSE,C00,TOTAL CPC,0,0,TOTAL MOT,8,kg,888.973,TRUE,-1,N/A,0,FALSE,888.973,TRUE,0,FALSE,95556.872,0,95556.872,6,FALSE,TRUE
C,A,20200101,2020,52,2020,276,DEU,Germany,M,Import,372,IRL,Ireland,0,W00,World,H5,HS,TRUE,2822,Cobalt oxides and hydroxides,Cobalt,4,FALSE,C00,TOTAL CPC,0,0,TOTAL MOT,8,kg,730,FALSE,8,kg,730,FALSE,730,FALSE,0,FALSE,18564.728,0,18564.728,0,FALSE,TRUE
C,A,20200101,2020,52,2020,276,DEU,Germany,M,Import,380,ITA,Italy,0,W00,World,H5,HS,TRUE,2822,Cobalt oxides and hydroxides,Cobalt,4,FALSE,C00,TOTAL CPC,0,0,TOTAL MOT,8,kg,48044,FALSE,8,kg,48044,FALSE,48044,FALSE,0,FALSE,1302321.323,0,1302321.323,0,FALSE,TRUE
C,A,20200101,2020,52,2020,276,DEU,Germany,M,Import,392,JPN,Japan,0,W00,World,H5,HS,TRUE,2822,Cobalt oxides and hydroxides,Cobalt,4,FALSE,C00,TOTAL CPC,0,0,TOTAL MOT,8,kg,41.991,TRUE,-1,N/A,0,FALSE,41.991,TRUE,0,FALSE,23566.132,0,23566.132,6,FALSE,TRUE
C,A,20200101,2020,52,2020,276,DEU,Germany,M,Import,410,KOR,South Korea,0,W00,World,H5,HS,TRUE,2822,Cobalt oxides and hydroxides,Cobalt,4,FALSE,C00,TOTAL CPC,0,0,TOTAL MOT,8,kg,7,FALSE,8,kg,7,FALSE,7,FALSE,0,FALSE,20.568,0,20.568,0,FALSE,TRUE
C,A,20200101,2020,52,2020,276,DEU,Germany,M,Import,528,NLD,Netherlands,0,W00,World,H5,HS,TRUE,2822,Cobalt oxides and hydroxides,Cobalt,4,FALSE,C00,TOTAL CPC,0,0,TOTAL MOT,8,kg,61,FALSE,8,kg,61,FALSE,61,FALSE,0,FALSE,1502.592,0,1502.592,0,FALSE,TRUE
C,A,20200101,2020,52,2020,276,DEU,Germany,M,Import,699,IND,India,0,W00,World,H5,HS,TRUE,2822,Cobalt oxides and hydroxides,Cobalt,4,FALSE,C00,TOTAL CPC,0,0,TOTAL MOT,8,kg,108,FALSE,8,kg,108,FALSE,108,FALSE,0,FALSE,13483.338,0,13483.338,0,FALSE,TRUE
C,A,20200101,2020,52,2020,276,DEU,Germany,M,Import,724,ESP,Spain,0,W00,World,H5,HS,TRUE,2822,Cobalt oxides and hydroxides,Cobalt,4,FALSE,C00,TOTAL CPC,0,0,TOTAL MOT,8,kg,3594.609,TRUE,-1,N/A,0,FALSE,3594.609,TRUE,0,FALSE,110951.873,0,110951.873,6,FALSE,TRUE
C,A,20200101,2020,52,2020,276,DEU,Germany,M,Import,826,GBR,United Kingdom,0,W00,World,H5,HS,TRUE,2822,Cobalt oxides and hydroxides,Cobalt,4,FALSE,C00,TOTAL CPC,0,0,TOTAL MOT,8,kg,314.443,TRUE,-1,N/A,0,FALSE,314.443,TRUE,0,FALSE,12812.599,0,12812.599,6,FALSE,TRUE
C,A,20200101,2020,52,2020,276,DEU,Germany,M,Import,842,USA,USA,0,W00,World,H5,HS,TRUE,2822,Cobalt oxides and hydroxides,Cobalt,4,FALSE,C00,TOTAL CPC,0,0,TOTAL MOT,8,kg,451.598,TRUE,-1,N/A,0,FALSE,451.598,TRUE,0,FALSE,32421.714,0,32421.714,6,FALSE,TRUE
C,A,20200101,2020,52,2020,276,DEU,Germany,M,Import,0,W00,World,0,W00,World,H5,HS,TRUE,2504,Graphite,Graphite,4,FALSE,C00,TOTAL CPC,0,0,TOTAL MOT,8,kg,37017105.94,TRUE,-1,N/A,0,FALSE,37017105.94,TRUE,0,FALSE,38264660.43,0,38264660.43,6,FALSE,TRUE
C,A,20200101,2020,52,2020,276,DEU,Germany,M,Import,40,AUT,Austria,0,W00,World,H5,HS,TRUE,2504,Graphite,Graphite,4,FALSE,C00,TOTAL CPC,0,0,TOTAL MOT,8,kg,1089116.189,TRUE,-1,N/A,0,FALSE,1089116.189,TRUE,0,FALSE,1671707.648,0,1671707.648,6,FALSE,TRUE
C,A,20200101,2020,52,2020,276,DEU,Germany,M,Import,56,BEL,Belgium,0,W00,World,H5,HS,TRUE,2504,Graphite,Graphite,4,FALSE,C00,TOTAL CPC,0,0,TOTAL MOT,8,kg,32556.1,TRUE,-1,N/A,0,FALSE,32556.1,TRUE,0,FALSE,50960.161,0,50960.161,6,FALSE,TRUE
C,A,20200101,2020,52,2020,276,DEU,Germany,M,Import,76,BRA,Brazil,0,W00,World,H5,HS,TRUE,2504,Graphite,Graphite,4,FALSE,C00,TOTAL CPC,0,0,TOTAL MOT,8,kg,6715994,FALSE,8,kg,6715994,FALSE,6715994,FALSE,0,FALSE,10904117.01,0,10904117.01,0,FALSE,TRUE
C,A,20200101,2020,52,2020,276,DEU,Germany,M,Import,124,CAN,Canada,0,W00,World,H5,HS,TRUE,2504,Graphite,Graphite,4,FALSE,C00,TOTAL CPC,0,0,TOTAL MOT,8,kg,381073,FALSE,8,kg,381073,FALSE,381073,FALSE,0,FALSE,596332.611,0,596332.611,0,FALSE,TRUE
C,A,20200101,2020,52,2020,276,DEU,Germany,M,Import,144,LKA,Sri Lanka,0,W00,World,H5,HS,TRUE,2504,Graphite,Graphite,4,FALSE,C00,TOTAL CPC,0,0,TOTAL MOT,8,kg,399511,FALSE,8,kg,399511,FALSE,399511,FALSE,0,FALSE,671634.767,0,671634.767,0,FALSE,TRUE
C,A,20200101,2020,52,2020,276,DEU,Germany,M,Import,156,CHN,China,0,W00,World,H5,HS,TRUE,2504,Graphite,Graphite,4,FALSE,C00,TOTAL CPC,0,0,TOTAL MOT,8,kg,14829655.72,TRUE,-1,N/A,0,FALSE,14829655.72,TRUE,0,FALSE,11423326.07,0,11423326.07,6,FALSE,TRUE
C,A,20200101,2020,52,2020,276,DEU,Germany,M,Import,203,CZE,Czechia,0,W00,World,H5,HS,TRUE,2504,Graphite,Graphite,4,FALSE,C00,TOTAL CPC,0,0,TOTAL MOT,8,kg,1104892,FALSE,8,kg,1104892,FALSE,1104892,FALSE,0,FALSE,1222242.866,0,1222242.866,0,FALSE,TRUE
C,A,20200101,2020,52,2020,276,DEU,Germany,M,Import,233,EST,Estonia,0,W00,World,H5,HS,TRUE,2504,Graphite,Graphite,4,FALSE,C00,TOTAL CPC,0,0,TOTAL MOT,8,kg,340.316,TRUE,-1,N/A,0,FALSE,340.316,TRUE,0,FALSE,670.739,0,670.739,6,FALSE,TRUE
C,A,20200101,2020,52,2020,276,DEU,Germany,M,Import,246,FIN,Finland,0,W00,World,H5,HS,TRUE,2504,Graphite,Graphite,4,FALSE,C00,TOTAL CPC,0,0,TOTAL MOT,8,kg,2000,FALSE,8,kg,2000,FALSE,2000,FALSE,0,FALSE,2930.912,0,2930.912,0,FALSE,TRUE
C,A,20200101,2020,52,2020,276,DEU,Germany,M,Import,251,FRA,France,0,W00,World,H5,HS,TRUE,2504,Graphite,Graphite,4,FALSE,C00,TOTAL CPC,0,0,TOTAL MOT,8,kg,6000,FALSE,8,kg,6000,FALSE,6000,FALSE,0,FALSE,14191.784,0,14191.784,0,FALSE,TRUE
C,A,20200101,2020,52,2020,276,DEU,Germany,M,Import,344,HKG,Hong Kong,0,W00,World,H5,HS,TRUE,2504,Graphite,Graphite,4,FALSE,C00,TOTAL CPC,0,0,TOTAL MOT,8,kg,60000,FALSE,8,kg,60000,FALSE,60000,FALSE,0,FALSE,31184.218,0,31184.218,0,FALSE,TRUE
C,A,20200101,2020,52,2020,276,DEU,Germany,M,Import,380,ITA,Italy,0,W00,World,H5,HS,TRUE,2504,Graphite,Graphite,4,FALSE,C00,TOTAL CPC,0,0,TOTAL MOT,8,kg,60687,FALSE,8,kg,60687,FALSE,60687,FALSE,0,FALSE,108066.668,0,108066.668,0,FALSE,TRUE
C,A,20200101,2020,52,2020,276,DEU,Germany,M,Import,392,JPN,Japan,0,W00,World,H5,HS,TRUE,2504,Graphite,Graphite,4,FALSE,C00,TOTAL CPC,0,0,TOTAL MOT,8,kg,149446,FALSE,8,kg,149446,FALSE,149446,FALSE,0,FALSE,1811463.587,0,1811463.587,0,FALSE,TRUE
C,A,20200101,2020,52,2020,276,DEU,Germany,M,Import,410,KOR,South Korea,0,W00,World,H5,HS,TRUE,2504,Graphite,Graphite,4,FALSE,C00,TOTAL CPC,0,0,TOTAL MOT,8,kg,55005,FALSE,8,kg,55005,FALSE,55005,FALSE,0,FALSE,134935.075,0,134935.075,0,FALSE,TRUE
C,A,20200101,2020,52,2020,276,DEU,Germany,M,Import,450,MDG,Madagascar,0,W00,World,H5,HS,TRUE,2504,Graphite,Graphite,4,FALSE,C00,TOTAL CPC,0,0,TOTAL MOT,8,kg,3053930,FALSE,8,kg,3053930,FALSE,3053930,FALSE,0,FALSE,2041849.267,0,2041849.267,0,FALSE,TRUE
C,A,20200101,2020,52,2020,276,DEU,Germany,M,Import,508,MOZ,Mozambique,0,W00,World,H5,HS,TRUE,2504,Graphite,Graphite,4,FALSE,C00,TOTAL CPC,0,0,TOTAL MOT,8,kg,6360232,FALSE,8,kg,6360232,FALSE,6360232,FALSE,0,FALSE,4756744.482,0,4756744.482,0,FALSE,TRUE
C,A,20200101,2020,52,2020,276,DEU,Germany,M,Import,528,NLD,Netherlands,0,W00,World,H5,HS,TRUE,2504,Graphite,Graphite,4,FALSE,C00,TOTAL CPC,0,0,TOTAL MOT,8,kg,353863.894,TRUE,-1,N/A,0,FALSE,353863.894,TRUE,0,FALSE,481547.127,0,481547.127,6,FALSE,TRUE
C,A,20200101,2020,52,2020,276,DEU,Germany,M,Import,579,NOR,Norway,0,W00,World,H5,HS,TRUE,2504,Graphite,Graphite,4,FALSE,C00,TOTAL CPC,0,0,TOTAL MOT,8,kg,657190,FALSE,8,kg,657190,FALSE,657190,FALSE,0,FALSE,356337.196,0,356337.196,0,FALSE,TRUE
C,A,20200101,2020,52,2020,276,DEU,Germany,M,Import,616,POL,Poland,0,W00,World,H5,HS,TRUE,2504,Graphite,Graphite,4,FALSE,C00,TOTAL CPC,0,0,TOTAL MOT,8,kg,318686,FALSE,8,kg,318686,FALSE,318686,FALSE,0,FALSE,239080.148,0,239080.148,0,FALSE,TRUE
C,A,20200101,2020,52,2020,276,DEU,Germany,M,Import,642,ROU,Romania,0,W00,World,H5,HS,TRUE,2504,Graphite,Graphite,4,FALSE,C00,TOTAL CPC,0,0,TOTAL MOT,8,kg,1080,FALSE,8,kg,1080,FALSE,1080,FALSE,0,FALSE,5304.208,0,5304.208,0,FALSE,TRUE
C,A,20200101,2020,52,2020,276,DEU,Germany,M,Import,643,RUS,Russia,0,W00,World,H5,HS,TRUE,2504,Graphite,Graphite,4,FALSE,C00,TOTAL CPC,0,0,TOTAL MOT,8,kg,245663.871,TRUE,-1,N/A,0,FALSE,245663.871,TRUE,0,FALSE,166922.58,0,166922.58,6,FALSE,TRUE
C,A,20200101,2020,52,2020,276,DEU,Germany,M,Import,705,SVN,Slovenia,0,W00,World,H5,HS,TRUE,2504,Graphite,Graphite,4,FALSE,C00,TOTAL CPC,0,0,TOTAL MOT,8,kg,45765,FALSE,8,kg,45765,FALSE,45765,FALSE,0,FALSE,46194.144,0,46194.144,0,FALSE,TRUE
C,A,20200101,2020,52,2020,276,DEU,Germany,M,Import,716,ZWE,Zimbabwe,0,W00,World,H5,HS,TRUE,2504,Graphite,Graphite,4,FALSE,C00,TOTAL CPC,0,0,TOTAL MOT,8,kg,409725,FALSE,8,kg,409725,FALSE,409725,FALSE,0,FALSE,303180.85,0,303180.85,0,FALSE,TRUE
C,A,20200101,2020,52,2020,276,DEU,Germany,M,Import,724,ESP,Spain,0,W00,World,H5,HS,TRUE,2504,Graphite,Graphite,4,FALSE,C00,TOTAL CPC,0,0,TOTAL MOT,8,kg,2100,FALSE,8,kg,2100,FALSE,2100,FALSE,0,FALSE,5893.818,0,5893.818,0,FALSE,TRUE
C,A,20200101,2020,52,2020,276,DEU,Germany,M,Import,757,CHE,Switzerland,0,W00,World,H5,HS,TRUE,2504,Graphite,Graphite,4,FALSE,C00,TOTAL CPC,0,0,TOTAL MOT,8,kg,35002,FALSE,8,kg,35002,FALSE,35002,FALSE,0,FALSE,40448.871,0,40448.871,0,FALSE,TRUE
C,A,20200101,2020,52,2020,276,DEU,Germany,M,Import,792,TUR,Turkey,0,W00,World,H5,HS,TRUE,2504,Graphite,Graphite,4,FALSE,C00,TOTAL CPC,0,0,TOTAL MOT,8,kg,2001,FALSE,8,kg,2001,FALSE,2001,FALSE,0,FALSE,2352.728,0,2352.728,0,FALSE,TRUE
C,A,20200101,2020,52,2020,276,DEU,Germany,M,Import,804,UKR,Ukraine,0,W00,World,H5,HS,TRUE,2504,Graphite,Graphite,4,FALSE,C00,TOTAL CPC,0,0,TOTAL MOT,8,kg,178699,FALSE,8,kg,178699,FALSE,178699,FALSE,0,FALSE,116089.254,0,116089.254,0,FALSE,TRUE
C,A,20200101,2020,52,2020,276,DEU,Germany,M,Import,826,GBR,United Kingdom,0,W00,World,H5,HS,TRUE,2504,Graphite,Graphite,4,FALSE,C00,TOTAL CPC,0,0,TOTAL MOT,8,kg,188243.644,TRUE,-1,N/A,0,FALSE,188243.644,TRUE,0,FALSE,229125.331,0,229125.331,6,FALSE,TRUE
C,A,20200101,2020,52,2020,276,DEU,Germany,M,Import,842,USA,USA,0,W00,World,H5,HS,TRUE,2504,Graphite,Graphite,4,FALSE,C00,TOTAL CPC,0,0,TOTAL MOT,8,kg,278648.202,TRUE,-1,N/A,0,FALSE,278648.202,TRUE,0,FALSE,829826.315,0,829826.315,6,FALSE,TRUE
C,A,20200101,2020,52,2020,276,DEU,Germany,M,Import,0,W00,World,0,W00,World,H5,HS,TRUE,2519,"Natural magnesium carbonate (magnesite); fused magnesia; dead-burned (sintered) magnesia, whether or not containing small quantities of other oxides added before sintering; magnesium oxide, pure or not",Magnesium,4,FALSE,C00,TOTAL CPC,0,0,TOTAL MOT,8,kg,395562283,TRUE,-1,N/A,0,FALSE,395562283,TRUE,0,FALSE,166088725.8,0,166088725.8,6,FALSE,TRUE
C,A,20200101,2020,52,2020,276,DEU,Germany,M,Import,40,AUT,Austria,0,W00,World,H5,HS,TRUE,2519,"Natural magnesium carbonate (magnesite); fused magnesia; dead-burned (sintered) magnesia, whether or not containing small quantities of other oxides added before sintering; magnesium oxide, pure or not",Magnesium,4,FALSE,C00,TOTAL CPC,0,0,TOTAL MOT,8,kg,25098565,FALSE,8,kg,25098565,FALSE,25098565,FALSE,0,FALSE,9239223.017,0,9239223.017,0,FALSE,TRUE
C,A,20200101,2020,52,2020,276,DEU,Germany,M,Import,56,BEL,Belgium,0,W00,World,H5,HS,TRUE,2519,"Natural magnesium carbonate (magnesite); fused magnesia; dead-burned (sintered) magnesia, whether or not containing small quantities of other oxides added before sintering; magnesium oxide, pure or not",Magnesium,4,FALSE,C00,TOTAL CPC,0,0,TOTAL MOT,8,kg,290379.36,TRUE,-1,N/A,0,FALSE,290379.36,TRUE,0,FALSE,150845.414,0,150845.414,6,FALSE,TRUE
C,A,20200101,2020,52,2020,276,DEU,Germany,M,Import,76,BRA,Brazil,0,W00,World,H5,HS,TRUE,2519,"Natural magnesium carbonate (magnesite); fused magnesia; dead-burned (sintered) magnesia, whether or not containing small quantities of other oxides added before sintering; magnesium oxide, pure or not",Magnesium,4,FALSE,C00,TOTAL CPC,0,0,TOTAL MOT,8,kg,29273321.62,TRUE,-1,N/A,0,FALSE,29273321.62,TRUE,0,FALSE,9899500.929,0,9899500.929,6,FALSE,TRUE
C,A,20200101,2020,52,2020,276,DEU,Germany,M,Import,124,CAN,Canada,0,W00,World,H5,HS,TRUE,2519,"Natural magnesium carbonate (magnesite); fused magnesia; dead-burned (sintered) magnesia, whether or not containing small quantities of other oxides added before sintering; magnesium oxide, pure or not",Magnesium,4,FALSE,C00,TOTAL CPC,0,0,TOTAL MOT,8,kg,22672,FALSE,8,kg,22672,FALSE,22672,FALSE,0,FALSE,52001.121,0,52001.121,0,FALSE,TRUE
C,A,20200101,2020,52,2020,276,DEU,Germany,M,Import,156,CHN,China,0,W00,World,H5,HS,TRUE,2519,"Natural magnesium carbonate (magnesite); fused magnesia; dead-burned (sintered) magnesia, whether or not containing small quantities of other oxides added before sintering; magnesium oxide, pure or not",Magnesium,4,FALSE,C00,TOTAL CPC,0,0,TOTAL MOT,8,kg,166030948.3,TRUE,-1,N/A,0,FALSE,166030948.3,TRUE,0,FALSE,55876155.27,0,55876155.27,6,FALSE,TRUE
C,A,20200101,2020,52,2020,276,DEU,Germany,M,Import,203,CZE,Czechia,0,W00,World,H5,HS,TRUE,2519,"Natural magnesium carbonate (magnesite); fused magnesia; dead-burned (sintered) magnesia, whether or not containing small quantities of other oxides added before sintering; magnesium oxide, pure or not",Magnesium,4,FALSE,C00,TOTAL CPC,0,0,TOTAL MOT,8,kg,229081,FALSE,8,kg,229081,FALSE,229081,FALSE,0,FALSE,74665.697,0,74665.697,0,FALSE,TRUE
C,A,20200101,2020,52,2020,276,DEU,Germany,M,Import,208,DNK,Denmark,0,W00,World,H5,HS,TRUE,2519,"Natural magnesium carbonate (magnesite); fused magnesia; dead-burned (sintered) magnesia, whether or not containing small quantities of other oxides added before sintering; magnesium oxide, pure or not",Magnesium,4,FALSE,C00,TOTAL CPC,0,0,TOTAL MOT,8,kg,2818,FALSE,8,kg,2818,FALSE,2818,FALSE,0,FALSE,1514.019,0,1514.019,0,FALSE,TRUE
C,A,20200101,2020,52,2020,276,DEU,Germany,M,Import,251,FRA,France,0,W00,World,H5,HS,TRUE,2519,"Natural magnesium carbonate (magnesite); fused magnesia; dead-burned (sintered) magnesia, whether or not containing small quantities of other oxides added before sintering; magnesium oxide, pure or not",Magnesium,4,FALSE,C00,TOTAL CPC,0,0,TOTAL MOT,8,kg,6272550,FALSE,8,kg,6272550,FALSE,6272550,FALSE,0,FALSE,3656545.249,0,3656545.249,0,FALSE,TRUE
C,A,20200101,2020,52,2020,276,DEU,Germany,M,Import,300,GRC,Greece,0,W00,World,H5,HS,TRUE,2519,"Natural magnesium carbonate (magnesite); fused magnesia; dead-burned (sintered) magnesia, whether or not containing small quantities of other oxides added before sintering; magnesium oxide, pure or not",Magnesium,4,FALSE,C00,TOTAL CPC,0,0,TOTAL MOT,8,kg,1667522,FALSE,8,kg,1667522,FALSE,1667522,FALSE,0,FALSE,768479.413,0,768479.413,0,FALSE,TRUE
C,A,20200101,2020,52,2020,276,DEU,Germany,M,Import,344,HKG,Hong Kong,0,W00,World,H5,HS,TRUE,2519,"Natural magnesium carbonate (magnesite); fused magnesia; dead-burned (sintered) magnesia, whether or not containing small quantities of other oxides added before sintering; magnesium oxide, pure or not",Magnesium,4,FALSE,C00,TOTAL CPC,0,0,TOTAL MOT,8,kg,15050,FALSE,8,kg,15050,FALSE,15050,FALSE,0,FALSE,31195.645,0,31195.645,0,FALSE,TRUE
C,A,20200101,2020,52,2020,276,DEU,Germany,M,Import,372,IRL,Ireland,0,W00,World,H5,HS,TRUE,2519,"Natural magnesium carbonate (magnesite); fused magnesia; dead-burned (sintered) magnesia, whether or not containing small quantities of other oxides added before sintering; magnesium oxide, pure or not",Magnesium,4,FALSE,C00,TOTAL CPC,0,0,TOTAL MOT,8,kg,860580,FALSE,8,kg,860580,FALSE,860580,FALSE,0,FALSE,605022.508,0,605022.508,0,FALSE,TRUE
C,A,20200101,2020,52,2020,276,DEU,Germany,M,Import,376,ISR,Israel,0,W00,World,H5,HS,TRUE,2519,"Natural magnesium carbonate (magnesite); fused magnesia; dead-burned (sintered) magnesia, whether or not containing small quantities of other oxides added before sintering; magnesium oxide, pure or not",Magnesium,4,FALSE,C00,TOTAL CPC,0,0,TOTAL MOT,8,kg,4792806.721,TRUE,-1,N/A,0,FALSE,4792806.721,TRUE,0,FALSE,13135818.53,0,13135818.53,6,FALSE,TRUE
C,A,20200101,2020,52,2020,276,DEU,Germany,M,Import,380,ITA,Italy,0,W00,World,H5,HS,TRUE,2519,"Natural magnesium carbonate (magnesite); fused magnesia; dead-burned (sintered) magnesia, whether or not containing small quantities of other oxides added before sintering; magnesium oxide, pure or not",Magnesium,4,FALSE,C00,TOTAL CPC,0,0,TOTAL MOT,8,kg,288884,FALSE,8,kg,288884,FALSE,288884,FALSE,0,FALSE,105790.497,0,105790.497,0,FALSE,TRUE
C,A,20200101,2020,52,2020,276,DEU,Germany,M,Import,392,JPN,Japan,0,W00,World,H5,HS,TRUE,2519,"Natural magnesium carbonate (magnesite); fused magnesia; dead-burned (sintered) magnesia, whether or not containing small quantities of other oxides added before sintering; magnesium oxide, pure or not",Magnesium,4,FALSE,C00,TOTAL CPC,0,0,TOTAL MOT,8,kg,1739149.728,TRUE,-1,N/A,0,FALSE,1739149.728,TRUE,0,FALSE,3756679.6,0,3756679.6,6,FALSE,TRUE
C,A,20200101,2020,52,2020,276,DEU,Germany,M,Import,410,KOR,South Korea,0,W00,World,H5,HS,TRUE,2519,"Natural magnesium carbonate (magnesite); fused magnesia; dead-burned (sintered) magnesia, whether or not containing small quantities of other oxides added before sintering; magnesium oxide, pure or not",Magnesium,4,FALSE,C00,TOTAL CPC,0,0,TOTAL MOT,8,kg,36759,FALSE,8,kg,36759,FALSE,36759,FALSE,0,FALSE,52573.591,0,52573.591,0,FALSE,TRUE
C,A,20200101,2020,52,2020,276,DEU,Germany,M,Import,442,LUX,Luxembourg,0,W00,World,H5,HS,TRUE,2519,"Natural magnesium carbonate (magnesite); fused magnesia; dead-burned (sintered) magnesia, whether or not containing small quantities of other oxides added before sintering; magnesium oxide, pure or not",Magnesium,4,FALSE,C00,TOTAL CPC,0,0,TOTAL MOT,8,kg,175640,FALSE,8,kg,175640,FALSE,175640,FALSE,0,FALSE,60471.628,0,60471.628,0,FALSE,TRUE
C,A,20200101,2020,52,2020,276,DEU,Germany,M,Import,484,MEX,Mexico,0,W00,World,H5,HS,TRUE,2519,"Natural magnesium carbonate (magnesite); fused magnesia; dead-burned (sintered) magnesia, whether or not containing small quantities of other oxides added before sintering; magnesium oxide, pure or not",Magnesium,4,FALSE,C00,TOTAL CPC,0,0,TOTAL MOT,8,kg,2124831,FALSE,8,kg,2124831,FALSE,2124831,FALSE,0,FALSE,1665011.685,0,1665011.685,0,FALSE,TRUE
C,A,20200101,2020,52,2020,276,DEU,Germany,M,Import,490,S19,"Other Asia, nes",0,W00,World,H5,HS,TRUE,2519,"Natural magnesium carbonate (magnesite); fused magnesia; dead-burned (sintered) magnesia, whether or not containing small quantities of other oxides added before sintering; magnesium oxide, pure or not",Magnesium,4,FALSE,C00,TOTAL CPC,0,0,TOTAL MOT,8,kg,4250,FALSE,8,kg,4250,FALSE,4250,FALSE,0,FALSE,58146.323,0,58146.323,0,FALSE,TRUE
C,A,20200101,2020,52,2020,276,DEU,Germany,M,Import,528,NLD,Netherlands,0,W00,World,H5,HS,TRUE,2519,"Natural magnesium carbonate (magnesite); fused magnesia; dead-burned (sintered) magnesia, whether or not containing small quantities of other oxides added before sintering; magnesium oxide, pure or not",Magnesium,4,FALSE,C00,TOTAL CPC,0,0,TOTAL MOT,8,kg,46424834,FALSE,8,kg,46424834,FALSE,46424834,FALSE,0,FALSE,30957661.43,0,30957661.43,0,FALSE,TRUE
C,A,20200101,2020,52,2020,276,DEU,Germany,M,Import,579,NOR,Norway,0,W00,World,H5,HS,TRUE,2519,"Natural magnesium carbonate (magnesite); fused magnesia; dead-burned (sintered) magnesia, whether or not containing small quantities of other oxides added before sintering; magnesium oxide, pure or not",Magnesium,4,FALSE,C00,TOTAL CPC,0,0,TOTAL MOT,8,kg,5787543,FALSE,8,kg,5787543,FALSE,5787543,FALSE,0,FALSE,268574.378,0,268574.378,0,FALSE,TRUE
C,A,20200101,2020,52,2020,276,DEU,Germany,M,Import,616,POL,Poland,0,W00,World,H5,HS,TRUE,2519,"Natural magnesium carbonate (magnesite); fused magnesia; dead-burned (sintered) magnesia, whether or not containing small quantities of other oxides added before sintering; magnesium oxide, pure or not",Magnesium,4,FALSE,C00,TOTAL CPC,0,0,TOTAL MOT,8,kg,98,FALSE,8,kg,98,FALSE,98,FALSE,0,FALSE,505.054,0,505.054,0,FALSE,TRUE
C,A,20200101,2020,52,2020,276,DEU,Germany,M,Import,643,RUS,Russia,0,W00,World,H5,HS,TRUE,2519,"Natural magnesium carbonate (magnesite); fused magnesia; dead-burned (sintered) magnesia, whether or not containing small quantities of other oxides added before sintering; magnesium oxide, pure or not",Magnesium,4,FALSE,C00,TOTAL CPC,0,0,TOTAL MOT,8,kg,19207772,FALSE,8,kg,19207772,FALSE,19207772,FALSE,0,FALSE,3762346.03,0,3762346.03,0,FALSE,TRUE
C,A,20200101,2020,52,2020,276,DEU,Germany,M,Import,682,SAU,Saudi Arabia,0,W00,World,H5,HS,TRUE,2519,"Natural magnesium carbonate (magnesite); fused magnesia; dead-burned (sintered) magnesia, whether or not containing small quantities of other oxides added before sintering; magnesium oxide, pure or not",Magnesium,4,FALSE,C00,TOTAL CPC,0,0,TOTAL MOT,8,kg,3103139,FALSE,8,kg,3103139,FALSE,3103139,FALSE,0,FALSE,1536443.488,0,1536443.488,0,FALSE,TRUE
C,A,20200101,2020,52,2020,276,DEU,Germany,M,Import,688,SRB,Serbia,0,W00,World,H5,HS,TRUE,2519,"Natural magnesium carbonate (magnesite); fused magnesia; dead-burned (sintered) magnesia, whether or not containing small quantities of other oxides added before sintering; magnesium oxide, pure or not",Magnesium,4,FALSE,C00,TOTAL CPC,0,0,TOTAL MOT,8,kg,55136,FALSE,8,kg,55136,FALSE,55136,FALSE,0,FALSE,9300.075,0,9300.075,0,FALSE,TRUE
C,A,20200101,2020,52,2020,276,DEU,Germany,M,Import,699,IND,India,0,W00,World,H5,HS,TRUE,2519,"Natural magnesium carbonate (magnesite); fused magnesia; dead-burned (sintered) magnesia, whether or not containing small quantities of other oxides added before sintering; magnesium oxide, pure or not",Magnesium,4,FALSE,C00,TOTAL CPC,0,0,TOTAL MOT,8,kg,6892,FALSE,8,kg,6892,FALSE,6892,FALSE,0,FALSE,79202.041,0,79202.041,0,FALSE,TRUE
C,A,20200101,2020,52,2020,276,DEU,Germany,M,Import,703,SVK,Slovakia,0,W00,World,H5,HS,TRUE,2519,"Natural magnesium carbonate (magnesite); fused magnesia; dead-burned (sintered) magnesia, whether or not containing small quantities of other oxides added before sintering; magnesium oxide, pure or not",Magnesium,4,FALSE,C00,TOTAL CPC,0,0,TOTAL MOT,8,kg,28637132,FALSE,8,kg,28637132,FALSE,28637132,FALSE,0,FALSE,9818443.216,0,9818443.216,0,FALSE,TRUE
C,A,20200101,2020,52,2020,276,DEU,Germany,M,Import,724,ESP,Spain,0,W00,World,H5,HS,TRUE,2519,"Natural magnesium carbonate (magnesite); fused magnesia; dead-burned (sintered) magnesia, whether or not containing small quantities of other oxides added before sintering; magnesium oxide, pure or not",Magnesium,4,FALSE,C00,TOTAL CPC,0,0,TOTAL MOT,8,kg,19684736.25,TRUE,-1,N/A,0,FALSE,19684736.25,TRUE,0,FALSE,5774793.622,0,5774793.622,6,FALSE,TRUE
C,A,20200101,2020,52,2020,276,DEU,Germany,M,Import,752,SWE,Sweden,0,W00,World,H5,HS,TRUE,2519,"Natural magnesium carbonate (magnesite); fused magnesia; dead-burned (sintered) magnesia, whether or not containing small quantities of other oxides added before sintering; magnesium oxide, pure or not",Magnesium,4,FALSE,C00,TOTAL CPC,0,0,TOTAL MOT,8,kg,171919,FALSE,8,kg,171919,FALSE,171919,FALSE,0,FALSE,45067.485,0,45067.485,0,FALSE,TRUE
C,A,20200101,2020,52,2020,276,DEU,Germany,M,Import,757,CHE,Switzerland,0,W00,World,H5,HS,TRUE,2519,"Natural magnesium carbonate (magnesite); fused magnesia; dead-burned (sintered) magnesia, whether or not containing small quantities of other oxides added before sintering; magnesium oxide, pure or not",Magnesium,4,FALSE,C00,TOTAL CPC,0,0,TOTAL MOT,8,kg,7320.315,TRUE,-1,N/A,0,FALSE,7320.315,TRUE,0,FALSE,10992.348,0,10992.348,6,FALSE,TRUE
C,A,20200101,2020,52,2020,276,DEU,Germany,M,Import,792,TUR,Turkey,0,W00,World,H5,HS,TRUE,2519,"Natural magnesium carbonate (magnesite); fused magnesia; dead-burned (sintered) magnesia, whether or not containing small quantities of other oxides added before sintering; magnesium oxide, pure or not",Magnesium,4,FALSE,C00,TOTAL CPC,0,0,TOTAL MOT,8,kg,28246353.98,TRUE,-1,N/A,0,FALSE,28246353.98,TRUE,0,FALSE,8374618.832,0,8374618.832,6,FALSE,TRUE
C,A,20200101,2020,52,2020,276,DEU,Germany,M,Import,826,GBR,United Kingdom,0,W00,World,H5,HS,TRUE,2519,"Natural magnesium carbonate (magnesite); fused magnesia; dead-burned (sintered) magnesia, whether or not containing small quantities of other oxides added before sintering; magnesium oxide, pure or not",Magnesium,4,FALSE,C00,TOTAL CPC,0,0,TOTAL MOT,8,kg,3009969.355,TRUE,-1,N/A,0,FALSE,3009969.355,TRUE,0,FALSE,3208788.737,0,3208788.737,6,FALSE,TRUE
C,A,20200101,2020,52,2020,276,DEU,Germany,M,Import,842,USA,USA,0,W00,World,H5,HS,TRUE,2519,"Natural magnesium carbonate (magnesite); fused magnesia; dead-burned (sintered) magnesia, whether or not containing small quantities of other oxides added before sintering; magnesium oxide, pure or not",Magnesium,4,FALSE,C00,TOTAL CPC,0,0,TOTAL MOT,8,kg,2293630.459,TRUE,-1,N/A,0,FALSE,2293630.459,TRUE,0,FALSE,3052348.881,0,3052348.881,6,FALSE,TRUE
C,A,20200101,2020,52,2020,276,DEU,Germany,M,Import,0,W00,World,0,W00,World,H5,HS,TRUE,2601,Iron ores and concentrates,Iron,4,FALSE,C00,TOTAL CPC,0,0,TOTAL MOT,8,kg,33542355634,TRUE,-1,N/A,0,FALSE,33542355634,TRUE,0,FALSE,3659576829,0,3659576829,6,FALSE,TRUE
C,A,20200101,2020,52,2020,276,DEU,Germany,M,Import,36,AUS,Australia,0,W00,World,H5,HS,TRUE,2601,Iron ores and concentrates,Iron,4,FALSE,C00,TOTAL CPC,0,0,TOTAL MOT,8,kg,107763500,FALSE,8,kg,107763500,FALSE,107763500,FALSE,0,FALSE,7507040.314,0,7507040.314,0,FALSE,TRUE
C,A,20200101,2020,52,2020,276,DEU,Germany,M,Import,40,AUT,Austria,0,W00,World,H5,HS,TRUE,2601,Iron ores and concentrates,Iron,4,FALSE,C00,TOTAL CPC,0,0,TOTAL MOT,8,kg,41160,FALSE,8,kg,41160,FALSE,41160,FALSE,0,FALSE,13972.395,0,13972.395,0,FALSE,TRUE
C,A,20200101,2020,52,2020,276,DEU,Germany,M,Import,76,BRA,Brazil,0,W00,World,H5,HS,TRUE,2601,Iron ores and concentrates,Iron,4,FALSE,C00,TOTAL CPC,0,0,TOTAL MOT,8,kg,8909237729,TRUE,-1,N/A,0,FALSE,8909237729,TRUE,0,FALSE,847210870.1,0,847210870.1,6,FALSE,TRUE
C,A,20200101,2020,52,2020,276,DEU,Germany,M,Import,124,CAN,Canada,0,W00,World,H5,HS,TRUE,2601,Iron ores and concentrates,Iron,4,FALSE,C00,TOTAL CPC,0,0,TOTAL MOT,8,kg,9144597143,TRUE,-1,N/A,0,FALSE,9144597143,TRUE,0,FALSE,1075621037,0,1075621037,6,FALSE,TRUE
C,A,20200101,2020,52,2020,276,DEU,Germany,M,Import,152,CHL,Chile,0,W00,World,H5,HS,TRUE,2601,Iron ores and concentrates,Iron,4,FALSE,C00,TOTAL CPC,0,0,TOTAL MOT,8,kg,141275,FALSE,8,kg,141275,FALSE,141275,FALSE,0,FALSE,12914.295,0,12914.295,0,FALSE,TRUE
C,A,20200101,2020,52,2020,276,DEU,Germany,M,Import,156,CHN,China,0,W00,World,H5,HS,TRUE,2601,Iron ores and concentrates,Iron,4,FALSE,C00,TOTAL CPC,0,0,TOTAL MOT,8,kg,326011,FALSE,8,kg,326011,FALSE,326011,FALSE,0,FALSE,29707.907,0,29707.907,0,FALSE,TRUE
C,A,20200101,2020,52,2020,276,DEU,Germany,M,Import,246,FIN,Finland,0,W00,World,H5,HS,TRUE,2601,Iron ores and concentrates,Iron,4,FALSE,C00,TOTAL CPC,0,0,TOTAL MOT,8,kg,19521970,FALSE,8,kg,19521970,FALSE,19521970,FALSE,0,FALSE,1980023.593,0,1980023.593,0,FALSE,TRUE
C,A,20200101,2020,52,2020,276,DEU,Germany,M,Import,251,FRA,France,0,W00,World,H5,HS,TRUE,2601,Iron ores and concentrates,Iron,4,FALSE,C00,TOTAL CPC,0,0,TOTAL MOT,8,kg,221500,FALSE,8,kg,221500,FALSE,221500,FALSE,0,FALSE,112348.199,0,112348.199,0,FALSE,TRUE
C,A,20200101,2020,52,2020,276,DEU,Germany,M,Import,288,GHA,Ghana,0,W00,World,H5,HS,TRUE,2601,Iron ores and concentrates,Iron,4,FALSE,C00,TOTAL CPC,0,0,TOTAL MOT,8,kg,48362,FALSE,8,kg,48362,FALSE,48362,FALSE,0,FALSE,4420.935,0,4420.935,0,FALSE,TRUE
C,A,20200101,2020,52,2020,276,DEU,Germany,M,Import,380,ITA,Italy,0,W00,World,H5,HS,TRUE,2601,Iron ores and concentrates,Iron,4,FALSE,C00,TOTAL CPC,0,0,TOTAL MOT,8,kg,39711420,FALSE,8,kg,39711420,FALSE,39711420,FALSE,0,FALSE,2445885.485,0,2445885.485,0,FALSE,TRUE
C,A,20200101,2020,52,2020,276,DEU,Germany,M,Import,430,LBR,Liberia,0,W00,World,H5,HS,TRUE,2601,Iron ores and concentrates,Iron,4,FALSE,C00,TOTAL CPC,0,0,TOTAL MOT,8,kg,1126259500,FALSE,8,kg,1126259500,FALSE,1126259500,FALSE,0,FALSE,81403259.55,0,81403259.55,0,FALSE,TRUE
C,A,20200101,2020,52,2020,276,DEU,Germany,M,Import,478,MRT,Mauritania,0,W00,World,H5,HS,TRUE,2601,Iron ores and concentrates,Iron,4,FALSE,C00,TOTAL CPC,0,0,TOTAL MOT,8,kg,1156200078,TRUE,-1,N/A,0,FALSE,1156200078,TRUE,0,FALSE,130618280.3,0,130618280.3,6,FALSE,TRUE
C,A,20200101,2020,52,2020,276,DEU,Germany,M,Import,484,MEX,Mexico,0,W00,World,H5,HS,TRUE,2601,Iron ores and concentrates,Iron,4,FALSE,C00,TOTAL CPC,0,0,TOTAL MOT,8,kg,49813042,FALSE,8,kg,49813042,FALSE,49813042,FALSE,0,FALSE,3947201.449,0,3947201.449,0,FALSE,TRUE
C,A,20200101,2020,52,2020,276,DEU,Germany,M,Import,528,NLD,Netherlands,0,W00,World,H5,HS,TRUE,2601,Iron ores and concentrates,Iron,4,FALSE,C00,TOTAL CPC,0,0,TOTAL MOT,8,kg,8257473,FALSE,8,kg,8257473,FALSE,8257473,FALSE,0,FALSE,1221421.296,0,1221421.296,0,FALSE,TRUE
C,A,20200101,2020,52,2020,276,DEU,Germany,M,Import,579,NOR,Norway,0,W00,World,H5,HS,TRUE,2601,Iron ores and concentrates,Iron,4,FALSE,C00,TOTAL CPC,0,0,TOTAL MOT,8,kg,34540943.97,TRUE,-1,N/A,0,FALSE,34540943.97,TRUE,0,FALSE,4593701.218,0,4593701.218,6,FALSE,TRUE
C,A,20200101,2020,52,2020,276,DEU,Germany,M,Import,604,PER,Peru,0,W00,World,H5,HS,TRUE,2601,Iron ores and concentrates,Iron,4,FALSE,C00,TOTAL CPC,0,0,TOTAL MOT,8,kg,21000,FALSE,8,kg,21000,FALSE,21000,FALSE,0,FALSE,3713.631,0,3713.631,0,FALSE,TRUE
C,A,20200101,2020,52,2020,276,DEU,Germany,M,Import,643,RUS,Russia,0,W00,World,H5,HS,TRUE,2601,Iron ores and concentrates,Iron,4,FALSE,C00,TOTAL CPC,0,0,TOTAL MOT,8,kg,2482622869,TRUE,-1,N/A,0,FALSE,2482622869,TRUE,0,FALSE,325194484.5,0,325194484.5,6,FALSE,TRUE
C,A,20200101,2020,52,2020,276,DEU,Germany,M,Import,710,ZAF,South Africa,0,W00,World,H5,HS,TRUE,2601,Iron ores and concentrates,Iron,4,FALSE,C00,TOTAL CPC,0,0,TOTAL MOT,8,kg,5318480102,TRUE,-1,N/A,0,FALSE,5318480102,TRUE,0,FALSE,589561091.1,0,589561091.1,6,FALSE,TRUE
C,A,20200101,2020,52,2020,276,DEU,Germany,M,Import,752,SWE,Sweden,0,W00,World,H5,HS,TRUE,2601,Iron ores and concentrates,Iron,4,FALSE,C00,TOTAL CPC,0,0,TOTAL MOT,8,kg,4170872014,FALSE,8,kg,4170872014,FALSE,4170872014,FALSE,0,FALSE,457742817.8,0,457742817.8,0,FALSE,TRUE
C,A,20200101,2020,52,2020,276,DEU,Germany,M,Import,757,CHE,Switzerland,0,W00,World,H5,HS,TRUE,2601,Iron ores and concentrates,Iron,4,FALSE,C00,TOTAL CPC,0,0,TOTAL MOT,8,kg,15637,FALSE,8,kg,15637,FALSE,15637,FALSE,0,FALSE,1429.462,0,1429.462,0,FALSE,TRUE
C,A,20200101,2020,52,2020,276,DEU,Germany,M,Import,792,TUR,Turkey,0,W00,World,H5,HS,TRUE,2601,Iron ores and concentrates,Iron,4,FALSE,C00,TOTAL CPC,0,0,TOTAL MOT,8,kg,18992674.3,TRUE,-1,N/A,0,FALSE,18992674.3,TRUE,0,FALSE,1913126.812,0,1913126.812,6,FALSE,TRUE
C,A,20200101,2020,52,2020,276,DEU,Germany,M,Import,804,UKR,Ukraine,0,W00,World,H5,HS,TRUE,2601,Iron ores and concentrates,Iron,4,FALSE,C00,TOTAL CPC,0,0,TOTAL MOT,8,kg,921042520,FALSE,8,kg,921042520,FALSE,921042520,FALSE,0,FALSE,124633103.2,0,124633103.2,0,FALSE,TRUE
C,A,20200101,2020,52,2020,276,DEU,Germany,M,Import,826,GBR,United Kingdom,0,W00,World,H5,HS,TRUE,2601,Iron ores and concentrates,Iron,4,FALSE,C00,TOTAL CPC,0,0,TOTAL MOT,8,kg,74000,FALSE,8,kg,74000,FALSE,74000,FALSE,0,FALSE,70109.929,0,70109.929,0,FALSE,TRUE
C,A,20200101,2020,52,2020,276,DEU,Germany,M,Import,842,USA,USA,0,W00,World,H5,HS,TRUE,2601,Iron ores and concentrates,Iron,4,FALSE,C00,TOTAL CPC,0,0,TOTAL MOT,8,kg,33553710,FALSE,8,kg,33553710,FALSE,33553710,FALSE,0,FALSE,3734868.587,0,3734868.587,0,FALSE,TRUE
C,A,20200101,2020,52,2020,276,DEU,Germany,M,Import,0,W00,World,0,W00,World,H5,HS,TRUE,2603,Copper ores and concentrates,Copper,4,FALSE,C00,TOTAL CPC,0,0,TOTAL MOT,8,kg,1239005989,TRUE,-1,N/A,0,FALSE,1239005989,TRUE,0,FALSE,2421813572,0,2421813572,6,FALSE,TRUE
C,A,20200101,2020,52,2020,276,DEU,Germany,M,Import,36,AUS,Australia,0,W00,World,H5,HS,TRUE,2603,Copper ores and concentrates,Copper,4,FALSE,C00,TOTAL CPC,0,0,TOTAL MOT,8,kg,39197005,FALSE,8,kg,39197005,FALSE,39197005,FALSE,0,FALSE,196688162.3,0,196688162.3,0,FALSE,TRUE
C,A,20200101,2020,52,2020,276,DEU,Germany,M,Import,76,BRA,Brazil,0,W00,World,H5,HS,TRUE,2603,Copper ores and concentrates,Copper,4,FALSE,C00,TOTAL CPC,0,0,TOTAL MOT,8,kg,310088792.6,TRUE,-1,N/A,0,FALSE,310088792.6,TRUE,0,FALSE,709143956.4,0,709143956.4,6,FALSE,TRUE
C,A,20200101,2020,52,2020,276,DEU,Germany,M,Import,124,CAN,Canada,0,W00,World,H5,HS,TRUE,2603,Copper ores and concentrates,Copper,4,FALSE,C00,TOTAL CPC,0,0,TOTAL MOT,8,kg,83931390,FALSE,8,kg,83931390,FALSE,83931390,FALSE,0,FALSE,222641196.1,0,222641196.1,0,FALSE,TRUE
C,A,20200101,2020,52,2020,276,DEU,Germany,M,Import,152,CHL,Chile,0,W00,World,H5,HS,TRUE,2603,Copper ores and concentrates,Copper,4,FALSE,C00,TOTAL CPC,0,0,TOTAL MOT,8,kg,277272116.8,TRUE,-1,N/A,0,FALSE,277272116.8,TRUE,0,FALSE,470417089.1,0,470417089.1,6,FALSE,TRUE
C,A,20200101,2020,52,2020,276,DEU,Germany,M,Import,156,CHN,China,0,W00,World,H5,HS,TRUE,2603,Copper ores and concentrates,Copper,4,FALSE,C00,TOTAL CPC,0,0,TOTAL MOT,8,kg,12000,FALSE,8,kg,12000,FALSE,12000,FALSE,0,FALSE,58275.443,0,58275.443,0,FALSE,TRUE
C,A,20200101,2020,52,2020,276,DEU,Germany,M,Import,360,IDN,Indonesia,0,W00,World,H5,HS,TRUE,2603,Copper ores and concentrates,Copper,4,FALSE,C00,TOTAL CPC,0,0,TOTAL MOT,8,kg,88475052.28,TRUE,-1,N/A,0,FALSE,88475052.28,TRUE,0,FALSE,183035022.4,0,183035022.4,6,FALSE,TRUE
C,A,20200101,2020,52,2020,276,DEU,Germany,M,Import,440,LTU,Lithuania,0,W00,World,H5,HS,TRUE,2603,Copper ores and concentrates,Copper,4,FALSE,C00,TOTAL CPC,0,0,TOTAL MOT,8,kg,17719,FALSE,8,kg,17719,FALSE,17719,FALSE,0,FALSE,196243.126,0,196243.126,0,FALSE,TRUE
C,A,20200101,2020,52,2020,276,DEU,Germany,M,Import,484,MEX,Mexico,0,W00,World,H5,HS,TRUE,2603,Copper ores and concentrates,Copper,4,FALSE,C00,TOTAL CPC,0,0,TOTAL MOT,8,kg,7,FALSE,8,kg,7,FALSE,7,FALSE,0,FALSE,207.963,0,207.963,0,FALSE,TRUE
C,A,20200101,2020,52,2020,276,DEU,Germany,M,Import,496,MNG,Mongolia,0,W00,World,H5,HS,TRUE,2603,Copper ores and concentrates,Copper,4,FALSE,C00,TOTAL CPC,0,0,TOTAL MOT,8,kg,38066,FALSE,8,kg,38066,FALSE,38066,FALSE,0,FALSE,316703.038,0,316703.038,0,FALSE,TRUE
C,A,20200101,2020,52,2020,276,DEU,Germany,M,Import,504,MAR,Morocco,0,W00,World,H5,HS,TRUE,2603,Copper ores and concentrates,Copper,4,FALSE,C00,TOTAL CPC,0,0,TOTAL MOT,8,kg,22940943,FALSE,8,kg,22940943,FALSE,22940943,FALSE,0,FALSE,19241833.77,0,19241833.77,0,FALSE,TRUE
C,A,20200101,2020,52,2020,276,DEU,Germany,M,Import,591,PAN,Panama,0,W00,World,H5,HS,TRUE,2603,Copper ores and concentrates,Copper,4,FALSE,C00,TOTAL CPC,0,0,TOTAL MOT,8,kg,50730600,FALSE,8,kg,50730600,FALSE,50730600,FALSE,0,FALSE,64870939.08,0,64870939.08,0,FALSE,TRUE
C,A,20200101,2020,52,2020,276,DEU,Germany,M,Import,604,PER,Peru,0,W00,World,H5,HS,TRUE,2603,Copper ores and concentrates,Copper,4,FALSE,C00,TOTAL CPC,0,0,TOTAL MOT,8,kg,331189023,FALSE,8,kg,331189023,FALSE,331189023,FALSE,0,FALSE,525740421.8,0,525740421.8,0,FALSE,TRUE
C,A,20200101,2020,52,2020,276,DEU,Germany,M,Import,620,PRT,Portugal,0,W00,World,H5,HS,TRUE,2603,Copper ores and concentrates,Copper,4,FALSE,C00,TOTAL CPC,0,0,TOTAL MOT,8,kg,27026430,FALSE,8,kg,27026430,FALSE,27026430,FALSE,0,FALSE,22627646.17,0,22627646.17,0,FALSE,TRUE
C,A,20200101,2020,52,2020,276,DEU,Germany,M,Import,752,SWE,Sweden,0,W00,World,H5,HS,TRUE,2603,Copper ores and concentrates,Copper,4,FALSE,C00,TOTAL CPC,0,0,TOTAL MOT,8,kg,8058820,FALSE,8,kg,8058820,FALSE,8058820,FALSE,0,FALSE,6689242.737,0,6689242.737,0,FALSE,TRUE
C,A,20200101,2020,52,2020,276,DEU,Germany,M,Import,842,USA,USA,0,W00,World,H5,HS,TRUE,2603,Copper ores and concentrates,Copper,4,FALSE,C00,TOTAL CPC,0,0,TOTAL MOT,8,kg,28024.028,TRUE,-1,N/A,0,FALSE,28024.028,TRUE,0,FALSE,146632.442,0,146632.442,6,FALSE,TRUE
C,A,20200101,2020,52,2020,276,DEU,Germany,M,Import,0,W00,World,0,W00,World,H5,HS,TRUE,2604,Nickel ores and concentrates,Nickel,4,FALSE,C00,TOTAL CPC,0,0,TOTAL MOT,8,kg,4764652.088,TRUE,-1,N/A,0,FALSE,4764652.088,TRUE,0,FALSE,7781829.597,0,7781829.597,6,FALSE,TRUE
C,A,20200101,2020,52,2020,276,DEU,Germany,M,Import,156,CHN,China,0,W00,World,H5,HS,TRUE,2604,Nickel ores and concentrates,Nickel,4,FALSE,C00,TOTAL CPC,0,0,TOTAL MOT,8,kg,5000,FALSE,8,kg,5000,FALSE,5000,FALSE,0,FALSE,73515.043,0,73515.043,0,FALSE,TRUE
C,A,20200101,2020,52,2020,276,DEU,Germany,M,Import,233,EST,Estonia,0,W00,World,H5,HS,TRUE,2604,Nickel ores and concentrates,Nickel,4,FALSE,C00,TOTAL CPC,0,0,TOTAL MOT,8,kg,10799,FALSE,8,kg,10799,FALSE,10799,FALSE,0,FALSE,9351.495,0,9351.495,0,FALSE,TRUE
C,A,20200101,2020,52,2020,276,DEU,Germany,M,Import,251,FRA,France,0,W00,World,H5,HS,TRUE,2604,Nickel ores and concentrates,Nickel,4,FALSE,C00,TOTAL CPC,0,0,TOTAL MOT,8,kg,15024,FALSE,8,kg,15024,FALSE,15024,FALSE,0,FALSE,38508.641,0,38508.641,0,FALSE,TRUE
C,A,20200101,2020,52,2020,276,DEU,Germany,M,Import,360,IDN,Indonesia,0,W00,World,H5,HS,TRUE,2604,Nickel ores and concentrates,Nickel,4,FALSE,C00,TOTAL CPC,0,0,TOTAL MOT,8,kg,234203,FALSE,8,kg,234203,FALSE,234203,FALSE,0,FALSE,517207.128,0,517207.128,0,FALSE,TRUE
C,A,20200101,2020,52,2020,276,DEU,Germany,M,Import,392,JPN,Japan,0,W00,World,H5,HS,TRUE,2604,Nickel ores and concentrates,Nickel,4,FALSE,C00,TOTAL CPC,0,0,TOTAL MOT,8,kg,882550,FALSE,8,kg,882550,FALSE,882550,FALSE,0,FALSE,1916020.016,0,1916020.016,0,FALSE,TRUE
C,A,20200101,2020,52,2020,276,DEU,Germany,M,Import,410,KOR,South Korea,0,W00,World,H5,HS,TRUE,2604,Nickel ores and concentrates,Nickel,4,FALSE,C00,TOTAL CPC,0,0,TOTAL MOT,8,kg,1947452,FALSE,8,kg,1947452,FALSE,1947452,FALSE,0,FALSE,2591105.604,0,2591105.604,0,FALSE,TRUE
C,A,20200101,2020,52,2020,276,DEU,Germany,M,Import,458,MYS,Malaysia,0,W00,World,H5,HS,TRUE,2604,Nickel ores and concentrates,Nickel,4,FALSE,C00,TOTAL CPC,0,0,TOTAL MOT,8,kg,694822,FALSE,8,kg,694822,FALSE,694822,FALSE,0,FALSE,1471456.085,0,1471456.085,0,FALSE,TRUE
C,A,20200101,2020,52,2020,276,DEU,Germany,M,Import,490,S19,"Other Asia, nes",0,W00,World,H5,HS,TRUE,2604,Nickel ores and concentrates,Nickel,4,FALSE,C00,TOTAL CPC,0,0,TOTAL MOT,8,kg,62212,FALSE,8,kg,62212,FALSE,62212,FALSE,0,FALSE,237939.777,0,237939.777,0,FALSE,TRUE
C,A,20200101,2020,52,2020,276,DEU,Germany,M,Import,643,RUS,Russia,0,W00,World,H5,HS,TRUE,2604,Nickel ores and concentrates,Nickel,4,FALSE,C00,TOTAL CPC,0,0,TOTAL MOT,8,kg,20917,FALSE,8,kg,20917,FALSE,20917,FALSE,0,FALSE,89668.767,0,89668.767,0,FALSE,TRUE
C,A,20200101,2020,52,2020,276,DEU,Germany,M,Import,699,IND,India,0,W00,World,H5,HS,TRUE,2604,Nickel ores and concentrates,Nickel,4,FALSE,C00,TOTAL CPC,0,0,TOTAL MOT,8,kg,13148,FALSE,8,kg,13148,FALSE,13148,FALSE,0,FALSE,55880.437,0,55880.437,0,FALSE,TRUE
C,A,20200101,2020,52,2020,276,DEU,Germany,M,Import,702,SGP,Singapore,0,W00,World,H5,HS,TRUE,2604,Nickel ores and concentrates,Nickel,4,FALSE,C00,TOTAL CPC,0,0,TOTAL MOT,8,kg,45439,FALSE,8,kg,45439,FALSE,45439,FALSE,0,FALSE,52827.261,0,52827.261,0,FALSE,TRUE
C,A,20200101,2020,52,2020,276,DEU,Germany,M,Import,703,SVK,Slovakia,0,W00,World,H5,HS,TRUE,2604,Nickel ores and concentrates,Nickel,4,FALSE,C00,TOTAL CPC,0,0,TOTAL MOT,8,kg,15316,FALSE,8,kg,15316,FALSE,15316,FALSE,0,FALSE,31915.518,0,31915.518,0,FALSE,TRUE
C,A,20200101,2020,52,2020,276,DEU,Germany,M,Import,724,ESP,Spain,0,W00,World,H5,HS,TRUE,2604,Nickel ores and concentrates,Nickel,4,FALSE,C00,TOTAL CPC,0,0,TOTAL MOT,8,kg,93094,FALSE,8,kg,93094,FALSE,93094,FALSE,0,FALSE,185423.319,0,185423.319,0,FALSE,TRUE
C,A,20200101,2020,52,2020,276,DEU,Germany,M,Import,764,THA,Thailand,0,W00,World,H5,HS,TRUE,2604,Nickel ores and concentrates,Nickel,4,FALSE,C00,TOTAL CPC,0,0,TOTAL MOT,8,kg,382670,FALSE,8,kg,382670,FALSE,382670,FALSE,0,FALSE,306557.398,0,306557.398,0,FALSE,TRUE
C,A,20200101,2020,52,2020,276,DEU,Germany,M,Import,842,USA,USA,0,W00,World,H5,HS,TRUE,2604,Nickel ores and concentrates,Nickel,4,FALSE,C00,TOTAL CPC,0,0,TOTAL MOT,8,kg,338578.088,TRUE,-1,N/A,0,FALSE,338578.088,TRUE,0,FALSE,198850.667,0,198850.667,6,FALSE,TRUE
C,A,20200101,2020,52,2020,276,DEU,Germany,M,Import,858,URY,Uruguay,0,W00,World,H5,HS,TRUE,2604,Nickel ores and concentrates,Nickel,4,FALSE,C00,TOTAL CPC,0,0,TOTAL MOT,8,kg,3428,FALSE,8,kg,3428,FALSE,3428,FALSE,0,FALSE,5602.441,0,5602.441,0,FALSE,TRUE
C,A,20200101,2020,52,2020,276,DEU,Germany,M,Import,0,W00,World,0,W00,World,H5,HS,TRUE,2606,Aluminium ores and concentrates,Aluminium,4,FALSE,C00,TOTAL CPC,0,0,TOTAL MOT,8,kg,3435540700,TRUE,-1,N/A,0,FALSE,3435540700,TRUE,0,FALSE,163447182.2,0,163447182.2,6,FALSE,TRUE
C,A,20200101,2020,52,2020,276,DEU,Germany,M,Import,40,AUT,Austria,0,W00,World,H5,HS,TRUE,2606,Aluminium ores and concentrates,Aluminium,4,FALSE,C00,TOTAL CPC,0,0,TOTAL MOT,8,kg,100,FALSE,8,kg,100,FALSE,100,FALSE,0,FALSE,11.427,0,11.427,0,FALSE,TRUE
C,A,20200101,2020,52,2020,276,DEU,Germany,M,Import,76,BRA,Brazil,0,W00,World,H5,HS,TRUE,2606,Aluminium ores and concentrates,Aluminium,4,FALSE,C00,TOTAL CPC,0,0,TOTAL MOT,8,kg,109494562.6,TRUE,-1,N/A,0,FALSE,109494562.6,TRUE,0,FALSE,5367286.017,0,5367286.017,6,FALSE,TRUE
C,A,20200101,2020,52,2020,276,DEU,Germany,M,Import,156,CHN,China,0,W00,World,H5,HS,TRUE,2606,Aluminium ores and concentrates,Aluminium,4,FALSE,C00,TOTAL CPC,0,0,TOTAL MOT,8,kg,35354636,FALSE,8,kg,35354636,FALSE,35354636,FALSE,0,FALSE,13658560.68,0,13658560.68,0,FALSE,TRUE
C,A,20200101,2020,52,2020,276,DEU,Germany,M,Import,251,FRA,France,0,W00,World,H5,HS,TRUE,2606,Aluminium ores and concentrates,Aluminium,4,FALSE,C00,TOTAL CPC,0,0,TOTAL MOT,8,kg,4596393,FALSE,8,kg,4596393,FALSE,4596393,FALSE,0,FALSE,451394.727,0,451394.727,0,FALSE,TRUE
C,A,20200101,2020,52,2020,276,DEU,Germany,M,Import,288,GHA,Ghana,0,W00,World,H5,HS,TRUE,2606,Aluminium ores and concentrates,Aluminium,4,FALSE,C00,TOTAL CPC,0,0,TOTAL MOT,8,kg,107110000,FALSE,8,kg,107110000,FALSE,107110000,FALSE,0,FALSE,5467067.288,0,5467067.288,0,FALSE,TRUE
C,A,20200101,2020,52,2020,276,DEU,Germany,M,Import,300,GRC,Greece,0,W00,World,H5,HS,TRUE,2606,Aluminium ores and concentrates,Aluminium,4,FALSE,C00,TOTAL CPC,0,0,TOTAL MOT,8,kg,384918,FALSE,8,kg,384918,FALSE,384918,FALSE,0,FALSE,206834.403,0,206834.403,0,FALSE,TRUE
C,A,20200101,2020,52,2020,276,DEU,Germany,M,Import,324,GIN,Guinea,0,W00,World,H5,HS,TRUE,2606,Aluminium ores and concentrates,Aluminium,4,FALSE,C00,TOTAL CPC,0,0,TOTAL MOT,8,kg,3114775100,FALSE,8,kg,3114775100,FALSE,3114775100,FALSE,0,FALSE,130753287.3,0,130753287.3,0,FALSE,TRUE
C,A,20200101,2020,52,2020,276,DEU,Germany,M,Import,328,GUY,Guyana,0,W00,World,H5,HS,TRUE,2606,Aluminium ores and concentrates,Aluminium,4,FALSE,C00,TOTAL CPC,0,0,TOTAL MOT,8,kg,3000057,FALSE,8,kg,3000057,FALSE,3000057,FALSE,0,FALSE,1267726.278,0,1267726.278,0,FALSE,TRUE
C,A,20200101,2020,52,2020,276,DEU,Germany,M,Import,380,ITA,Italy,0,W00,World,H5,HS,TRUE,2606,Aluminium ores and concentrates,Aluminium,4,FALSE,C00,TOTAL CPC,0,0,TOTAL MOT,8,kg,148,FALSE,8,kg,148,FALSE,148,FALSE,0,FALSE,255.955,0,255.955,0,FALSE,TRUE
C,A,20200101,2020,52,2020,276,DEU,Germany,M,Import,442,LUX,Luxembourg,0,W00,World,H5,HS,TRUE,2606,Aluminium ores and concentrates,Aluminium,4,FALSE,C00,TOTAL CPC,0,0,TOTAL MOT,8,kg,3031342,FALSE,8,kg,3031342,FALSE,3031342,FALSE,0,FALSE,466341.807,0,466341.807,0,FALSE,TRUE
C,A,20200101,2020,52,2020,276,DEU,Germany,M,Import,528,NLD,Netherlands,0,W00,World,H5,HS,TRUE,2606,Aluminium ores and concentrates,Aluminium,4,FALSE,C00,TOTAL CPC,0,0,TOTAL MOT,8,kg,3564951,FALSE,8,kg,3564951,FALSE,3564951,FALSE,0,FALSE,1643162.964,0,1643162.964,0,FALSE,TRUE
C,A,20200101,2020,52,2020,276,DEU,Germany,M,Import,682,SAU,Saudi Arabia,0,W00,World,H5,HS,TRUE,2606,Aluminium ores and concentrates,Aluminium,4,FALSE,C00,TOTAL CPC,0,0,TOTAL MOT,8,kg,235100,FALSE,8,kg,235100,FALSE,235100,FALSE,0,FALSE,105934.472,0,105934.472,0,FALSE,TRUE
C,A,20200101,2020,52,2020,276,DEU,Germany,M,Import,688,SRB,Serbia,0,W00,World,H5,HS,TRUE,2606,Aluminium ores and concentrates,Aluminium,4,FALSE,C00,TOTAL CPC,0,0,TOTAL MOT,8,kg,72000,FALSE,8,kg,72000,FALSE,72000,FALSE,0,FALSE,6307.46,0,6307.46,0,FALSE,TRUE
C,A,20200101,2020,52,2020,276,DEU,Germany,M,Import,699,IND,India,0,W00,World,H5,HS,TRUE,2606,Aluminium ores and concentrates,Aluminium,4,FALSE,C00,TOTAL CPC,0,0,TOTAL MOT,8,kg,954000,FALSE,8,kg,954000,FALSE,954000,FALSE,0,FALSE,340627.964,0,340627.964,0,FALSE,TRUE
C,A,20200101,2020,52,2020,276,DEU,Germany,M,Import,724,ESP,Spain,0,W00,World,H5,HS,TRUE,2606,Aluminium ores and concentrates,Aluminium,4,FALSE,C00,TOTAL CPC,0,0,TOTAL MOT,8,kg,51040,FALSE,8,kg,51040,FALSE,51040,FALSE,0,FALSE,20357.555,0,20357.555,0,FALSE,TRUE
C,A,20200101,2020,52,2020,276,DEU,Germany,M,Import,752,SWE,Sweden,0,W00,World,H5,HS,TRUE,2606,Aluminium ores and concentrates,Aluminium,4,FALSE,C00,TOTAL CPC,0,0,TOTAL MOT,8,kg,1955550,FALSE,8,kg,1955550,FALSE,1955550,FALSE,0,FALSE,208923.177,0,208923.177,0,FALSE,TRUE
C,A,20200101,2020,52,2020,276,DEU,Germany,M,Import,792,TUR,Turkey,0,W00,World,H5,HS,TRUE,2606,Aluminium ores and concentrates,Aluminium,4,FALSE,C00,TOTAL CPC,0,0,TOTAL MOT,8,kg,49621018,FALSE,8,kg,49621018,FALSE,49621018,FALSE,0,FALSE,3071981.992,0,3071981.992,0,FALSE,TRUE
C,A,20200101,2020,52,2020,276,DEU,Germany,M,Import,826,GBR,United Kingdom,0,W00,World,H5,HS,TRUE,2606,Aluminium ores and concentrates,Aluminium,4,FALSE,C00,TOTAL CPC,0,0,TOTAL MOT,8,kg,363758,FALSE,8,kg,363758,FALSE,363758,FALSE,0,FALSE,167738.436,0,167738.436,0,FALSE,TRUE
C,A,20200101,2020,52,2020,276,DEU,Germany,M,Import,842,USA,USA,0,W00,World,H5,HS,TRUE,2606,Aluminium ores and concentrates,Aluminium,4,FALSE,C00,TOTAL CPC,0,0,TOTAL MOT,8,kg,976026,FALSE,8,kg,976026,FALSE,976026,FALSE,0,FALSE,243382.247,0,243382.247,0,FALSE,TRUE
C,A,20200101,2020,52,2020,276,DEU,Germany,M,Import,0,W00,World,0,W00,World,H5,HS,TRUE,2607,Lead ores and concentrates,Lead,4,FALSE,C00,TOTAL CPC,0,0,TOTAL MOT,8,kg,199725150,FALSE,8,kg,199725150,FALSE,199725150,FALSE,0,FALSE,336897560.2,0,336897560.2,0,FALSE,TRUE
C,A,20200101,2020,52,2020,276,DEU,Germany,M,Import,68,BOL,Bolivia,0,W00,World,H5,HS,TRUE,2607,Lead ores and concentrates,Lead,4,FALSE,C00,TOTAL CPC,0,0,TOTAL MOT,8,kg,11410351,FALSE,8,kg,11410351,FALSE,11410351,FALSE,0,FALSE,29445120.02,0,29445120.02,0,FALSE,TRUE
C,A,20200101,2020,52,2020,276,DEU,Germany,M,Import,70,BIH,Bosnia and Herzegovina,0,W00,World,H5,HS,TRUE,2607,Lead ores and concentrates,Lead,4,FALSE,C00,TOTAL CPC,0,0,TOTAL MOT,8,kg,2997843,FALSE,8,kg,2997843,FALSE,2997843,FALSE,0,FALSE,2836017.867,0,2836017.867,0,FALSE,TRUE
C,A,20200101,2020,52,2020,276,DEU,Germany,M,Import,100,BGR,Bulgaria,0,W00,World,H5,HS,TRUE,2607,Lead ores and concentrates,Lead,4,FALSE,C00,TOTAL CPC,0,0,TOTAL MOT,8,kg,2955400,FALSE,8,kg,2955400,FALSE,2955400,FALSE,0,FALSE,3936009.136,0,3936009.136,0,FALSE,TRUE
C,A,20200101,2020,52,2020,276,DEU,Germany,M,Import,208,DNK,Denmark,0,W00,World,H5,HS,TRUE,2607,Lead ores and concentrates,Lead,4,FALSE,C00,TOTAL CPC,0,0,TOTAL MOT,8,kg,19343,FALSE,8,kg,19343,FALSE,19343,FALSE,0,FALSE,37435.688,0,37435.688,0,FALSE,TRUE
C,A,20200101,2020,52,2020,276,DEU,Germany,M,Import,372,IRL,Ireland,0,W00,World,H5,HS,TRUE,2607,Lead ores and concentrates,Lead,4,FALSE,C00,TOTAL CPC,0,0,TOTAL MOT,8,kg,27924350,FALSE,8,kg,27924350,FALSE,27924350,FALSE,0,FALSE,24616668.17,0,24616668.17,0,FALSE,TRUE
C,A,20200101,2020,52,2020,276,DEU,Germany,M,Import,398,KAZ,Kazakhstan,0,W00,World,H5,HS,TRUE,2607,Lead ores and concentrates,Lead,4,FALSE,C00,TOTAL CPC,0,0,TOTAL MOT,8,kg,977,FALSE,8,kg,977,FALSE,977,FALSE,0,FALSE,1990.506,0,1990.506,0,FALSE,TRUE
C,A,20200101,2020,52,2020,276,DEU,Germany,M,Import,484,MEX,Mexico,0,W00,World,H5,HS,TRUE,2607,Lead ores and concentrates,Lead,4,FALSE,C00,TOTAL CPC,0,0,TOTAL MOT,8,kg,2803120,FALSE,8,kg,2803120,FALSE,2803120,FALSE,0,FALSE,3569918.231,0,3569918.231,0,FALSE,TRUE
C,A,20200101,2020,52,2020,276,DEU,Germany,M,Import,504,MAR,Morocco,0,W00,World,H5,HS,TRUE,2607,Lead ores and concentrates,Lead,4,FALSE,C00,TOTAL CPC,0,0,TOTAL MOT,8,kg,15269380,FALSE,8,kg,15269380,FALSE,15269380,FALSE,0,FALSE,29647173.55,0,29647173.55,0,FALSE,TRUE
C,A,20200101,2020,52,2020,276,DEU,Germany,M,Import,604,PER,Peru,0,W00,World,H5,HS,TRUE,2607,Lead ores and concentrates,Lead,4,FALSE,C00,TOTAL CPC,0,0,TOTAL MOT,8,kg,16279689,FALSE,8,kg,16279689,FALSE,16279689,FALSE,0,FALSE,47803612.34,0,47803612.34,0,FALSE,TRUE
C,A,20200101,2020,52,2020,276,DEU,Germany,M,Import,688,SRB,Serbia,0,W00,World,H5,HS,TRUE,2607,Lead ores and concentrates,Lead,4,FALSE,C00,TOTAL CPC,0,0,TOTAL MOT,8,kg,5320071,FALSE,8,kg,5320071,FALSE,5320071,FALSE,0,FALSE,17732966,0,17732966,0,FALSE,TRUE
C,A,20200101,2020,52,2020,276,DEU,Germany,M,Import,724,ESP,Spain,0,W00,World,H5,HS,TRUE,2607,Lead ores and concentrates,Lead,4,FALSE,C00,TOTAL CPC,0,0,TOTAL MOT,8,kg,9962010,FALSE,8,kg,9962010,FALSE,9962010,FALSE,0,FALSE,9566232.81,0,9566232.81,0,FALSE,TRUE
C,A,20200101,2020,52,2020,276,DEU,Germany,M,Import,752,SWE,Sweden,0,W00,World,H5,HS,TRUE,2607,Lead ores and concentrates,Lead,4,FALSE,C00,TOTAL CPC,0,0,TOTAL MOT,8,kg,52153028,FALSE,8,kg,52153028,FALSE,52153028,FALSE,0,FALSE,106161321.1,0,106161321.1,0,FALSE,TRUE
C,A,20200101,2020,52,2020,276,DEU,Germany,M,Import,788,TUN,Tunisia,0,W00,World,H5,HS,TRUE,2607,Lead ores and concentrates,Lead,4,FALSE,C00,TOTAL CPC,0,0,TOTAL MOT,8,kg,1247782,FALSE,8,kg,1247782,FALSE,1247782,FALSE,0,FALSE,1047191.433,0,1047191.433,0,FALSE,TRUE
C,A,20200101,2020,52,2020,276,DEU,Germany,M,Import,792,TUR,Turkey,0,W00,World,H5,HS,TRUE,2607,Lead ores and concentrates,Lead,4,FALSE,C00,TOTAL CPC,0,0,TOTAL MOT,8,kg,3707289,FALSE,8,kg,3707289,FALSE,3707289,FALSE,0,FALSE,4164795.099,0,4164795.099,0,FALSE,TRUE
C,A,20200101,2020,52,2020,276,DEU,Germany,M,Import,842,USA,USA,0,W00,World,H5,HS,TRUE,2607,Lead ores and concentrates,Lead,4,FALSE,C00,TOTAL CPC,0,0,TOTAL MOT,8,kg,47674517,FALSE,8,kg,47674517,FALSE,47674517,FALSE,0,FALSE,56331108.22,0,56331108.22,0,FALSE,TRUE
C,A,20200101,2020,52,2020,276,DEU,Germany,M,Import,0,W00,World,0,W00,World,H5,HS,TRUE,2608,Zinc ores and concentrates,Zinc,4,FALSE,C00,TOTAL CPC,0,0,TOTAL MOT,8,kg,273188971.1,TRUE,-1,N/A,0,FALSE,273188971.1,TRUE,0,FALSE,168331823,0,168331823,6,FALSE,TRUE
C,A,20200101,2020,52,2020,276,DEU,Germany,M,Import,36,AUS,Australia,0,W00,World,H5,HS,TRUE,2608,Zinc ores and concentrates,Zinc,4,FALSE,C00,TOTAL CPC,0,0,TOTAL MOT,8,kg,122257565.3,TRUE,-1,N/A,0,FALSE,122257565.3,TRUE,0,FALSE,68235428.38,0,68235428.38,6,FALSE,TRUE
C,A,20200101,2020,52,2020,276,DEU,Germany,M,Import,56,BEL,Belgium,0,W00,World,H5,HS,TRUE,2608,Zinc ores and concentrates,Zinc,4,FALSE,C00,TOTAL CPC,0,0,TOTAL MOT,8,kg,1350,FALSE,8,kg,1350,FALSE,1350,FALSE,0,FALSE,548.475,0,548.475,0,FALSE,TRUE
C,A,20200101,2020,52,2020,276,DEU,Germany,M,Import,380,ITA,Italy,0,W00,World,H5,HS,TRUE,2608,Zinc ores and concentrates,Zinc,4,FALSE,C00,TOTAL CPC,0,0,TOTAL MOT,8,kg,15789270,FALSE,8,kg,15789270,FALSE,15789270,FALSE,0,FALSE,12337194.72,0,12337194.72,0,FALSE,TRUE
C,A,20200101,2020,52,2020,276,DEU,Germany,M,Import,484,MEX,Mexico,0,W00,World,H5,HS,TRUE,2608,Zinc ores and concentrates,Zinc,4,FALSE,C00,TOTAL CPC,0,0,TOTAL MOT,8,kg,12689800,FALSE,8,kg,12689800,FALSE,12689800,FALSE,0,FALSE,9252517.817,0,9252517.817,0,FALSE,TRUE
C,A,20200101,2020,52,2020,276,DEU,Germany,M,Import,604,PER,Peru,0,W00,World,H5,HS,TRUE,2608,Zinc ores and concentrates,Zinc,4,FALSE,C00,TOTAL CPC,0,0,TOTAL MOT,8,kg,10817103.85,TRUE,-1,N/A,0,FALSE,10817103.85,TRUE,0,FALSE,6333528.288,0,6333528.288,6,FALSE,TRUE
C,A,20200101,2020,52,2020,276,DEU,Germany,M,Import,620,PRT,Portugal,0,W00,World,H5,HS,TRUE,2608,Zinc ores and concentrates,Zinc,4,FALSE,C00,TOTAL CPC,0,0,TOTAL MOT,8,kg,16004665,FALSE,8,kg,16004665,FALSE,16004665,FALSE,0,FALSE,7647304.735,0,7647304.735,0,FALSE,TRUE
C,A,20200101,2020,52,2020,276,DEU,Germany,M,Import,724,ESP,Spain,0,W00,World,H5,HS,TRUE,2608,Zinc ores and concentrates,Zinc,4,FALSE,C00,TOTAL CPC,0,0,TOTAL MOT,8,kg,9812200,FALSE,8,kg,9812200,FALSE,9812200,FALSE,0,FALSE,6007504.607,0,6007504.607,0,FALSE,TRUE
C,A,20200101,2020,52,2020,276,DEU,Germany,M,Import,752,SWE,Sweden,0,W00,World,H5,HS,TRUE,2608,Zinc ores and concentrates,Zinc,4,FALSE,C00,TOTAL CPC,0,0,TOTAL MOT,8,kg,63611350,FALSE,8,kg,63611350,FALSE,63611350,FALSE,0,FALSE,39093421.79,0,39093421.79,0,FALSE,TRUE
C,A,20200101,2020,52,2020,276,DEU,Germany,M,Import,792,TUR,Turkey,0,W00,World,H5,HS,TRUE,2608,Zinc ores and concentrates,Zinc,4,FALSE,C00,TOTAL CPC,0,0,TOTAL MOT,8,kg,5221350,FALSE,8,kg,5221350,FALSE,5221350,FALSE,0,FALSE,5447210.216,0,5447210.216,0,FALSE,TRUE
C,A,20200101,2020,52,2020,276,DEU,Germany,M,Import,826,GBR,United Kingdom,0,W00,World,H5,HS,TRUE,2608,Zinc ores and concentrates,Zinc,4,FALSE,C00,TOTAL CPC,0,0,TOTAL MOT,8,kg,5200,FALSE,8,kg,5200,FALSE,5200,FALSE,0,FALSE,17968.262,0,17968.262,0,FALSE,TRUE
C,A,20200101,2020,52,2020,276,DEU,Germany,M,Import,842,USA,USA,0,W00,World,H5,HS,TRUE,2608,Zinc ores and concentrates,Zinc,4,FALSE,C00,TOTAL CPC,0,0,TOTAL MOT,8,kg,6577517,FALSE,8,kg,6577517,FALSE,6577517,FALSE,0,FALSE,5606054.22,0,5606054.22,0,FALSE,TRUE
C,A,20200101,2020,52,2020,276,DEU,Germany,M,Import,854,BFA,Burkina Faso,0,W00,World,H5,HS,TRUE,2608,Zinc ores and concentrates,Zinc,4,FALSE,C00,TOTAL CPC,0,0,TOTAL MOT,8,kg,10401600,FALSE,8,kg,10401600,FALSE,10401600,FALSE,0,FALSE,8353141.475,0,8353141.475,0,FALSE,TRUE
C,A,20200101,2020,52,2020,276,DEU,Germany,M,Import,0,W00,World,0,W00,World,H5,HS,TRUE,2610,Chromium ores and concentrates,Chromium,4,FALSE,C00,TOTAL CPC,0,0,TOTAL MOT,8,kg,123041822.7,TRUE,-1,N/A,0,FALSE,123041822.7,TRUE,0,FALSE,27534806.42,0,27534806.42,6,FALSE,TRUE
C,A,20200101,2020,52,2020,276,DEU,Germany,M,Import,8,ALB,Albania,0,W00,World,H5,HS,TRUE,2610,Chromium ores and concentrates,Chromium,4,FALSE,C00,TOTAL CPC,0,0,TOTAL MOT,8,kg,24003,FALSE,8,kg,24003,FALSE,24003,FALSE,0,FALSE,2004.218,0,2004.218,0,FALSE,TRUE
C,A,20200101,2020,52,2020,276,DEU,Germany,M,Import,251,FRA,France,0,W00,World,H5,HS,TRUE,2610,Chromium ores and concentrates,Chromium,4,FALSE,C00,TOTAL CPC,0,0,TOTAL MOT,8,kg,340934,FALSE,8,kg,340934,FALSE,340934,FALSE,0,FALSE,224416.447,0,224416.447,0,FALSE,TRUE
C,A,20200101,2020,52,2020,276,DEU,Germany,M,Import,380,ITA,Italy,0,W00,World,H5,HS,TRUE,2610,Chromium ores and concentrates,Chromium,4,FALSE,C00,TOTAL CPC,0,0,TOTAL MOT,8,kg,162140,FALSE,8,kg,162140,FALSE,162140,FALSE,0,FALSE,76337.403,0,76337.403,0,FALSE,TRUE
C,A,20200101,2020,52,2020,276,DEU,Germany,M,Import,398,KAZ,Kazakhstan,0,W00,World,H5,HS,TRUE,2610,Chromium ores and concentrates,Chromium,4,FALSE,C00,TOTAL CPC,0,0,TOTAL MOT,8,kg,2350,FALSE,8,kg,2350,FALSE,2350,FALSE,0,FALSE,241.1,0,241.1,0,FALSE,TRUE
C,A,20200101,2020,52,2020,276,DEU,Germany,M,Import,512,OMN,Oman,0,W00,World,H5,HS,TRUE,2610,Chromium ores and concentrates,Chromium,4,FALSE,C00,TOTAL CPC,0,0,TOTAL MOT,8,kg,96400,FALSE,8,kg,96400,FALSE,96400,FALSE,0,FALSE,45402.284,0,45402.284,0,FALSE,TRUE
C,A,20200101,2020,52,2020,276,DEU,Germany,M,Import,528,NLD,Netherlands,0,W00,World,H5,HS,TRUE,2610,Chromium ores and concentrates,Chromium,4,FALSE,C00,TOTAL CPC,0,0,TOTAL MOT,8,kg,4105026.532,TRUE,-1,N/A,0,FALSE,4105026.532,TRUE,0,FALSE,1764143.927,0,1764143.927,6,FALSE,TRUE
C,A,20200101,2020,52,2020,276,DEU,Germany,M,Import,710,ZAF,South Africa,0,W00,World,H5,HS,TRUE,2610,Chromium ores and concentrates,Chromium,4,FALSE,C00,TOTAL CPC,0,0,TOTAL MOT,8,kg,91165909.21,TRUE,-1,N/A,0,FALSE,91165909.21,TRUE,0,FALSE,20038444.23,0,20038444.23,6,FALSE,TRUE
C,A,20200101,2020,52,2020,276,DEU,Germany,M,Import,724,ESP,Spain,0,W00,World,H5,HS,TRUE,2610,Chromium ores and concentrates,Chromium,4,FALSE,C00,TOTAL CPC,0,0,TOTAL MOT,8,kg,30000,FALSE,8,kg,30000,FALSE,30000,FALSE,0,FALSE,13678.732,0,13678.732,0,FALSE,TRUE
C,A,20200101,2020,52,2020,276,DEU,Germany,M,Import,792,TUR,Turkey,0,W00,World,H5,HS,TRUE,2610,Chromium ores and concentrates,Chromium,4,FALSE,C00,TOTAL CPC,0,0,TOTAL MOT,8,kg,27112610,FALSE,8,kg,27112610,FALSE,27112610,FALSE,0,FALSE,5368661.774,0,5368661.774,0,FALSE,TRUE
C,A,20200101,2020,52,2020,276,DEU,Germany,M,Import,826,GBR,United Kingdom,0,W00,World,H5,HS,TRUE,2610,Chromium ores and concentrates,Chromium,4,FALSE,C00,TOTAL CPC,0,0,TOTAL MOT,8,kg,2450,FALSE,8,kg,2450,FALSE,2450,FALSE,0,FALSE,1476.311,0,1476.311,0,FALSE,TRUE
C,A,20200101,2020,52,2020,276,DEU,Germany,M,Import,0,W00,World,0,W00,World,H5,HS,TRUE,2613,Molybdenum ores and concentrates,Molybdenum,4,FALSE,C00,TOTAL CPC,0,0,TOTAL MOT,8,kg,2818900.457,TRUE,-1,N/A,0,FALSE,2818900.457,TRUE,0,FALSE,33014441.78,0,33014441.78,6,FALSE,TRUE
C,A,20200101,2020,52,2020,276,DEU,Germany,M,Import,40,AUT,Austria,0,W00,World,H5,HS,TRUE,2613,Molybdenum ores and concentrates,Molybdenum,4,FALSE,C00,TOTAL CPC,0,0,TOTAL MOT,8,kg,15600,FALSE,8,kg,15600,FALSE,15600,FALSE,0,FALSE,38296.107,0,38296.107,0,FALSE,TRUE
C,A,20200101,2020,52,2020,276,DEU,Germany,M,Import,56,BEL,Belgium,0,W00,World,H5,HS,TRUE,2613,Molybdenum ores and concentrates,Molybdenum,4,FALSE,C00,TOTAL CPC,0,0,TOTAL MOT,8,kg,1292263,FALSE,8,kg,1292263,FALSE,1292263,FALSE,0,FALSE,15253157.35,0,15253157.35,0,FALSE,TRUE
C,A,20200101,2020,52,2020,276,DEU,Germany,M,Import,152,CHL,Chile,0,W00,World,H5,HS,TRUE,2613,Molybdenum ores and concentrates,Molybdenum,4,FALSE,C00,TOTAL CPC,0,0,TOTAL MOT,8,kg,194016.394,TRUE,-1,N/A,0,FALSE,194016.394,TRUE,0,FALSE,2218135.911,0,2218135.911,6,FALSE,TRUE
C,A,20200101,2020,52,2020,276,DEU,Germany,M,Import,156,CHN,China,0,W00,World,H5,HS,TRUE,2613,Molybdenum ores and concentrates,Molybdenum,4,FALSE,C00,TOTAL CPC,0,0,TOTAL MOT,8,kg,6530,FALSE,8,kg,6530,FALSE,6530,FALSE,0,FALSE,128104.279,0,128104.279,0,FALSE,TRUE
C,A,20200101,2020,52,2020,276,DEU,Germany,M,Import,380,ITA,Italy,0,W00,World,H5,HS,TRUE,2613,Molybdenum ores and concentrates,Molybdenum,4,FALSE,C00,TOTAL CPC,0,0,TOTAL MOT,8,kg,8375,FALSE,8,kg,8375,FALSE,8375,FALSE,0,FALSE,306785.929,0,306785.929,0,FALSE,TRUE
C,A,20200101,2020,52,2020,276,DEU,Germany,M,Import,484,MEX,Mexico,0,W00,World,H5,HS,TRUE,2613,Molybdenum ores and concentrates,Molybdenum,4,FALSE,C00,TOTAL CPC,0,0,TOTAL MOT,8,kg,319000,FALSE,8,kg,319000,FALSE,319000,FALSE,0,FALSE,3834743.556,0,3834743.556,0,FALSE,TRUE
C,A,20200101,2020,52,2020,276,DEU,Germany,M,Import,528,NLD,Netherlands,0,W00,World,H5,HS,TRUE,2613,Molybdenum ores and concentrates,Molybdenum,4,FALSE,C00,TOTAL CPC,0,0,TOTAL MOT,8,kg,549958,FALSE,8,kg,549958,FALSE,549958,FALSE,0,FALSE,6296683.354,0,6296683.354,0,FALSE,TRUE
C,A,20200101,2020,52,2020,276,DEU,Germany,M,Import,643,RUS,Russia,0,W00,World,H5,HS,TRUE,2613,Molybdenum ores and concentrates,Molybdenum,4,FALSE,C00,TOTAL CPC,0,0,TOTAL MOT,8,kg,50094,FALSE,8,kg,50094,FALSE,50094,FALSE,0,FALSE,514775.557,0,514775.557,0,FALSE,TRUE
C,A,20200101,2020,52,2020,276,DEU,Germany,M,Import,757,CHE,Switzerland,0,W00,World,H5,HS,TRUE,2613,Molybdenum ores and concentrates,Molybdenum,4,FALSE,C00,TOTAL CPC,0,0,TOTAL MOT,8,kg,0.098,TRUE,-1,N/A,0,FALSE,0.098,TRUE,0,FALSE,1.143,0,1.143,6,FALSE,TRUE
C,A,20200101,2020,52,2020,276,DEU,Germany,M,Import,826,GBR,United Kingdom,0,W00,World,H5,HS,TRUE,2613,Molybdenum ores and concentrates,Molybdenum,4,FALSE,C00,TOTAL CPC,0,0,TOTAL MOT,8,kg,324000,FALSE,8,kg,324000,FALSE,324000,FALSE,0,FALSE,3797409.564,0,3797409.564,0,FALSE,TRUE
C,A,20200101,2020,52,2020,276,DEU,Germany,M,Import,842,USA,USA,0,W00,World,H5,HS,TRUE,2613,Molybdenum ores and concentrates,Molybdenum,4,FALSE,C00,TOTAL CPC,0,0,TOTAL MOT,8,kg,59063.965,TRUE,-1,N/A,0,FALSE,59063.965,TRUE,0,FALSE,626349.035,0,626349.035,6,FALSE,TRUE
C,A,20200101,2020,52,2020,276,DEU,Germany,M,Import,0,W00,World,0,W00,World,H5,HS,TRUE,260200,"Manganese ores and concentrates, including ferruginous manganese ores and concentrates with a manganese content of 20% or more, calculated on the dry weight",Manganese,6,TRUE,C00,TOTAL CPC,0,0,TOTAL MOT,8,kg,19191994.79,TRUE,-1,N/A,0,FALSE,19191994.79,TRUE,0,FALSE,11578569.57,0,11578569.57,6,FALSE,TRUE
C,A,20200101,2020,52,2020,276,DEU,Germany,M,Import,56,BEL,Belgium,0,W00,World,H5,HS,TRUE,260200,"Manganese ores and concentrates, including ferruginous manganese ores and concentrates with a manganese content of 20% or more, calculated on the dry weight",Manganese,6,TRUE,C00,TOTAL CPC,0,0,TOTAL MOT,8,kg,1027715,FALSE,8,kg,1027715,FALSE,1027715,FALSE,0,FALSE,739467.383,0,739467.383,0,FALSE,TRUE
C,A,20200101,2020,52,2020,276,DEU,Germany,M,Import,76,BRA,Brazil,0,W00,World,H5,HS,TRUE,260200,"Manganese ores and concentrates, including ferruginous manganese ores and concentrates with a manganese content of 20% or more, calculated on the dry weight",Manganese,6,TRUE,C00,TOTAL CPC,0,0,TOTAL MOT,8,kg,4874660,FALSE,8,kg,4874660,FALSE,4874660,FALSE,0,FALSE,3296895.494,0,3296895.494,0,FALSE,TRUE
C,A,20200101,2020,52,2020,276,DEU,Germany,M,Import,156,CHN,China,0,W00,World,H5,HS,TRUE,260200,"Manganese ores and concentrates, including ferruginous manganese ores and concentrates with a manganese content of 20% or more, calculated on the dry weight",Manganese,6,TRUE,C00,TOTAL CPC,0,0,TOTAL MOT,8,kg,34000,FALSE,8,kg,34000,FALSE,34000,FALSE,0,FALSE,55963.851,0,55963.851,0,FALSE,TRUE
C,A,20200101,2020,52,2020,276,DEU,Germany,M,Import,251,FRA,France,0,W00,World,H5,HS,TRUE,260200,"Manganese ores and concentrates, including ferruginous manganese ores and concentrates with a manganese content of 20% or more, calculated on the dry weight",Manganese,6,TRUE,C00,TOTAL CPC,0,0,TOTAL MOT,8,kg,569900,FALSE,8,kg,569900,FALSE,569900,FALSE,0,FALSE,290784.178,0,290784.178,0,FALSE,TRUE
C,A,20200101,2020,52,2020,276,DEU,Germany,M,Import,266,GAB,Gabon,0,W00,World,H5,HS,TRUE,260200,"Manganese ores and concentrates, including ferruginous manganese ores and concentrates with a manganese content of 20% or more, calculated on the dry weight",Manganese,6,TRUE,C00,TOTAL CPC,0,0,TOTAL MOT,8,kg,516000,FALSE,8,kg,516000,FALSE,516000,FALSE,0,FALSE,297849.218,0,297849.218,0,FALSE,TRUE
C,A,20200101,2020,52,2020,276,DEU,Germany,M,Import,328,GUY,Guyana,0,W00,World,H5,HS,TRUE,260200,"Manganese ores and concentrates, including ferruginous manganese ores and concentrates with a manganese content of 20% or more, calculated on the dry weight",Manganese,6,TRUE,C00,TOTAL CPC,0,0,TOTAL MOT,8,kg,95200,FALSE,8,kg,95200,FALSE,95200,FALSE,0,FALSE,57869.8,0,57869.8,0,FALSE,TRUE
C,A,20200101,2020,52,2020,276,DEU,Germany,M,Import,504,MAR,Morocco,0,W00,World,H5,HS,TRUE,260200,"Manganese ores and concentrates, including ferruginous manganese ores and concentrates with a manganese content of 20% or more, calculated on the dry weight",Manganese,6,TRUE,C00,TOTAL CPC,0,0,TOTAL MOT,8,kg,2430018,FALSE,8,kg,2430018,FALSE,2430018,FALSE,0,FALSE,1341320.164,0,1341320.164,0,FALSE,TRUE
C,A,20200101,2020,52,2020,276,DEU,Germany,M,Import,528,NLD,Netherlands,0,W00,World,H5,HS,TRUE,260200,"Manganese ores and concentrates, including ferruginous manganese ores and concentrates with a manganese content of 20% or more, calculated on the dry weight",Manganese,6,TRUE,C00,TOTAL CPC,0,0,TOTAL MOT,8,kg,8516787,FALSE,8,kg,8516787,FALSE,8516787,FALSE,0,FALSE,4205454.218,0,4205454.218,0,FALSE,TRUE
C,A,20200101,2020,52,2020,276,DEU,Germany,M,Import,710,ZAF,South Africa,0,W00,World,H5,HS,TRUE,260200,"Manganese ores and concentrates, including ferruginous manganese ores and concentrates with a manganese content of 20% or more, calculated on the dry weight",Manganese,6,TRUE,C00,TOTAL CPC,0,0,TOTAL MOT,8,kg,702260.788,TRUE,-1,N/A,0,FALSE,702260.788,TRUE,0,FALSE,312446.646,0,312446.646,6,FALSE,TRUE
C,A,20200101,2020,52,2020,276,DEU,Germany,M,Import,724,ESP,Spain,0,W00,World,H5,HS,TRUE,260200,"Manganese ores and concentrates, including ferruginous manganese ores and concentrates with a manganese content of 20% or more, calculated on the dry weight",Manganese,6,TRUE,C00,TOTAL CPC,0,0,TOTAL MOT,8,kg,168000,FALSE,8,kg,168000,FALSE,168000,FALSE,0,FALSE,111340.376,0,111340.376,0,FALSE,TRUE
C,A,20200101,2020,52,2020,276,DEU,Germany,M,Import,826,GBR,United Kingdom,0,W00,World,H5,HS,TRUE,260200,"Manganese ores and concentrates, including ferruginous manganese ores and concentrates with a manganese content of 20% or more, calculated on the dry weight",Manganese,6,TRUE,C00,TOTAL CPC,0,0,TOTAL MOT,8,kg,81000,FALSE,8,kg,81000,FALSE,81000,FALSE,0,FALSE,121772.823,0,121772.823,0,FALSE,TRUE
C,A,20200101,2020,52,2020,276,DEU,Germany,M,Import,842,USA,USA,0,W00,World,H5,HS,TRUE,260200,"Manganese ores and concentrates, including ferruginous manganese ores and concentrates with a manganese content of 20% or more, calculated on the dry weight",Manganese,6,TRUE,C00,TOTAL CPC,0,0,TOTAL MOT,8,kg,176454,FALSE,8,kg,176454,FALSE,176454,FALSE,0,FALSE,747405.413,0,747405.413,0,FALSE,TRUE
C,A,20200101,2020,52,2020,276,DEU,Germany,M,Import,0,W00,World,0,W00,World,H5,HS,TRUE,261610,Silver ores and concentrates,Silver,6,TRUE,C00,TOTAL CPC,0,0,TOTAL MOT,8,kg,19843505.97,TRUE,-1,N/A,0,FALSE,19843505.97,TRUE,0,FALSE,139820668.6,0,139820668.6,6,FALSE,TRUE
C,A,20200101,2020,52,2020,276,DEU,Germany,M,Import,32,ARG,Argentina,0,W00,World,H5,HS,TRUE,261610,Silver ores and concentrates,Silver,6,TRUE,C00,TOTAL CPC,0,0,TOTAL MOT,8,kg,3515578,FALSE,8,kg,3515578,FALSE,3515578,FALSE,0,FALSE,25187950.34,0,25187950.34,0,FALSE,TRUE
C,A,20200101,2020,52,2020,276,DEU,Germany,M,Import,68,BOL,Bolivia,0,W00,World,H5,HS,TRUE,261610,Silver ores and concentrates,Silver,6,TRUE,C00,TOTAL CPC,0,0,TOTAL MOT,8,kg,3707071,FALSE,8,kg,3707071,FALSE,3707071,FALSE,0,FALSE,10718655.98,0,10718655.98,0,FALSE,TRUE
C,A,20200101,2020,52,2020,276,DEU,Germany,M,Import,124,CAN,Canada,0,W00,World,H5,HS,TRUE,261610,Silver ores and concentrates,Silver,6,TRUE,C00,TOTAL CPC,0,0,TOTAL MOT,8,kg,28630,FALSE,8,kg,28630,FALSE,28630,FALSE,0,FALSE,5112311.528,0,5112311.528,0,FALSE,TRUE
C,A,20200101,2020,52,2020,276,DEU,Germany,M,Import,170,COL,Colombia,0,W00,World,H5,HS,TRUE,261610,Silver ores and concentrates,Silver,6,TRUE,C00,TOTAL CPC,0,0,TOTAL MOT,8,kg,28576,FALSE,8,kg,28576,FALSE,28576,FALSE,0,FALSE,360159.379,0,360159.379,0,FALSE,TRUE
C,A,20200101,2020,52,2020,276,DEU,Germany,M,Import,484,MEX,Mexico,0,W00,World,H5,HS,TRUE,261610,Silver ores and concentrates,Silver,6,TRUE,C00,TOTAL CPC,0,0,TOTAL MOT,8,kg,9625046,FALSE,8,kg,9625046,FALSE,9625046,FALSE,0,FALSE,65070402.21,0,65070402.21,0,FALSE,TRUE
C,A,20200101,2020,52,2020,276,DEU,Germany,M,Import,604,PER,Peru,0,W00,World,H5,HS,TRUE,261610,Silver ores and concentrates,Silver,6,TRUE,C00,TOTAL CPC,0,0,TOTAL MOT,8,kg,2938596,FALSE,8,kg,2938596,FALSE,2938596,FALSE,0,FALSE,33371041.79,0,33371041.79,0,FALSE,TRUE
C,A,20200101,2020,52,2020,276,DEU,Germany,M,Import,842,USA,USA,0,W00,World,H5,HS,TRUE,261610,Silver ores and concentrates,Silver,6,TRUE,C00,TOTAL CPC,0,0,TOTAL MOT,8,kg,8.973,TRUE,-1,N/A,0,FALSE,8.973,TRUE,0,FALSE,147.403,0,147.403,6,FALSE,TRUE
C,A,20200101,2020,52,2020,276,DEU,Germany,M,Import,0,W00,World,0,W00,World,H5,HS,TRUE,261710,Antimony ores and concentrates,Antimony,6,TRUE,C00,TOTAL CPC,0,0,TOTAL MOT,8,kg,7.407,TRUE,-1,N/A,0,FALSE,7.407,TRUE,0,FALSE,2422.43,0,2422.43,6,FALSE,TRUE
C,A,20200101,2020,52,2020,276,DEU,Germany,M,Import,842,USA,USA,0,W00,World,H5,HS,TRUE,261710,Antimony ores and concentrates,Antimony,6,TRUE,C00,TOTAL CPC,0,0,TOTAL MOT,8,kg,7.407,TRUE,-1,N/A,0,FALSE,7.407,TRUE,0,FALSE,2422.43,0,2422.43,6,FALSE,TRUE
C,A,20200101,2020,52,2020,276,DEU,Germany,M,Import,0,W00,World,0,W00,World,H5,HS,TRUE,271111,"Petroleum gases and other gaseous hydrocarbons; liquefied, natural gas",Natural gas,6,TRUE,C00,TOTAL CPC,0,0,TOTAL MOT,8,kg,47171680,FALSE,18,TJ,2534,FALSE,47171680,FALSE,0,FALSE,11038874.97,0,11038874.97,0,FALSE,TRUE
C,A,20200101,2020,52,2020,276,DEU,Germany,M,Import,839,XX ,Special Categories,0,W00,World,H5,HS,TRUE,271111,"Petroleum gases and other gaseous hydrocarbons; liquefied, natural gas",Natural gas,6,TRUE,C00,TOTAL CPC,0,0,TOTAL MOT,8,kg,47171680,FALSE,18,TJ,2534,FALSE,47171680,FALSE,0,FALSE,11038874.97,0,11038874.97,0,FALSE,TRUE
C,A,20200101,2020,52,2020,276,DEU,Germany,M,Import,0,W00,World,0,W00,World,H5,HS,TRUE,2824,Lead oxides,Lead,4,FALSE,C00,TOTAL CPC,0,0,TOTAL MOT,8,kg,2773531.907,TRUE,-1,N/A,0,FALSE,2773531.907,TRUE,0,FALSE,6867735.849,0,6867735.849,6,FALSE,TRUE
C,A,20200101,2020,52,2020,276,DEU,Germany,M,Import,40,AUT,Austria,0,W00,World,H5,HS,TRUE,2824,Lead oxides,Lead,4,FALSE,C00,TOTAL CPC,0,0,TOTAL MOT,8,kg,5400,FALSE,8,kg,5400,FALSE,5400,FALSE,0,FALSE,26255.944,0,26255.944,0,FALSE,TRUE
C,A,20200101,2020,52,2020,276,DEU,Germany,M,Import,56,BEL,Belgium,0,W00,World,H5,HS,TRUE,2824,Lead oxides,Lead,4,FALSE,C00,TOTAL CPC,0,0,TOTAL MOT,8,kg,180.036,TRUE,-1,N/A,0,FALSE,180.036,TRUE,0,FALSE,654.742,0,654.742,6,FALSE,TRUE
C,A,20200101,2020,52,2020,276,DEU,Germany,M,Import,156,CHN,China,0,W00,World,H5,HS,TRUE,2824,Lead oxides,Lead,4,FALSE,C00,TOTAL CPC,0,0,TOTAL MOT,8,kg,140,FALSE,8,kg,140,FALSE,140,FALSE,0,FALSE,1729.981,0,1729.981,0,FALSE,TRUE
C,A,20200101,2020,52,2020,276,DEU,Germany,M,Import,380,ITA,Italy,0,W00,World,H5,HS,TRUE,2824,Lead oxides,Lead,4,FALSE,C00,TOTAL CPC,0,0,TOTAL MOT,8,kg,1562520,FALSE,8,kg,1562520,FALSE,1562520,FALSE,0,FALSE,3478913.699,0,3478913.699,0,FALSE,TRUE
C,A,20200101,2020,52,2020,276,DEU,Germany,M,Import,392,JPN,Japan,0,W00,World,H5,HS,TRUE,2824,Lead oxides,Lead,4,FALSE,C00,TOTAL CPC,0,0,TOTAL MOT,8,kg,72503,FALSE,8,kg,72503,FALSE,72503,FALSE,0,FALSE,405578.803,0,405578.803,0,FALSE,TRUE
C,A,20200101,2020,52,2020,276,DEU,Germany,M,Import,410,KOR,South Korea,0,W00,World,H5,HS,TRUE,2824,Lead oxides,Lead,4,FALSE,C00,TOTAL CPC,0,0,TOTAL MOT,8,kg,5000,FALSE,8,kg,5000,FALSE,5000,FALSE,0,FALSE,14788.251,0,14788.251,0,FALSE,TRUE
C,A,20200101,2020,52,2020,276,DEU,Germany,M,Import,428,LVA,Latvia,0,W00,World,H5,HS,TRUE,2824,Lead oxides,Lead,4,FALSE,C00,TOTAL CPC,0,0,TOTAL MOT,8,kg,1000,FALSE,8,kg,1000,FALSE,1000,FALSE,0,FALSE,29937.581,0,29937.581,0,FALSE,TRUE
C,A,20200101,2020,52,2020,276,DEU,Germany,M,Import,616,POL,Poland,0,W00,World,H5,HS,TRUE,2824,Lead oxides,Lead,4,FALSE,C00,TOTAL CPC,0,0,TOTAL MOT,8,kg,131000,FALSE,8,kg,131000,FALSE,131000,FALSE,0,FALSE,294936.589,0,294936.589,0,FALSE,TRUE
C,A,20200101,2020,52,2020,276,DEU,Germany,M,Import,703,SVK,Slovakia,0,W00,World,H5,HS,TRUE,2824,Lead oxides,Lead,4,FALSE,C00,TOTAL CPC,0,0,TOTAL MOT,8,kg,1611.814,TRUE,-1,N/A,0,FALSE,1611.814,TRUE,0,FALSE,3882.744,0,3882.744,6,FALSE,TRUE
C,A,20200101,2020,52,2020,276,DEU,Germany,M,Import,710,ZAF,South Africa,0,W00,World,H5,HS,TRUE,2824,Lead oxides,Lead,4,FALSE,C00,TOTAL CPC,0,0,TOTAL MOT,8,kg,48135,FALSE,8,kg,48135,FALSE,48135,FALSE,0,FALSE,215534.583,0,215534.583,0,FALSE,TRUE
C,A,20200101,2020,52,2020,276,DEU,Germany,M,Import,724,ESP,Spain,0,W00,World,H5,HS,TRUE,2824,Lead oxides,Lead,4,FALSE,C00,TOTAL CPC,0,0,TOTAL MOT,8,kg,924681,FALSE,8,kg,924681,FALSE,924681,FALSE,0,FALSE,2240939.892,0,2240939.892,0,FALSE,TRUE
C,A,20200101,2020,52,2020,276,DEU,Germany,M,Import,757,CHE,Switzerland,0,W00,World,H5,HS,TRUE,2824,Lead oxides,Lead,4,FALSE,C00,TOTAL CPC,0,0,TOTAL MOT,8,kg,170,FALSE,8,kg,170,FALSE,170,FALSE,0,FALSE,5987.516,0,5987.516,0,FALSE,TRUE
C,A,20200101,2020,52,2020,276,DEU,Germany,M,Import,792,TUR,Turkey,0,W00,World,H5,HS,TRUE,2824,Lead oxides,Lead,4,FALSE,C00,TOTAL CPC,0,0,TOTAL MOT,8,kg,999,FALSE,8,kg,999,FALSE,999,FALSE,0,FALSE,32623.964,0,32623.964,0,FALSE,TRUE
C,A,20200101,2020,52,2020,276,DEU,Germany,M,Import,826,GBR,United Kingdom,0,W00,World,H5,HS,TRUE,2824,Lead oxides,Lead,4,FALSE,C00,TOTAL CPC,0,0,TOTAL MOT,8,kg,16328.059,TRUE,-1,N/A,0,FALSE,16328.059,TRUE,0,FALSE,86172.241,0,86172.241,6,FALSE,TRUE
C,A,20200101,2020,52,2020,276,DEU,Germany,M,Import,842,USA,USA,0,W00,World,H5,HS,TRUE,2824,Lead oxides,Lead,4,FALSE,C00,TOTAL CPC,0,0,TOTAL MOT,8,kg,3863.997,TRUE,-1,N/A,0,FALSE,3863.997,TRUE,0,FALSE,29799.319,0,29799.319,6,FALSE,TRUE
C,A,20200101,2020,52,2020,276,DEU,Germany,M,Import,0,W00,World,0,W00,World,H5,HS,TRUE,7403,"Copper; refined and copper alloys, unwrought",Copper,4,FALSE,C00,TOTAL CPC,0,0,TOTAL MOT,8,kg,615479796.6,TRUE,-1,N/A,0,FALSE,615479796.6,TRUE,0,FALSE,3815949037,0,3815949037,6,FALSE,TRUE
C,A,20200101,2020,52,2020,276,DEU,Germany,M,Import,40,AUT,Austria,0,W00,World,H5,HS,TRUE,7403,"Copper; refined and copper alloys, unwrought",Copper,4,FALSE,C00,TOTAL CPC,0,0,TOTAL MOT,8,kg,29203796.79,TRUE,-1,N/A,0,FALSE,29203796.79,TRUE,0,FALSE,180000998.3,0,180000998.3,6,FALSE,TRUE
C,A,20200101,2020,52,2020,276,DEU,Germany,M,Import,56,BEL,Belgium,0,W00,World,H5,HS,TRUE,7403,"Copper; refined and copper alloys, unwrought",Copper,4,FALSE,C00,TOTAL CPC,0,0,TOTAL MOT,8,kg,66637129.64,TRUE,-1,N/A,0,FALSE,66637129.64,TRUE,0,FALSE,440562923.4,0,440562923.4,6,FALSE,TRUE
C,A,20200101,2020,52,2020,276,DEU,Germany,M,Import,70,BIH,Bosnia and Herzegovina,0,W00,World,H5,HS,TRUE,7403,"Copper; refined and copper alloys, unwrought",Copper,4,FALSE,C00,TOTAL CPC,0,0,TOTAL MOT,8,kg,10059,FALSE,8,kg,10059,FALSE,10059,FALSE,0,FALSE,56679.153,0,56679.153,0,FALSE,TRUE
C,A,20200101,2020,52,2020,276,DEU,Germany,M,Import,100,BGR,Bulgaria,0,W00,World,H5,HS,TRUE,7403,"Copper; refined and copper alloys, unwrought",Copper,4,FALSE,C00,TOTAL CPC,0,0,TOTAL MOT,8,kg,1019932,FALSE,8,kg,1019932,FALSE,1019932,FALSE,0,FALSE,5076188.751,0,5076188.751,0,FALSE,TRUE
C,A,20200101,2020,52,2020,276,DEU,Germany,M,Import,152,CHL,Chile,0,W00,World,H5,HS,TRUE,7403,"Copper; refined and copper alloys, unwrought",Copper,4,FALSE,C00,TOTAL CPC,0,0,TOTAL MOT,8,kg,38737759,FALSE,8,kg,38737759,FALSE,38737759,FALSE,0,FALSE,234304042.2,0,234304042.2,0,FALSE,TRUE
C,A,20200101,2020,52,2020,276,DEU,Germany,M,Import,156,CHN,China,0,W00,World,H5,HS,TRUE,7403,"Copper; refined and copper alloys, unwrought",Copper,4,FALSE,C00,TOTAL CPC,0,0,TOTAL MOT,8,kg,358162.129,TRUE,-1,N/A,0,FALSE,358162.129,TRUE,0,FALSE,2621313.994,0,2621313.994,6,FALSE,TRUE
C,A,20200101,2020,52,2020,276,DEU,Germany,M,Import,178,COG,Republic of the Congo,0,W00,World,H5,HS,TRUE,7403,"Copper; refined and copper alloys, unwrought",Copper,4,FALSE,C00,TOTAL CPC,0,0,TOTAL MOT,8,kg,3936702,FALSE,8,kg,3936702,FALSE,3936702,FALSE,0,FALSE,21377357.96,0,21377357.96,0,FALSE,TRUE
C,A,20200101,2020,52,2020,276,DEU,Germany,M,Import,180,COD,Democratic Republic of the Congo,0,W00,World,H5,HS,TRUE,7403,"Copper; refined and copper alloys, unwrought",Copper,4,FALSE,C00,TOTAL CPC,0,0,TOTAL MOT,8,kg,7187181,FALSE,8,kg,7187181,FALSE,7187181,FALSE,0,FALSE,43963225.2,0,43963225.2,0,FALSE,TRUE
C,A,20200101,2020,52,2020,276,DEU,Germany,M,Import,203,CZE,Czechia,0,W00,World,H5,HS,TRUE,7403,"Copper; refined and copper alloys, unwrought",Copper,4,FALSE,C00,TOTAL CPC,0,0,TOTAL MOT,8,kg,174698,FALSE,8,kg,174698,FALSE,174698,FALSE,0,FALSE,1058880.801,0,1058880.801,0,FALSE,TRUE
C,A,20200101,2020,52,2020,276,DEU,Germany,M,Import,208,DNK,Denmark,0,W00,World,H5,HS,TRUE,7403,"Copper; refined and copper alloys, unwrought",Copper,4,FALSE,C00,TOTAL CPC,0,0,TOTAL MOT,8,kg,36029.041,TRUE,-1,N/A,0,FALSE,36029.041,TRUE,0,FALSE,160081.5,0,160081.5,6,FALSE,TRUE
C,A,20200101,2020,52,2020,276,DEU,Germany,M,Import,246,FIN,Finland,0,W00,World,H5,HS,TRUE,7403,"Copper; refined and copper alloys, unwrought",Copper,4,FALSE,C00,TOTAL CPC,0,0,TOTAL MOT,8,kg,68130203,FALSE,8,kg,68130203,FALSE,68130203,FALSE,0,FALSE,421689221.4,0,421689221.4,0,FALSE,TRUE
C,A,20200101,2020,52,2020,276,DEU,Germany,M,Import,251,FRA,France,0,W00,World,H5,HS,TRUE,7403,"Copper; refined and copper alloys, unwrought",Copper,4,FALSE,C00,TOTAL CPC,0,0,TOTAL MOT,8,kg,10166084.17,TRUE,-1,N/A,0,FALSE,10166084.17,TRUE,0,FALSE,59553176.91,0,59553176.91,6,FALSE,TRUE
C,A,20200101,2020,52,2020,276,DEU,Germany,M,Import,300,GRC,Greece,0,W00,World,H5,HS,TRUE,7403,"Copper; refined and copper alloys, unwrought",Copper,4,FALSE,C00,TOTAL CPC,0,0,TOTAL MOT,8,kg,31513.367,TRUE,-1,N/A,0,FALSE,31513.367,TRUE,0,FALSE,209689.899,0,209689.899,6,FALSE,TRUE
C,A,20200101,2020,52,2020,276,DEU,Germany,M,Import,344,HKG,Hong Kong,0,W00,World,H5,HS,TRUE,7403,"Copper; refined and copper alloys, unwrought",Copper,4,FALSE,C00,TOTAL CPC,0,0,TOTAL MOT,8,kg,270,FALSE,8,kg,270,FALSE,270,FALSE,0,FALSE,5305.351,0,5305.351,0,FALSE,TRUE
C,A,20200101,2020,52,2020,276,DEU,Germany,M,Import,348,HUN,Hungary,0,W00,World,H5,HS,TRUE,7403,"Copper; refined and copper alloys, unwrought",Copper,4,FALSE,C00,TOTAL CPC,0,0,TOTAL MOT,8,kg,289379.462,TRUE,-1,N/A,0,FALSE,289379.462,TRUE,0,FALSE,1852730.599,0,1852730.599,6,FALSE,TRUE
C,A,20200101,2020,52,2020,276,DEU,Germany,M,Import,360,IDN,Indonesia,0,W00,World,H5,HS,TRUE,7403,"Copper; refined and copper alloys, unwrought",Copper,4,FALSE,C00,TOTAL CPC,0,0,TOTAL MOT,8,kg,469,FALSE,8,kg,469,FALSE,469,FALSE,0,FALSE,5375.053,0,5375.053,0,FALSE,TRUE
C,A,20200101,2020,52,2020,276,DEU,Germany,M,Import,376,ISR,Israel,0,W00,World,H5,HS,TRUE,7403,"Copper; refined and copper alloys, unwrought",Copper,4,FALSE,C00,TOTAL CPC,0,0,TOTAL MOT,8,kg,72580,FALSE,8,kg,72580,FALSE,72580,FALSE,0,FALSE,450161.802,0,450161.802,0,FALSE,TRUE
C,A,20200101,2020,52,2020,276,DEU,Germany,M,Import,380,ITA,Italy,0,W00,World,H5,HS,TRUE,7403,"Copper; refined and copper alloys, unwrought",Copper,4,FALSE,C00,TOTAL CPC,0,0,TOTAL MOT,8,kg,9145527.163,TRUE,-1,N/A,0,FALSE,9145527.163,TRUE,0,FALSE,57348920.84,0,57348920.84,6,FALSE,TRUE
C,A,20200101,2020,52,2020,276,DEU,Germany,M,Import,392,JPN,Japan,0,W00,World,H5,HS,TRUE,7403,"Copper; refined and copper alloys, unwrought",Copper,4,FALSE,C00,TOTAL CPC,0,0,TOTAL MOT,8,kg,550979.471,TRUE,-1,N/A,0,FALSE,550979.471,TRUE,0,FALSE,3842063.408,0,3842063.408,6,FALSE,TRUE
C,A,20200101,2020,52,2020,276,DEU,Germany,M,Import,398,KAZ,Kazakhstan,0,W00,World,H5,HS,TRUE,7403,"Copper; refined and copper alloys, unwrought",Copper,4,FALSE,C00,TOTAL CPC,0,0,TOTAL MOT,8,kg,322919,FALSE,8,kg,322919,FALSE,322919,FALSE,0,FALSE,2133212.593,0,2133212.593,0,FALSE,TRUE
C,A,20200101,2020,52,2020,276,DEU,Germany,M,Import,410,KOR,South Korea,0,W00,World,H5,HS,TRUE,7403,"Copper; refined and copper alloys, unwrought",Copper,4,FALSE,C00,TOTAL CPC,0,0,TOTAL MOT,8,kg,1320,FALSE,8,kg,1320,FALSE,1320,FALSE,0,FALSE,8220.265,0,8220.265,0,FALSE,TRUE
C,A,20200101,2020,52,2020,276,DEU,Germany,M,Import,428,LVA,Latvia,0,W00,World,H5,HS,TRUE,7403,"Copper; refined and copper alloys, unwrought",Copper,4,FALSE,C00,TOTAL CPC,0,0,TOTAL MOT,8,kg,26327,FALSE,8,kg,26327,FALSE,26327,FALSE,0,FALSE,198507.87,0,198507.87,0,FALSE,TRUE
C,A,20200101,2020,52,2020,276,DEU,Germany,M,Import,440,LTU,Lithuania,0,W00,World,H5,HS,TRUE,7403,"Copper; refined and copper alloys, unwrought",Copper,4,FALSE,C00,TOTAL CPC,0,0,TOTAL MOT,8,kg,437169,FALSE,8,kg,437169,FALSE,437169,FALSE,0,FALSE,2074411.528,0,2074411.528,0,FALSE,TRUE
C,A,20200101,2020,52,2020,276,DEU,Germany,M,Import,442,LUX,Luxembourg,0,W00,World,H5,HS,TRUE,7403,"Copper; refined and copper alloys, unwrought",Copper,4,FALSE,C00,TOTAL CPC,0,0,TOTAL MOT,8,kg,7258037,FALSE,8,kg,7258037,FALSE,7258037,FALSE,0,FALSE,43706484.17,0,43706484.17,0,FALSE,TRUE
C,A,20200101,2020,52,2020,276,DEU,Germany,M,Import,490,S19,"Other Asia, nes",0,W00,World,H5,HS,TRUE,7403,"Copper; refined and copper alloys, unwrought",Copper,4,FALSE,C00,TOTAL CPC,0,0,TOTAL MOT,8,kg,100374,FALSE,8,kg,100374,FALSE,100374,FALSE,0,FALSE,516601.521,0,516601.521,0,FALSE,TRUE
C,A,20200101,2020,52,2020,276,DEU,Germany,M,Import,498,MDA,Moldova,0,W00,World,H5,HS,TRUE,7403,"Copper; refined and copper alloys, unwrought",Copper,4,FALSE,C00,TOTAL CPC,0,0,TOTAL MOT,8,kg,800168,FALSE,8,kg,800168,FALSE,800168,FALSE,0,FALSE,4999876.487,0,4999876.487,0,FALSE,TRUE
C,A,20200101,2020,52,2020,276,DEU,Germany,M,Import,512,OMN,Oman,0,W00,World,H5,HS,TRUE,7403,"Copper; refined and copper alloys, unwrought",Copper,4,FALSE,C00,TOTAL CPC,0,0,TOTAL MOT,8,kg,24000,FALSE,8,kg,24000,FALSE,24000,FALSE,0,FALSE,173747.663,0,173747.663,0,FALSE,TRUE
C,A,20200101,2020,52,2020,276,DEU,Germany,M,Import,528,NLD,Netherlands,0,W00,World,H5,HS,TRUE,7403,"Copper; refined and copper alloys, unwrought",Copper,4,FALSE,C00,TOTAL CPC,0,0,TOTAL MOT,8,kg,24347868,FALSE,8,kg,24347868,FALSE,24347868,FALSE,0,FALSE,150261461.6,0,150261461.6,0,FALSE,TRUE
C,A,20200101,2020,52,2020,276,DEU,Germany,M,Import,554,NZL,New Zealand,0,W00,World,H5,HS,TRUE,7403,"Copper; refined and copper alloys, unwrought",Copper,4,FALSE,C00,TOTAL CPC,0,0,TOTAL MOT,8,kg,19057,FALSE,8,kg,19057,FALSE,19057,FALSE,0,FALSE,123270.845,0,123270.845,0,FALSE,TRUE
C,A,20200101,2020,52,2020,276,DEU,Germany,M,Import,579,NOR,Norway,0,W00,World,H5,HS,TRUE,7403,"Copper; refined and copper alloys, unwrought",Copper,4,FALSE,C00,TOTAL CPC,0,0,TOTAL MOT,8,kg,3029295,FALSE,8,kg,3029295,FALSE,3029295,FALSE,0,FALSE,18461204.5,0,18461204.5,0,FALSE,TRUE
C,A,20200101,2020,52,2020,276,DEU,Germany,M,Import,616,POL,Poland,0,W00,World,H5,HS,TRUE,7403,"Copper; refined and copper alloys, unwrought",Copper,4,FALSE,C00,TOTAL CPC,0,0,TOTAL MOT,8,kg,115628909,FALSE,8,kg,115628909,FALSE,115628909,FALSE,0,FALSE,729770582.6,0,729770582.6,0,FALSE,TRUE
C,A,20200101,2020,52,2020,276,DEU,Germany,M,Import,620,PRT,Portugal,0,W00,World,H5,HS,TRUE,7403,"Copper; refined and copper alloys, unwrought",Copper,4,FALSE,C00,TOTAL CPC,0,0,TOTAL MOT,8,kg,854423,FALSE,8,kg,854423,FALSE,854423,FALSE,0,FALSE,4777226.586,0,4777226.586,0,FALSE,TRUE
C,A,20200101,2020,52,2020,276,DEU,Germany,M,Import,642,ROU,Romania,0,W00,World,H5,HS,TRUE,7403,"Copper; refined and copper alloys, unwrought",Copper,4,FALSE,C00,TOTAL CPC,0,0,TOTAL MOT,8,kg,4412,FALSE,8,kg,4412,FALSE,4412,FALSE,0,FALSE,28231.596,0,28231.596,0,FALSE,TRUE
C,A,20200101,2020,52,2020,276,DEU,Germany,M,Import,643,RUS,Russia,0,W00,World,H5,HS,TRUE,7403,"Copper; refined and copper alloys, unwrought",Copper,4,FALSE,C00,TOTAL CPC,0,0,TOTAL MOT,8,kg,101318332,FALSE,8,kg,101318332,FALSE,101318332,FALSE,0,FALSE,614736451.7,0,614736451.7,0,FALSE,TRUE
C,A,20200101,2020,52,2020,276,DEU,Germany,M,Import,699,IND,India,0,W00,World,H5,HS,TRUE,7403,"Copper; refined and copper alloys, unwrought",Copper,4,FALSE,C00,TOTAL CPC,0,0,TOTAL MOT,8,kg,23745.381,TRUE,-1,N/A,0,FALSE,23745.381,TRUE,0,FALSE,140566.082,0,140566.082,6,FALSE,TRUE
C,A,20200101,2020,52,2020,276,DEU,Germany,M,Import,703,SVK,Slovakia,0,W00,World,H5,HS,TRUE,7403,"Copper; refined and copper alloys, unwrought",Copper,4,FALSE,C00,TOTAL CPC,0,0,TOTAL MOT,8,kg,51496,FALSE,8,kg,51496,FALSE,51496,FALSE,0,FALSE,367934.009,0,367934.009,0,FALSE,TRUE
C,A,20200101,2020,52,2020,276,DEU,Germany,M,Import,705,SVN,Slovenia,0,W00,World,H5,HS,TRUE,7403,"Copper; refined and copper alloys, unwrought",Copper,4,FALSE,C00,TOTAL CPC,0,0,TOTAL MOT,8,kg,19080,FALSE,8,kg,19080,FALSE,19080,FALSE,0,FALSE,66118.632,0,66118.632,0,FALSE,TRUE
C,A,20200101,2020,52,2020,276,DEU,Germany,M,Import,710,ZAF,South Africa,0,W00,World,H5,HS,TRUE,7403,"Copper; refined and copper alloys, unwrought",Copper,4,FALSE,C00,TOTAL CPC,0,0,TOTAL MOT,8,kg,2827455,FALSE,8,kg,2827455,FALSE,2827455,FALSE,0,FALSE,17968569.04,0,17968569.04,0,FALSE,TRUE
C,A,20200101,2020,52,2020,276,DEU,Germany,M,Import,724,ESP,Spain,0,W00,World,H5,HS,TRUE,7403,"Copper; refined and copper alloys, unwrought",Copper,4,FALSE,C00,TOTAL CPC,0,0,TOTAL MOT,8,kg,16612867.89,TRUE,-1,N/A,0,FALSE,16612867.89,TRUE,0,FALSE,97705975.91,0,97705975.91,6,FALSE,TRUE
C,A,20200101,2020,52,2020,276,DEU,Germany,M,Import,752,SWE,Sweden,0,W00,World,H5,HS,TRUE,7403,"Copper; refined and copper alloys, unwrought",Copper,4,FALSE,C00,TOTAL CPC,0,0,TOTAL MOT,8,kg,89454287,FALSE,8,kg,89454287,FALSE,89454287,FALSE,0,FALSE,553047600.9,0,553047600.9,0,FALSE,TRUE
C,A,20200101,2020,52,2020,276,DEU,Germany,M,Import,757,CHE,Switzerland,0,W00,World,H5,HS,TRUE,7403,"Copper; refined and copper alloys, unwrought",Copper,4,FALSE,C00,TOTAL CPC,0,0,TOTAL MOT,8,kg,420667.921,TRUE,-1,N/A,0,FALSE,420667.921,TRUE,0,FALSE,6177695.182,0,6177695.182,6,FALSE,TRUE
C,A,20200101,2020,52,2020,276,DEU,Germany,M,Import,764,THA,Thailand,0,W00,World,H5,HS,TRUE,7403,"Copper; refined and copper alloys, unwrought",Copper,4,FALSE,C00,TOTAL CPC,0,0,TOTAL MOT,8,kg,100,FALSE,8,kg,100,FALSE,100,FALSE,0,FALSE,491.342,0,491.342,0,FALSE,TRUE
C,A,20200101,2020,52,2020,276,DEU,Germany,M,Import,788,TUN,Tunisia,0,W00,World,H5,HS,TRUE,7403,"Copper; refined and copper alloys, unwrought",Copper,4,FALSE,C00,TOTAL CPC,0,0,TOTAL MOT,8,kg,721,FALSE,8,kg,721,FALSE,721,FALSE,0,FALSE,11008.345,0,11008.345,0,FALSE,TRUE
C,A,20200101,2020,52,2020,276,DEU,Germany,M,Import,792,TUR,Turkey,0,W00,World,H5,HS,TRUE,7403,"Copper; refined and copper alloys, unwrought",Copper,4,FALSE,C00,TOTAL CPC,0,0,TOTAL MOT,8,kg,889863.007,TRUE,-1,N/A,0,FALSE,889863.007,TRUE,0,FALSE,4267086.784,0,4267086.784,6,FALSE,TRUE
C,A,20200101,2020,52,2020,276,DEU,Germany,M,Import,804,UKR,Ukraine,0,W00,World,H5,HS,TRUE,7403,"Copper; refined and copper alloys, unwrought",Copper,4,FALSE,C00,TOTAL CPC,0,0,TOTAL MOT,8,kg,87458,FALSE,8,kg,87458,FALSE,87458,FALSE,0,FALSE,451291.888,0,451291.888,0,FALSE,TRUE
C,A,20200101,2020,52,2020,276,DEU,Germany,M,Import,826,GBR,United Kingdom,0,W00,World,H5,HS,TRUE,7403,"Copper; refined and copper alloys, unwrought",Copper,4,FALSE,C00,TOTAL CPC,0,0,TOTAL MOT,8,kg,5624095.03,TRUE,-1,N/A,0,FALSE,5624095.03,TRUE,0,FALSE,31907865.39,0,31907865.39,6,FALSE,TRUE
C,A,20200101,2020,52,2020,276,DEU,Germany,M,Import,842,USA,USA,0,W00,World,H5,HS,TRUE,7403,"Copper; refined and copper alloys, unwrought",Copper,4,FALSE,C00,TOTAL CPC,0,0,TOTAL MOT,8,kg,757765.148,TRUE,-1,N/A,0,FALSE,757765.148,TRUE,0,FALSE,5490243.774,0,5490243.774,6,FALSE,TRUE
C,A,20200101,2020,52,2020,276,DEU,Germany,M,Import,894,ZMB,Zambia,0,W00,World,H5,HS,TRUE,7403,"Copper; refined and copper alloys, unwrought",Copper,4,FALSE,C00,TOTAL CPC,0,0,TOTAL MOT,8,kg,8849131,FALSE,8,kg,8849131,FALSE,8849131,FALSE,0,FALSE,52238762.07,0,52238762.07,0,FALSE,TRUE
C,A,20200101,2020,52,2020,276,DEU,Germany,M,Import,0,W00,World,0,W00,World,H5,HS,TRUE,7502,Nickel,Nickel,4,FALSE,C00,TOTAL CPC,0,0,TOTAL MOT,8,kg,57340659.43,TRUE,-1,N/A,0,FALSE,57340659.43,TRUE,0,FALSE,769282065.6,0,769282065.6,6,FALSE,TRUE
C,A,20200101,2020,52,2020,276,DEU,Germany,M,Import,8,ALB,Albania,0,W00,World,H5,HS,TRUE,7502,Nickel,Nickel,4,FALSE,C00,TOTAL CPC,0,0,TOTAL MOT,8,kg,190,FALSE,8,kg,190,FALSE,190,FALSE,0,FALSE,896.985,0,896.985,0,FALSE,TRUE
C,A,20200101,2020,52,2020,276,DEU,Germany,M,Import,36,AUS,Australia,0,W00,World,H5,HS,TRUE,7502,Nickel,Nickel,4,FALSE,C00,TOTAL CPC,0,0,TOTAL MOT,8,kg,2418417,FALSE,8,kg,2418417,FALSE,2418417,FALSE,0,FALSE,33291719.77,0,33291719.77,0,FALSE,TRUE
C,A,20200101,2020,52,2020,276,DEU,Germany,M,Import,40,AUT,Austria,0,W00,World,H5,HS,TRUE,7502,Nickel,Nickel,4,FALSE,C00,TOTAL CPC,0,0,TOTAL MOT,8,kg,273524.265,TRUE,-1,N/A,0,FALSE,273524.265,TRUE,0,FALSE,4520971.18,0,4520971.18,6,FALSE,TRUE
C,A,20200101,2020,52,2020,276,DEU,Germany,M,Import,56,BEL,Belgium,0,W00,World,H5,HS,TRUE,7502,Nickel,Nickel,4,FALSE,C00,TOTAL CPC,0,0,TOTAL MOT,8,kg,305970,FALSE,8,kg,305970,FALSE,305970,FALSE,0,FALSE,4568098.873,0,4568098.873,0,FALSE,TRUE
C,A,20200101,2020,52,2020,276,DEU,Germany,M,Import,76,BRA,Brazil,0,W00,World,H5,HS,TRUE,7502,Nickel,Nickel,4,FALSE,C00,TOTAL CPC,0,0,TOTAL MOT,8,kg,1182,FALSE,8,kg,1182,FALSE,1182,FALSE,0,FALSE,24251.726,0,24251.726,0,FALSE,TRUE
C,A,20200101,2020,52,2020,276,DEU,Germany,M,Import,124,CAN,Canada,0,W00,World,H5,HS,TRUE,7502,Nickel,Nickel,4,FALSE,C00,TOTAL CPC,0,0,TOTAL MOT,8,kg,3789588,FALSE,8,kg,3789588,FALSE,3789588,FALSE,0,FALSE,52485392.89,0,52485392.89,0,FALSE,TRUE
C,A,20200101,2020,52,2020,276,DEU,Germany,M,Import,156,CHN,China,0,W00,World,H5,HS,TRUE,7502,Nickel,Nickel,4,FALSE,C00,TOTAL CPC,0,0,TOTAL MOT,8,kg,901551.052,TRUE,-1,N/A,0,FALSE,901551.052,TRUE,0,FALSE,11943481.25,0,11943481.25,6,FALSE,TRUE
C,A,20200101,2020,52,2020,276,DEU,Germany,M,Import,170,COL,Colombia,0,W00,World,H5,HS,TRUE,7502,Nickel,Nickel,4,FALSE,C00,TOTAL CPC,0,0,TOTAL MOT,8,kg,13946,FALSE,8,kg,13946,FALSE,13946,FALSE,0,FALSE,180629.878,0,180629.878,0,FALSE,TRUE
C,A,20200101,2020,52,2020,276,DEU,Germany,M,Import,191,HRV,Croatia,0,W00,World,H5,HS,TRUE,7502,Nickel,Nickel,4,FALSE,C00,TOTAL CPC,0,0,TOTAL MOT,8,kg,51,FALSE,8,kg,51,FALSE,51,FALSE,0,FALSE,791.86,0,791.86,0,FALSE,TRUE
C,A,20200101,2020,52,2020,276,DEU,Germany,M,Import,203,CZE,Czechia,0,W00,World,H5,HS,TRUE,7502,Nickel,Nickel,4,FALSE,C00,TOTAL CPC,0,0,TOTAL MOT,8,kg,1234,FALSE,8,kg,1234,FALSE,1234,FALSE,0,FALSE,20342.7,0,20342.7,0,FALSE,TRUE
C,A,20200101,2020,52,2020,276,DEU,Germany,M,Import,208,DNK,Denmark,0,W00,World,H5,HS,TRUE,7502,Nickel,Nickel,4,FALSE,C00,TOTAL CPC,0,0,TOTAL MOT,8,kg,32646,FALSE,8,kg,32646,FALSE,32646,FALSE,0,FALSE,1974621.116,0,1974621.116,0,FALSE,TRUE
C,A,20200101,2020,52,2020,276,DEU,Germany,M,Import,214,DOM,Dominican Republic,0,W00,World,H5,HS,TRUE,7502,Nickel,Nickel,4,FALSE,C00,TOTAL CPC,0,0,TOTAL MOT,8,kg,1897731,FALSE,8,kg,1897731,FALSE,1897731,FALSE,0,FALSE,9628754.362,0,9628754.362,0,FALSE,TRUE
C,A,20200101,2020,52,2020,276,DEU,Germany,M,Import,246,FIN,Finland,0,W00,World,H5,HS,TRUE,7502,Nickel,Nickel,4,FALSE,C00,TOTAL CPC,0,0,TOTAL MOT,8,kg,2340788,FALSE,8,kg,2340788,FALSE,2340788,FALSE,0,FALSE,31867510.22,0,31867510.22,0,FALSE,TRUE
C,A,20200101,2020,52,2020,276,DEU,Germany,M,Import,251,FRA,France,0,W00,World,H5,HS,TRUE,7502,Nickel,Nickel,4,FALSE,C00,TOTAL CPC,0,0,TOTAL MOT,8,kg,402089,FALSE,8,kg,402089,FALSE,402089,FALSE,0,FALSE,5638990.129,0,5638990.129,0,FALSE,TRUE
C,A,20200101,2020,52,2020,276,DEU,Germany,M,Import,372,IRL,Ireland,0,W00,World,H5,HS,TRUE,7502,Nickel,Nickel,4,FALSE,C00,TOTAL CPC,0,0,TOTAL MOT,8,kg,345,FALSE,8,kg,345,FALSE,345,FALSE,0,FALSE,6818.227,0,6818.227,0,FALSE,TRUE
C,A,20200101,2020,52,2020,276,DEU,Germany,M,Import,380,ITA,Italy,0,W00,World,H5,HS,TRUE,7502,Nickel,Nickel,4,FALSE,C00,TOTAL CPC,0,0,TOTAL MOT,8,kg,166865,FALSE,8,kg,166865,FALSE,166865,FALSE,0,FALSE,2465732.272,0,2465732.272,0,FALSE,TRUE
C,A,20200101,2020,52,2020,276,DEU,Germany,M,Import,392,JPN,Japan,0,W00,World,H5,HS,TRUE,7502,Nickel,Nickel,4,FALSE,C00,TOTAL CPC,0,0,TOTAL MOT,8,kg,199100,FALSE,8,kg,199100,FALSE,199100,FALSE,0,FALSE,2887798.455,0,2887798.455,0,FALSE,TRUE
C,A,20200101,2020,52,2020,276,DEU,Germany,M,Import,442,LUX,Luxembourg,0,W00,World,H5,HS,TRUE,7502,Nickel,Nickel,4,FALSE,C00,TOTAL CPC,0,0,TOTAL MOT,8,kg,886212,FALSE,8,kg,886212,FALSE,886212,FALSE,0,FALSE,12693433.64,0,12693433.64,0,FALSE,TRUE
C,A,20200101,2020,52,2020,276,DEU,Germany,M,Import,490,S19,"Other Asia, nes",0,W00,World,H5,HS,TRUE,7502,Nickel,Nickel,4,FALSE,C00,TOTAL CPC,0,0,TOTAL MOT,8,kg,50,FALSE,8,kg,50,FALSE,50,FALSE,0,FALSE,1098.092,0,1098.092,0,FALSE,TRUE
C,A,20200101,2020,52,2020,276,DEU,Germany,M,Import,528,NLD,Netherlands,0,W00,World,H5,HS,TRUE,7502,Nickel,Nickel,4,FALSE,C00,TOTAL CPC,0,0,TOTAL MOT,8,kg,3565502,FALSE,8,kg,3565502,FALSE,3565502,FALSE,0,FALSE,49594509.26,0,49594509.26,0,FALSE,TRUE
C,A,20200101,2020,52,2020,276,DEU,Germany,M,Import,579,NOR,Norway,0,W00,World,H5,HS,TRUE,7502,Nickel,Nickel,4,FALSE,C00,TOTAL CPC,0,0,TOTAL MOT,8,kg,6263167,FALSE,8,kg,6263167,FALSE,6263167,FALSE,0,FALSE,90353574.63,0,90353574.63,0,FALSE,TRUE
C,A,20200101,2020,52,2020,276,DEU,Germany,M,Import,643,RUS,Russia,0,W00,World,H5,HS,TRUE,7502,Nickel,Nickel,4,FALSE,C00,TOTAL CPC,0,0,TOTAL MOT,8,kg,23763818.09,TRUE,-1,N/A,0,FALSE,23763818.09,TRUE,0,FALSE,330928463.6,0,330928463.6,6,FALSE,TRUE
C,A,20200101,2020,52,2020,276,DEU,Germany,M,Import,682,SAU,Saudi Arabia,0,W00,World,H5,HS,TRUE,7502,Nickel,Nickel,4,FALSE,C00,TOTAL CPC,0,0,TOTAL MOT,8,kg,24000,FALSE,8,kg,24000,FALSE,24000,FALSE,0,FALSE,363891.293,0,363891.293,0,FALSE,TRUE
C,A,20200101,2020,52,2020,276,DEU,Germany,M,Import,703,SVK,Slovakia,0,W00,World,H5,HS,TRUE,7502,Nickel,Nickel,4,FALSE,C00,TOTAL CPC,0,0,TOTAL MOT,8,kg,2441,FALSE,8,kg,2441,FALSE,2441,FALSE,0,FALSE,34945.841,0,34945.841,0,FALSE,TRUE
C,A,20200101,2020,52,2020,276,DEU,Germany,M,Import,705,SVN,Slovenia,0,W00,World,H5,HS,TRUE,7502,Nickel,Nickel,4,FALSE,C00,TOTAL CPC,0,0,TOTAL MOT,8,kg,544708,FALSE,8,kg,544708,FALSE,544708,FALSE,0,FALSE,11674959.43,0,11674959.43,0,FALSE,TRUE
C,A,20200101,2020,52,2020,276,DEU,Germany,M,Import,710,ZAF,South Africa,0,W00,World,H5,HS,TRUE,7502,Nickel,Nickel,4,FALSE,C00,TOTAL CPC,0,0,TOTAL MOT,8,kg,272305,FALSE,8,kg,272305,FALSE,272305,FALSE,0,FALSE,3890049.237,0,3890049.237,0,FALSE,TRUE
C,A,20200101,2020,52,2020,276,DEU,Germany,M,Import,724,ESP,Spain,0,W00,World,H5,HS,TRUE,7502,Nickel,Nickel,4,FALSE,C00,TOTAL CPC,0,0,TOTAL MOT,8,kg,73830,FALSE,8,kg,73830,FALSE,73830,FALSE,0,FALSE,949810.882,0,949810.882,0,FALSE,TRUE
C,A,20200101,2020,52,2020,276,DEU,Germany,M,Import,757,CHE,Switzerland,0,W00,World,H5,HS,TRUE,7502,Nickel,Nickel,4,FALSE,C00,TOTAL CPC,0,0,TOTAL MOT,8,kg,40326.956,TRUE,-1,N/A,0,FALSE,40326.956,TRUE,0,FALSE,568722.62,0,568722.62,6,FALSE,TRUE
C,A,20200101,2020,52,2020,276,DEU,Germany,M,Import,826,GBR,United Kingdom,0,W00,World,H5,HS,TRUE,7502,Nickel,Nickel,4,FALSE,C00,TOTAL CPC,0,0,TOTAL MOT,8,kg,5917339,FALSE,8,kg,5917339,FALSE,5917339,FALSE,0,FALSE,84775640.02,0,84775640.02,0,FALSE,TRUE
C,A,20200101,2020,52,2020,276,DEU,Germany,M,Import,842,USA,USA,0,W00,World,H5,HS,TRUE,7502,Nickel,Nickel,4,FALSE,C00,TOTAL CPC,0,0,TOTAL MOT,8,kg,3241743.074,TRUE,-1,N/A,0,FALSE,3241743.074,TRUE,0,FALSE,21946165.14,0,21946165.14,6,FALSE,TRUE
C,A,20200101,2020,52,2020,276,DEU,Germany,M,Import,0,W00,World,0,W00,World,H5,HS,TRUE,7603,Aluminium,Aluminium,4,FALSE,C00,TOTAL CPC,0,0,TOTAL MOT,8,kg,28640040.7,TRUE,-1,N/A,0,FALSE,28640040.7,TRUE,0,FALSE,75035690.4,0,75035690.4,6,FALSE,TRUE
C,A,20200101,2020,52,2020,276,DEU,Germany,M,Import,36,AUS,Australia,0,W00,World,H5,HS,TRUE,7603,Aluminium,Aluminium,4,FALSE,C00,TOTAL CPC,0,0,TOTAL MOT,8,kg,40025,FALSE,8,kg,40025,FALSE,40025,FALSE,0,FALSE,75570.681,0,75570.681,0,FALSE,TRUE
C,A,20200101,2020,52,2020,276,DEU,Germany,M,Import,40,AUT,Austria,0,W00,World,H5,HS,TRUE,7603,Aluminium,Aluminium,4,FALSE,C00,TOTAL CPC,0,0,TOTAL MOT,8,kg,7691098.241,TRUE,-1,N/A,0,FALSE,7691098.241,TRUE,0,FALSE,21029427.28,0,21029427.28,6,FALSE,TRUE
C,A,20200101,2020,52,2020,276,DEU,Germany,M,Import,44,BHS,Bahamas,0,W00,World,H5,HS,TRUE,7603,Aluminium,Aluminium,4,FALSE,C00,TOTAL CPC,0,0,TOTAL MOT,8,kg,502000,FALSE,8,kg,502000,FALSE,502000,FALSE,0,FALSE,1327092.957,0,1327092.957,0,FALSE,TRUE
C,A,20200101,2020,52,2020,276,DEU,Germany,M,Import,56,BEL,Belgium,0,W00,World,H5,HS,TRUE,7603,Aluminium,Aluminium,4,FALSE,C00,TOTAL CPC,0,0,TOTAL MOT,8,kg,177000,FALSE,8,kg,177000,FALSE,177000,FALSE,0,FALSE,985157.795,0,985157.795,0,FALSE,TRUE
C,A,20200101,2020,52,2020,276,DEU,Germany,M,Import,124,CAN,Canada,0,W00,World,H5,HS,TRUE,7603,Aluminium,Aluminium,4,FALSE,C00,TOTAL CPC,0,0,TOTAL MOT,8,kg,3126.811,TRUE,-1,N/A,0,FALSE,3126.811,TRUE,0,FALSE,292808.964,0,292808.964,6,FALSE,TRUE
C,A,20200101,2020,52,2020,276,DEU,Germany,M,Import,156,CHN,China,0,W00,World,H5,HS,TRUE,7603,Aluminium,Aluminium,4,FALSE,C00,TOTAL CPC,0,0,TOTAL MOT,8,kg,333414.554,TRUE,-1,N/A,0,FALSE,333414.554,TRUE,0,FALSE,1867705.103,0,1867705.103,6,FALSE,TRUE
C,A,20200101,2020,52,2020,276,DEU,Germany,M,Import,203,CZE,Czechia,0,W00,World,H5,HS,TRUE,7603,Aluminium,Aluminium,4,FALSE,C00,TOTAL CPC,0,0,TOTAL MOT,8,kg,170294,FALSE,8,kg,170294,FALSE,170294,FALSE,0,FALSE,905339.863,0,905339.863,0,FALSE,TRUE
C,A,20200101,2020,52,2020,276,DEU,Germany,M,Import,208,DNK,Denmark,0,W00,World,H5,HS,TRUE,7603,Aluminium,Aluminium,4,FALSE,C00,TOTAL CPC,0,0,TOTAL MOT,8,kg,50000,FALSE,8,kg,50000,FALSE,50000,FALSE,0,FALSE,73233.95,0,73233.95,0,FALSE,TRUE
C,A,20200101,2020,52,2020,276,DEU,Germany,M,Import,246,FIN,Finland,0,W00,World,H5,HS,TRUE,7603,Aluminium,Aluminium,4,FALSE,C00,TOTAL CPC,0,0,TOTAL MOT,8,kg,49178,FALSE,8,kg,49178,FALSE,49178,FALSE,0,FALSE,260332.402,0,260332.402,0,FALSE,TRUE
C,A,20200101,2020,52,2020,276,DEU,Germany,M,Import,251,FRA,France,0,W00,World,H5,HS,TRUE,7603,Aluminium,Aluminium,4,FALSE,C00,TOTAL CPC,0,0,TOTAL MOT,8,kg,3466716,FALSE,8,kg,3466716,FALSE,3466716,FALSE,0,FALSE,10287182.32,0,10287182.32,0,FALSE,TRUE
C,A,20200101,2020,52,2020,276,DEU,Germany,M,Import,376,ISR,Israel,0,W00,World,H5,HS,TRUE,7603,Aluminium,Aluminium,4,FALSE,C00,TOTAL CPC,0,0,TOTAL MOT,8,kg,50000,FALSE,8,kg,50000,FALSE,50000,FALSE,0,FALSE,89049.448,0,89049.448,0,FALSE,TRUE
C,A,20200101,2020,52,2020,276,DEU,Germany,M,Import,380,ITA,Italy,0,W00,World,H5,HS,TRUE,7603,Aluminium,Aluminium,4,FALSE,C00,TOTAL CPC,0,0,TOTAL MOT,8,kg,1173036,FALSE,8,kg,1173036,FALSE,1173036,FALSE,0,FALSE,2605914.422,0,2605914.422,0,FALSE,TRUE
C,A,20200101,2020,52,2020,276,DEU,Germany,M,Import,392,JPN,Japan,0,W00,World,H5,HS,TRUE,7603,Aluminium,Aluminium,4,FALSE,C00,TOTAL CPC,0,0,TOTAL MOT,8,kg,183.335,TRUE,-1,N/A,0,FALSE,183.335,TRUE,0,FALSE,13806.709,0,13806.709,6,FALSE,TRUE
C,A,20200101,2020,52,2020,276,DEU,Germany,M,Import,410,KOR,South Korea,0,W00,World,H5,HS,TRUE,7603,Aluminium,Aluminium,4,FALSE,C00,TOTAL CPC,0,0,TOTAL MOT,8,kg,121,FALSE,8,kg,121,FALSE,121,FALSE,0,FALSE,5076.819,0,5076.819,0,FALSE,TRUE
C,A,20200101,2020,52,2020,276,DEU,Germany,M,Import,442,LUX,Luxembourg,0,W00,World,H5,HS,TRUE,7603,Aluminium,Aluminium,4,FALSE,C00,TOTAL CPC,0,0,TOTAL MOT,8,kg,615,FALSE,8,kg,615,FALSE,615,FALSE,0,FALSE,14536.866,0,14536.866,0,FALSE,TRUE
C,A,20200101,2020,52,2020,276,DEU,Germany,M,Import,490,S19,"Other Asia, nes",0,W00,World,H5,HS,TRUE,7603,Aluminium,Aluminium,4,FALSE,C00,TOTAL CPC,0,0,TOTAL MOT,8,kg,4004,FALSE,8,kg,4004,FALSE,4004,FALSE,0,FALSE,339822.392,0,339822.392,0,FALSE,TRUE
C,A,20200101,2020,52,2020,276,DEU,Germany,M,Import,508,MOZ,Mozambique,0,W00,World,H5,HS,TRUE,7603,Aluminium,Aluminium,4,FALSE,C00,TOTAL CPC,0,0,TOTAL MOT,8,kg,264170,FALSE,8,kg,264170,FALSE,264170,FALSE,0,FALSE,713883.321,0,713883.321,0,FALSE,TRUE
C,A,20200101,2020,52,2020,276,DEU,Germany,M,Import,528,NLD,Netherlands,0,W00,World,H5,HS,TRUE,7603,Aluminium,Aluminium,4,FALSE,C00,TOTAL CPC,0,0,TOTAL MOT,8,kg,23972,FALSE,8,kg,23972,FALSE,23972,FALSE,0,FALSE,20666.072,0,20666.072,0,FALSE,TRUE
C,A,20200101,2020,52,2020,276,DEU,Germany,M,Import,616,POL,Poland,0,W00,World,H5,HS,TRUE,7603,Aluminium,Aluminium,4,FALSE,C00,TOTAL CPC,0,0,TOTAL MOT,8,kg,1220247,FALSE,8,kg,1220247,FALSE,1220247,FALSE,0,FALSE,2283644.365,0,2283644.365,0,FALSE,TRUE
C,A,20200101,2020,52,2020,276,DEU,Germany,M,Import,642,ROU,Romania,0,W00,World,H5,HS,TRUE,7603,Aluminium,Aluminium,4,FALSE,C00,TOTAL CPC,0,0,TOTAL MOT,8,kg,2950,FALSE,8,kg,2950,FALSE,2950,FALSE,0,FALSE,2457.853,0,2457.853,0,FALSE,TRUE
C,A,20200101,2020,52,2020,276,DEU,Germany,M,Import,643,RUS,Russia,0,W00,World,H5,HS,TRUE,7603,Aluminium,Aluminium,4,FALSE,C00,TOTAL CPC,0,0,TOTAL MOT,8,kg,11651673.46,TRUE,-1,N/A,0,FALSE,11651673.46,TRUE,0,FALSE,25250796.41,0,25250796.41,6,FALSE,TRUE
C,A,20200101,2020,52,2020,276,DEU,Germany,M,Import,682,SAU,Saudi Arabia,0,W00,World,H5,HS,TRUE,7603,Aluminium,Aluminium,4,FALSE,C00,TOTAL CPC,0,0,TOTAL MOT,8,kg,24000,FALSE,8,kg,24000,FALSE,24000,FALSE,0,FALSE,57221.915,0,57221.915,0,FALSE,TRUE
C,A,20200101,2020,52,2020,276,DEU,Germany,M,Import,699,IND,India,0,W00,World,H5,HS,TRUE,7603,Aluminium,Aluminium,4,FALSE,C00,TOTAL CPC,0,0,TOTAL MOT,8,kg,19200,FALSE,8,kg,19200,FALSE,19200,FALSE,0,FALSE,118589.384,0,118589.384,0,FALSE,TRUE
C,A,20200101,2020,52,2020,276,DEU,Germany,M,Import,705,SVN,Slovenia,0,W00,World,H5,HS,TRUE,7603,Aluminium,Aluminium,4,FALSE,C00,TOTAL CPC,0,0,TOTAL MOT,8,kg,357445,FALSE,8,kg,357445,FALSE,357445,FALSE,0,FALSE,1086016.59,0,1086016.59,0,FALSE,TRUE
C,A,20200101,2020,52,2020,276,DEU,Germany,M,Import,710,ZAF,South Africa,0,W00,World,H5,HS,TRUE,7603,Aluminium,Aluminium,4,FALSE,C00,TOTAL CPC,0,0,TOTAL MOT,8,kg,49010,FALSE,8,kg,49010,FALSE,49010,FALSE,0,FALSE,93145.869,0,93145.869,0,FALSE,TRUE
C,A,20200101,2020,52,2020,276,DEU,Germany,M,Import,724,ESP,Spain,0,W00,World,H5,HS,TRUE,7603,Aluminium,Aluminium,4,FALSE,C00,TOTAL CPC,0,0,TOTAL MOT,8,kg,1069,FALSE,8,kg,1069,FALSE,1069,FALSE,0,FALSE,5036.827,0,5036.827,0,FALSE,TRUE
C,A,20200101,2020,52,2020,276,DEU,Germany,M,Import,752,SWE,Sweden,0,W00,World,H5,HS,TRUE,7603,Aluminium,Aluminium,4,FALSE,C00,TOTAL CPC,0,0,TOTAL MOT,8,kg,47600,FALSE,8,kg,47600,FALSE,47600,FALSE,0,FALSE,231574.042,0,231574.042,0,FALSE,TRUE
C,A,20200101,2020,52,2020,276,DEU,Germany,M,Import,757,CHE,Switzerland,0,W00,World,H5,HS,TRUE,7603,Aluminium,Aluminium,4,FALSE,C00,TOTAL CPC,0,0,TOTAL MOT,8,kg,2048,FALSE,8,kg,2048,FALSE,2048,FALSE,0,FALSE,90126.972,0,90126.972,0,FALSE,TRUE
C,A,20200101,2020,52,2020,276,DEU,Germany,M,Import,784,ARE,United Arab Emirates,0,W00,World,H5,HS,TRUE,7603,Aluminium,Aluminium,4,FALSE,C00,TOTAL CPC,0,0,TOTAL MOT,8,kg,72000,FALSE,8,kg,72000,FALSE,72000,FALSE,0,FALSE,156062.78,0,156062.78,0,FALSE,TRUE
C,A,20200101,2020,52,2020,276,DEU,Germany,M,Import,792,TUR,Turkey,0,W00,World,H5,HS,TRUE,7603,Aluminium,Aluminium,4,FALSE,C00,TOTAL CPC,0,0,TOTAL MOT,8,kg,132.851,TRUE,-1,N/A,0,FALSE,132.851,TRUE,0,FALSE,5258.502,0,5258.502,6,FALSE,TRUE
C,A,20200101,2020,52,2020,276,DEU,Germany,M,Import,804,UKR,Ukraine,0,W00,World,H5,HS,TRUE,7603,Aluminium,Aluminium,4,FALSE,C00,TOTAL CPC,0,0,TOTAL MOT,8,kg,540000,FALSE,8,kg,540000,FALSE,540000,FALSE,0,FALSE,1045724.263,0,1045724.263,0,FALSE,TRUE
C,A,20200101,2020,52,2020,276,DEU,Germany,M,Import,826,GBR,United Kingdom,0,W00,World,H5,HS,TRUE,7603,Aluminium,Aluminium,4,FALSE,C00,TOTAL CPC,0,0,TOTAL MOT,8,kg,296454,FALSE,8,kg,296454,FALSE,296454,FALSE,0,FALSE,1100175.237,0,1100175.237,0,FALSE,TRUE
C,A,20200101,2020,52,2020,276,DEU,Germany,M,Import,842,USA,USA,0,W00,World,H5,HS,TRUE,7603,Aluminium,Aluminium,4,FALSE,C00,TOTAL CPC,0,0,TOTAL MOT,8,kg,357257.448,TRUE,-1,N/A,0,FALSE,357257.448,TRUE,0,FALSE,2603252.034,0,2603252.034,6,FALSE,TRUE
C,A,20200101,2020,52,2020,276,DEU,Germany,M,Import,0,W00,World,0,W00,World,H5,HS,TRUE,7801,Lead,Lead,4,FALSE,C00,TOTAL CPC,0,0,TOTAL MOT,8,kg,177836775.4,TRUE,-1,N/A,0,FALSE,177836775.4,TRUE,0,FALSE,362507620.1,0,362507620.1,6,FALSE,TRUE
C,A,20200101,2020,52,2020,276,DEU,Germany,M,Import,40,AUT,Austria,0,W00,World,H5,HS,TRUE,7801,Lead,Lead,4,FALSE,C00,TOTAL CPC,0,0,TOTAL MOT,8,kg,2899991,FALSE,8,kg,2899991,FALSE,2899991,FALSE,0,FALSE,6345038.26,0,6345038.26,0,FALSE,TRUE
C,A,20200101,2020,52,2020,276,DEU,Germany,M,Import,56,BEL,Belgium,0,W00,World,H5,HS,TRUE,7801,Lead,Lead,4,FALSE,C00,TOTAL CPC,0,0,TOTAL MOT,8,kg,60891767,FALSE,8,kg,60891767,FALSE,60891767,FALSE,0,FALSE,121007165.1,0,121007165.1,0,FALSE,TRUE
C,A,20200101,2020,52,2020,276,DEU,Germany,M,Import,100,BGR,Bulgaria,0,W00,World,H5,HS,TRUE,7801,Lead,Lead,4,FALSE,C00,TOTAL CPC,0,0,TOTAL MOT,8,kg,1754428,FALSE,8,kg,1754428,FALSE,1754428,FALSE,0,FALSE,3689192.066,0,3689192.066,0,FALSE,TRUE
C,A,20200101,2020,52,2020,276,DEU,Germany,M,Import,112,BLR,Belarus,0,W00,World,H5,HS,TRUE,7801,Lead,Lead,4,FALSE,C00,TOTAL CPC,0,0,TOTAL MOT,8,kg,65730,FALSE,8,kg,65730,FALSE,65730,FALSE,0,FALSE,122441.277,0,122441.277,0,FALSE,TRUE
C,A,20200101,2020,52,2020,276,DEU,Germany,M,Import,156,CHN,China,0,W00,World,H5,HS,TRUE,7801,Lead,Lead,4,FALSE,C00,TOTAL CPC,0,0,TOTAL MOT,8,kg,276,FALSE,8,kg,276,FALSE,276,FALSE,0,FALSE,1015.821,0,1015.821,0,FALSE,TRUE
C,A,20200101,2020,52,2020,276,DEU,Germany,M,Import,203,CZE,Czechia,0,W00,World,H5,HS,TRUE,7801,Lead,Lead,4,FALSE,C00,TOTAL CPC,0,0,TOTAL MOT,8,kg,10617227,FALSE,8,kg,10617227,FALSE,10617227,FALSE,0,FALSE,22878494.53,0,22878494.53,0,FALSE,TRUE
C,A,20200101,2020,52,2020,276,DEU,Germany,M,Import,233,EST,Estonia,0,W00,World,H5,HS,TRUE,7801,Lead,Lead,4,FALSE,C00,TOTAL CPC,0,0,TOTAL MOT,8,kg,3379812,FALSE,8,kg,3379812,FALSE,3379812,FALSE,0,FALSE,7010796.348,0,7010796.348,0,FALSE,TRUE
C,A,20200101,2020,52,2020,276,DEU,Germany,M,Import,246,FIN,Finland,0,W00,World,H5,HS,TRUE,7801,Lead,Lead,4,FALSE,C00,TOTAL CPC,0,0,TOTAL MOT,8,kg,24444,FALSE,8,kg,24444,FALSE,24444,FALSE,0,FALSE,55032.586,0,55032.586,0,FALSE,TRUE
C,A,20200101,2020,52,2020,276,DEU,Germany,M,Import,251,FRA,France,0,W00,World,H5,HS,TRUE,7801,Lead,Lead,4,FALSE,C00,TOTAL CPC,0,0,TOTAL MOT,8,kg,21135664,FALSE,8,kg,21135664,FALSE,21135664,FALSE,0,FALSE,43975937.25,0,43975937.25,0,FALSE,TRUE
C,A,20200101,2020,52,2020,276,DEU,Germany,M,Import,268,GEO,Georgia,0,W00,World,H5,HS,TRUE,7801,Lead,Lead,4,FALSE,C00,TOTAL CPC,0,0,TOTAL MOT,8,kg,323945,FALSE,8,kg,323945,FALSE,323945,FALSE,0,FALSE,639702.11,0,639702.11,0,FALSE,TRUE
C,A,20200101,2020,52,2020,276,DEU,Germany,M,Import,300,GRC,Greece,0,W00,World,H5,HS,TRUE,7801,Lead,Lead,4,FALSE,C00,TOTAL CPC,0,0,TOTAL MOT,8,kg,335416,FALSE,8,kg,335416,FALSE,335416,FALSE,0,FALSE,714574.628,0,714574.628,0,FALSE,TRUE
C,A,20200101,2020,52,2020,276,DEU,Germany,M,Import,348,HUN,Hungary,0,W00,World,H5,HS,TRUE,7801,Lead,Lead,4,FALSE,C00,TOTAL CPC,0,0,TOTAL MOT,8,kg,5060,FALSE,8,kg,5060,FALSE,5060,FALSE,0,FALSE,18233.358,0,18233.358,0,FALSE,TRUE
C,A,20200101,2020,52,2020,276,DEU,Germany,M,Import,372,IRL,Ireland,0,W00,World,H5,HS,TRUE,7801,Lead,Lead,4,FALSE,C00,TOTAL CPC,0,0,TOTAL MOT,8,kg,250620,FALSE,8,kg,250620,FALSE,250620,FALSE,0,FALSE,449091.133,0,449091.133,0,FALSE,TRUE
C,A,20200101,2020,52,2020,276,DEU,Germany,M,Import,380,ITA,Italy,0,W00,World,H5,HS,TRUE,7801,Lead,Lead,4,FALSE,C00,TOTAL CPC,0,0,TOTAL MOT,8,kg,1593779,FALSE,8,kg,1593779,FALSE,1593779,FALSE,0,FALSE,3351933.794,0,3351933.794,0,FALSE,TRUE
C,A,20200101,2020,52,2020,276,DEU,Germany,M,Import,398,KAZ,Kazakhstan,0,W00,World,H5,HS,TRUE,7801,Lead,Lead,4,FALSE,C00,TOTAL CPC,0,0,TOTAL MOT,8,kg,129370,FALSE,8,kg,129370,FALSE,129370,FALSE,0,FALSE,236851.969,0,236851.969,0,FALSE,TRUE
C,A,20200101,2020,52,2020,276,DEU,Germany,M,Import,417,KGZ,Kyrgyzstan,0,W00,World,H5,HS,TRUE,7801,Lead,Lead,4,FALSE,C00,TOTAL CPC,0,0,TOTAL MOT,8,kg,418000,FALSE,8,kg,418000,FALSE,418000,FALSE,0,FALSE,787007.576,0,787007.576,0,FALSE,TRUE
C,A,20200101,2020,52,2020,276,DEU,Germany,M,Import,442,LUX,Luxembourg,0,W00,World,H5,HS,TRUE,7801,Lead,Lead,4,FALSE,C00,TOTAL CPC,0,0,TOTAL MOT,8,kg,28140,FALSE,8,kg,28140,FALSE,28140,FALSE,0,FALSE,71241.158,0,71241.158,0,FALSE,TRUE
C,A,20200101,2020,52,2020,276,DEU,Germany,M,Import,470,MLT,Malta,0,W00,World,H5,HS,TRUE,7801,Lead,Lead,4,FALSE,C00,TOTAL CPC,0,0,TOTAL MOT,8,kg,646537,FALSE,8,kg,646537,FALSE,646537,FALSE,0,FALSE,1231052.741,0,1231052.741,0,FALSE,TRUE
C,A,20200101,2020,52,2020,276,DEU,Germany,M,Import,528,NLD,Netherlands,0,W00,World,H5,HS,TRUE,7801,Lead,Lead,4,FALSE,C00,TOTAL CPC,0,0,TOTAL MOT,8,kg,7366965,FALSE,8,kg,7366965,FALSE,7366965,FALSE,0,FALSE,13415822.89,0,13415822.89,0,FALSE,TRUE
C,A,20200101,2020,52,2020,276,DEU,Germany,M,Import,579,NOR,Norway,0,W00,World,H5,HS,TRUE,7801,Lead,Lead,4,FALSE,C00,TOTAL CPC,0,0,TOTAL MOT,8,kg,1536,FALSE,8,kg,1536,FALSE,1536,FALSE,0,FALSE,3441.679,0,3441.679,0,FALSE,TRUE
C,A,20200101,2020,52,2020,276,DEU,Germany,M,Import,604,PER,Peru,0,W00,World,H5,HS,TRUE,7801,Lead,Lead,4,FALSE,C00,TOTAL CPC,0,0,TOTAL MOT,8,kg,74420,FALSE,8,kg,74420,FALSE,74420,FALSE,0,FALSE,155875.384,0,155875.384,0,FALSE,TRUE
C,A,20200101,2020,52,2020,276,DEU,Germany,M,Import,608,PHL,Philippines,0,W00,World,H5,HS,TRUE,7801,Lead,Lead,4,FALSE,C00,TOTAL CPC,0,0,TOTAL MOT,8,kg,12586,FALSE,8,kg,12586,FALSE,12586,FALSE,0,FALSE,60589.321,0,60589.321,0,FALSE,TRUE
C,A,20200101,2020,52,2020,276,DEU,Germany,M,Import,616,POL,Poland,0,W00,World,H5,HS,TRUE,7801,Lead,Lead,4,FALSE,C00,TOTAL CPC,0,0,TOTAL MOT,8,kg,11757211,FALSE,8,kg,11757211,FALSE,11757211,FALSE,0,FALSE,25258419.07,0,25258419.07,0,FALSE,TRUE
C,A,20200101,2020,52,2020,276,DEU,Germany,M,Import,620,PRT,Portugal,0,W00,World,H5,HS,TRUE,7801,Lead,Lead,4,FALSE,C00,TOTAL CPC,0,0,TOTAL MOT,8,kg,6721,FALSE,8,kg,6721,FALSE,6721,FALSE,0,FALSE,15333.298,0,15333.298,0,FALSE,TRUE
C,A,20200101,2020,52,2020,276,DEU,Germany,M,Import,642,ROU,Romania,0,W00,World,H5,HS,TRUE,7801,Lead,Lead,4,FALSE,C00,TOTAL CPC,0,0,TOTAL MOT,8,kg,66190,FALSE,8,kg,66190,FALSE,66190,FALSE,0,FALSE,253017.12,0,253017.12,0,FALSE,TRUE
C,A,20200101,2020,52,2020,276,DEU,Germany,M,Import,643,RUS,Russia,0,W00,World,H5,HS,TRUE,7801,Lead,Lead,4,FALSE,C00,TOTAL CPC,0,0,TOTAL MOT,8,kg,8773053.861,TRUE,-1,N/A,0,FALSE,8773053.861,TRUE,0,FALSE,17084166.06,0,17084166.06,6,FALSE,TRUE
C,A,20200101,2020,52,2020,276,DEU,Germany,M,Import,688,SRB,Serbia,0,W00,World,H5,HS,TRUE,7801,Lead,Lead,4,FALSE,C00,TOTAL CPC,0,0,TOTAL MOT,8,kg,342720,FALSE,8,kg,342720,FALSE,342720,FALSE,0,FALSE,1518374.672,0,1518374.672,0,FALSE,TRUE
C,A,20200101,2020,52,2020,276,DEU,Germany,M,Import,699,IND,India,0,W00,World,H5,HS,TRUE,7801,Lead,Lead,4,FALSE,C00,TOTAL CPC,0,0,TOTAL MOT,8,kg,614021,FALSE,8,kg,614021,FALSE,614021,FALSE,0,FALSE,2451663.895,0,2451663.895,0,FALSE,TRUE
C,A,20200101,2020,52,2020,276,DEU,Germany,M,Import,703,SVK,Slovakia,0,W00,World,H5,HS,TRUE,7801,Lead,Lead,4,FALSE,C00,TOTAL CPC,0,0,TOTAL MOT,8,kg,384386,FALSE,8,kg,384386,FALSE,384386,FALSE,0,FALSE,842417.238,0,842417.238,0,FALSE,TRUE
C,A,20200101,2020,52,2020,276,DEU,Germany,M,Import,710,ZAF,South Africa,0,W00,World,H5,HS,TRUE,7801,Lead,Lead,4,FALSE,C00,TOTAL CPC,0,0,TOTAL MOT,8,kg,15000,FALSE,8,kg,15000,FALSE,15000,FALSE,0,FALSE,76163.719,0,76163.719,0,FALSE,TRUE
C,A,20200101,2020,52,2020,276,DEU,Germany,M,Import,724,ESP,Spain,0,W00,World,H5,HS,TRUE,7801,Lead,Lead,4,FALSE,C00,TOTAL CPC,0,0,TOTAL MOT,8,kg,2169501,FALSE,8,kg,2169501,FALSE,2169501,FALSE,0,FALSE,4700053.902,0,4700053.902,0,FALSE,TRUE
C,A,20200101,2020,52,2020,276,DEU,Germany,M,Import,752,SWE,Sweden,0,W00,World,H5,HS,TRUE,7801,Lead,Lead,4,FALSE,C00,TOTAL CPC,0,0,TOTAL MOT,8,kg,18426489,FALSE,8,kg,18426489,FALSE,18426489,FALSE,0,FALSE,36941082.28,0,36941082.28,0,FALSE,TRUE
C,A,20200101,2020,52,2020,276,DEU,Germany,M,Import,757,CHE,Switzerland,0,W00,World,H5,HS,TRUE,7801,Lead,Lead,4,FALSE,C00,TOTAL CPC,0,0,TOTAL MOT,8,kg,2843,FALSE,8,kg,2843,FALSE,2843,FALSE,0,FALSE,10347.89,0,10347.89,0,FALSE,TRUE
C,A,20200101,2020,52,2020,276,DEU,Germany,M,Import,788,TUN,Tunisia,0,W00,World,H5,HS,TRUE,7801,Lead,Lead,4,FALSE,C00,TOTAL CPC,0,0,TOTAL MOT,8,kg,138480,FALSE,8,kg,138480,FALSE,138480,FALSE,0,FALSE,425039.373,0,425039.373,0,FALSE,TRUE
C,A,20200101,2020,52,2020,276,DEU,Germany,M,Import,804,UKR,Ukraine,0,W00,World,H5,HS,TRUE,7801,Lead,Lead,4,FALSE,C00,TOTAL CPC,0,0,TOTAL MOT,8,kg,1276039,FALSE,8,kg,1276039,FALSE,1276039,FALSE,0,FALSE,2656288.401,0,2656288.401,0,FALSE,TRUE
C,A,20200101,2020,52,2020,276,DEU,Germany,M,Import,826,GBR,United Kingdom,0,W00,World,H5,HS,TRUE,7801,Lead,Lead,4,FALSE,C00,TOTAL CPC,0,0,TOTAL MOT,8,kg,21901212.44,TRUE,-1,N/A,0,FALSE,21901212.44,TRUE,0,FALSE,44037910.33,0,44037910.33,6,FALSE,TRUE
C,A,20200101,2020,52,2020,276,DEU,Germany,M,Import,842,USA,USA,0,W00,World,H5,HS,TRUE,7801,Lead,Lead,4,FALSE,C00,TOTAL CPC,0,0,TOTAL MOT,8,kg,7195.082,TRUE,-1,N/A,0,FALSE,7195.082,TRUE,0,FALSE,16811.894,0,16811.894,6,FALSE,TRUE
