typeCode,freqCode,refPeriodId,refYear,refMonth,Period,reporterCode,reporterISO,reporterDesc,flowCode,flowDesc,partnerCode,PartnerISO,PartnerDesc,partner2Code,partner2ISO,partner2Desc,classificationCode,classificationSearchCode,isOriginalClassification,cmdCode,cmdDesc,aggrLevel,isLeaf,customsCode,customsDesc,mosCode,motCode,motDesc,qtyUnitCode,qtyUnitAbbr,qty,isQtyEstimated,altQtyUnitCode,altQtyUnitAbbr,altQty,isAltQtyEstimated,NetWgt,isNetWgtEstimated,grossWgt,isGrossWgtEstimated,cifvalue,fobvalue,primaryValue,legacyEstimationFlag,isReported,isAggregate
C,A,20170101,2017,52,2017,276,DEU,Germany,M,Import,0,W00,World,0,W00,World,H5,HS,TRUE,2504,Graphite; natural,4,FALSE,C00,TOTAL CPC,0,0,TOTAL MOT,8,kg,45935458.45,TRUE,-1,N/A,0,FALSE,45935458.45,TRUE,0,FALSE,43607168.56,,43607168.56,6,FALSE,TRUE
C,A,20170101,2017,52,2017,276,DEU,Germany,M,Import,40,AUT,Austria,0,W00,World,H5,HS,TRUE,2504,Graphite; natural,4,FALSE,C00,TOTAL CPC,0,0,TOTAL MOT,8,kg,977063.719,TRUE,-1,N/A,0,FALSE,977063.719,TRUE,0,FALSE,1281877.337,,1281877.337,6,FALSE,TRUE
C,A,20170101,2017,52,2017,276,DEU,Germany,M,Import,56,BEL,Belgium,0,W00,World,H5,HS,TRUE,2504,Graphite; natural,4,FALSE,C00,TOTAL CPC,0,0,TOTAL MOT,8,kg,341371,FALSE,8,kg,341371,FALSE,341371,FALSE,0,FALSE,234114.947,,234114.947,0,FALSE,TRUE
C,A,20170101,2017,52,2017,276,DEU,Germany,M,Import,76,BRA,Brazil,0,W00,World,H5,HS,TRUE,2504,Graphite; natural,4,FALSE,C00,TOTAL CPC,0,0,TOTAL MOT,8,kg,4743618,FALSE,8,kg,4743618,FALSE,4743618,FALSE,0,FALSE,7069661.287,,7069661.287,0,FALSE,TRUE
C,A,20170101,2017,52,2017,276,DEU,Germany,M,Import,124,CAN,Canada,0,W00,World,H5,HS,TRUE,2504,Graphite; natural,4,FALSE,C00,TOTAL CPC,0,0,TOTAL MOT,8,kg,144764,FALSE,8,kg,144764,FALSE,144764,FALSE,0,FALSE,230246.744,,230246.744,0,FALSE,TRUE
C,A,20170101,2017,52,2017,276,DEU,Germany,M,Import,144,LKA,Sri Lanka,0,W00,World,H5,HS,TRUE,2504,Graphite; natural,4,FALSE,C00,TOTAL CPC,0,0,TOTAL MOT,8,kg,399110,FALSE,8,kg,399110,FALSE,399110,FALSE,0,FALSE,561918.338,,561918.338,0,FALSE,TRUE
C,A,20170101,2017,52,2017,276,DEU,Germany,M,Import,156,CHN,China,0,W00,World,H5,HS,TRUE,2504,Graphite; natural,4,FALSE,C00,TOTAL CPC,0,0,TOTAL MOT,8,kg,27657783,FALSE,8,kg,27657783,FALSE,27657783,FALSE,0,FALSE,22917241.09,,22917241.09,0,FALSE,TRUE
C,A,20170101,2017,52,2017,276,DEU,Germany,M,Import,203,CZE,Czechia,0,W00,World,H5,HS,TRUE,2504,Graphite; natural,4,FALSE,C00,TOTAL CPC,0,0,TOTAL MOT,8,kg,1695662,FALSE,8,kg,1695662,FALSE,1695662,FALSE,0,FALSE,2287309.726,,2287309.726,0,FALSE,TRUE
C,A,20170101,2017,52,2017,276,DEU,Germany,M,Import,246,FIN,Finland,0,W00,World,H5,HS,TRUE,2504,Graphite; natural,4,FALSE,C00,TOTAL CPC,0,0,TOTAL MOT,8,kg,2433,FALSE,8,kg,2433,FALSE,2433,FALSE,0,FALSE,27225.374,,27225.374,0,FALSE,TRUE
C,A,20170101,2017,52,2017,276,DEU,Germany,M,Import,344,HKG,"China, Hong Kong SAR",0,W00,World,H5,HS,TRUE,2504,Graphite; natural,4,FALSE,C00,TOTAL CPC,0,0,TOTAL MOT,8,kg,66000,FALSE,8,kg,66000,FALSE,66000,FALSE,0,FALSE,23016.091,,23016.091,0,FALSE,TRUE
C,A,20170101,2017,52,2017,276,DEU,Germany,M,Import,380,ITA,Italy,0,W00,World,H5,HS,TRUE,2504,Graphite; natural,4,FALSE,C00,TOTAL CPC,0,0,TOTAL MOT,8,kg,817605,FALSE,8,kg,817605,FALSE,817605,FALSE,0,FALSE,923673.822,,923673.822,0,FALSE,TRUE
C,A,20170101,2017,52,2017,276,DEU,Germany,M,Import,392,JPN,Japan,0,W00,World,H5,HS,TRUE,2504,Graphite; natural,4,FALSE,C00,TOTAL CPC,0,0,TOTAL MOT,8,kg,42814,FALSE,8,kg,42814,FALSE,42814,FALSE,0,FALSE,369252.458,,369252.458,0,FALSE,TRUE
C,A,20170101,2017,52,2017,276,DEU,Germany,M,Import,450,MDG,Madagascar,0,W00,World,H5,HS,TRUE,2504,Graphite; natural,4,FALSE,C00,TOTAL CPC,0,0,TOTAL MOT,8,kg,1690029,FALSE,8,kg,1690029,FALSE,1690029,FALSE,0,FALSE,1602555.328,,1602555.328,0,FALSE,TRUE
C,A,20170101,2017,52,2017,276,DEU,Germany,M,Import,458,MYS,Malaysia,0,W00,World,H5,HS,TRUE,2504,Graphite; natural,4,FALSE,C00,TOTAL CPC,0,0,TOTAL MOT,8,kg,9788,FALSE,8,kg,9788,FALSE,9788,FALSE,0,FALSE,3792.533,,3792.533,0,FALSE,TRUE
C,A,20170101,2017,52,2017,276,DEU,Germany,M,Import,484,MEX,Mexico,0,W00,World,H5,HS,TRUE,2504,Graphite; natural,4,FALSE,C00,TOTAL CPC,0,0,TOTAL MOT,8,kg,120075,FALSE,8,kg,120075,FALSE,120075,FALSE,0,FALSE,86130.484,,86130.484,0,FALSE,TRUE
C,A,20170101,2017,52,2017,276,DEU,Germany,M,Import,490,S19,"Other Asia, nes",0,W00,World,H5,HS,TRUE,2504,Graphite; natural,4,FALSE,C00,TOTAL CPC,0,0,TOTAL MOT,8,kg,5000,FALSE,8,kg,5000,FALSE,5000,FALSE,0,FALSE,26540.956,,26540.956,0,FALSE,TRUE
C,A,20170101,2017,52,2017,276,DEU,Germany,M,Import,508,MOZ,Mozambique,0,W00,World,H5,HS,TRUE,2504,Graphite; natural,4,FALSE,C00,TOTAL CPC,0,0,TOTAL MOT,8,kg,740208,FALSE,8,kg,740208,FALSE,740208,FALSE,0,FALSE,739069.617,,739069.617,0,FALSE,TRUE
C,A,20170101,2017,52,2017,276,DEU,Germany,M,Import,516,NAM,Namibia,0,W00,World,H5,HS,TRUE,2504,Graphite; natural,4,FALSE,C00,TOTAL CPC,0,0,TOTAL MOT,8,kg,30000,FALSE,8,kg,30000,FALSE,30000,FALSE,0,FALSE,21074.648,,21074.648,0,FALSE,TRUE
C,A,20170101,2017,52,2017,276,DEU,Germany,M,Import,528,NLD,Netherlands,0,W00,World,H5,HS,TRUE,2504,Graphite; natural,4,FALSE,C00,TOTAL CPC,0,0,TOTAL MOT,8,kg,684309,FALSE,8,kg,684309,FALSE,684309,FALSE,0,FALSE,628593.736,,628593.736,0,FALSE,TRUE
C,A,20170101,2017,52,2017,276,DEU,Germany,M,Import,579,NOR,Norway,0,W00,World,H5,HS,TRUE,2504,Graphite; natural,4,FALSE,C00,TOTAL CPC,0,0,TOTAL MOT,8,kg,1387002,FALSE,8,kg,1387002,FALSE,1387002,FALSE,0,FALSE,1111714.799,,1111714.799,0,FALSE,TRUE
C,A,20170101,2017,52,2017,276,DEU,Germany,M,Import,616,POL,Poland,0,W00,World,H5,HS,TRUE,2504,Graphite; natural,4,FALSE,C00,TOTAL CPC,0,0,TOTAL MOT,8,kg,3195.267,TRUE,-1,N/A,0,FALSE,3195.267,TRUE,0,FALSE,2866.423,,2866.423,6,FALSE,TRUE
C,A,20170101,2017,52,2017,276,DEU,Germany,M,Import,643,RUS,Russian Federation,0,W00,World,H5,HS,TRUE,2504,Graphite; natural,4,FALSE,C00,TOTAL CPC,0,0,TOTAL MOT,8,kg,722001,FALSE,8,kg,722001,FALSE,722001,FALSE,0,FALSE,353979.55,,353979.55,0,FALSE,TRUE
C,A,20170101,2017,52,2017,276,DEU,Germany,M,Import,699,IND,India,0,W00,World,H5,HS,TRUE,2504,Graphite; natural,4,FALSE,C00,TOTAL CPC,0,0,TOTAL MOT,8,kg,7329,FALSE,8,kg,7329,FALSE,7329,FALSE,0,FALSE,7707.042,,7707.042,0,FALSE,TRUE
C,A,20170101,2017,52,2017,276,DEU,Germany,M,Import,703,SVK,Slovakia,0,W00,World,H5,HS,TRUE,2504,Graphite; natural,4,FALSE,C00,TOTAL CPC,0,0,TOTAL MOT,8,kg,115,FALSE,8,kg,115,FALSE,115,FALSE,0,FALSE,1496.458,,1496.458,0,FALSE,TRUE
C,A,20170101,2017,52,2017,276,DEU,Germany,M,Import,710,ZAF,South Africa,0,W00,World,H5,HS,TRUE,2504,Graphite; natural,4,FALSE,C00,TOTAL CPC,0,0,TOTAL MOT,8,kg,2903,FALSE,8,kg,2903,FALSE,2903,FALSE,0,FALSE,2885.623,,2885.623,0,FALSE,TRUE
C,A,20170101,2017,52,2017,276,DEU,Germany,M,Import,716,ZWE,Zimbabwe,0,W00,World,H5,HS,TRUE,2504,Graphite; natural,4,FALSE,C00,TOTAL CPC,0,0,TOTAL MOT,8,kg,1720620,FALSE,8,kg,1720620,FALSE,1720620,FALSE,0,FALSE,1144343.234,,1144343.234,0,FALSE,TRUE
C,A,20170101,2017,52,2017,276,DEU,Germany,M,Import,757,CHE,Switzerland,0,W00,World,H5,HS,TRUE,2504,Graphite; natural,4,FALSE,C00,TOTAL CPC,0,0,TOTAL MOT,8,kg,62963,FALSE,8,kg,62963,FALSE,62963,FALSE,0,FALSE,115736.637,,115736.637,0,FALSE,TRUE
C,A,20170101,2017,52,2017,276,DEU,Germany,M,Import,792,TUR,Türkiye,0,W00,World,H5,HS,TRUE,2504,Graphite; natural,4,FALSE,C00,TOTAL CPC,0,0,TOTAL MOT,8,kg,71899,FALSE,8,kg,71899,FALSE,71899,FALSE,0,FALSE,25010.615,,25010.615,0,FALSE,TRUE
C,A,20170101,2017,52,2017,276,DEU,Germany,M,Import,804,UKR,Ukraine,0,W00,World,H5,HS,TRUE,2504,Graphite; natural,4,FALSE,C00,TOTAL CPC,0,0,TOTAL MOT,8,kg,1216850,FALSE,8,kg,1216850,FALSE,1216850,FALSE,0,FALSE,681362.803,,681362.803,0,FALSE,TRUE
C,A,20170101,2017,52,2017,276,DEU,Germany,M,Import,826,GBR,United Kingdom,0,W00,World,H5,HS,TRUE,2504,Graphite; natural,4,FALSE,C00,TOTAL CPC,0,0,TOTAL MOT,8,kg,251073.237,TRUE,-1,N/A,0,FALSE,251073.237,TRUE,0,FALSE,392270.808,,392270.808,6,FALSE,TRUE
C,A,20170101,2017,52,2017,276,DEU,Germany,M,Import,842,USA,USA,0,W00,World,H5,HS,TRUE,2504,Graphite; natural,4,FALSE,C00,TOTAL CPC,0,0,TOTAL MOT,8,kg,321875.227,TRUE,-1,N/A,0,FALSE,321875.227,TRUE,0,FALSE,734500.055,,734500.055,6,FALSE,TRUE
C,A,20170101,2017,52,2017,276,DEU,Germany,M,Import,0,W00,World,0,W00,World,H5,HS,TRUE,2519,"Natural magnesium carbonate (magnesite); fused magnesia; dead-burned (sintered) magnesia, whether or not containing small quantities of other oxides added before sintering; magnesium oxide, pure or not",4,FALSE,C00,TOTAL CPC,0,0,TOTAL MOT,8,kg,497010082.5,TRUE,-1,N/A,0,FALSE,497010082.5,TRUE,0,FALSE,193311380.6,,193311380.6,6,FALSE,TRUE
C,A,20170101,2017,52,2017,276,DEU,Germany,M,Import,36,AUS,Australia,0,W00,World,H5,HS,TRUE,2519,"Natural magnesium carbonate (magnesite); fused magnesia; dead-burned (sintered) magnesia, whether or not containing small quantities of other oxides added before sintering; magnesium oxide, pure or not",4,FALSE,C00,TOTAL CPC,0,0,TOTAL MOT,8,kg,58980,FALSE,8,kg,58980,FALSE,58980,FALSE,0,FALSE,23982.859,,23982.859,0,FALSE,TRUE
C,A,20170101,2017,52,2017,276,DEU,Germany,M,Import,40,AUT,Austria,0,W00,World,H5,HS,TRUE,2519,"Natural magnesium carbonate (magnesite); fused magnesia; dead-burned (sintered) magnesia, whether or not containing small quantities of other oxides added before sintering; magnesium oxide, pure or not",4,FALSE,C00,TOTAL CPC,0,0,TOTAL MOT,8,kg,28886000,FALSE,8,kg,28886000,FALSE,28886000,FALSE,0,FALSE,9580834.374,,9580834.374,0,FALSE,TRUE
C,A,20170101,2017,52,2017,276,DEU,Germany,M,Import,56,BEL,Belgium,0,W00,World,H5,HS,TRUE,2519,"Natural magnesium carbonate (magnesite); fused magnesia; dead-burned (sintered) magnesia, whether or not containing small quantities of other oxides added before sintering; magnesium oxide, pure or not",4,FALSE,C00,TOTAL CPC,0,0,TOTAL MOT,8,kg,269748,FALSE,8,kg,269748,FALSE,269748,FALSE,0,FALSE,161228.965,,161228.965,0,FALSE,TRUE
C,A,20170101,2017,52,2017,276,DEU,Germany,M,Import,76,BRA,Brazil,0,W00,World,H5,HS,TRUE,2519,"Natural magnesium carbonate (magnesite); fused magnesia; dead-burned (sintered) magnesia, whether or not containing small quantities of other oxides added before sintering; magnesium oxide, pure or not",4,FALSE,C00,TOTAL CPC,0,0,TOTAL MOT,8,kg,48011548.85,TRUE,-1,N/A,0,FALSE,48011548.85,TRUE,0,FALSE,21535787.73,,21535787.73,6,FALSE,TRUE
C,A,20170101,2017,52,2017,276,DEU,Germany,M,Import,124,CAN,Canada,0,W00,World,H5,HS,TRUE,2519,"Natural magnesium carbonate (magnesite); fused magnesia; dead-burned (sintered) magnesia, whether or not containing small quantities of other oxides added before sintering; magnesium oxide, pure or not",4,FALSE,C00,TOTAL CPC,0,0,TOTAL MOT,8,kg,118100,FALSE,8,kg,118100,FALSE,118100,FALSE,0,FALSE,138836.304,,138836.304,0,FALSE,TRUE
C,A,20170101,2017,52,2017,276,DEU,Germany,M,Import,156,CHN,China,0,W00,World,H5,HS,TRUE,2519,"Natural magnesium carbonate (magnesite); fused magnesia; dead-burned (sintered) magnesia, whether or not containing small quantities of other oxides added before sintering; magnesium oxide, pure or not",4,FALSE,C00,TOTAL CPC,0,0,TOTAL MOT,8,kg,168198149.8,TRUE,-1,N/A,0,FALSE,168198149.8,TRUE,0,FALSE,51184469.1,,51184469.1,6,FALSE,TRUE
C,A,20170101,2017,52,2017,276,DEU,Germany,M,Import,203,CZE,Czechia,0,W00,World,H5,HS,TRUE,2519,"Natural magnesium carbonate (magnesite); fused magnesia; dead-burned (sintered) magnesia, whether or not containing small quantities of other oxides added before sintering; magnesium oxide, pure or not",4,FALSE,C00,TOTAL CPC,0,0,TOTAL MOT,8,kg,123483,FALSE,8,kg,123483,FALSE,123483,FALSE,0,FALSE,38089.095,,38089.095,0,FALSE,TRUE
C,A,20170101,2017,52,2017,276,DEU,Germany,M,Import,251,FRA,France,0,W00,World,H5,HS,TRUE,2519,"Natural magnesium carbonate (magnesite); fused magnesia; dead-burned (sintered) magnesia, whether or not containing small quantities of other oxides added before sintering; magnesium oxide, pure or not",4,FALSE,C00,TOTAL CPC,0,0,TOTAL MOT,8,kg,6287588,FALSE,8,kg,6287588,FALSE,6287588,FALSE,0,FALSE,2287640.641,,2287640.641,0,FALSE,TRUE
C,A,20170101,2017,52,2017,276,DEU,Germany,M,Import,300,GRC,Greece,0,W00,World,H5,HS,TRUE,2519,"Natural magnesium carbonate (magnesite); fused magnesia; dead-burned (sintered) magnesia, whether or not containing small quantities of other oxides added before sintering; magnesium oxide, pure or not",4,FALSE,C00,TOTAL CPC,0,0,TOTAL MOT,8,kg,11315950,FALSE,8,kg,11315950,FALSE,11315950,FALSE,0,FALSE,4384690.115,,4384690.115,0,FALSE,TRUE
C,A,20170101,2017,52,2017,276,DEU,Germany,M,Import,344,HKG,"China, Hong Kong SAR",0,W00,World,H5,HS,TRUE,2519,"Natural magnesium carbonate (magnesite); fused magnesia; dead-burned (sintered) magnesia, whether or not containing small quantities of other oxides added before sintering; magnesium oxide, pure or not",4,FALSE,C00,TOTAL CPC,0,0,TOTAL MOT,8,kg,2516000,FALSE,8,kg,2516000,FALSE,2516000,FALSE,0,FALSE,546319.032,,546319.032,0,FALSE,TRUE
C,A,20170101,2017,52,2017,276,DEU,Germany,M,Import,360,IDN,Indonesia,0,W00,World,H5,HS,TRUE,2519,"Natural magnesium carbonate (magnesite); fused magnesia; dead-burned (sintered) magnesia, whether or not containing small quantities of other oxides added before sintering; magnesium oxide, pure or not",4,FALSE,C00,TOTAL CPC,0,0,TOTAL MOT,8,kg,29,FALSE,8,kg,29,FALSE,29,FALSE,0,FALSE,1044.697,,1044.697,0,FALSE,TRUE
C,A,20170101,2017,52,2017,276,DEU,Germany,M,Import,372,IRL,Ireland,0,W00,World,H5,HS,TRUE,2519,"Natural magnesium carbonate (magnesite); fused magnesia; dead-burned (sintered) magnesia, whether or not containing small quantities of other oxides added before sintering; magnesium oxide, pure or not",4,FALSE,C00,TOTAL CPC,0,0,TOTAL MOT,8,kg,6405440,FALSE,8,kg,6405440,FALSE,6405440,FALSE,0,FALSE,3585534.033,,3585534.033,0,FALSE,TRUE
C,A,20170101,2017,52,2017,276,DEU,Germany,M,Import,376,ISR,Israel,0,W00,World,H5,HS,TRUE,2519,"Natural magnesium carbonate (magnesite); fused magnesia; dead-burned (sintered) magnesia, whether or not containing small quantities of other oxides added before sintering; magnesium oxide, pure or not",4,FALSE,C00,TOTAL CPC,0,0,TOTAL MOT,8,kg,4759246,FALSE,8,kg,4759246,FALSE,4759246,FALSE,0,FALSE,11557706.4,,11557706.4,0,FALSE,TRUE
C,A,20170101,2017,52,2017,276,DEU,Germany,M,Import,380,ITA,Italy,0,W00,World,H5,HS,TRUE,2519,"Natural magnesium carbonate (magnesite); fused magnesia; dead-burned (sintered) magnesia, whether or not containing small quantities of other oxides added before sintering; magnesium oxide, pure or not",4,FALSE,C00,TOTAL CPC,0,0,TOTAL MOT,8,kg,692673,FALSE,8,kg,692673,FALSE,692673,FALSE,0,FALSE,351105.221,,351105.221,0,FALSE,TRUE
C,A,20170101,2017,52,2017,276,DEU,Germany,M,Import,392,JPN,Japan,0,W00,World,H5,HS,TRUE,2519,"Natural magnesium carbonate (magnesite); fused magnesia; dead-burned (sintered) magnesia, whether or not containing small quantities of other oxides added before sintering; magnesium oxide, pure or not",4,FALSE,C00,TOTAL CPC,0,0,TOTAL MOT,8,kg,1952542,FALSE,8,kg,1952542,FALSE,1952542,FALSE,0,FALSE,3754099.596,,3754099.596,0,FALSE,TRUE
C,A,20170101,2017,52,2017,276,DEU,Germany,M,Import,410,KOR,Rep. of Korea,0,W00,World,H5,HS,TRUE,2519,"Natural magnesium carbonate (magnesite); fused magnesia; dead-burned (sintered) magnesia, whether or not containing small quantities of other oxides added before sintering; magnesium oxide, pure or not",4,FALSE,C00,TOTAL CPC,0,0,TOTAL MOT,8,kg,186333,FALSE,8,kg,186333,FALSE,186333,FALSE,0,FALSE,124096.474,,124096.474,0,FALSE,TRUE
C,A,20170101,2017,52,2017,276,DEU,Germany,M,Import,484,MEX,Mexico,0,W00,World,H5,HS,TRUE,2519,"Natural magnesium carbonate (magnesite); fused magnesia; dead-burned (sintered) magnesia, whether or not containing small quantities of other oxides added before sintering; magnesium oxide, pure or not",4,FALSE,C00,TOTAL CPC,0,0,TOTAL MOT,8,kg,4230778,FALSE,8,kg,4230778,FALSE,4230778,FALSE,0,FALSE,2875453.916,,2875453.916,0,FALSE,TRUE
C,A,20170101,2017,52,2017,276,DEU,Germany,M,Import,490,S19,"Other Asia, nes",0,W00,World,H5,HS,TRUE,2519,"Natural magnesium carbonate (magnesite); fused magnesia; dead-burned (sintered) magnesia, whether or not containing small quantities of other oxides added before sintering; magnesium oxide, pure or not",4,FALSE,C00,TOTAL CPC,0,0,TOTAL MOT,8,kg,1800,FALSE,8,kg,1800,FALSE,1800,FALSE,0,FALSE,20643.217,,20643.217,0,FALSE,TRUE
C,A,20170101,2017,52,2017,276,DEU,Germany,M,Import,528,NLD,Netherlands,0,W00,World,H5,HS,TRUE,2519,"Natural magnesium carbonate (magnesite); fused magnesia; dead-burned (sintered) magnesia, whether or not containing small quantities of other oxides added before sintering; magnesium oxide, pure or not",4,FALSE,C00,TOTAL CPC,0,0,TOTAL MOT,8,kg,66418567,FALSE,8,kg,66418567,FALSE,66418567,FALSE,0,FALSE,32444859.15,,32444859.15,0,FALSE,TRUE
C,A,20170101,2017,52,2017,276,DEU,Germany,M,Import,579,NOR,Norway,0,W00,World,H5,HS,TRUE,2519,"Natural magnesium carbonate (magnesite); fused magnesia; dead-burned (sintered) magnesia, whether or not containing small quantities of other oxides added before sintering; magnesium oxide, pure or not",4,FALSE,C00,TOTAL CPC,0,0,TOTAL MOT,8,kg,1464039,FALSE,8,kg,1464039,FALSE,1464039,FALSE,0,FALSE,269509.288,,269509.288,0,FALSE,TRUE
C,A,20170101,2017,52,2017,276,DEU,Germany,M,Import,616,POL,Poland,0,W00,World,H5,HS,TRUE,2519,"Natural magnesium carbonate (magnesite); fused magnesia; dead-burned (sintered) magnesia, whether or not containing small quantities of other oxides added before sintering; magnesium oxide, pure or not",4,FALSE,C00,TOTAL CPC,0,0,TOTAL MOT,8,kg,163,FALSE,8,kg,163,FALSE,163,FALSE,0,FALSE,981.451,,981.451,0,FALSE,TRUE
C,A,20170101,2017,52,2017,276,DEU,Germany,M,Import,642,ROU,Romania,0,W00,World,H5,HS,TRUE,2519,"Natural magnesium carbonate (magnesite); fused magnesia; dead-burned (sintered) magnesia, whether or not containing small quantities of other oxides added before sintering; magnesium oxide, pure or not",4,FALSE,C00,TOTAL CPC,0,0,TOTAL MOT,8,kg,121825,FALSE,8,kg,121825,FALSE,121825,FALSE,0,FALSE,20329.243,,20329.243,0,FALSE,TRUE
C,A,20170101,2017,52,2017,276,DEU,Germany,M,Import,643,RUS,Russian Federation,0,W00,World,H5,HS,TRUE,2519,"Natural magnesium carbonate (magnesite); fused magnesia; dead-burned (sintered) magnesia, whether or not containing small quantities of other oxides added before sintering; magnesium oxide, pure or not",4,FALSE,C00,TOTAL CPC,0,0,TOTAL MOT,8,kg,35533575,FALSE,8,kg,35533575,FALSE,35533575,FALSE,0,FALSE,7891210.029,,7891210.029,0,FALSE,TRUE
C,A,20170101,2017,52,2017,276,DEU,Germany,M,Import,682,SAU,Saudi Arabia,0,W00,World,H5,HS,TRUE,2519,"Natural magnesium carbonate (magnesite); fused magnesia; dead-burned (sintered) magnesia, whether or not containing small quantities of other oxides added before sintering; magnesium oxide, pure or not",4,FALSE,C00,TOTAL CPC,0,0,TOTAL MOT,8,kg,4582465,FALSE,8,kg,4582465,FALSE,4582465,FALSE,0,FALSE,2038601.772,,2038601.772,0,FALSE,TRUE
C,A,20170101,2017,52,2017,276,DEU,Germany,M,Import,688,SRB,Serbia,0,W00,World,H5,HS,TRUE,2519,"Natural magnesium carbonate (magnesite); fused magnesia; dead-burned (sintered) magnesia, whether or not containing small quantities of other oxides added before sintering; magnesium oxide, pure or not",4,FALSE,C00,TOTAL CPC,0,0,TOTAL MOT,8,kg,49344,FALSE,8,kg,49344,FALSE,49344,FALSE,0,FALSE,21055.448,,21055.448,0,FALSE,TRUE
C,A,20170101,2017,52,2017,276,DEU,Germany,M,Import,703,SVK,Slovakia,0,W00,World,H5,HS,TRUE,2519,"Natural magnesium carbonate (magnesite); fused magnesia; dead-burned (sintered) magnesia, whether or not containing small quantities of other oxides added before sintering; magnesium oxide, pure or not",4,FALSE,C00,TOTAL CPC,0,0,TOTAL MOT,8,kg,34770280,FALSE,8,kg,34770280,FALSE,34770280,FALSE,0,FALSE,10637961.77,,10637961.77,0,FALSE,TRUE
C,A,20170101,2017,52,2017,276,DEU,Germany,M,Import,705,SVN,Slovenia,0,W00,World,H5,HS,TRUE,2519,"Natural magnesium carbonate (magnesite); fused magnesia; dead-burned (sintered) magnesia, whether or not containing small quantities of other oxides added before sintering; magnesium oxide, pure or not",4,FALSE,C00,TOTAL CPC,0,0,TOTAL MOT,8,kg,5000,FALSE,8,kg,5000,FALSE,5000,FALSE,0,FALSE,4511.962,,4511.962,0,FALSE,TRUE
C,A,20170101,2017,52,2017,276,DEU,Germany,M,Import,724,ESP,Spain,0,W00,World,H5,HS,TRUE,2519,"Natural magnesium carbonate (magnesite); fused magnesia; dead-burned (sintered) magnesia, whether or not containing small quantities of other oxides added before sintering; magnesium oxide, pure or not",4,FALSE,C00,TOTAL CPC,0,0,TOTAL MOT,8,kg,29428340,FALSE,8,kg,29428340,FALSE,29428340,FALSE,0,FALSE,7977899.567,,7977899.567,0,FALSE,TRUE
C,A,20170101,2017,52,2017,276,DEU,Germany,M,Import,752,SWE,Sweden,0,W00,World,H5,HS,TRUE,2519,"Natural magnesium carbonate (magnesite); fused magnesia; dead-burned (sintered) magnesia, whether or not containing small quantities of other oxides added before sintering; magnesium oxide, pure or not",4,FALSE,C00,TOTAL CPC,0,0,TOTAL MOT,8,kg,1000,FALSE,8,kg,1000,FALSE,1000,FALSE,0,FALSE,1184.743,,1184.743,0,FALSE,TRUE
C,A,20170101,2017,52,2017,276,DEU,Germany,M,Import,757,CHE,Switzerland,0,W00,World,H5,HS,TRUE,2519,"Natural magnesium carbonate (magnesite); fused magnesia; dead-burned (sintered) magnesia, whether or not containing small quantities of other oxides added before sintering; magnesium oxide, pure or not",4,FALSE,C00,TOTAL CPC,0,0,TOTAL MOT,8,kg,3641243,FALSE,8,kg,3641243,FALSE,3641243,FALSE,0,FALSE,2724240.492,,2724240.492,0,FALSE,TRUE
C,A,20170101,2017,52,2017,276,DEU,Germany,M,Import,792,TUR,Türkiye,0,W00,World,H5,HS,TRUE,2519,"Natural magnesium carbonate (magnesite); fused magnesia; dead-burned (sintered) magnesia, whether or not containing small quantities of other oxides added before sintering; magnesium oxide, pure or not",4,FALSE,C00,TOTAL CPC,0,0,TOTAL MOT,8,kg,31369572,FALSE,8,kg,31369572,FALSE,31369572,FALSE,0,FALSE,10738046.02,,10738046.02,0,FALSE,TRUE
C,A,20170101,2017,52,2017,276,DEU,Germany,M,Import,826,GBR,United Kingdom,0,W00,World,H5,HS,TRUE,2519,"Natural magnesium carbonate (magnesite); fused magnesia; dead-burned (sintered) magnesia, whether or not containing small quantities of other oxides added before sintering; magnesium oxide, pure or not",4,FALSE,C00,TOTAL CPC,0,0,TOTAL MOT,8,kg,3130341.854,TRUE,-1,N/A,0,FALSE,3130341.854,TRUE,0,FALSE,3082003.539,,3082003.539,6,FALSE,TRUE
C,A,20170101,2017,52,2017,276,DEU,Germany,M,Import,842,USA,USA,0,W00,World,H5,HS,TRUE,2519,"Natural magnesium carbonate (magnesite); fused magnesia; dead-burned (sintered) magnesia, whether or not containing small quantities of other oxides added before sintering; magnesium oxide, pure or not",4,FALSE,C00,TOTAL CPC,0,0,TOTAL MOT,8,kg,2479939,FALSE,8,kg,2479939,FALSE,2479939,FALSE,0,FALSE,3307424.347,,3307424.347,0,FALSE,TRUE
C,A,20170101,2017,52,2017,276,DEU,Germany,M,Import,0,W00,World,0,W00,World,H5,HS,TRUE,2601,Iron ores and concentrates; including roasted iron pyrites,4,FALSE,C00,TOTAL CPC,0,0,TOTAL MOT,-1,N/A,0,FALSE,-1,N/A,0,FALSE,,FALSE,0,FALSE,3609754409,,3609754409,0,FALSE,TRUE
C,A,20170101,2017,52,2017,276,DEU,Germany,M,Import,36,AUS,Australia,0,W00,World,H5,HS,TRUE,2601,Iron ores and concentrates; including roasted iron pyrites,4,FALSE,C00,TOTAL CPC,0,0,TOTAL MOT,8,kg,291266139,FALSE,8,kg,291266139,FALSE,291266139,FALSE,0,FALSE,23559369.58,,23559369.58,0,FALSE,TRUE
C,A,20170101,2017,52,2017,276,DEU,Germany,M,Import,40,AUT,Austria,0,W00,World,H5,HS,TRUE,2601,Iron ores and concentrates; including roasted iron pyrites,4,FALSE,C00,TOTAL CPC,0,0,TOTAL MOT,8,kg,50000,FALSE,8,kg,50000,FALSE,50000,FALSE,0,FALSE,6437.594,,6437.594,0,FALSE,TRUE
C,A,20170101,2017,52,2017,276,DEU,Germany,M,Import,76,BRA,Brazil,0,W00,World,H5,HS,TRUE,2601,Iron ores and concentrates; including roasted iron pyrites,4,FALSE,C00,TOTAL CPC,0,0,TOTAL MOT,8,kg,20751010936,FALSE,8,kg,20751010936,FALSE,20751010936,FALSE,0,FALSE,1654995590,,1654995590,0,FALSE,TRUE
C,A,20170101,2017,52,2017,276,DEU,Germany,M,Import,124,CAN,Canada,0,W00,World,H5,HS,TRUE,2601,Iron ores and concentrates; including roasted iron pyrites,4,FALSE,C00,TOTAL CPC,0,0,TOTAL MOT,8,kg,7030318734,FALSE,8,kg,7030318734,FALSE,7030318734,FALSE,0,FALSE,646551064.1,,646551064.1,0,FALSE,TRUE
C,A,20170101,2017,52,2017,276,DEU,Germany,M,Import,156,CHN,China,0,W00,World,H5,HS,TRUE,2601,Iron ores and concentrates; including roasted iron pyrites,4,FALSE,C00,TOTAL CPC,0,0,TOTAL MOT,8,kg,35856213,FALSE,8,kg,35856213,FALSE,35856213,FALSE,0,FALSE,3720683.968,,3720683.968,0,FALSE,TRUE
C,A,20170101,2017,52,2017,276,DEU,Germany,M,Import,203,CZE,Czechia,0,W00,World,H5,HS,TRUE,2601,Iron ores and concentrates; including roasted iron pyrites,4,FALSE,C00,TOTAL CPC,0,0,TOTAL MOT,8,kg,4919140,FALSE,8,kg,4919140,FALSE,4919140,FALSE,0,FALSE,309882.034,,309882.034,0,FALSE,TRUE
C,A,20170101,2017,52,2017,276,DEU,Germany,M,Import,246,FIN,Finland,0,W00,World,H5,HS,TRUE,2601,Iron ores and concentrates; including roasted iron pyrites,4,FALSE,C00,TOTAL CPC,0,0,TOTAL MOT,8,kg,20399730,FALSE,8,kg,20399730,FALSE,20399730,FALSE,0,FALSE,2077062.44,,2077062.44,0,FALSE,TRUE
C,A,20170101,2017,52,2017,276,DEU,Germany,M,Import,251,FRA,France,0,W00,World,H5,HS,TRUE,2601,Iron ores and concentrates; including roasted iron pyrites,4,FALSE,C00,TOTAL CPC,0,0,TOTAL MOT,8,kg,131893,FALSE,8,kg,131893,FALSE,131893,FALSE,0,FALSE,68202.35,,68202.35,0,FALSE,TRUE
C,A,20170101,2017,52,2017,276,DEU,Germany,M,Import,300,GRC,Greece,0,W00,World,H5,HS,TRUE,2601,Iron ores and concentrates; including roasted iron pyrites,4,FALSE,C00,TOTAL CPC,0,0,TOTAL MOT,8,kg,1504000,FALSE,8,kg,1504000,FALSE,1504000,FALSE,0,FALSE,55298.928,,55298.928,0,FALSE,TRUE
C,A,20170101,2017,52,2017,276,DEU,Germany,M,Import,340,HND,Honduras,0,W00,World,H5,HS,TRUE,2601,Iron ores and concentrates; including roasted iron pyrites,4,FALSE,C00,TOTAL CPC,0,0,TOTAL MOT,8,kg,129100,FALSE,8,kg,129100,FALSE,129100,FALSE,0,FALSE,7290.292,,7290.292,0,FALSE,TRUE
C,A,20170101,2017,52,2017,276,DEU,Germany,M,Import,364,IRN,Iran,0,W00,World,H5,HS,TRUE,2601,Iron ores and concentrates; including roasted iron pyrites,4,FALSE,C00,TOTAL CPC,0,0,TOTAL MOT,8,kg,38630,FALSE,8,kg,38630,FALSE,38630,FALSE,0,FALSE,1718.95,,1718.95,0,FALSE,TRUE
C,A,20170101,2017,52,2017,276,DEU,Germany,M,Import,430,LBR,Liberia,0,W00,World,H5,HS,TRUE,2601,Iron ores and concentrates; including roasted iron pyrites,4,FALSE,C00,TOTAL CPC,0,0,TOTAL MOT,8,kg,319794000,FALSE,8,kg,319794000,FALSE,319794000,FALSE,0,FALSE,16753498.29,,16753498.29,0,FALSE,TRUE
C,A,20170101,2017,52,2017,276,DEU,Germany,M,Import,478,MRT,Mauritania,0,W00,World,H5,HS,TRUE,2601,Iron ores and concentrates; including roasted iron pyrites,4,FALSE,C00,TOTAL CPC,0,0,TOTAL MOT,8,kg,1397903000,FALSE,8,kg,1397903000,FALSE,1397903000,FALSE,0,FALSE,108509908.9,,108509908.9,0,FALSE,TRUE
C,A,20170101,2017,52,2017,276,DEU,Germany,M,Import,508,MOZ,Mozambique,0,W00,World,H5,HS,TRUE,2601,Iron ores and concentrates; including roasted iron pyrites,4,FALSE,C00,TOTAL CPC,0,0,TOTAL MOT,8,kg,62190000,FALSE,8,kg,62190000,FALSE,62190000,FALSE,0,FALSE,4951731.422,,4951731.422,0,FALSE,TRUE
C,A,20170101,2017,52,2017,276,DEU,Germany,M,Import,528,NLD,Netherlands,0,W00,World,H5,HS,TRUE,2601,Iron ores and concentrates; including roasted iron pyrites,4,FALSE,C00,TOTAL CPC,0,0,TOTAL MOT,8,kg,4663100,FALSE,8,kg,4663100,FALSE,4663100,FALSE,0,FALSE,1199188.142,,1199188.142,0,FALSE,TRUE
C,A,20170101,2017,52,2017,276,DEU,Germany,M,Import,579,NOR,Norway,0,W00,World,H5,HS,TRUE,2601,Iron ores and concentrates; including roasted iron pyrites,4,FALSE,C00,TOTAL CPC,0,0,TOTAL MOT,8,kg,43214954,FALSE,8,kg,43214954,FALSE,43214954,FALSE,0,FALSE,4512801.614,,4512801.614,0,FALSE,TRUE
C,A,20170101,2017,52,2017,276,DEU,Germany,M,Import,586,PAK,Pakistan,0,W00,World,H5,HS,TRUE,2601,Iron ores and concentrates; including roasted iron pyrites,4,FALSE,C00,TOTAL CPC,0,0,TOTAL MOT,8,kg,33440,FALSE,8,kg,33440,FALSE,33440,FALSE,0,FALSE,1888.361,,1888.361,0,FALSE,TRUE
C,A,20170101,2017,52,2017,276,DEU,Germany,M,Import,643,RUS,Russian Federation,0,W00,World,H5,HS,TRUE,2601,Iron ores and concentrates; including roasted iron pyrites,4,FALSE,C00,TOTAL CPC,0,0,TOTAL MOT,8,kg,1081834696,FALSE,8,kg,1081834696,FALSE,1081834696,FALSE,0,FALSE,131769274.2,,131769274.2,0,FALSE,TRUE
C,A,20170101,2017,52,2017,276,DEU,Germany,M,Import,710,ZAF,South Africa,0,W00,World,H5,HS,TRUE,2601,Iron ores and concentrates; including roasted iron pyrites,4,FALSE,C00,TOTAL CPC,0,0,TOTAL MOT,8,kg,4634933714,FALSE,8,kg,4634933714,FALSE,4634933714,FALSE,0,FALSE,388555720.9,,388555720.9,0,FALSE,TRUE
C,A,20170101,2017,52,2017,276,DEU,Germany,M,Import,724,ESP,Spain,0,W00,World,H5,HS,TRUE,2601,Iron ores and concentrates; including roasted iron pyrites,4,FALSE,C00,TOTAL CPC,0,0,TOTAL MOT,8,kg,65600,FALSE,8,kg,65600,FALSE,65600,FALSE,0,FALSE,32526.788,,32526.788,0,FALSE,TRUE
C,A,20170101,2017,52,2017,276,DEU,Germany,M,Import,752,SWE,Sweden,0,W00,World,H5,HS,TRUE,2601,Iron ores and concentrates; including roasted iron pyrites,4,FALSE,C00,TOTAL CPC,0,0,TOTAL MOT,8,kg,5403330116,FALSE,8,kg,5403330116,FALSE,5403330116,FALSE,0,FALSE,493356381,,493356381,0,FALSE,TRUE
C,A,20170101,2017,52,2017,276,DEU,Germany,M,Import,757,CHE,Switzerland,0,W00,World,H5,HS,TRUE,2601,Iron ores and concentrates; including roasted iron pyrites,4,FALSE,C00,TOTAL CPC,0,0,TOTAL MOT,8,kg,12626,FALSE,8,kg,12626,FALSE,12626,FALSE,0,FALSE,713.782,,713.782,0,FALSE,TRUE
C,A,20170101,2017,52,2017,276,DEU,Germany,M,Import,780,TTO,Trinidad and Tobago,0,W00,World,H5,HS,TRUE,2601,Iron ores and concentrates; including roasted iron pyrites,4,FALSE,C00,TOTAL CPC,0,0,TOTAL MOT,8,kg,10203200,FALSE,8,kg,10203200,FALSE,10203200,FALSE,0,FALSE,667301.743,,667301.743,0,FALSE,TRUE
C,A,20170101,2017,52,2017,276,DEU,Germany,M,Import,792,TUR,Türkiye,0,W00,World,H5,HS,TRUE,2601,Iron ores and concentrates; including roasted iron pyrites,4,FALSE,C00,TOTAL CPC,0,0,TOTAL MOT,8,kg,12659333,FALSE,8,kg,12659333,FALSE,12659333,FALSE,0,FALSE,1043788.023,,1043788.023,0,FALSE,TRUE
C,A,20170101,2017,52,2017,276,DEU,Germany,M,Import,804,UKR,Ukraine,0,W00,World,H5,HS,TRUE,2601,Iron ores and concentrates; including roasted iron pyrites,4,FALSE,C00,TOTAL CPC,0,0,TOTAL MOT,8,kg,1099521480,TRUE,-1,N/A,0,FALSE,1099521480,TRUE,0,FALSE,122648797.7,,122648797.7,6,FALSE,TRUE
C,A,20170101,2017,52,2017,276,DEU,Germany,M,Import,826,GBR,United Kingdom,0,W00,World,H5,HS,TRUE,2601,Iron ores and concentrates; including roasted iron pyrites,4,FALSE,C00,TOTAL CPC,0,0,TOTAL MOT,-1,N/A,0,FALSE,-1,N/A,0,FALSE,,FALSE,0,FALSE,1960.643,,1960.643,0,FALSE,TRUE
C,A,20170101,2017,52,2017,276,DEU,Germany,M,Import,842,USA,USA,0,W00,World,H5,HS,TRUE,2601,Iron ores and concentrates; including roasted iron pyrites,4,FALSE,C00,TOTAL CPC,0,0,TOTAL MOT,8,kg,34907132,FALSE,8,kg,34907132,FALSE,34907132,FALSE,0,FALSE,1979054.032,,1979054.032,0,FALSE,TRUE
C,A,20170101,2017,52,2017,276,DEU,Germany,M,Import,862,VEN,Venezuela,0,W00,World,H5,HS,TRUE,2601,Iron ores and concentrates; including roasted iron pyrites,4,FALSE,C00,TOTAL CPC,0,0,TOTAL MOT,8,kg,29296300,FALSE,8,kg,29296300,FALSE,29296300,FALSE,0,FALSE,2417273.445,,2417273.445,0,FALSE,TRUE
C,A,20170101,2017,52,2017,276,DEU,Germany,M,Import,0,W00,World,0,W00,World,H5,HS,TRUE,2603,Copper ores and concentrates,4,FALSE,C00,TOTAL CPC,0,0,TOTAL MOT,8,kg,1250803855,FALSE,8,kg,1250803855,FALSE,1250803855,FALSE,0,FALSE,2227933065,,2227933065,0,FALSE,TRUE
C,A,20170101,2017,52,2017,276,DEU,Germany,M,Import,32,ARG,Argentina,0,W00,World,H5,HS,TRUE,2603,Copper ores and concentrates,4,FALSE,C00,TOTAL CPC,0,0,TOTAL MOT,8,kg,32549600,FALSE,8,kg,32549600,FALSE,32549600,FALSE,0,FALSE,65548137.29,,65548137.29,0,FALSE,TRUE
C,A,20170101,2017,52,2017,276,DEU,Germany,M,Import,36,AUS,Australia,0,W00,World,H5,HS,TRUE,2603,Copper ores and concentrates,4,FALSE,C00,TOTAL CPC,0,0,TOTAL MOT,8,kg,64232851,FALSE,8,kg,64232851,FALSE,64232851,FALSE,0,FALSE,243709054.9,,243709054.9,0,FALSE,TRUE
C,A,20170101,2017,52,2017,276,DEU,Germany,M,Import,56,BEL,Belgium,0,W00,World,H5,HS,TRUE,2603,Copper ores and concentrates,4,FALSE,C00,TOTAL CPC,0,0,TOTAL MOT,8,kg,3299600,FALSE,8,kg,3299600,FALSE,3299600,FALSE,0,FALSE,7040308.119,,7040308.119,0,FALSE,TRUE
C,A,20170101,2017,52,2017,276,DEU,Germany,M,Import,76,BRA,Brazil,0,W00,World,H5,HS,TRUE,2603,Copper ores and concentrates,4,FALSE,C00,TOTAL CPC,0,0,TOTAL MOT,8,kg,231714172,FALSE,8,kg,231714172,FALSE,231714172,FALSE,0,FALSE,542727233.2,,542727233.2,0,FALSE,TRUE
C,A,20170101,2017,52,2017,276,DEU,Germany,M,Import,124,CAN,Canada,0,W00,World,H5,HS,TRUE,2603,Copper ores and concentrates,4,FALSE,C00,TOTAL CPC,0,0,TOTAL MOT,8,kg,114868510,FALSE,8,kg,114868510,FALSE,114868510,FALSE,0,FALSE,169518822.2,,169518822.2,0,FALSE,TRUE
C,A,20170101,2017,52,2017,276,DEU,Germany,M,Import,152,CHL,Chile,0,W00,World,H5,HS,TRUE,2603,Copper ores and concentrates,4,FALSE,C00,TOTAL CPC,0,0,TOTAL MOT,8,kg,307742353,FALSE,8,kg,307742353,FALSE,307742353,FALSE,0,FALSE,442442302.1,,442442302.1,0,FALSE,TRUE
C,A,20170101,2017,52,2017,276,DEU,Germany,M,Import,156,CHN,China,0,W00,World,H5,HS,TRUE,2603,Copper ores and concentrates,4,FALSE,C00,TOTAL CPC,0,0,TOTAL MOT,8,kg,37345,FALSE,8,kg,37345,FALSE,37345,FALSE,0,FALSE,61193.279,,61193.279,0,FALSE,TRUE
C,A,20170101,2017,52,2017,276,DEU,Germany,M,Import,170,COL,Colombia,0,W00,World,H5,HS,TRUE,2603,Copper ores and concentrates,4,FALSE,C00,TOTAL CPC,0,0,TOTAL MOT,8,kg,5007670,FALSE,8,kg,5007670,FALSE,5007670,FALSE,0,FALSE,5905433.794,,5905433.794,0,FALSE,TRUE
C,A,20170101,2017,52,2017,276,DEU,Germany,M,Import,214,DOM,Dominican Rep.,0,W00,World,H5,HS,TRUE,2603,Copper ores and concentrates,4,FALSE,C00,TOTAL CPC,0,0,TOTAL MOT,8,kg,227231,FALSE,8,kg,227231,FALSE,227231,FALSE,0,FALSE,449924.54,,449924.54,0,FALSE,TRUE
C,A,20170101,2017,52,2017,276,DEU,Germany,M,Import,246,FIN,Finland,0,W00,World,H5,HS,TRUE,2603,Copper ores and concentrates,4,FALSE,C00,TOTAL CPC,0,0,TOTAL MOT,8,kg,43899900,FALSE,8,kg,43899900,FALSE,43899900,FALSE,0,FALSE,66480434.1,,66480434.1,0,FALSE,TRUE
C,A,20170101,2017,52,2017,276,DEU,Germany,M,Import,392,JPN,Japan,0,W00,World,H5,HS,TRUE,2603,Copper ores and concentrates,4,FALSE,C00,TOTAL CPC,0,0,TOTAL MOT,8,kg,28360,FALSE,8,kg,28360,FALSE,28360,FALSE,0,FALSE,16941.036,,16941.036,0,FALSE,TRUE
C,A,20170101,2017,52,2017,276,DEU,Germany,M,Import,404,KEN,Kenya,0,W00,World,H5,HS,TRUE,2603,Copper ores and concentrates,4,FALSE,C00,TOTAL CPC,0,0,TOTAL MOT,8,kg,63254,FALSE,8,kg,63254,FALSE,63254,FALSE,0,FALSE,107158.826,,107158.826,0,FALSE,TRUE
C,A,20170101,2017,52,2017,276,DEU,Germany,M,Import,458,MYS,Malaysia,0,W00,World,H5,HS,TRUE,2603,Copper ores and concentrates,4,FALSE,C00,TOTAL CPC,0,0,TOTAL MOT,8,kg,11682,FALSE,8,kg,11682,FALSE,11682,FALSE,0,FALSE,34887.239,,34887.239,0,FALSE,TRUE
C,A,20170101,2017,52,2017,276,DEU,Germany,M,Import,484,MEX,Mexico,0,W00,World,H5,HS,TRUE,2603,Copper ores and concentrates,4,FALSE,C00,TOTAL CPC,0,0,TOTAL MOT,8,kg,85928300,FALSE,8,kg,85928300,FALSE,85928300,FALSE,0,FALSE,105701761.7,,105701761.7,0,FALSE,TRUE
C,A,20170101,2017,52,2017,276,DEU,Germany,M,Import,504,MAR,Morocco,0,W00,World,H5,HS,TRUE,2603,Copper ores and concentrates,4,FALSE,C00,TOTAL CPC,0,0,TOTAL MOT,8,kg,5971950,FALSE,8,kg,5971950,FALSE,5971950,FALSE,0,FALSE,6289540.152,,6289540.152,0,FALSE,TRUE
C,A,20170101,2017,52,2017,276,DEU,Germany,M,Import,516,NAM,Namibia,0,W00,World,H5,HS,TRUE,2603,Copper ores and concentrates,4,FALSE,C00,TOTAL CPC,0,0,TOTAL MOT,8,kg,6220,FALSE,8,kg,6220,FALSE,6220,FALSE,0,FALSE,2302.851,,2302.851,0,FALSE,TRUE
C,A,20170101,2017,52,2017,276,DEU,Germany,M,Import,598,PNG,Papua New Guinea,0,W00,World,H5,HS,TRUE,2603,Copper ores and concentrates,4,FALSE,C00,TOTAL CPC,0,0,TOTAL MOT,8,kg,21600000,FALSE,8,kg,21600000,FALSE,21600000,FALSE,0,FALSE,35770176.62,,35770176.62,0,FALSE,TRUE
C,A,20170101,2017,52,2017,276,DEU,Germany,M,Import,604,PER,Peru,0,W00,World,H5,HS,TRUE,2603,Copper ores and concentrates,4,FALSE,C00,TOTAL CPC,0,0,TOTAL MOT,8,kg,310191934,FALSE,8,kg,310191934,FALSE,310191934,FALSE,0,FALSE,511202244,,511202244,0,FALSE,TRUE
C,A,20170101,2017,52,2017,276,DEU,Germany,M,Import,620,PRT,Portugal,0,W00,World,H5,HS,TRUE,2603,Copper ores and concentrates,4,FALSE,C00,TOTAL CPC,0,0,TOTAL MOT,8,kg,16731400,FALSE,8,kg,16731400,FALSE,16731400,FALSE,0,FALSE,18042818.39,,18042818.39,0,FALSE,TRUE
C,A,20170101,2017,52,2017,276,DEU,Germany,M,Import,724,ESP,Spain,0,W00,World,H5,HS,TRUE,2603,Copper ores and concentrates,4,FALSE,C00,TOTAL CPC,0,0,TOTAL MOT,8,kg,6676500,FALSE,8,kg,6676500,FALSE,6676500,FALSE,0,FALSE,6854754.086,,6854754.086,0,FALSE,TRUE
C,A,20170101,2017,52,2017,276,DEU,Germany,M,Import,757,CHE,Switzerland,0,W00,World,H5,HS,TRUE,2603,Copper ores and concentrates,4,FALSE,C00,TOTAL CPC,0,0,TOTAL MOT,8,kg,5621,FALSE,8,kg,5621,FALSE,5621,FALSE,0,FALSE,9540.062,,9540.062,0,FALSE,TRUE
C,A,20170101,2017,52,2017,276,DEU,Germany,M,Import,842,USA,USA,0,W00,World,H5,HS,TRUE,2603,Copper ores and concentrates,4,FALSE,C00,TOTAL CPC,0,0,TOTAL MOT,8,kg,9402,FALSE,8,kg,9402,FALSE,9402,FALSE,0,FALSE,18096.414,,18096.414,0,FALSE,TRUE
C,A,20170101,2017,52,2017,276,DEU,Germany,M,Import,0,W00,World,0,W00,World,H5,HS,TRUE,2604,Nickel ores and concentrates,4,FALSE,C00,TOTAL CPC,0,0,TOTAL MOT,8,kg,2554736,FALSE,8,kg,2554736,FALSE,2554736,FALSE,0,FALSE,2796227.47,,2796227.47,0,FALSE,TRUE
C,A,20170101,2017,52,2017,276,DEU,Germany,M,Import,76,BRA,Brazil,0,W00,World,H5,HS,TRUE,2604,Nickel ores and concentrates,4,FALSE,C00,TOTAL CPC,0,0,TOTAL MOT,8,kg,92092,FALSE,8,kg,92092,FALSE,92092,FALSE,0,FALSE,19853.764,,19853.764,0,FALSE,TRUE
C,A,20170101,2017,52,2017,276,DEU,Germany,M,Import,124,CAN,Canada,0,W00,World,H5,HS,TRUE,2604,Nickel ores and concentrates,4,FALSE,C00,TOTAL CPC,0,0,TOTAL MOT,8,kg,23,FALSE,8,kg,23,FALSE,23,FALSE,0,FALSE,6.776,,6.776,0,FALSE,TRUE
C,A,20170101,2017,52,2017,276,DEU,Germany,M,Import,156,CHN,China,0,W00,World,H5,HS,TRUE,2604,Nickel ores and concentrates,4,FALSE,C00,TOTAL CPC,0,0,TOTAL MOT,8,kg,4000,FALSE,8,kg,4000,FALSE,4000,FALSE,0,FALSE,45832.278,,45832.278,0,FALSE,TRUE
C,A,20170101,2017,52,2017,276,DEU,Germany,M,Import,203,CZE,Czechia,0,W00,World,H5,HS,TRUE,2604,Nickel ores and concentrates,4,FALSE,C00,TOTAL CPC,0,0,TOTAL MOT,8,kg,90579,FALSE,8,kg,90579,FALSE,90579,FALSE,0,FALSE,10514.736,,10514.736,0,FALSE,TRUE
C,A,20170101,2017,52,2017,276,DEU,Germany,M,Import,360,IDN,Indonesia,0,W00,World,H5,HS,TRUE,2604,Nickel ores and concentrates,4,FALSE,C00,TOTAL CPC,0,0,TOTAL MOT,8,kg,654432,FALSE,8,kg,654432,FALSE,654432,FALSE,0,FALSE,759244.131,,759244.131,0,FALSE,TRUE
C,A,20170101,2017,52,2017,276,DEU,Germany,M,Import,392,JPN,Japan,0,W00,World,H5,HS,TRUE,2604,Nickel ores and concentrates,4,FALSE,C00,TOTAL CPC,0,0,TOTAL MOT,8,kg,151166,FALSE,8,kg,151166,FALSE,151166,FALSE,0,FALSE,97845.774,,97845.774,0,FALSE,TRUE
C,A,20170101,2017,52,2017,276,DEU,Germany,M,Import,458,MYS,Malaysia,0,W00,World,H5,HS,TRUE,2604,Nickel ores and concentrates,4,FALSE,C00,TOTAL CPC,0,0,TOTAL MOT,8,kg,479282,FALSE,8,kg,479282,FALSE,479282,FALSE,0,FALSE,914562.934,,914562.934,0,FALSE,TRUE
C,A,20170101,2017,52,2017,276,DEU,Germany,M,Import,702,SGP,Singapore,0,W00,World,H5,HS,TRUE,2604,Nickel ores and concentrates,4,FALSE,C00,TOTAL CPC,0,0,TOTAL MOT,8,kg,195867,FALSE,8,kg,195867,FALSE,195867,FALSE,0,FALSE,88515.781,,88515.781,0,FALSE,TRUE
C,A,20170101,2017,52,2017,276,DEU,Germany,M,Import,703,SVK,Slovakia,0,W00,World,H5,HS,TRUE,2604,Nickel ores and concentrates,4,FALSE,C00,TOTAL CPC,0,0,TOTAL MOT,8,kg,37183,FALSE,8,kg,37183,FALSE,37183,FALSE,0,FALSE,35630.386,,35630.386,0,FALSE,TRUE
C,A,20170101,2017,52,2017,276,DEU,Germany,M,Import,724,ESP,Spain,0,W00,World,H5,HS,TRUE,2604,Nickel ores and concentrates,4,FALSE,C00,TOTAL CPC,0,0,TOTAL MOT,8,kg,23168,FALSE,8,kg,23168,FALSE,23168,FALSE,0,FALSE,35684.597,,35684.597,0,FALSE,TRUE
C,A,20170101,2017,52,2017,276,DEU,Germany,M,Import,752,SWE,Sweden,0,W00,World,H5,HS,TRUE,2604,Nickel ores and concentrates,4,FALSE,C00,TOTAL CPC,0,0,TOTAL MOT,8,kg,72007,FALSE,8,kg,72007,FALSE,72007,FALSE,0,FALSE,157185.704,,157185.704,0,FALSE,TRUE
C,A,20170101,2017,52,2017,276,DEU,Germany,M,Import,764,THA,Thailand,0,W00,World,H5,HS,TRUE,2604,Nickel ores and concentrates,4,FALSE,C00,TOTAL CPC,0,0,TOTAL MOT,8,kg,509713,FALSE,8,kg,509713,FALSE,509713,FALSE,0,FALSE,353242.05,,353242.05,0,FALSE,TRUE
C,A,20170101,2017,52,2017,276,DEU,Germany,M,Import,792,TUR,Türkiye,0,W00,World,H5,HS,TRUE,2604,Nickel ores and concentrates,4,FALSE,C00,TOTAL CPC,0,0,TOTAL MOT,8,kg,23865,FALSE,8,kg,23865,FALSE,23865,FALSE,0,FALSE,25876.867,,25876.867,0,FALSE,TRUE
C,A,20170101,2017,52,2017,276,DEU,Germany,M,Import,842,USA,USA,0,W00,World,H5,HS,TRUE,2604,Nickel ores and concentrates,4,FALSE,C00,TOTAL CPC,0,0,TOTAL MOT,8,kg,221359,FALSE,8,kg,221359,FALSE,221359,FALSE,0,FALSE,252231.69,,252231.69,0,FALSE,TRUE
C,A,20170101,2017,52,2017,276,DEU,Germany,M,Import,0,W00,World,0,W00,World,H5,HS,TRUE,2606,Aluminium ores and concentrates,4,FALSE,C00,TOTAL CPC,0,0,TOTAL MOT,8,kg,2325406845,FALSE,8,kg,2325406845,FALSE,2325406845,FALSE,0,FALSE,111304199.4,,111304199.4,0,FALSE,TRUE
C,A,20170101,2017,52,2017,276,DEU,Germany,M,Import,40,AUT,Austria,0,W00,World,H5,HS,TRUE,2606,Aluminium ores and concentrates,4,FALSE,C00,TOTAL CPC,0,0,TOTAL MOT,8,kg,248476,FALSE,8,kg,248476,FALSE,248476,FALSE,0,FALSE,72288.528,,72288.528,0,FALSE,TRUE
C,A,20170101,2017,52,2017,276,DEU,Germany,M,Import,56,BEL,Belgium,0,W00,World,H5,HS,TRUE,2606,Aluminium ores and concentrates,4,FALSE,C00,TOTAL CPC,0,0,TOTAL MOT,8,kg,709642,FALSE,8,kg,709642,FALSE,709642,FALSE,0,FALSE,273627.089,,273627.089,0,FALSE,TRUE
C,A,20170101,2017,52,2017,276,DEU,Germany,M,Import,76,BRA,Brazil,0,W00,World,H5,HS,TRUE,2606,Aluminium ores and concentrates,4,FALSE,C00,TOTAL CPC,0,0,TOTAL MOT,8,kg,56307100,FALSE,8,kg,56307100,FALSE,56307100,FALSE,0,FALSE,2603219.381,,2603219.381,0,FALSE,TRUE
C,A,20170101,2017,52,2017,276,DEU,Germany,M,Import,156,CHN,China,0,W00,World,H5,HS,TRUE,2606,Aluminium ores and concentrates,4,FALSE,C00,TOTAL CPC,0,0,TOTAL MOT,8,kg,63232011,FALSE,8,kg,63232011,FALSE,63232011,FALSE,0,FALSE,19047325.79,,19047325.79,0,FALSE,TRUE
C,A,20170101,2017,52,2017,276,DEU,Germany,M,Import,203,CZE,Czechia,0,W00,World,H5,HS,TRUE,2606,Aluminium ores and concentrates,4,FALSE,C00,TOTAL CPC,0,0,TOTAL MOT,8,kg,4,FALSE,8,kg,4,FALSE,4,FALSE,0,FALSE,6.776,,6.776,0,FALSE,TRUE
C,A,20170101,2017,52,2017,276,DEU,Germany,M,Import,251,FRA,France,0,W00,World,H5,HS,TRUE,2606,Aluminium ores and concentrates,4,FALSE,C00,TOTAL CPC,0,0,TOTAL MOT,8,kg,579280,FALSE,8,kg,579280,FALSE,579280,FALSE,0,FALSE,252205.714,,252205.714,0,FALSE,TRUE
C,A,20170101,2017,52,2017,276,DEU,Germany,M,Import,324,GIN,Guinea,0,W00,World,H5,HS,TRUE,2606,Aluminium ores and concentrates,4,FALSE,C00,TOTAL CPC,0,0,TOTAL MOT,8,kg,2176180137,FALSE,8,kg,2176180137,FALSE,2176180137,FALSE,0,FALSE,79922644.36,,79922644.36,0,FALSE,TRUE
C,A,20170101,2017,52,2017,276,DEU,Germany,M,Import,328,GUY,Guyana,0,W00,World,H5,HS,TRUE,2606,Aluminium ores and concentrates,4,FALSE,C00,TOTAL CPC,0,0,TOTAL MOT,8,kg,14264844,FALSE,8,kg,14264844,FALSE,14264844,FALSE,0,FALSE,5625487.7,,5625487.7,0,FALSE,TRUE
C,A,20170101,2017,52,2017,276,DEU,Germany,M,Import,344,HKG,"China, Hong Kong SAR",0,W00,World,H5,HS,TRUE,2606,Aluminium ores and concentrates,4,FALSE,C00,TOTAL CPC,0,0,TOTAL MOT,8,kg,600000,FALSE,8,kg,600000,FALSE,600000,FALSE,0,FALSE,223364.166,,223364.166,0,FALSE,TRUE
C,A,20170101,2017,52,2017,276,DEU,Germany,M,Import,380,ITA,Italy,0,W00,World,H5,HS,TRUE,2606,Aluminium ores and concentrates,4,FALSE,C00,TOTAL CPC,0,0,TOTAL MOT,8,kg,2029,FALSE,8,kg,2029,FALSE,2029,FALSE,0,FALSE,1054.862,,1054.862,0,FALSE,TRUE
C,A,20170101,2017,52,2017,276,DEU,Germany,M,Import,392,JPN,Japan,0,W00,World,H5,HS,TRUE,2606,Aluminium ores and concentrates,4,FALSE,C00,TOTAL CPC,0,0,TOTAL MOT,8,kg,23700,FALSE,8,kg,23700,FALSE,23700,FALSE,0,FALSE,803.005,,803.005,0,FALSE,TRUE
C,A,20170101,2017,52,2017,276,DEU,Germany,M,Import,442,LUX,Luxembourg,0,W00,World,H5,HS,TRUE,2606,Aluminium ores and concentrates,4,FALSE,C00,TOTAL CPC,0,0,TOTAL MOT,8,kg,5070550,FALSE,8,kg,5070550,FALSE,5070550,FALSE,0,FALSE,1571866.078,,1571866.078,0,FALSE,TRUE
C,A,20170101,2017,52,2017,276,DEU,Germany,M,Import,528,NLD,Netherlands,0,W00,World,H5,HS,TRUE,2606,Aluminium ores and concentrates,4,FALSE,C00,TOTAL CPC,0,0,TOTAL MOT,8,kg,144876,FALSE,8,kg,144876,FALSE,144876,FALSE,0,FALSE,66773.656,,66773.656,0,FALSE,TRUE
C,A,20170101,2017,52,2017,276,DEU,Germany,M,Import,616,POL,Poland,0,W00,World,H5,HS,TRUE,2606,Aluminium ores and concentrates,4,FALSE,C00,TOTAL CPC,0,0,TOTAL MOT,8,kg,104576,FALSE,8,kg,104576,FALSE,104576,FALSE,0,FALSE,118110.641,,118110.641,0,FALSE,TRUE
C,A,20170101,2017,52,2017,276,DEU,Germany,M,Import,699,IND,India,0,W00,World,H5,HS,TRUE,2606,Aluminium ores and concentrates,4,FALSE,C00,TOTAL CPC,0,0,TOTAL MOT,8,kg,63100,FALSE,8,kg,63100,FALSE,63100,FALSE,0,FALSE,25278.284,,25278.284,0,FALSE,TRUE
C,A,20170101,2017,52,2017,276,DEU,Germany,M,Import,702,SGP,Singapore,0,W00,World,H5,HS,TRUE,2606,Aluminium ores and concentrates,4,FALSE,C00,TOTAL CPC,0,0,TOTAL MOT,8,kg,2052400,FALSE,8,kg,2052400,FALSE,2052400,FALSE,0,FALSE,762625.562,,762625.562,0,FALSE,TRUE
C,A,20170101,2017,52,2017,276,DEU,Germany,M,Import,705,SVN,Slovenia,0,W00,World,H5,HS,TRUE,2606,Aluminium ores and concentrates,4,FALSE,C00,TOTAL CPC,0,0,TOTAL MOT,8,kg,24000,FALSE,8,kg,24000,FALSE,24000,FALSE,0,FALSE,7806.429,,7806.429,0,FALSE,TRUE
C,A,20170101,2017,52,2017,276,DEU,Germany,M,Import,710,ZAF,South Africa,0,W00,World,H5,HS,TRUE,2606,Aluminium ores and concentrates,4,FALSE,C00,TOTAL CPC,0,0,TOTAL MOT,8,kg,25000,FALSE,8,kg,25000,FALSE,25000,FALSE,0,FALSE,8016.498,,8016.498,0,FALSE,TRUE
C,A,20170101,2017,52,2017,276,DEU,Germany,M,Import,792,TUR,Türkiye,0,W00,World,H5,HS,TRUE,2606,Aluminium ores and concentrates,4,FALSE,C00,TOTAL CPC,0,0,TOTAL MOT,8,kg,4668000,FALSE,8,kg,4668000,FALSE,4668000,FALSE,0,FALSE,213777.798,,213777.798,0,FALSE,TRUE
C,A,20170101,2017,52,2017,276,DEU,Germany,M,Import,826,GBR,United Kingdom,0,W00,World,H5,HS,TRUE,2606,Aluminium ores and concentrates,4,FALSE,C00,TOTAL CPC,0,0,TOTAL MOT,8,kg,1091401,FALSE,8,kg,1091401,FALSE,1091401,FALSE,0,FALSE,497372.992,,497372.992,0,FALSE,TRUE
C,A,20170101,2017,52,2017,276,DEU,Germany,M,Import,842,USA,USA,0,W00,World,H5,HS,TRUE,2606,Aluminium ores and concentrates,4,FALSE,C00,TOTAL CPC,0,0,TOTAL MOT,8,kg,15719,FALSE,8,kg,15719,FALSE,15719,FALSE,0,FALSE,10544.101,,10544.101,0,FALSE,TRUE
C,A,20170101,2017,52,2017,276,DEU,Germany,M,Import,0,W00,World,0,W00,World,H5,HS,TRUE,2607,Lead ores and concentrates,4,FALSE,C00,TOTAL CPC,0,0,TOTAL MOT,8,kg,224913113.5,TRUE,-1,N/A,0,FALSE,224913113.5,TRUE,0,FALSE,504691118.5,,504691118.5,6,FALSE,TRUE
C,A,20170101,2017,52,2017,276,DEU,Germany,M,Import,12,DZA,Algeria,0,W00,World,H5,HS,TRUE,2607,Lead ores and concentrates,4,FALSE,C00,TOTAL CPC,0,0,TOTAL MOT,8,kg,6475780,FALSE,8,kg,6475780,FALSE,6475780,FALSE,0,FALSE,4434224.574,,4434224.574,0,FALSE,TRUE
C,A,20170101,2017,52,2017,276,DEU,Germany,M,Import,32,ARG,Argentina,0,W00,World,H5,HS,TRUE,2607,Lead ores and concentrates,4,FALSE,C00,TOTAL CPC,0,0,TOTAL MOT,8,kg,21696300,FALSE,8,kg,21696300,FALSE,21696300,FALSE,0,FALSE,46439133.71,,46439133.71,0,FALSE,TRUE
C,A,20170101,2017,52,2017,276,DEU,Germany,M,Import,68,BOL,Bolivia (Plurinational State of),0,W00,World,H5,HS,TRUE,2607,Lead ores and concentrates,4,FALSE,C00,TOTAL CPC,0,0,TOTAL MOT,8,kg,26711930,FALSE,8,kg,26711930,FALSE,26711930,FALSE,0,FALSE,76469400.61,,76469400.61,0,FALSE,TRUE
C,A,20170101,2017,52,2017,276,DEU,Germany,M,Import,152,CHL,Chile,0,W00,World,H5,HS,TRUE,2607,Lead ores and concentrates,4,FALSE,C00,TOTAL CPC,0,0,TOTAL MOT,8,kg,5327600,FALSE,8,kg,5327600,FALSE,5327600,FALSE,0,FALSE,12382866.97,,12382866.97,0,FALSE,TRUE
C,A,20170101,2017,52,2017,276,DEU,Germany,M,Import,372,IRL,Ireland,0,W00,World,H5,HS,TRUE,2607,Lead ores and concentrates,4,FALSE,C00,TOTAL CPC,0,0,TOTAL MOT,8,kg,18540120,FALSE,8,kg,18540120,FALSE,18540120,FALSE,0,FALSE,20736906.09,,20736906.09,0,FALSE,TRUE
C,A,20170101,2017,52,2017,276,DEU,Germany,M,Import,380,ITA,Italy,0,W00,World,H5,HS,TRUE,2607,Lead ores and concentrates,4,FALSE,C00,TOTAL CPC,0,0,TOTAL MOT,8,kg,4727380,FALSE,8,kg,4727380,FALSE,4727380,FALSE,0,FALSE,6189174.681,,6189174.681,0,FALSE,TRUE
C,A,20170101,2017,52,2017,276,DEU,Germany,M,Import,484,MEX,Mexico,0,W00,World,H5,HS,TRUE,2607,Lead ores and concentrates,4,FALSE,C00,TOTAL CPC,0,0,TOTAL MOT,8,kg,10106970,FALSE,8,kg,10106970,FALSE,10106970,FALSE,0,FALSE,47526977.46,,47526977.46,0,FALSE,TRUE
C,A,20170101,2017,52,2017,276,DEU,Germany,M,Import,504,MAR,Morocco,0,W00,World,H5,HS,TRUE,2607,Lead ores and concentrates,4,FALSE,C00,TOTAL CPC,0,0,TOTAL MOT,8,kg,7913875,FALSE,8,kg,7913875,FALSE,7913875,FALSE,0,FALSE,16116907.25,,16116907.25,0,FALSE,TRUE
C,A,20170101,2017,52,2017,276,DEU,Germany,M,Import,528,NLD,Netherlands,0,W00,World,H5,HS,TRUE,2607,Lead ores and concentrates,4,FALSE,C00,TOTAL CPC,0,0,TOTAL MOT,8,kg,2108210,FALSE,8,kg,2108210,FALSE,2108210,FALSE,0,FALSE,5541741.384,,5541741.384,0,FALSE,TRUE
C,A,20170101,2017,52,2017,276,DEU,Germany,M,Import,566,NGA,Nigeria,0,W00,World,H5,HS,TRUE,2607,Lead ores and concentrates,4,FALSE,C00,TOTAL CPC,0,0,TOTAL MOT,8,kg,1408281.503,TRUE,-1,N/A,0,FALSE,1408281.503,TRUE,0,FALSE,1220111.451,,1220111.451,6,FALSE,TRUE
C,A,20170101,2017,52,2017,276,DEU,Germany,M,Import,604,PER,Peru,0,W00,World,H5,HS,TRUE,2607,Lead ores and concentrates,4,FALSE,C00,TOTAL CPC,0,0,TOTAL MOT,8,kg,13158245,FALSE,8,kg,13158245,FALSE,13158245,FALSE,0,FALSE,32682268.56,,32682268.56,0,FALSE,TRUE
C,A,20170101,2017,52,2017,276,DEU,Germany,M,Import,616,POL,Poland,0,W00,World,H5,HS,TRUE,2607,Lead ores and concentrates,4,FALSE,C00,TOTAL CPC,0,0,TOTAL MOT,8,kg,2825904,FALSE,8,kg,2825904,FALSE,2825904,FALSE,0,FALSE,3001559.597,,3001559.597,0,FALSE,TRUE
C,A,20170101,2017,52,2017,276,DEU,Germany,M,Import,643,RUS,Russian Federation,0,W00,World,H5,HS,TRUE,2607,Lead ores and concentrates,4,FALSE,C00,TOTAL CPC,0,0,TOTAL MOT,8,kg,5697370,FALSE,8,kg,5697370,FALSE,5697370,FALSE,0,FALSE,43423322.18,,43423322.18,0,FALSE,TRUE
C,A,20170101,2017,52,2017,276,DEU,Germany,M,Import,688,SRB,Serbia,0,W00,World,H5,HS,TRUE,2607,Lead ores and concentrates,4,FALSE,C00,TOTAL CPC,0,0,TOTAL MOT,8,kg,4299640,FALSE,8,kg,4299640,FALSE,4299640,FALSE,0,FALSE,13679324.89,,13679324.89,0,FALSE,TRUE
C,A,20170101,2017,52,2017,276,DEU,Germany,M,Import,710,ZAF,South Africa,0,W00,World,H5,HS,TRUE,2607,Lead ores and concentrates,4,FALSE,C00,TOTAL CPC,0,0,TOTAL MOT,8,kg,11444900,FALSE,8,kg,11444900,FALSE,11444900,FALSE,0,FALSE,19860582.46,,19860582.46,0,FALSE,TRUE
C,A,20170101,2017,52,2017,276,DEU,Germany,M,Import,752,SWE,Sweden,0,W00,World,H5,HS,TRUE,2607,Lead ores and concentrates,4,FALSE,C00,TOTAL CPC,0,0,TOTAL MOT,8,kg,60917420,FALSE,8,kg,60917420,FALSE,60917420,FALSE,0,FALSE,122044583.3,,122044583.3,0,FALSE,TRUE
C,A,20170101,2017,52,2017,276,DEU,Germany,M,Import,788,TUN,Tunisia,0,W00,World,H5,HS,TRUE,2607,Lead ores and concentrates,4,FALSE,C00,TOTAL CPC,0,0,TOTAL MOT,8,kg,25000,FALSE,8,kg,25000,FALSE,25000,FALSE,0,FALSE,35591.986,,35591.986,0,FALSE,TRUE
C,A,20170101,2017,52,2017,276,DEU,Germany,M,Import,826,GBR,United Kingdom,0,W00,World,H5,HS,TRUE,2607,Lead ores and concentrates,4,FALSE,C00,TOTAL CPC,0,0,TOTAL MOT,8,kg,762880,FALSE,8,kg,762880,FALSE,762880,FALSE,0,FALSE,1084108.817,,1084108.817,0,FALSE,TRUE
C,A,20170101,2017,52,2017,276,DEU,Germany,M,Import,834,TZA,United Rep. of Tanzania,0,W00,World,H5,HS,TRUE,2607,Lead ores and concentrates,4,FALSE,C00,TOTAL CPC,0,0,TOTAL MOT,8,kg,26936,FALSE,8,kg,26936,FALSE,26936,FALSE,0,FALSE,50565.603,,50565.603,0,FALSE,TRUE
C,A,20170101,2017,52,2017,276,DEU,Germany,M,Import,842,USA,USA,0,W00,World,H5,HS,TRUE,2607,Lead ores and concentrates,4,FALSE,C00,TOTAL CPC,0,0,TOTAL MOT,8,kg,20738372,FALSE,8,kg,20738372,FALSE,20738372,FALSE,0,FALSE,31771766.96,,31771766.96,0,FALSE,TRUE
C,A,20170101,2017,52,2017,276,DEU,Germany,M,Import,0,W00,World,0,W00,World,H5,HS,TRUE,2608,Zinc ores and concentrates,4,FALSE,C00,TOTAL CPC,0,0,TOTAL MOT,8,kg,265404078,FALSE,8,kg,265404078,FALSE,265404078,FALSE,0,FALSE,266798799.8,,266798799.8,0,FALSE,TRUE
C,A,20170101,2017,52,2017,276,DEU,Germany,M,Import,36,AUS,Australia,0,W00,World,H5,HS,TRUE,2608,Zinc ores and concentrates,4,FALSE,C00,TOTAL CPC,0,0,TOTAL MOT,8,kg,69529509,FALSE,8,kg,69529509,FALSE,69529509,FALSE,0,FALSE,60641169.73,,60641169.73,0,FALSE,TRUE
C,A,20170101,2017,52,2017,276,DEU,Germany,M,Import,251,FRA,France,0,W00,World,H5,HS,TRUE,2608,Zinc ores and concentrates,4,FALSE,C00,TOTAL CPC,0,0,TOTAL MOT,8,kg,97320,FALSE,8,kg,97320,FALSE,97320,FALSE,0,FALSE,108045.407,,108045.407,0,FALSE,TRUE
C,A,20170101,2017,52,2017,276,DEU,Germany,M,Import,364,IRN,Iran,0,W00,World,H5,HS,TRUE,2608,Zinc ores and concentrates,4,FALSE,C00,TOTAL CPC,0,0,TOTAL MOT,8,kg,100,FALSE,8,kg,100,FALSE,100,FALSE,0,FALSE,248.469,,248.469,0,FALSE,TRUE
C,A,20170101,2017,52,2017,276,DEU,Germany,M,Import,380,ITA,Italy,0,W00,World,H5,HS,TRUE,2608,Zinc ores and concentrates,4,FALSE,C00,TOTAL CPC,0,0,TOTAL MOT,8,kg,3979270,FALSE,8,kg,3979270,FALSE,3979270,FALSE,0,FALSE,4410365.949,,4410365.949,0,FALSE,TRUE
C,A,20170101,2017,52,2017,276,DEU,Germany,M,Import,410,KOR,Rep. of Korea,0,W00,World,H5,HS,TRUE,2608,Zinc ores and concentrates,4,FALSE,C00,TOTAL CPC,0,0,TOTAL MOT,8,kg,620,FALSE,8,kg,620,FALSE,620,FALSE,0,FALSE,540.984,,540.984,0,FALSE,TRUE
C,A,20170101,2017,52,2017,276,DEU,Germany,M,Import,484,MEX,Mexico,0,W00,World,H5,HS,TRUE,2608,Zinc ores and concentrates,4,FALSE,C00,TOTAL CPC,0,0,TOTAL MOT,8,kg,22585600,FALSE,8,kg,22585600,FALSE,22585600,FALSE,0,FALSE,26111781.67,,26111781.67,0,FALSE,TRUE
C,A,20170101,2017,52,2017,276,DEU,Germany,M,Import,528,NLD,Netherlands,0,W00,World,H5,HS,TRUE,2608,Zinc ores and concentrates,4,FALSE,C00,TOTAL CPC,0,0,TOTAL MOT,8,kg,1560,FALSE,8,kg,1560,FALSE,1560,FALSE,0,FALSE,2299.463,,2299.463,0,FALSE,TRUE
C,A,20170101,2017,52,2017,276,DEU,Germany,M,Import,604,PER,Peru,0,W00,World,H5,HS,TRUE,2608,Zinc ores and concentrates,4,FALSE,C00,TOTAL CPC,0,0,TOTAL MOT,8,kg,33053924,FALSE,8,kg,33053924,FALSE,33053924,FALSE,0,FALSE,31624121.32,,31624121.32,0,FALSE,TRUE
C,A,20170101,2017,52,2017,276,DEU,Germany,M,Import,710,ZAF,South Africa,0,W00,World,H5,HS,TRUE,2608,Zinc ores and concentrates,4,FALSE,C00,TOTAL CPC,0,0,TOTAL MOT,8,kg,4050,FALSE,8,kg,4050,FALSE,4050,FALSE,0,FALSE,5937.268,,5937.268,0,FALSE,TRUE
C,A,20170101,2017,52,2017,276,DEU,Germany,M,Import,752,SWE,Sweden,0,W00,World,H5,HS,TRUE,2608,Zinc ores and concentrates,4,FALSE,C00,TOTAL CPC,0,0,TOTAL MOT,8,kg,68534050,FALSE,8,kg,68534050,FALSE,68534050,FALSE,0,FALSE,66876975.18,,66876975.18,0,FALSE,TRUE
C,A,20170101,2017,52,2017,276,DEU,Germany,M,Import,792,TUR,Türkiye,0,W00,World,H5,HS,TRUE,2608,Zinc ores and concentrates,4,FALSE,C00,TOTAL CPC,0,0,TOTAL MOT,8,kg,8981750,FALSE,8,kg,8981750,FALSE,8981750,FALSE,0,FALSE,11259069.83,,11259069.83,0,FALSE,TRUE
C,A,20170101,2017,52,2017,276,DEU,Germany,M,Import,826,GBR,United Kingdom,0,W00,World,H5,HS,TRUE,2608,Zinc ores and concentrates,4,FALSE,C00,TOTAL CPC,0,0,TOTAL MOT,8,kg,8525,FALSE,8,kg,8525,FALSE,8525,FALSE,0,FALSE,29450.296,,29450.296,0,FALSE,TRUE
C,A,20170101,2017,52,2017,276,DEU,Germany,M,Import,842,USA,USA,0,W00,World,H5,HS,TRUE,2608,Zinc ores and concentrates,4,FALSE,C00,TOTAL CPC,0,0,TOTAL MOT,8,kg,13127100,FALSE,8,kg,13127100,FALSE,13127100,FALSE,0,FALSE,16235680.85,,16235680.85,0,FALSE,TRUE
C,A,20170101,2017,52,2017,276,DEU,Germany,M,Import,854,BFA,Burkina Faso,0,W00,World,H5,HS,TRUE,2608,Zinc ores and concentrates,4,FALSE,C00,TOTAL CPC,0,0,TOTAL MOT,8,kg,45500700,FALSE,8,kg,45500700,FALSE,45500700,FALSE,0,FALSE,49493113.38,,49493113.38,0,FALSE,TRUE
C,A,20170101,2017,52,2017,276,DEU,Germany,M,Import,0,W00,World,0,W00,World,H5,HS,TRUE,2610,Chromium ores and concentrates,4,FALSE,C00,TOTAL CPC,0,0,TOTAL MOT,-1,N/A,0,FALSE,-1,N/A,0,FALSE,,FALSE,0,FALSE,51935584.93,,51935584.93,0,FALSE,TRUE
C,A,20170101,2017,52,2017,276,DEU,Germany,M,Import,40,AUT,Austria,0,W00,World,H5,HS,TRUE,2610,Chromium ores and concentrates,4,FALSE,C00,TOTAL CPC,0,0,TOTAL MOT,8,kg,25878,FALSE,8,kg,25878,FALSE,25878,FALSE,0,FALSE,2645.06,,2645.06,0,FALSE,TRUE
C,A,20170101,2017,52,2017,276,DEU,Germany,M,Import,56,BEL,Belgium,0,W00,World,H5,HS,TRUE,2610,Chromium ores and concentrates,4,FALSE,C00,TOTAL CPC,0,0,TOTAL MOT,8,kg,47714,FALSE,8,kg,47714,FALSE,47714,FALSE,0,FALSE,16675.626,,16675.626,0,FALSE,TRUE
C,A,20170101,2017,52,2017,276,DEU,Germany,M,Import,76,BRA,Brazil,0,W00,World,H5,HS,TRUE,2610,Chromium ores and concentrates,4,FALSE,C00,TOTAL CPC,0,0,TOTAL MOT,8,kg,1150,FALSE,8,kg,1150,FALSE,1150,FALSE,0,FALSE,2728.636,,2728.636,0,FALSE,TRUE
C,A,20170101,2017,52,2017,276,DEU,Germany,M,Import,152,CHL,Chile,0,W00,World,H5,HS,TRUE,2610,Chromium ores and concentrates,4,FALSE,C00,TOTAL CPC,0,0,TOTAL MOT,8,kg,6000,FALSE,8,kg,6000,FALSE,6000,FALSE,0,FALSE,2223.793,,2223.793,0,FALSE,TRUE
C,A,20170101,2017,52,2017,276,DEU,Germany,M,Import,156,CHN,China,0,W00,World,H5,HS,TRUE,2610,Chromium ores and concentrates,4,FALSE,C00,TOTAL CPC,0,0,TOTAL MOT,8,kg,117500,FALSE,8,kg,117500,FALSE,117500,FALSE,0,FALSE,35418.058,,35418.058,0,FALSE,TRUE
C,A,20170101,2017,52,2017,276,DEU,Germany,M,Import,251,FRA,France,0,W00,World,H5,HS,TRUE,2610,Chromium ores and concentrates,4,FALSE,C00,TOTAL CPC,0,0,TOTAL MOT,8,kg,66850,FALSE,8,kg,66850,FALSE,66850,FALSE,0,FALSE,50593.838,,50593.838,0,FALSE,TRUE
C,A,20170101,2017,52,2017,276,DEU,Germany,M,Import,398,KAZ,Kazakhstan,0,W00,World,H5,HS,TRUE,2610,Chromium ores and concentrates,4,FALSE,C00,TOTAL CPC,0,0,TOTAL MOT,8,kg,1000,FALSE,8,kg,1000,FALSE,1000,FALSE,0,FALSE,109.552,,109.552,0,FALSE,TRUE
C,A,20170101,2017,52,2017,276,DEU,Germany,M,Import,484,MEX,Mexico,0,W00,World,H5,HS,TRUE,2610,Chromium ores and concentrates,4,FALSE,C00,TOTAL CPC,0,0,TOTAL MOT,-1,N/A,0,FALSE,-1,N/A,0,FALSE,,FALSE,0,FALSE,460.796,,460.796,0,FALSE,TRUE
C,A,20170101,2017,52,2017,276,DEU,Germany,M,Import,490,S19,"Other Asia, nes",0,W00,World,H5,HS,TRUE,2610,Chromium ores and concentrates,4,FALSE,C00,TOTAL CPC,0,0,TOTAL MOT,-1,N/A,0,FALSE,-1,N/A,0,FALSE,,FALSE,0,FALSE,2393.204,,2393.204,0,FALSE,TRUE
C,A,20170101,2017,52,2017,276,DEU,Germany,M,Import,512,OMN,Oman,0,W00,World,H5,HS,TRUE,2610,Chromium ores and concentrates,4,FALSE,C00,TOTAL CPC,0,0,TOTAL MOT,8,kg,96960,FALSE,8,kg,96960,FALSE,96960,FALSE,0,FALSE,51514.301,,51514.301,0,FALSE,TRUE
C,A,20170101,2017,52,2017,276,DEU,Germany,M,Import,528,NLD,Netherlands,0,W00,World,H5,HS,TRUE,2610,Chromium ores and concentrates,4,FALSE,C00,TOTAL CPC,0,0,TOTAL MOT,8,kg,4497198,FALSE,8,kg,4497198,FALSE,4497198,FALSE,0,FALSE,2144134.259,,2144134.259,0,FALSE,TRUE
C,A,20170101,2017,52,2017,276,DEU,Germany,M,Import,705,SVN,Slovenia,0,W00,World,H5,HS,TRUE,2610,Chromium ores and concentrates,4,FALSE,C00,TOTAL CPC,0,0,TOTAL MOT,8,kg,3000,FALSE,8,kg,3000,FALSE,3000,FALSE,0,FALSE,1747.185,,1747.185,0,FALSE,TRUE
C,A,20170101,2017,52,2017,276,DEU,Germany,M,Import,710,ZAF,South Africa,0,W00,World,H5,HS,TRUE,2610,Chromium ores and concentrates,4,FALSE,C00,TOTAL CPC,0,0,TOTAL MOT,8,kg,116098039,FALSE,8,kg,116098039,FALSE,116098039,FALSE,0,FALSE,36498206.33,,36498206.33,0,FALSE,TRUE
C,A,20170101,2017,52,2017,276,DEU,Germany,M,Import,792,TUR,Türkiye,0,W00,World,H5,HS,TRUE,2610,Chromium ores and concentrates,4,FALSE,C00,TOTAL CPC,0,0,TOTAL MOT,8,kg,49615300,FALSE,8,kg,49615300,FALSE,49615300,FALSE,0,FALSE,13126734.29,,13126734.29,0,FALSE,TRUE
C,A,20170101,2017,52,2017,276,DEU,Germany,M,Import,0,W00,World,0,W00,World,H5,HS,TRUE,2613,Molybdenum ores and concentrates,4,FALSE,C00,TOTAL CPC,0,0,TOTAL MOT,8,kg,6888937.209,TRUE,-1,N/A,0,FALSE,6888937.209,TRUE,0,FALSE,74631547.85,,74631547.85,6,FALSE,TRUE
C,A,20170101,2017,52,2017,276,DEU,Germany,M,Import,40,AUT,Austria,0,W00,World,H5,HS,TRUE,2613,Molybdenum ores and concentrates,4,FALSE,C00,TOTAL CPC,0,0,TOTAL MOT,8,kg,31107,FALSE,8,kg,31107,FALSE,31107,FALSE,0,FALSE,409922.237,,409922.237,0,FALSE,TRUE
C,A,20170101,2017,52,2017,276,DEU,Germany,M,Import,56,BEL,Belgium,0,W00,World,H5,HS,TRUE,2613,Molybdenum ores and concentrates,4,FALSE,C00,TOTAL CPC,0,0,TOTAL MOT,8,kg,416357,FALSE,8,kg,416357,FALSE,416357,FALSE,0,FALSE,4539456.639,,4539456.639,0,FALSE,TRUE
C,A,20170101,2017,52,2017,276,DEU,Germany,M,Import,152,CHL,Chile,0,W00,World,H5,HS,TRUE,2613,Molybdenum ores and concentrates,4,FALSE,C00,TOTAL CPC,0,0,TOTAL MOT,8,kg,2253512.209,TRUE,-1,N/A,0,FALSE,2253512.209,TRUE,0,FALSE,23744119.48,,23744119.48,6,FALSE,TRUE
C,A,20170101,2017,52,2017,276,DEU,Germany,M,Import,156,CHN,China,0,W00,World,H5,HS,TRUE,2613,Molybdenum ores and concentrates,4,FALSE,C00,TOTAL CPC,0,0,TOTAL MOT,8,kg,679,FALSE,8,kg,679,FALSE,679,FALSE,0,FALSE,14727.407,,14727.407,0,FALSE,TRUE
C,A,20170101,2017,52,2017,276,DEU,Germany,M,Import,380,ITA,Italy,0,W00,World,H5,HS,TRUE,2613,Molybdenum ores and concentrates,4,FALSE,C00,TOTAL CPC,0,0,TOTAL MOT,8,kg,9082,FALSE,8,kg,9082,FALSE,9082,FALSE,0,FALSE,202759.349,,202759.349,0,FALSE,TRUE
C,A,20170101,2017,52,2017,276,DEU,Germany,M,Import,392,JPN,Japan,0,W00,World,H5,HS,TRUE,2613,Molybdenum ores and concentrates,4,FALSE,C00,TOTAL CPC,0,0,TOTAL MOT,8,kg,30,FALSE,8,kg,30,FALSE,30,FALSE,0,FALSE,787.193,,787.193,0,FALSE,TRUE
C,A,20170101,2017,52,2017,276,DEU,Germany,M,Import,410,KOR,Rep. of Korea,0,W00,World,H5,HS,TRUE,2613,Molybdenum ores and concentrates,4,FALSE,C00,TOTAL CPC,0,0,TOTAL MOT,8,kg,24000,FALSE,8,kg,24000,FALSE,24000,FALSE,0,FALSE,218962.884,,218962.884,0,FALSE,TRUE
C,A,20170101,2017,52,2017,276,DEU,Germany,M,Import,442,LUX,Luxembourg,0,W00,World,H5,HS,TRUE,2613,Molybdenum ores and concentrates,4,FALSE,C00,TOTAL CPC,0,0,TOTAL MOT,8,kg,97000,FALSE,8,kg,97000,FALSE,97000,FALSE,0,FALSE,1096597.749,,1096597.749,0,FALSE,TRUE
C,A,20170101,2017,52,2017,276,DEU,Germany,M,Import,484,MEX,Mexico,0,W00,World,H5,HS,TRUE,2613,Molybdenum ores and concentrates,4,FALSE,C00,TOTAL CPC,0,0,TOTAL MOT,8,kg,2140000,FALSE,8,kg,2140000,FALSE,2140000,FALSE,0,FALSE,23463702.42,,23463702.42,0,FALSE,TRUE
C,A,20170101,2017,52,2017,276,DEU,Germany,M,Import,528,NLD,Netherlands,0,W00,World,H5,HS,TRUE,2613,Molybdenum ores and concentrates,4,FALSE,C00,TOTAL CPC,0,0,TOTAL MOT,8,kg,1805150,FALSE,8,kg,1805150,FALSE,1805150,FALSE,0,FALSE,19762804.45,,19762804.45,0,FALSE,TRUE
C,A,20170101,2017,52,2017,276,DEU,Germany,M,Import,826,GBR,United Kingdom,0,W00,World,H5,HS,TRUE,2613,Molybdenum ores and concentrates,4,FALSE,C00,TOTAL CPC,0,0,TOTAL MOT,8,kg,110000,FALSE,8,kg,110000,FALSE,110000,FALSE,0,FALSE,1155358.295,,1155358.295,0,FALSE,TRUE
C,A,20170101,2017,52,2017,276,DEU,Germany,M,Import,842,USA,USA,0,W00,World,H5,HS,TRUE,2613,Molybdenum ores and concentrates,4,FALSE,C00,TOTAL CPC,0,0,TOTAL MOT,8,kg,2020,FALSE,8,kg,2020,FALSE,2020,FALSE,0,FALSE,22349.743,,22349.743,0,FALSE,TRUE
C,A,20170101,2017,52,2017,276,DEU,Germany,M,Import,0,W00,World,0,W00,World,H5,HS,TRUE,2614,Titanium ores and concentrates,4,FALSE,C00,TOTAL CPC,0,0,TOTAL MOT,8,kg,916948486,FALSE,8,kg,916948486,FALSE,916948486,FALSE,0,FALSE,303425910.5,,303425910.5,0,FALSE,TRUE
C,A,20170101,2017,52,2017,276,DEU,Germany,M,Import,36,AUS,Australia,0,W00,World,H5,HS,TRUE,2614,Titanium ores and concentrates,4,FALSE,C00,TOTAL CPC,0,0,TOTAL MOT,8,kg,26798181,FALSE,8,kg,26798181,FALSE,26798181,FALSE,0,FALSE,16651325.77,,16651325.77,0,FALSE,TRUE
C,A,20170101,2017,52,2017,276,DEU,Germany,M,Import,40,AUT,Austria,0,W00,World,H5,HS,TRUE,2614,Titanium ores and concentrates,4,FALSE,C00,TOTAL CPC,0,0,TOTAL MOT,8,kg,37536,FALSE,8,kg,37536,FALSE,37536,FALSE,0,FALSE,15261.614,,15261.614,0,FALSE,TRUE
C,A,20170101,2017,52,2017,276,DEU,Germany,M,Import,124,CAN,Canada,0,W00,World,H5,HS,TRUE,2614,Titanium ores and concentrates,4,FALSE,C00,TOTAL CPC,0,0,TOTAL MOT,8,kg,61070200,FALSE,8,kg,61070200,FALSE,61070200,FALSE,0,FALSE,7300764.117,,7300764.117,0,FALSE,TRUE
C,A,20170101,2017,52,2017,276,DEU,Germany,M,Import,156,CHN,China,0,W00,World,H5,HS,TRUE,2614,Titanium ores and concentrates,4,FALSE,C00,TOTAL CPC,0,0,TOTAL MOT,8,kg,5049,FALSE,8,kg,5049,FALSE,5049,FALSE,0,FALSE,798.487,,798.487,0,FALSE,TRUE
C,A,20170101,2017,52,2017,276,DEU,Germany,M,Import,380,ITA,Italy,0,W00,World,H5,HS,TRUE,2614,Titanium ores and concentrates,4,FALSE,C00,TOTAL CPC,0,0,TOTAL MOT,8,kg,32152,FALSE,8,kg,32152,FALSE,32152,FALSE,0,FALSE,13072.832,,13072.832,0,FALSE,TRUE
C,A,20170101,2017,52,2017,276,DEU,Germany,M,Import,442,LUX,Luxembourg,0,W00,World,H5,HS,TRUE,2614,Titanium ores and concentrates,4,FALSE,C00,TOTAL CPC,0,0,TOTAL MOT,8,kg,78239,FALSE,8,kg,78239,FALSE,78239,FALSE,0,FALSE,35517.446,,35517.446,0,FALSE,TRUE
C,A,20170101,2017,52,2017,276,DEU,Germany,M,Import,528,NLD,Netherlands,0,W00,World,H5,HS,TRUE,2614,Titanium ores and concentrates,4,FALSE,C00,TOTAL CPC,0,0,TOTAL MOT,8,kg,3411230,FALSE,8,kg,3411230,FALSE,3411230,FALSE,0,FALSE,1490141.393,,1490141.393,0,FALSE,TRUE
C,A,20170101,2017,52,2017,276,DEU,Germany,M,Import,579,NOR,Norway,0,W00,World,H5,HS,TRUE,2614,Titanium ores and concentrates,4,FALSE,C00,TOTAL CPC,0,0,TOTAL MOT,8,kg,405986263,FALSE,8,kg,405986263,FALSE,405986263,FALSE,0,FALSE,72725216.04,,72725216.04,0,FALSE,TRUE
C,A,20170101,2017,52,2017,276,DEU,Germany,M,Import,694,SLE,Sierra Leone,0,W00,World,H5,HS,TRUE,2614,Titanium ores and concentrates,4,FALSE,C00,TOTAL CPC,0,0,TOTAL MOT,8,kg,23789996,FALSE,8,kg,23789996,FALSE,23789996,FALSE,0,FALSE,19461108.33,,19461108.33,0,FALSE,TRUE
C,A,20170101,2017,52,2017,276,DEU,Germany,M,Import,699,IND,India,0,W00,World,H5,HS,TRUE,2614,Titanium ores and concentrates,4,FALSE,C00,TOTAL CPC,0,0,TOTAL MOT,8,kg,45588154,FALSE,8,kg,45588154,FALSE,45588154,FALSE,0,FALSE,8642900.718,,8642900.718,0,FALSE,TRUE
C,A,20170101,2017,52,2017,276,DEU,Germany,M,Import,705,SVN,Slovenia,0,W00,World,H5,HS,TRUE,2614,Titanium ores and concentrates,4,FALSE,C00,TOTAL CPC,0,0,TOTAL MOT,8,kg,525000,FALSE,8,kg,525000,FALSE,525000,FALSE,0,FALSE,147774.394,,147774.394,0,FALSE,TRUE
C,A,20170101,2017,52,2017,276,DEU,Germany,M,Import,710,ZAF,South Africa,0,W00,World,H5,HS,TRUE,2614,Titanium ores and concentrates,4,FALSE,C00,TOTAL CPC,0,0,TOTAL MOT,8,kg,154586754,FALSE,8,kg,154586754,FALSE,154586754,FALSE,0,FALSE,102668906.3,,102668906.3,0,FALSE,TRUE
C,A,20170101,2017,52,2017,276,DEU,Germany,M,Import,757,CHE,Switzerland,0,W00,World,H5,HS,TRUE,2614,Titanium ores and concentrates,4,FALSE,C00,TOTAL CPC,0,0,TOTAL MOT,8,kg,148,FALSE,8,kg,148,FALSE,148,FALSE,0,FALSE,3521.477,,3521.477,0,FALSE,TRUE
C,A,20170101,2017,52,2017,276,DEU,Germany,M,Import,804,UKR,Ukraine,0,W00,World,H5,HS,TRUE,2614,Titanium ores and concentrates,4,FALSE,C00,TOTAL CPC,0,0,TOTAL MOT,8,kg,5285477,FALSE,8,kg,5285477,FALSE,5285477,FALSE,0,FALSE,962268.89,,962268.89,0,FALSE,TRUE
C,A,20170101,2017,52,2017,276,DEU,Germany,M,Import,826,GBR,United Kingdom,0,W00,World,H5,HS,TRUE,2614,Titanium ores and concentrates,4,FALSE,C00,TOTAL CPC,0,0,TOTAL MOT,8,kg,189438794,FALSE,8,kg,189438794,FALSE,189438794,FALSE,0,FALSE,73215086.41,,73215086.41,0,FALSE,TRUE
C,A,20170101,2017,52,2017,276,DEU,Germany,M,Import,842,USA,USA,0,W00,World,H5,HS,TRUE,2614,Titanium ores and concentrates,4,FALSE,C00,TOTAL CPC,0,0,TOTAL MOT,8,kg,315313,FALSE,8,kg,315313,FALSE,315313,FALSE,0,FALSE,92246.197,,92246.197,0,FALSE,TRUE
C,A,20170101,2017,52,2017,276,DEU,Germany,M,Import,0,W00,World,0,W00,World,H5,HS,TRUE,2701,"Coal; briquettes, ovoids and similar solid fuels manufactured from coal",4,FALSE,C00,TOTAL CPC,0,0,TOTAL MOT,8,kg,48783129632,FALSE,8,kg,48783129632,FALSE,48783129632,FALSE,0,FALSE,5840477871,,5840477871,0,FALSE,TRUE
C,A,20170101,2017,52,2017,276,DEU,Germany,M,Import,36,AUS,Australia,0,W00,World,H5,HS,TRUE,2701,"Coal; briquettes, ovoids and similar solid fuels manufactured from coal",4,FALSE,C00,TOTAL CPC,0,0,TOTAL MOT,8,kg,5624849216,FALSE,8,kg,5624849216,FALSE,5624849216,FALSE,0,FALSE,1225859990,,1225859990,0,FALSE,TRUE
C,A,20170101,2017,52,2017,276,DEU,Germany,M,Import,40,AUT,Austria,0,W00,World,H5,HS,TRUE,2701,"Coal; briquettes, ovoids and similar solid fuels manufactured from coal",4,FALSE,C00,TOTAL CPC,0,0,TOTAL MOT,8,kg,211420,FALSE,8,kg,211420,FALSE,211420,FALSE,0,FALSE,49191.12,,49191.12,0,FALSE,TRUE
C,A,20170101,2017,52,2017,276,DEU,Germany,M,Import,56,BEL,Belgium,0,W00,World,H5,HS,TRUE,2701,"Coal; briquettes, ovoids and similar solid fuels manufactured from coal",4,FALSE,C00,TOTAL CPC,0,0,TOTAL MOT,8,kg,403213870,FALSE,8,kg,403213870,FALSE,403213870,FALSE,0,FALSE,48706764.73,,48706764.73,0,FALSE,TRUE
C,A,20170101,2017,52,2017,276,DEU,Germany,M,Import,124,CAN,Canada,0,W00,World,H5,HS,TRUE,2701,"Coal; briquettes, ovoids and similar solid fuels manufactured from coal",4,FALSE,C00,TOTAL CPC,0,0,TOTAL MOT,8,kg,1481410858,FALSE,8,kg,1481410858,FALSE,1481410858,FALSE,0,FALSE,311799284.9,,311799284.9,0,FALSE,TRUE
C,A,20170101,2017,52,2017,276,DEU,Germany,M,Import,156,CHN,China,0,W00,World,H5,HS,TRUE,2701,"Coal; briquettes, ovoids and similar solid fuels manufactured from coal",4,FALSE,C00,TOTAL CPC,0,0,TOTAL MOT,8,kg,11575457,FALSE,8,kg,11575457,FALSE,11575457,FALSE,0,FALSE,3870965.635,,3870965.635,0,FALSE,TRUE
C,A,20170101,2017,52,2017,276,DEU,Germany,M,Import,170,COL,Colombia,0,W00,World,H5,HS,TRUE,2701,"Coal; briquettes, ovoids and similar solid fuels manufactured from coal",4,FALSE,C00,TOTAL CPC,0,0,TOTAL MOT,8,kg,6098332786,FALSE,8,kg,6098332786,FALSE,6098332786,FALSE,0,FALSE,522453068.1,,522453068.1,0,FALSE,TRUE
C,A,20170101,2017,52,2017,276,DEU,Germany,M,Import,203,CZE,Czechia,0,W00,World,H5,HS,TRUE,2701,"Coal; briquettes, ovoids and similar solid fuels manufactured from coal",4,FALSE,C00,TOTAL CPC,0,0,TOTAL MOT,8,kg,159929668,FALSE,8,kg,159929668,FALSE,159929668,FALSE,0,FALSE,14570045.01,,14570045.01,0,FALSE,TRUE
C,A,20170101,2017,52,2017,276,DEU,Germany,M,Import,208,DNK,Denmark,0,W00,World,H5,HS,TRUE,2701,"Coal; briquettes, ovoids and similar solid fuels manufactured from coal",4,FALSE,C00,TOTAL CPC,0,0,TOTAL MOT,8,kg,78403,FALSE,8,kg,78403,FALSE,78403,FALSE,0,FALSE,87061.111,,87061.111,0,FALSE,TRUE
C,A,20170101,2017,52,2017,276,DEU,Germany,M,Import,251,FRA,France,0,W00,World,H5,HS,TRUE,2701,"Coal; briquettes, ovoids and similar solid fuels manufactured from coal",4,FALSE,C00,TOTAL CPC,0,0,TOTAL MOT,8,kg,643633,FALSE,8,kg,643633,FALSE,643633,FALSE,0,FALSE,234271.934,,234271.934,0,FALSE,TRUE
C,A,20170101,2017,52,2017,276,DEU,Germany,M,Import,360,IDN,Indonesia,0,W00,World,H5,HS,TRUE,2701,"Coal; briquettes, ovoids and similar solid fuels manufactured from coal",4,FALSE,C00,TOTAL CPC,0,0,TOTAL MOT,8,kg,431050,FALSE,8,kg,431050,FALSE,431050,FALSE,0,FALSE,61223.773,,61223.773,0,FALSE,TRUE
C,A,20170101,2017,52,2017,276,DEU,Germany,M,Import,380,ITA,Italy,0,W00,World,H5,HS,TRUE,2701,"Coal; briquettes, ovoids and similar solid fuels manufactured from coal",4,FALSE,C00,TOTAL CPC,0,0,TOTAL MOT,8,kg,23781080,FALSE,8,kg,23781080,FALSE,23781080,FALSE,0,FALSE,1675829.825,,1675829.825,0,FALSE,TRUE
C,A,20170101,2017,52,2017,276,DEU,Germany,M,Import,398,KAZ,Kazakhstan,0,W00,World,H5,HS,TRUE,2701,"Coal; briquettes, ovoids and similar solid fuels manufactured from coal",4,FALSE,C00,TOTAL CPC,0,0,TOTAL MOT,8,kg,31036700,FALSE,8,kg,31036700,FALSE,31036700,FALSE,0,FALSE,3497669.917,,3497669.917,0,FALSE,TRUE
C,A,20170101,2017,52,2017,276,DEU,Germany,M,Import,508,MOZ,Mozambique,0,W00,World,H5,HS,TRUE,2701,"Coal; briquettes, ovoids and similar solid fuels manufactured from coal",4,FALSE,C00,TOTAL CPC,0,0,TOTAL MOT,8,kg,636458830,FALSE,8,kg,636458830,FALSE,636458830,FALSE,0,FALSE,130024949.5,,130024949.5,0,FALSE,TRUE
C,A,20170101,2017,52,2017,276,DEU,Germany,M,Import,528,NLD,Netherlands,0,W00,World,H5,HS,TRUE,2701,"Coal; briquettes, ovoids and similar solid fuels manufactured from coal",4,FALSE,C00,TOTAL CPC,0,0,TOTAL MOT,8,kg,1009139985,FALSE,8,kg,1009139985,FALSE,1009139985,FALSE,0,FALSE,96195152.76,,96195152.76,0,FALSE,TRUE
C,A,20170101,2017,52,2017,276,DEU,Germany,M,Import,579,NOR,Norway,0,W00,World,H5,HS,TRUE,2701,"Coal; briquettes, ovoids and similar solid fuels manufactured from coal",4,FALSE,C00,TOTAL CPC,0,0,TOTAL MOT,8,kg,171114530,FALSE,8,kg,171114530,FALSE,171114530,FALSE,0,FALSE,15911235.18,,15911235.18,0,FALSE,TRUE
C,A,20170101,2017,52,2017,276,DEU,Germany,M,Import,616,POL,Poland,0,W00,World,H5,HS,TRUE,2701,"Coal; briquettes, ovoids and similar solid fuels manufactured from coal",4,FALSE,C00,TOTAL CPC,0,0,TOTAL MOT,8,kg,1253922792,FALSE,8,kg,1253922792,FALSE,1253922792,FALSE,0,FALSE,148319211.2,,148319211.2,0,FALSE,TRUE
C,A,20170101,2017,52,2017,276,DEU,Germany,M,Import,643,RUS,Russian Federation,0,W00,World,H5,HS,TRUE,2701,"Coal; briquettes, ovoids and similar solid fuels manufactured from coal",4,FALSE,C00,TOTAL CPC,0,0,TOTAL MOT,8,kg,19899905460,FALSE,8,kg,19899905460,FALSE,19899905460,FALSE,0,FALSE,1911838998,,1911838998,0,FALSE,TRUE
C,A,20170101,2017,52,2017,276,DEU,Germany,M,Import,704,VNM,Viet Nam,0,W00,World,H5,HS,TRUE,2701,"Coal; briquettes, ovoids and similar solid fuels manufactured from coal",4,FALSE,C00,TOTAL CPC,0,0,TOTAL MOT,8,kg,290940,FALSE,8,kg,290940,FALSE,290940,FALSE,0,FALSE,55860.241,,55860.241,0,FALSE,TRUE
C,A,20170101,2017,52,2017,276,DEU,Germany,M,Import,710,ZAF,South Africa,0,W00,World,H5,HS,TRUE,2701,"Coal; briquettes, ovoids and similar solid fuels manufactured from coal",4,FALSE,C00,TOTAL CPC,0,0,TOTAL MOT,8,kg,1629352220,FALSE,8,kg,1629352220,FALSE,1629352220,FALSE,0,FALSE,171756196.5,,171756196.5,0,FALSE,TRUE
C,A,20170101,2017,52,2017,276,DEU,Germany,M,Import,752,SWE,Sweden,0,W00,World,H5,HS,TRUE,2701,"Coal; briquettes, ovoids and similar solid fuels manufactured from coal",4,FALSE,C00,TOTAL CPC,0,0,TOTAL MOT,8,kg,200,FALSE,8,kg,200,FALSE,200,FALSE,0,FALSE,27.106,,27.106,0,FALSE,TRUE
C,A,20170101,2017,52,2017,276,DEU,Germany,M,Import,804,UKR,Ukraine,0,W00,World,H5,HS,TRUE,2701,"Coal; briquettes, ovoids and similar solid fuels manufactured from coal",4,FALSE,C00,TOTAL CPC,0,0,TOTAL MOT,8,kg,38850250,FALSE,8,kg,38850250,FALSE,38850250,FALSE,0,FALSE,7213521.172,,7213521.172,0,FALSE,TRUE
C,A,20170101,2017,52,2017,276,DEU,Germany,M,Import,826,GBR,United Kingdom,0,W00,World,H5,HS,TRUE,2701,"Coal; briquettes, ovoids and similar solid fuels manufactured from coal",4,FALSE,C00,TOTAL CPC,0,0,TOTAL MOT,8,kg,1254178187,FALSE,8,kg,1254178187,FALSE,1254178187,FALSE,0,FALSE,114376625.6,,114376625.6,0,FALSE,TRUE
C,A,20170101,2017,52,2017,276,DEU,Germany,M,Import,842,USA,USA,0,W00,World,H5,HS,TRUE,2701,"Coal; briquettes, ovoids and similar solid fuels manufactured from coal",4,FALSE,C00,TOTAL CPC,0,0,TOTAL MOT,8,kg,9049820597,FALSE,8,kg,9049820597,FALSE,9049820597,FALSE,0,FALSE,1111411754,,1111411754,0,FALSE,TRUE
C,A,20170101,2017,52,2017,276,DEU,Germany,M,Import,862,VEN,Venezuela,0,W00,World,H5,HS,TRUE,2701,"Coal; briquettes, ovoids and similar solid fuels manufactured from coal",4,FALSE,C00,TOTAL CPC,0,0,TOTAL MOT,8,kg,4601500,FALSE,8,kg,4601500,FALSE,4601500,FALSE,0,FALSE,508973.084,,508973.084,0,FALSE,TRUE
C,A,20170101,2017,52,2017,276,DEU,Germany,M,Import,0,W00,World,0,W00,World,H5,HS,TRUE,2702,"Lignite; whether or not agglomerated, excluding jet",4,FALSE,C00,TOTAL CPC,0,0,TOTAL MOT,8,kg,70564229,FALSE,8,kg,70564229,FALSE,70564229,FALSE,0,FALSE,5405868.632,,5405868.632,0,FALSE,TRUE
C,A,20170101,2017,52,2017,276,DEU,Germany,M,Import,40,AUT,Austria,0,W00,World,H5,HS,TRUE,2702,"Lignite; whether or not agglomerated, excluding jet",4,FALSE,C00,TOTAL CPC,0,0,TOTAL MOT,8,kg,1422730,FALSE,8,kg,1422730,FALSE,1422730,FALSE,0,FALSE,59875.267,,59875.267,0,FALSE,TRUE
C,A,20170101,2017,52,2017,276,DEU,Germany,M,Import,203,CZE,Czechia,0,W00,World,H5,HS,TRUE,2702,"Lignite; whether or not agglomerated, excluding jet",4,FALSE,C00,TOTAL CPC,0,0,TOTAL MOT,8,kg,65968350,FALSE,8,kg,65968350,FALSE,65968350,FALSE,0,FALSE,5107172.199,,5107172.199,0,FALSE,TRUE
C,A,20170101,2017,52,2017,276,DEU,Germany,M,Import,616,POL,Poland,0,W00,World,H5,HS,TRUE,2702,"Lignite; whether or not agglomerated, excluding jet",4,FALSE,C00,TOTAL CPC,0,0,TOTAL MOT,8,kg,3075790,FALSE,8,kg,3075790,FALSE,3075790,FALSE,0,FALSE,171538.15,,171538.15,0,FALSE,TRUE
C,A,20170101,2017,52,2017,276,DEU,Germany,M,Import,842,USA,USA,0,W00,World,H5,HS,TRUE,2702,"Lignite; whether or not agglomerated, excluding jet",4,FALSE,C00,TOTAL CPC,0,0,TOTAL MOT,8,kg,97359,FALSE,8,kg,97359,FALSE,97359,FALSE,0,FALSE,67283.017,,67283.017,0,FALSE,TRUE
C,A,20170101,2017,52,2017,276,DEU,Germany,M,Import,0,W00,World,0,W00,World,H5,HS,TRUE,2709,Petroleum oils and oils obtained from bituminous minerals; crude,4,FALSE,C00,TOTAL CPC,0,0,TOTAL MOT,8,kg,90035946253,FALSE,8,kg,90035946253,FALSE,90035946253,FALSE,0,FALSE,36221080038,,36221080038,0,FALSE,TRUE
C,A,20170101,2017,52,2017,276,DEU,Germany,M,Import,12,DZA,Algeria,0,W00,World,H5,HS,TRUE,2709,Petroleum oils and oils obtained from bituminous minerals; crude,4,FALSE,C00,TOTAL CPC,0,0,TOTAL MOT,8,kg,2283654000,FALSE,8,kg,2283654000,FALSE,2283654000,FALSE,0,FALSE,970486987.2,,970486987.2,0,FALSE,TRUE
C,A,20170101,2017,52,2017,276,DEU,Germany,M,Import,24,AGO,Angola,0,W00,World,H5,HS,TRUE,2709,Petroleum oils and oils obtained from bituminous minerals; crude,4,FALSE,C00,TOTAL CPC,0,0,TOTAL MOT,8,kg,116477000,FALSE,8,kg,116477000,FALSE,116477000,FALSE,0,FALSE,45901055.92,,45901055.92,0,FALSE,TRUE
C,A,20170101,2017,52,2017,276,DEU,Germany,M,Import,31,AZE,Azerbaijan,0,W00,World,H5,HS,TRUE,2709,Petroleum oils and oils obtained from bituminous minerals; crude,4,FALSE,C00,TOTAL CPC,0,0,TOTAL MOT,8,kg,2469571000,FALSE,8,kg,2469571000,FALSE,2469571000,FALSE,0,FALSE,1079392512,,1079392512,0,FALSE,TRUE
C,A,20170101,2017,52,2017,276,DEU,Germany,M,Import,40,AUT,Austria,0,W00,World,H5,HS,TRUE,2709,Petroleum oils and oils obtained from bituminous minerals; crude,4,FALSE,C00,TOTAL CPC,0,0,TOTAL MOT,8,kg,150,FALSE,8,kg,150,FALSE,150,FALSE,0,FALSE,171.669,,171.669,0,FALSE,TRUE
C,A,20170101,2017,52,2017,276,DEU,Germany,M,Import,76,BRA,Brazil,0,W00,World,H5,HS,TRUE,2709,Petroleum oils and oils obtained from bituminous minerals; crude,4,FALSE,C00,TOTAL CPC,0,0,TOTAL MOT,8,kg,97242000,FALSE,8,kg,97242000,FALSE,97242000,FALSE,0,FALSE,27017034.94,,27017034.94,0,FALSE,TRUE
C,A,20170101,2017,52,2017,276,DEU,Germany,M,Import,120,CMR,Cameroon,0,W00,World,H5,HS,TRUE,2709,Petroleum oils and oils obtained from bituminous minerals; crude,4,FALSE,C00,TOTAL CPC,0,0,TOTAL MOT,8,kg,13365000,FALSE,8,kg,13365000,FALSE,13365000,FALSE,0,FALSE,5208600.438,,5208600.438,0,FALSE,TRUE
C,A,20170101,2017,52,2017,276,DEU,Germany,M,Import,170,COL,Colombia,0,W00,World,H5,HS,TRUE,2709,Petroleum oils and oils obtained from bituminous minerals; crude,4,FALSE,C00,TOTAL CPC,0,0,TOTAL MOT,8,kg,138116000,FALSE,8,kg,138116000,FALSE,138116000,FALSE,0,FALSE,50277685.49,,50277685.49,0,FALSE,TRUE
C,A,20170101,2017,52,2017,276,DEU,Germany,M,Import,178,COG,Congo,0,W00,World,H5,HS,TRUE,2709,Petroleum oils and oils obtained from bituminous minerals; crude,4,FALSE,C00,TOTAL CPC,0,0,TOTAL MOT,8,kg,38633000,FALSE,8,kg,38633000,FALSE,38633000,FALSE,0,FALSE,18976080.83,,18976080.83,0,FALSE,TRUE
C,A,20170101,2017,52,2017,276,DEU,Germany,M,Import,208,DNK,Denmark,0,W00,World,H5,HS,TRUE,2709,Petroleum oils and oils obtained from bituminous minerals; crude,4,FALSE,C00,TOTAL CPC,0,0,TOTAL MOT,8,kg,528320300,FALSE,8,kg,528320300,FALSE,528320300,FALSE,0,FALSE,208178813.1,,208178813.1,0,FALSE,TRUE
C,A,20170101,2017,52,2017,276,DEU,Germany,M,Import,226,GNQ,Equatorial Guinea,0,W00,World,H5,HS,TRUE,2709,Petroleum oils and oils obtained from bituminous minerals; crude,4,FALSE,C00,TOTAL CPC,0,0,TOTAL MOT,8,kg,184584000,FALSE,8,kg,184584000,FALSE,184584000,FALSE,0,FALSE,76729793.36,,76729793.36,0,FALSE,TRUE
C,A,20170101,2017,52,2017,276,DEU,Germany,M,Import,251,FRA,France,0,W00,World,H5,HS,TRUE,2709,Petroleum oils and oils obtained from bituminous minerals; crude,4,FALSE,C00,TOTAL CPC,0,0,TOTAL MOT,8,kg,3102266,FALSE,8,kg,3102266,FALSE,3102266,FALSE,0,FALSE,1146360.347,,1146360.347,0,FALSE,TRUE
C,A,20170101,2017,52,2017,276,DEU,Germany,M,Import,364,IRN,Iran,0,W00,World,H5,HS,TRUE,2709,Petroleum oils and oils obtained from bituminous minerals; crude,4,FALSE,C00,TOTAL CPC,0,0,TOTAL MOT,8,kg,353800000,FALSE,8,kg,353800000,FALSE,353800000,FALSE,0,FALSE,119885911.4,,119885911.4,0,FALSE,TRUE
C,A,20170101,2017,52,2017,276,DEU,Germany,M,Import,368,IRQ,Iraq,0,W00,World,H5,HS,TRUE,2709,Petroleum oils and oils obtained from bituminous minerals; crude,4,FALSE,C00,TOTAL CPC,0,0,TOTAL MOT,8,kg,3074565000,FALSE,8,kg,3074565000,FALSE,3074565000,FALSE,0,FALSE,1069845097,,1069845097,0,FALSE,TRUE
C,A,20170101,2017,52,2017,276,DEU,Germany,M,Import,380,ITA,Italy,0,W00,World,H5,HS,TRUE,2709,Petroleum oils and oils obtained from bituminous minerals; crude,4,FALSE,C00,TOTAL CPC,0,0,TOTAL MOT,8,kg,318205800,FALSE,8,kg,318205800,FALSE,318205800,FALSE,0,FALSE,123489505.7,,123489505.7,0,FALSE,TRUE
C,A,20170101,2017,52,2017,276,DEU,Germany,M,Import,384,CIV,Côte d'Ivoire,0,W00,World,H5,HS,TRUE,2709,Petroleum oils and oils obtained from bituminous minerals; crude,4,FALSE,C00,TOTAL CPC,0,0,TOTAL MOT,8,kg,354141000,FALSE,8,kg,354141000,FALSE,354141000,FALSE,0,FALSE,132678666.7,,132678666.7,0,FALSE,TRUE
C,A,20170101,2017,52,2017,276,DEU,Germany,M,Import,398,KAZ,Kazakhstan,0,W00,World,H5,HS,TRUE,2709,Petroleum oils and oils obtained from bituminous minerals; crude,4,FALSE,C00,TOTAL CPC,0,0,TOTAL MOT,8,kg,8226870000,FALSE,8,kg,8226870000,FALSE,8226870000,FALSE,0,FALSE,3633274920,,3633274920,0,FALSE,TRUE
C,A,20170101,2017,52,2017,276,DEU,Germany,M,Import,414,KWT,Kuwait,0,W00,World,H5,HS,TRUE,2709,Petroleum oils and oils obtained from bituminous minerals; crude,4,FALSE,C00,TOTAL CPC,0,0,TOTAL MOT,8,kg,78320000,FALSE,8,kg,78320000,FALSE,78320000,FALSE,0,FALSE,29602421.05,,29602421.05,0,FALSE,TRUE
C,A,20170101,2017,52,2017,276,DEU,Germany,M,Import,434,LBY,Libya,0,W00,World,H5,HS,TRUE,2709,Petroleum oils and oils obtained from bituminous minerals; crude,4,FALSE,C00,TOTAL CPC,0,0,TOTAL MOT,8,kg,6650390000,FALSE,8,kg,6650390000,FALSE,6650390000,FALSE,0,FALSE,2755172218,,2755172218,0,FALSE,TRUE
C,A,20170101,2017,52,2017,276,DEU,Germany,M,Import,484,MEX,Mexico,0,W00,World,H5,HS,TRUE,2709,Petroleum oils and oils obtained from bituminous minerals; crude,4,FALSE,C00,TOTAL CPC,0,0,TOTAL MOT,8,kg,376978000,FALSE,8,kg,376978000,FALSE,376978000,FALSE,0,FALSE,150101918.7,,150101918.7,0,FALSE,TRUE
C,A,20170101,2017,52,2017,276,DEU,Germany,M,Import,528,NLD,Netherlands,0,W00,World,H5,HS,TRUE,2709,Petroleum oils and oils obtained from bituminous minerals; crude,4,FALSE,C00,TOTAL CPC,0,0,TOTAL MOT,8,kg,11951159000,FALSE,8,kg,11951159000,FALSE,11951159000,FALSE,0,FALSE,4822873423,,4822873423,0,FALSE,TRUE
C,A,20170101,2017,52,2017,276,DEU,Germany,M,Import,566,NGA,Nigeria,0,W00,World,H5,HS,TRUE,2709,Petroleum oils and oils obtained from bituminous minerals; crude,4,FALSE,C00,TOTAL CPC,0,0,TOTAL MOT,8,kg,3680140000,FALSE,8,kg,3680140000,FALSE,3680140000,FALSE,0,FALSE,1515333608,,1515333608,0,FALSE,TRUE
C,A,20170101,2017,52,2017,276,DEU,Germany,M,Import,579,NOR,Norway,0,W00,World,H5,HS,TRUE,2709,Petroleum oils and oils obtained from bituminous minerals; crude,4,FALSE,C00,TOTAL CPC,0,0,TOTAL MOT,8,kg,8215450000,FALSE,8,kg,8215450000,FALSE,8215450000,FALSE,0,FALSE,3503192874,,3503192874,0,FALSE,TRUE
C,A,20170101,2017,52,2017,276,DEU,Germany,M,Import,616,POL,Poland,0,W00,World,H5,HS,TRUE,2709,Petroleum oils and oils obtained from bituminous minerals; crude,4,FALSE,C00,TOTAL CPC,0,0,TOTAL MOT,8,kg,230160000,FALSE,8,kg,230160000,FALSE,230160000,FALSE,0,FALSE,85890478.76,,85890478.76,0,FALSE,TRUE
C,A,20170101,2017,52,2017,276,DEU,Germany,M,Import,643,RUS,Russian Federation,0,W00,World,H5,HS,TRUE,2709,Petroleum oils and oils obtained from bituminous minerals; crude,4,FALSE,C00,TOTAL CPC,0,0,TOTAL MOT,8,kg,31923090000,FALSE,8,kg,31923090000,FALSE,31923090000,FALSE,0,FALSE,12356780770,,12356780770,0,FALSE,TRUE
C,A,20170101,2017,52,2017,276,DEU,Germany,M,Import,682,SAU,Saudi Arabia,0,W00,World,H5,HS,TRUE,2709,Petroleum oils and oils obtained from bituminous minerals; crude,4,FALSE,C00,TOTAL CPC,0,0,TOTAL MOT,8,kg,969584037,FALSE,8,kg,969584037,FALSE,969584037,FALSE,0,FALSE,353610143.6,,353610143.6,0,FALSE,TRUE
C,A,20170101,2017,52,2017,276,DEU,Germany,M,Import,788,TUN,Tunisia,0,W00,World,H5,HS,TRUE,2709,Petroleum oils and oils obtained from bituminous minerals; crude,4,FALSE,C00,TOTAL CPC,0,0,TOTAL MOT,8,kg,129011700,FALSE,8,kg,129011700,FALSE,129011700,FALSE,0,FALSE,51696938.82,,51696938.82,0,FALSE,TRUE
C,A,20170101,2017,52,2017,276,DEU,Germany,M,Import,818,EGY,Egypt,0,W00,World,H5,HS,TRUE,2709,Petroleum oils and oils obtained from bituminous minerals; crude,4,FALSE,C00,TOTAL CPC,0,0,TOTAL MOT,8,kg,1775740000,FALSE,8,kg,1775740000,FALSE,1775740000,FALSE,0,FALSE,737404332.3,,737404332.3,0,FALSE,TRUE
C,A,20170101,2017,52,2017,276,DEU,Germany,M,Import,826,GBR,United Kingdom,0,W00,World,H5,HS,TRUE,2709,Petroleum oils and oils obtained from bituminous minerals; crude,4,FALSE,C00,TOTAL CPC,0,0,TOTAL MOT,8,kg,4628330000,FALSE,8,kg,4628330000,FALSE,4628330000,FALSE,0,FALSE,1858209146,,1858209146,0,FALSE,TRUE
C,A,20170101,2017,52,2017,276,DEU,Germany,M,Import,842,USA,USA,0,W00,World,H5,HS,TRUE,2709,Petroleum oils and oils obtained from bituminous minerals; crude,4,FALSE,C00,TOTAL CPC,0,0,TOTAL MOT,8,kg,570919000,FALSE,8,kg,570919000,FALSE,570919000,FALSE,0,FALSE,249457772.8,,249457772.8,0,FALSE,TRUE
C,A,20170101,2017,52,2017,276,DEU,Germany,M,Import,862,VEN,Venezuela,0,W00,World,H5,HS,TRUE,2709,Petroleum oils and oils obtained from bituminous minerals; crude,4,FALSE,C00,TOTAL CPC,0,0,TOTAL MOT,8,kg,656028000,FALSE,8,kg,656028000,FALSE,656028000,FALSE,0,FALSE,189264796.3,,189264796.3,0,FALSE,TRUE
C,A,20170101,2017,52,2017,276,DEU,Germany,M,Import,0,W00,World,0,W00,World,H5,HS,TRUE,2710,"Petroleum oils and oils from bituminous minerals, not crude; preparations n.e.c, containing by weight 70% or more of petroleum oils or oils from bituminous minerals; these being the basic constituents of the preparations; waste oils",4,FALSE,C00,TOTAL CPC,0,0,TOTAL MOT,8,kg,38740865286,TRUE,-1,N/A,0,FALSE,38740865286,TRUE,0,FALSE,20353481577,,20353481577,6,FALSE,TRUE
C,A,20170101,2017,52,2017,276,DEU,Germany,M,Import,12,DZA,Algeria,0,W00,World,H5,HS,TRUE,2710,"Petroleum oils and oils from bituminous minerals, not crude; preparations n.e.c, containing by weight 70% or more of petroleum oils or oils from bituminous minerals; these being the basic constituents of the preparations; waste oils",4,FALSE,C00,TOTAL CPC,0,0,TOTAL MOT,8,kg,627927240,FALSE,8,kg,627927240,FALSE,627927240,FALSE,0,FALSE,314135543,,314135543,0,FALSE,TRUE
C,A,20170101,2017,52,2017,276,DEU,Germany,M,Import,36,AUS,Australia,0,W00,World,H5,HS,TRUE,2710,"Petroleum oils and oils from bituminous minerals, not crude; preparations n.e.c, containing by weight 70% or more of petroleum oils or oils from bituminous minerals; these being the basic constituents of the preparations; waste oils",4,FALSE,C00,TOTAL CPC,0,0,TOTAL MOT,8,kg,37912,FALSE,8,kg,37912,FALSE,37912,FALSE,0,FALSE,243292.47,,243292.47,0,FALSE,TRUE
C,A,20170101,2017,52,2017,276,DEU,Germany,M,Import,40,AUT,Austria,0,W00,World,H5,HS,TRUE,2710,"Petroleum oils and oils from bituminous minerals, not crude; preparations n.e.c, containing by weight 70% or more of petroleum oils or oils from bituminous minerals; these being the basic constituents of the preparations; waste oils",4,FALSE,C00,TOTAL CPC,0,0,TOTAL MOT,8,kg,330800896.5,TRUE,-1,N/A,0,FALSE,330800896.5,TRUE,0,FALSE,156990729.9,,156990729.9,6,FALSE,TRUE
C,A,20170101,2017,52,2017,276,DEU,Germany,M,Import,56,BEL,Belgium,0,W00,World,H5,HS,TRUE,2710,"Petroleum oils and oils from bituminous minerals, not crude; preparations n.e.c, containing by weight 70% or more of petroleum oils or oils from bituminous minerals; these being the basic constituents of the preparations; waste oils",4,FALSE,C00,TOTAL CPC,0,0,TOTAL MOT,8,kg,6081999037,FALSE,-1,N/A,0,FALSE,6081999037,FALSE,0,FALSE,3331202651,,3331202651,0,FALSE,TRUE
C,A,20170101,2017,52,2017,276,DEU,Germany,M,Import,70,BIH,Bosnia Herzegovina,0,W00,World,H5,HS,TRUE,2710,"Petroleum oils and oils from bituminous minerals, not crude; preparations n.e.c, containing by weight 70% or more of petroleum oils or oils from bituminous minerals; these being the basic constituents of the preparations; waste oils",4,FALSE,C00,TOTAL CPC,0,0,TOTAL MOT,8,kg,831659,FALSE,8,kg,831659,FALSE,831659,FALSE,0,FALSE,613774.847,,613774.847,0,FALSE,TRUE
C,A,20170101,2017,52,2017,276,DEU,Germany,M,Import,76,BRA,Brazil,0,W00,World,H5,HS,TRUE,2710,"Petroleum oils and oils from bituminous minerals, not crude; preparations n.e.c, containing by weight 70% or more of petroleum oils or oils from bituminous minerals; these being the basic constituents of the preparations; waste oils",4,FALSE,C00,TOTAL CPC,0,0,TOTAL MOT,8,kg,6675,FALSE,8,kg,6675,FALSE,6675,FALSE,0,FALSE,25761.668,,25761.668,0,FALSE,TRUE
C,A,20170101,2017,52,2017,276,DEU,Germany,M,Import,100,BGR,Bulgaria,0,W00,World,H5,HS,TRUE,2710,"Petroleum oils and oils from bituminous minerals, not crude; preparations n.e.c, containing by weight 70% or more of petroleum oils or oils from bituminous minerals; these being the basic constituents of the preparations; waste oils",4,FALSE,C00,TOTAL CPC,0,0,TOTAL MOT,8,kg,221154,FALSE,8,kg,221154,FALSE,221154,FALSE,0,FALSE,421775.315,,421775.315,0,FALSE,TRUE
C,A,20170101,2017,52,2017,276,DEU,Germany,M,Import,112,BLR,Belarus,0,W00,World,H5,HS,TRUE,2710,"Petroleum oils and oils from bituminous minerals, not crude; preparations n.e.c, containing by weight 70% or more of petroleum oils or oils from bituminous minerals; these being the basic constituents of the preparations; waste oils",4,FALSE,C00,TOTAL CPC,0,0,TOTAL MOT,8,kg,72006940,FALSE,8,kg,72006940,FALSE,72006940,FALSE,0,FALSE,33875903.43,,33875903.43,0,FALSE,TRUE
C,A,20170101,2017,52,2017,276,DEU,Germany,M,Import,124,CAN,Canada,0,W00,World,H5,HS,TRUE,2710,"Petroleum oils and oils from bituminous minerals, not crude; preparations n.e.c, containing by weight 70% or more of petroleum oils or oils from bituminous minerals; these being the basic constituents of the preparations; waste oils",4,FALSE,C00,TOTAL CPC,0,0,TOTAL MOT,8,kg,116961079.1,TRUE,-1,N/A,0,FALSE,116961079.1,TRUE,0,FALSE,76428263.26,,76428263.26,6,FALSE,TRUE
C,A,20170101,2017,52,2017,276,DEU,Germany,M,Import,152,CHL,Chile,0,W00,World,H5,HS,TRUE,2710,"Petroleum oils and oils from bituminous minerals, not crude; preparations n.e.c, containing by weight 70% or more of petroleum oils or oils from bituminous minerals; these being the basic constituents of the preparations; waste oils",4,FALSE,C00,TOTAL CPC,0,0,TOTAL MOT,8,kg,503,FALSE,8,kg,503,FALSE,503,FALSE,0,FALSE,1409.494,,1409.494,0,FALSE,TRUE
C,A,20170101,2017,52,2017,276,DEU,Germany,M,Import,156,CHN,China,0,W00,World,H5,HS,TRUE,2710,"Petroleum oils and oils from bituminous minerals, not crude; preparations n.e.c, containing by weight 70% or more of petroleum oils or oils from bituminous minerals; these being the basic constituents of the preparations; waste oils",4,FALSE,C00,TOTAL CPC,0,0,TOTAL MOT,8,kg,3510941.65,TRUE,-1,N/A,0,FALSE,3510941.65,TRUE,0,FALSE,3267534.984,,3267534.984,6,FALSE,TRUE
C,A,20170101,2017,52,2017,276,DEU,Germany,M,Import,170,COL,Colombia,0,W00,World,H5,HS,TRUE,2710,"Petroleum oils and oils from bituminous minerals, not crude; preparations n.e.c, containing by weight 70% or more of petroleum oils or oils from bituminous minerals; these being the basic constituents of the preparations; waste oils",4,FALSE,C00,TOTAL CPC,0,0,TOTAL MOT,8,kg,6720370,FALSE,8,kg,6720370,FALSE,6720370,FALSE,0,FALSE,2858704.879,,2858704.879,0,FALSE,TRUE
C,A,20170101,2017,52,2017,276,DEU,Germany,M,Import,178,COG,Congo,0,W00,World,H5,HS,TRUE,2710,"Petroleum oils and oils from bituminous minerals, not crude; preparations n.e.c, containing by weight 70% or more of petroleum oils or oils from bituminous minerals; these being the basic constituents of the preparations; waste oils",4,FALSE,C00,TOTAL CPC,0,0,TOTAL MOT,8,kg,8374440,FALSE,8,kg,8374440,FALSE,8374440,FALSE,0,FALSE,4378482.92,,4378482.92,0,FALSE,TRUE
C,A,20170101,2017,52,2017,276,DEU,Germany,M,Import,196,CYP,Cyprus,0,W00,World,H5,HS,TRUE,2710,"Petroleum oils and oils from bituminous minerals, not crude; preparations n.e.c, containing by weight 70% or more of petroleum oils or oils from bituminous minerals; these being the basic constituents of the preparations; waste oils",4,FALSE,C00,TOTAL CPC,0,0,TOTAL MOT,8,kg,3890340,FALSE,8,kg,3890340,FALSE,3890340,FALSE,0,FALSE,2909757.255,,2909757.255,0,FALSE,TRUE
C,A,20170101,2017,52,2017,276,DEU,Germany,M,Import,203,CZE,Czechia,0,W00,World,H5,HS,TRUE,2710,"Petroleum oils and oils from bituminous minerals, not crude; preparations n.e.c, containing by weight 70% or more of petroleum oils or oils from bituminous minerals; these being the basic constituents of the preparations; waste oils",4,FALSE,C00,TOTAL CPC,0,0,TOTAL MOT,8,kg,553164038,FALSE,-1,N/A,0,FALSE,553164038,FALSE,0,FALSE,297883869.8,,297883869.8,0,FALSE,TRUE
C,A,20170101,2017,52,2017,276,DEU,Germany,M,Import,208,DNK,Denmark,0,W00,World,H5,HS,TRUE,2710,"Petroleum oils and oils from bituminous minerals, not crude; preparations n.e.c, containing by weight 70% or more of petroleum oils or oils from bituminous minerals; these being the basic constituents of the preparations; waste oils",4,FALSE,C00,TOTAL CPC,0,0,TOTAL MOT,8,kg,66189750.11,TRUE,-1,N/A,0,FALSE,66189750.11,TRUE,0,FALSE,32697220.72,,32697220.72,6,FALSE,TRUE
C,A,20170101,2017,52,2017,276,DEU,Germany,M,Import,233,EST,Estonia,0,W00,World,H5,HS,TRUE,2710,"Petroleum oils and oils from bituminous minerals, not crude; preparations n.e.c, containing by weight 70% or more of petroleum oils or oils from bituminous minerals; these being the basic constituents of the preparations; waste oils",4,FALSE,C00,TOTAL CPC,0,0,TOTAL MOT,8,kg,1956250,FALSE,8,kg,1956250,FALSE,1956250,FALSE,0,FALSE,817083.086,,817083.086,0,FALSE,TRUE
C,A,20170101,2017,52,2017,276,DEU,Germany,M,Import,246,FIN,Finland,0,W00,World,H5,HS,TRUE,2710,"Petroleum oils and oils from bituminous minerals, not crude; preparations n.e.c, containing by weight 70% or more of petroleum oils or oils from bituminous minerals; these being the basic constituents of the preparations; waste oils",4,FALSE,C00,TOTAL CPC,0,0,TOTAL MOT,8,kg,633167614.1,TRUE,-1,N/A,0,FALSE,633167614.1,TRUE,0,FALSE,333900478.6,,333900478.6,6,FALSE,TRUE
C,A,20170101,2017,52,2017,276,DEU,Germany,M,Import,251,FRA,France,0,W00,World,H5,HS,TRUE,2710,"Petroleum oils and oils from bituminous minerals, not crude; preparations n.e.c, containing by weight 70% or more of petroleum oils or oils from bituminous minerals; these being the basic constituents of the preparations; waste oils",4,FALSE,C00,TOTAL CPC,0,0,TOTAL MOT,8,kg,811630580,FALSE,-1,N/A,0,FALSE,811630580,FALSE,0,FALSE,504594168.4,,504594168.4,0,FALSE,TRUE
C,A,20170101,2017,52,2017,276,DEU,Germany,M,Import,300,GRC,Greece,0,W00,World,H5,HS,TRUE,2710,"Petroleum oils and oils from bituminous minerals, not crude; preparations n.e.c, containing by weight 70% or more of petroleum oils or oils from bituminous minerals; these being the basic constituents of the preparations; waste oils",4,FALSE,C00,TOTAL CPC,0,0,TOTAL MOT,8,kg,1129371,FALSE,8,kg,1129371,FALSE,1129371,FALSE,0,FALSE,1357246.875,,1357246.875,0,FALSE,TRUE
C,A,20170101,2017,52,2017,276,DEU,Germany,M,Import,348,HUN,Hungary,0,W00,World,H5,HS,TRUE,2710,"Petroleum oils and oils from bituminous minerals, not crude; preparations n.e.c, containing by weight 70% or more of petroleum oils or oils from bituminous minerals; these being the basic constituents of the preparations; waste oils",4,FALSE,C00,TOTAL CPC,0,0,TOTAL MOT,8,kg,114989899,FALSE,-1,N/A,0,FALSE,114989899,FALSE,0,FALSE,51116317.58,,51116317.58,0,FALSE,TRUE
C,A,20170101,2017,52,2017,276,DEU,Germany,M,Import,360,IDN,Indonesia,0,W00,World,H5,HS,TRUE,2710,"Petroleum oils and oils from bituminous minerals, not crude; preparations n.e.c, containing by weight 70% or more of petroleum oils or oils from bituminous minerals; these being the basic constituents of the preparations; waste oils",4,FALSE,C00,TOTAL CPC,0,0,TOTAL MOT,8,kg,3779500,FALSE,8,kg,3779500,FALSE,3779500,FALSE,0,FALSE,3719773.67,,3719773.67,0,FALSE,TRUE
C,A,20170101,2017,52,2017,276,DEU,Germany,M,Import,372,IRL,Ireland,0,W00,World,H5,HS,TRUE,2710,"Petroleum oils and oils from bituminous minerals, not crude; preparations n.e.c, containing by weight 70% or more of petroleum oils or oils from bituminous minerals; these being the basic constituents of the preparations; waste oils",4,FALSE,C00,TOTAL CPC,0,0,TOTAL MOT,8,kg,53462,FALSE,8,kg,53462,FALSE,53462,FALSE,0,FALSE,11883.572,,11883.572,0,FALSE,TRUE
C,A,20170101,2017,52,2017,276,DEU,Germany,M,Import,376,ISR,Israel,0,W00,World,H5,HS,TRUE,2710,"Petroleum oils and oils from bituminous minerals, not crude; preparations n.e.c, containing by weight 70% or more of petroleum oils or oils from bituminous minerals; these being the basic constituents of the preparations; waste oils",4,FALSE,C00,TOTAL CPC,0,0,TOTAL MOT,8,kg,18457754,FALSE,8,kg,18457754,FALSE,18457754,FALSE,0,FALSE,9531010.789,,9531010.789,0,FALSE,TRUE
C,A,20170101,2017,52,2017,276,DEU,Germany,M,Import,380,ITA,Italy,0,W00,World,H5,HS,TRUE,2710,"Petroleum oils and oils from bituminous minerals, not crude; preparations n.e.c, containing by weight 70% or more of petroleum oils or oils from bituminous minerals; these being the basic constituents of the preparations; waste oils",4,FALSE,C00,TOTAL CPC,0,0,TOTAL MOT,8,kg,58723852,FALSE,8,kg,58723852,FALSE,58723852,FALSE,0,FALSE,97540321.81,,97540321.81,0,FALSE,TRUE
C,A,20170101,2017,52,2017,276,DEU,Germany,M,Import,392,JPN,Japan,0,W00,World,H5,HS,TRUE,2710,"Petroleum oils and oils from bituminous minerals, not crude; preparations n.e.c, containing by weight 70% or more of petroleum oils or oils from bituminous minerals; these being the basic constituents of the preparations; waste oils",4,FALSE,C00,TOTAL CPC,0,0,TOTAL MOT,8,kg,2861219.578,TRUE,-1,N/A,0,FALSE,2861219.578,TRUE,0,FALSE,6302151.059,,6302151.059,6,FALSE,TRUE
C,A,20170101,2017,52,2017,276,DEU,Germany,M,Import,398,KAZ,Kazakhstan,0,W00,World,H5,HS,TRUE,2710,"Petroleum oils and oils from bituminous minerals, not crude; preparations n.e.c, containing by weight 70% or more of petroleum oils or oils from bituminous minerals; these being the basic constituents of the preparations; waste oils",4,FALSE,C00,TOTAL CPC,0,0,TOTAL MOT,8,kg,4166560,FALSE,8,kg,4166560,FALSE,4166560,FALSE,0,FALSE,1650391.166,,1650391.166,0,FALSE,TRUE
C,A,20170101,2017,52,2017,276,DEU,Germany,M,Import,410,KOR,Rep. of Korea,0,W00,World,H5,HS,TRUE,2710,"Petroleum oils and oils from bituminous minerals, not crude; preparations n.e.c, containing by weight 70% or more of petroleum oils or oils from bituminous minerals; these being the basic constituents of the preparations; waste oils",4,FALSE,C00,TOTAL CPC,0,0,TOTAL MOT,8,kg,102623324.4,TRUE,-1,N/A,0,FALSE,102623324.4,TRUE,0,FALSE,80290814.85,,80290814.85,6,FALSE,TRUE
C,A,20170101,2017,52,2017,276,DEU,Germany,M,Import,414,KWT,Kuwait,0,W00,World,H5,HS,TRUE,2710,"Petroleum oils and oils from bituminous minerals, not crude; preparations n.e.c, containing by weight 70% or more of petroleum oils or oils from bituminous minerals; these being the basic constituents of the preparations; waste oils",4,FALSE,C00,TOTAL CPC,0,0,TOTAL MOT,8,kg,20022560,FALSE,8,kg,20022560,FALSE,20022560,FALSE,0,FALSE,10095702.94,,10095702.94,0,FALSE,TRUE
C,A,20170101,2017,52,2017,276,DEU,Germany,M,Import,428,LVA,Latvia,0,W00,World,H5,HS,TRUE,2710,"Petroleum oils and oils from bituminous minerals, not crude; preparations n.e.c, containing by weight 70% or more of petroleum oils or oils from bituminous minerals; these being the basic constituents of the preparations; waste oils",4,FALSE,C00,TOTAL CPC,0,0,TOTAL MOT,8,kg,30461900,FALSE,8,kg,30461900,FALSE,30461900,FALSE,0,FALSE,11998169.94,,11998169.94,0,FALSE,TRUE
C,A,20170101,2017,52,2017,276,DEU,Germany,M,Import,434,LBY,Libya,0,W00,World,H5,HS,TRUE,2710,"Petroleum oils and oils from bituminous minerals, not crude; preparations n.e.c, containing by weight 70% or more of petroleum oils or oils from bituminous minerals; these being the basic constituents of the preparations; waste oils",4,FALSE,C00,TOTAL CPC,0,0,TOTAL MOT,8,kg,81315900,FALSE,8,kg,81315900,FALSE,81315900,FALSE,0,FALSE,29197276.19,,29197276.19,0,FALSE,TRUE
C,A,20170101,2017,52,2017,276,DEU,Germany,M,Import,440,LTU,Lithuania,0,W00,World,H5,HS,TRUE,2710,"Petroleum oils and oils from bituminous minerals, not crude; preparations n.e.c, containing by weight 70% or more of petroleum oils or oils from bituminous minerals; these being the basic constituents of the preparations; waste oils",4,FALSE,C00,TOTAL CPC,0,0,TOTAL MOT,8,kg,3522827,FALSE,8,kg,3522827,FALSE,3522827,FALSE,0,FALSE,4628435.476,,4628435.476,0,FALSE,TRUE
C,A,20170101,2017,52,2017,276,DEU,Germany,M,Import,442,LUX,Luxembourg,0,W00,World,H5,HS,TRUE,2710,"Petroleum oils and oils from bituminous minerals, not crude; preparations n.e.c, containing by weight 70% or more of petroleum oils or oils from bituminous minerals; these being the basic constituents of the preparations; waste oils",4,FALSE,C00,TOTAL CPC,0,0,TOTAL MOT,8,kg,203346,FALSE,8,kg,203346,FALSE,203346,FALSE,0,FALSE,289270.441,,289270.441,0,FALSE,TRUE
C,A,20170101,2017,52,2017,276,DEU,Germany,M,Import,458,MYS,Malaysia,0,W00,World,H5,HS,TRUE,2710,"Petroleum oils and oils from bituminous minerals, not crude; preparations n.e.c, containing by weight 70% or more of petroleum oils or oils from bituminous minerals; these being the basic constituents of the preparations; waste oils",4,FALSE,C00,TOTAL CPC,0,0,TOTAL MOT,8,kg,1676829.595,TRUE,-1,N/A,0,FALSE,1676829.595,TRUE,0,FALSE,1472815.231,,1472815.231,6,FALSE,TRUE
C,A,20170101,2017,52,2017,276,DEU,Germany,M,Import,470,MLT,Malta,0,W00,World,H5,HS,TRUE,2710,"Petroleum oils and oils from bituminous minerals, not crude; preparations n.e.c, containing by weight 70% or more of petroleum oils or oils from bituminous minerals; these being the basic constituents of the preparations; waste oils",4,FALSE,C00,TOTAL CPC,0,0,TOTAL MOT,8,kg,685980,FALSE,8,kg,685980,FALSE,685980,FALSE,0,FALSE,504909.494,,504909.494,0,FALSE,TRUE
C,A,20170101,2017,52,2017,276,DEU,Germany,M,Import,484,MEX,Mexico,0,W00,World,H5,HS,TRUE,2710,"Petroleum oils and oils from bituminous minerals, not crude; preparations n.e.c, containing by weight 70% or more of petroleum oils or oils from bituminous minerals; these being the basic constituents of the preparations; waste oils",4,FALSE,C00,TOTAL CPC,0,0,TOTAL MOT,8,kg,55729077,FALSE,8,kg,55729077,FALSE,55729077,FALSE,0,FALSE,28549432.92,,28549432.92,0,FALSE,TRUE
C,A,20170101,2017,52,2017,276,DEU,Germany,M,Import,490,S19,"Other Asia, nes",0,W00,World,H5,HS,TRUE,2710,"Petroleum oils and oils from bituminous minerals, not crude; preparations n.e.c, containing by weight 70% or more of petroleum oils or oils from bituminous minerals; these being the basic constituents of the preparations; waste oils",4,FALSE,C00,TOTAL CPC,0,0,TOTAL MOT,8,kg,622763.816,TRUE,-1,N/A,0,FALSE,622763.816,TRUE,0,FALSE,721005.955,,721005.955,6,FALSE,TRUE
C,A,20170101,2017,52,2017,276,DEU,Germany,M,Import,528,NLD,Netherlands,0,W00,World,H5,HS,TRUE,2710,"Petroleum oils and oils from bituminous minerals, not crude; preparations n.e.c, containing by weight 70% or more of petroleum oils or oils from bituminous minerals; these being the basic constituents of the preparations; waste oils",4,FALSE,C00,TOTAL CPC,0,0,TOTAL MOT,8,kg,16334939508,TRUE,-1,N/A,0,FALSE,16334939508,TRUE,0,FALSE,8622780048,,8622780048,6,FALSE,TRUE
C,A,20170101,2017,52,2017,276,DEU,Germany,M,Import,531,CUW,Curaçao,0,W00,World,H5,HS,TRUE,2710,"Petroleum oils and oils from bituminous minerals, not crude; preparations n.e.c, containing by weight 70% or more of petroleum oils or oils from bituminous minerals; these being the basic constituents of the preparations; waste oils",4,FALSE,C00,TOTAL CPC,0,0,TOTAL MOT,8,kg,992460,FALSE,8,kg,992460,FALSE,992460,FALSE,0,FALSE,862421.814,,862421.814,0,FALSE,TRUE
C,A,20170101,2017,52,2017,276,DEU,Germany,M,Import,566,NGA,Nigeria,0,W00,World,H5,HS,TRUE,2710,"Petroleum oils and oils from bituminous minerals, not crude; preparations n.e.c, containing by weight 70% or more of petroleum oils or oils from bituminous minerals; these being the basic constituents of the preparations; waste oils",4,FALSE,C00,TOTAL CPC,0,0,TOTAL MOT,8,kg,18105600,FALSE,8,kg,18105600,FALSE,18105600,FALSE,0,FALSE,8438695.734,,8438695.734,0,FALSE,TRUE
C,A,20170101,2017,52,2017,276,DEU,Germany,M,Import,579,NOR,Norway,0,W00,World,H5,HS,TRUE,2710,"Petroleum oils and oils from bituminous minerals, not crude; preparations n.e.c, containing by weight 70% or more of petroleum oils or oils from bituminous minerals; these being the basic constituents of the preparations; waste oils",4,FALSE,C00,TOTAL CPC,0,0,TOTAL MOT,8,kg,393916498,FALSE,8,kg,393916498,FALSE,393916498,FALSE,0,FALSE,187466415,,187466415,0,FALSE,TRUE
C,A,20170101,2017,52,2017,276,DEU,Germany,M,Import,616,POL,Poland,0,W00,World,H5,HS,TRUE,2710,"Petroleum oils and oils from bituminous minerals, not crude; preparations n.e.c, containing by weight 70% or more of petroleum oils or oils from bituminous minerals; these being the basic constituents of the preparations; waste oils",4,FALSE,C00,TOTAL CPC,0,0,TOTAL MOT,8,kg,191246243,FALSE,8,kg,191246243,FALSE,191246243,FALSE,0,FALSE,116349294,,116349294,0,FALSE,TRUE
C,A,20170101,2017,52,2017,276,DEU,Germany,M,Import,634,QAT,Qatar,0,W00,World,H5,HS,TRUE,2710,"Petroleum oils and oils from bituminous minerals, not crude; preparations n.e.c, containing by weight 70% or more of petroleum oils or oils from bituminous minerals; these being the basic constituents of the preparations; waste oils",4,FALSE,C00,TOTAL CPC,0,0,TOTAL MOT,8,kg,182806453,FALSE,8,kg,182806453,FALSE,182806453,FALSE,0,FALSE,109680540.1,,109680540.1,0,FALSE,TRUE
C,A,20170101,2017,52,2017,276,DEU,Germany,M,Import,642,ROU,Romania,0,W00,World,H5,HS,TRUE,2710,"Petroleum oils and oils from bituminous minerals, not crude; preparations n.e.c, containing by weight 70% or more of petroleum oils or oils from bituminous minerals; these being the basic constituents of the preparations; waste oils",4,FALSE,C00,TOTAL CPC,0,0,TOTAL MOT,8,kg,61731812,FALSE,8,kg,61731812,FALSE,61731812,FALSE,0,FALSE,28909813.92,,28909813.92,0,FALSE,TRUE
C,A,20170101,2017,52,2017,276,DEU,Germany,M,Import,643,RUS,Russian Federation,0,W00,World,H5,HS,TRUE,2710,"Petroleum oils and oils from bituminous minerals, not crude; preparations n.e.c, containing by weight 70% or more of petroleum oils or oils from bituminous minerals; these being the basic constituents of the preparations; waste oils",4,FALSE,C00,TOTAL CPC,0,0,TOTAL MOT,8,kg,8974154132,FALSE,8,kg,8974154132,FALSE,8974154132,FALSE,0,FALSE,4361911193,,4361911193,0,FALSE,TRUE
C,A,20170101,2017,52,2017,276,DEU,Germany,M,Import,682,SAU,Saudi Arabia,0,W00,World,H5,HS,TRUE,2710,"Petroleum oils and oils from bituminous minerals, not crude; preparations n.e.c, containing by weight 70% or more of petroleum oils or oils from bituminous minerals; these being the basic constituents of the preparations; waste oils",4,FALSE,C00,TOTAL CPC,0,0,TOTAL MOT,8,kg,60266836,FALSE,8,kg,60266836,FALSE,60266836,FALSE,0,FALSE,34254282.59,,34254282.59,0,FALSE,TRUE
C,A,20170101,2017,52,2017,276,DEU,Germany,M,Import,688,SRB,Serbia,0,W00,World,H5,HS,TRUE,2710,"Petroleum oils and oils from bituminous minerals, not crude; preparations n.e.c, containing by weight 70% or more of petroleum oils or oils from bituminous minerals; these being the basic constituents of the preparations; waste oils",4,FALSE,C00,TOTAL CPC,0,0,TOTAL MOT,8,kg,56,FALSE,8,kg,56,FALSE,56,FALSE,0,FALSE,708.135,,708.135,0,FALSE,TRUE
C,A,20170101,2017,52,2017,276,DEU,Germany,M,Import,699,IND,India,0,W00,World,H5,HS,TRUE,2710,"Petroleum oils and oils from bituminous minerals, not crude; preparations n.e.c, containing by weight 70% or more of petroleum oils or oils from bituminous minerals; these being the basic constituents of the preparations; waste oils",4,FALSE,C00,TOTAL CPC,0,0,TOTAL MOT,8,kg,32600778,FALSE,8,kg,32600778,FALSE,32600778,FALSE,0,FALSE,16582425.45,,16582425.45,0,FALSE,TRUE
C,A,20170101,2017,52,2017,276,DEU,Germany,M,Import,702,SGP,Singapore,0,W00,World,H5,HS,TRUE,2710,"Petroleum oils and oils from bituminous minerals, not crude; preparations n.e.c, containing by weight 70% or more of petroleum oils or oils from bituminous minerals; these being the basic constituents of the preparations; waste oils",4,FALSE,C00,TOTAL CPC,0,0,TOTAL MOT,8,kg,624850,FALSE,8,kg,624850,FALSE,624850,FALSE,0,FALSE,95350.924,,95350.924,0,FALSE,TRUE
C,A,20170101,2017,52,2017,276,DEU,Germany,M,Import,703,SVK,Slovakia,0,W00,World,H5,HS,TRUE,2710,"Petroleum oils and oils from bituminous minerals, not crude; preparations n.e.c, containing by weight 70% or more of petroleum oils or oils from bituminous minerals; these being the basic constituents of the preparations; waste oils",4,FALSE,C00,TOTAL CPC,0,0,TOTAL MOT,8,kg,119787791,FALSE,-1,N/A,0,FALSE,119787791,FALSE,0,FALSE,62850121.52,,62850121.52,0,FALSE,TRUE
C,A,20170101,2017,52,2017,276,DEU,Germany,M,Import,705,SVN,Slovenia,0,W00,World,H5,HS,TRUE,2710,"Petroleum oils and oils from bituminous minerals, not crude; preparations n.e.c, containing by weight 70% or more of petroleum oils or oils from bituminous minerals; these being the basic constituents of the preparations; waste oils",4,FALSE,C00,TOTAL CPC,0,0,TOTAL MOT,8,kg,10512724,FALSE,8,kg,10512724,FALSE,10512724,FALSE,0,FALSE,6777710.774,,6777710.774,0,FALSE,TRUE
C,A,20170101,2017,52,2017,276,DEU,Germany,M,Import,710,ZAF,South Africa,0,W00,World,H5,HS,TRUE,2710,"Petroleum oils and oils from bituminous minerals, not crude; preparations n.e.c, containing by weight 70% or more of petroleum oils or oils from bituminous minerals; these being the basic constituents of the preparations; waste oils",4,FALSE,C00,TOTAL CPC,0,0,TOTAL MOT,8,kg,8287228,FALSE,8,kg,8287228,FALSE,8287228,FALSE,0,FALSE,7619831.581,,7619831.581,0,FALSE,TRUE
C,A,20170101,2017,52,2017,276,DEU,Germany,M,Import,724,ESP,Spain,0,W00,World,H5,HS,TRUE,2710,"Petroleum oils and oils from bituminous minerals, not crude; preparations n.e.c, containing by weight 70% or more of petroleum oils or oils from bituminous minerals; these being the basic constituents of the preparations; waste oils",4,FALSE,C00,TOTAL CPC,0,0,TOTAL MOT,8,kg,35719940,FALSE,8,kg,35719940,FALSE,35719940,FALSE,0,FALSE,40529629.55,,40529629.55,0,FALSE,TRUE
C,A,20170101,2017,52,2017,276,DEU,Germany,M,Import,729,SDN,Sudan,0,W00,World,H5,HS,TRUE,2710,"Petroleum oils and oils from bituminous minerals, not crude; preparations n.e.c, containing by weight 70% or more of petroleum oils or oils from bituminous minerals; these being the basic constituents of the preparations; waste oils",4,FALSE,C00,TOTAL CPC,0,0,TOTAL MOT,8,kg,10,FALSE,8,kg,10,FALSE,10,FALSE,0,FALSE,583.901,,583.901,0,FALSE,TRUE
C,A,20170101,2017,52,2017,276,DEU,Germany,M,Import,752,SWE,Sweden,0,W00,World,H5,HS,TRUE,2710,"Petroleum oils and oils from bituminous minerals, not crude; preparations n.e.c, containing by weight 70% or more of petroleum oils or oils from bituminous minerals; these being the basic constituents of the preparations; waste oils",4,FALSE,C00,TOTAL CPC,0,0,TOTAL MOT,8,kg,1194888742,TRUE,-1,N/A,0,FALSE,1194888742,TRUE,0,FALSE,598150838.4,,598150838.4,6,FALSE,TRUE
C,A,20170101,2017,52,2017,276,DEU,Germany,M,Import,757,CHE,Switzerland,0,W00,World,H5,HS,TRUE,2710,"Petroleum oils and oils from bituminous minerals, not crude; preparations n.e.c, containing by weight 70% or more of petroleum oils or oils from bituminous minerals; these being the basic constituents of the preparations; waste oils",4,FALSE,C00,TOTAL CPC,0,0,TOTAL MOT,8,kg,131635929,TRUE,-1,N/A,0,FALSE,131635929,TRUE,0,FALSE,63999676.95,,63999676.95,6,FALSE,TRUE
C,A,20170101,2017,52,2017,276,DEU,Germany,M,Import,764,THA,Thailand,0,W00,World,H5,HS,TRUE,2710,"Petroleum oils and oils from bituminous minerals, not crude; preparations n.e.c, containing by weight 70% or more of petroleum oils or oils from bituminous minerals; these being the basic constituents of the preparations; waste oils",4,FALSE,C00,TOTAL CPC,0,0,TOTAL MOT,8,kg,664,FALSE,8,kg,664,FALSE,664,FALSE,0,FALSE,6413.876,,6413.876,0,FALSE,TRUE
C,A,20170101,2017,52,2017,276,DEU,Germany,M,Import,784,ARE,United Arab Emirates,0,W00,World,H5,HS,TRUE,2710,"Petroleum oils and oils from bituminous minerals, not crude; preparations n.e.c, containing by weight 70% or more of petroleum oils or oils from bituminous minerals; these being the basic constituents of the preparations; waste oils",4,FALSE,C00,TOTAL CPC,0,0,TOTAL MOT,8,kg,7846,FALSE,8,kg,7846,FALSE,7846,FALSE,0,FALSE,83622.081,,83622.081,0,FALSE,TRUE
C,A,20170101,2017,52,2017,276,DEU,Germany,M,Import,788,TUN,Tunisia,0,W00,World,H5,HS,TRUE,2710,"Petroleum oils and oils from bituminous minerals, not crude; preparations n.e.c, containing by weight 70% or more of petroleum oils or oils from bituminous minerals; these being the basic constituents of the preparations; waste oils",4,FALSE,C00,TOTAL CPC,0,0,TOTAL MOT,8,kg,179198000,FALSE,8,kg,179198000,FALSE,179198000,FALSE,0,FALSE,68097885.12,,68097885.12,0,FALSE,TRUE
C,A,20170101,2017,52,2017,276,DEU,Germany,M,Import,792,TUR,Türkiye,0,W00,World,H5,HS,TRUE,2710,"Petroleum oils and oils from bituminous minerals, not crude; preparations n.e.c, containing by weight 70% or more of petroleum oils or oils from bituminous minerals; these being the basic constituents of the preparations; waste oils",4,FALSE,C00,TOTAL CPC,0,0,TOTAL MOT,8,kg,2684485,FALSE,8,kg,2684485,FALSE,2684485,FALSE,0,FALSE,4830609.794,,4830609.794,0,FALSE,TRUE
C,A,20170101,2017,52,2017,276,DEU,Germany,M,Import,804,UKR,Ukraine,0,W00,World,H5,HS,TRUE,2710,"Petroleum oils and oils from bituminous minerals, not crude; preparations n.e.c, containing by weight 70% or more of petroleum oils or oils from bituminous minerals; these being the basic constituents of the preparations; waste oils",4,FALSE,C00,TOTAL CPC,0,0,TOTAL MOT,8,kg,49132,FALSE,8,kg,49132,FALSE,49132,FALSE,0,FALSE,77755.965,,77755.965,0,FALSE,TRUE
C,A,20170101,2017,52,2017,276,DEU,Germany,M,Import,818,EGY,Egypt,0,W00,World,H5,HS,TRUE,2710,"Petroleum oils and oils from bituminous minerals, not crude; preparations n.e.c, containing by weight 70% or more of petroleum oils or oils from bituminous minerals; these being the basic constituents of the preparations; waste oils",4,FALSE,C00,TOTAL CPC,0,0,TOTAL MOT,8,kg,542,FALSE,8,kg,542,FALSE,542,FALSE,0,FALSE,839.146,,839.146,0,FALSE,TRUE
C,A,20170101,2017,52,2017,276,DEU,Germany,M,Import,826,GBR,United Kingdom,0,W00,World,H5,HS,TRUE,2710,"Petroleum oils and oils from bituminous minerals, not crude; preparations n.e.c, containing by weight 70% or more of petroleum oils or oils from bituminous minerals; these being the basic constituents of the preparations; waste oils",4,FALSE,C00,TOTAL CPC,0,0,TOTAL MOT,8,kg,282373359,FALSE,-1,N/A,0,FALSE,282373359,FALSE,0,FALSE,165514430.1,,165514430.1,0,FALSE,TRUE
C,A,20170101,2017,52,2017,276,DEU,Germany,M,Import,842,USA,USA,0,W00,World,H5,HS,TRUE,2710,"Petroleum oils and oils from bituminous minerals, not crude; preparations n.e.c, containing by weight 70% or more of petroleum oils or oils from bituminous minerals; these being the basic constituents of the preparations; waste oils",4,FALSE,C00,TOTAL CPC,0,0,TOTAL MOT,8,kg,703910123.4,TRUE,-1,N/A,0,FALSE,703910123.4,TRUE,0,FALSE,411387104.8,,411387104.8,6,FALSE,TRUE
C,A,20170101,2017,52,2017,276,DEU,Germany,M,Import,0,W00,World,0,W00,World,H5,HS,TRUE,2809,Diphosphorus pentoxide; phosphoric acid and polyphosphoric acids,4,FALSE,C00,TOTAL CPC,0,0,TOTAL MOT,8,kg,288529736.5,TRUE,-1,N/A,0,FALSE,288529736.5,TRUE,0,FALSE,224581031.1,,224581031.1,6,FALSE,TRUE
C,A,20170101,2017,52,2017,276,DEU,Germany,M,Import,40,AUT,Austria,0,W00,World,H5,HS,TRUE,2809,Diphosphorus pentoxide; phosphoric acid and polyphosphoric acids,4,FALSE,C00,TOTAL CPC,0,0,TOTAL MOT,8,kg,131119,FALSE,27,kg P2O5,80524,FALSE,131119,FALSE,0,FALSE,92238.292,,92238.292,0,FALSE,TRUE
C,A,20170101,2017,52,2017,276,DEU,Germany,M,Import,56,BEL,Belgium,0,W00,World,H5,HS,TRUE,2809,Diphosphorus pentoxide; phosphoric acid and polyphosphoric acids,4,FALSE,C00,TOTAL CPC,0,0,TOTAL MOT,8,kg,45636054.87,TRUE,-1,N/A,0,FALSE,45636054.87,TRUE,0,FALSE,24318437.52,,24318437.52,6,FALSE,TRUE
C,A,20170101,2017,52,2017,276,DEU,Germany,M,Import,156,CHN,China,0,W00,World,H5,HS,TRUE,2809,Diphosphorus pentoxide; phosphoric acid and polyphosphoric acids,4,FALSE,C00,TOTAL CPC,0,0,TOTAL MOT,8,kg,5895755,FALSE,27,kg P2O5,3627225,FALSE,5895755,FALSE,0,FALSE,8141519.476,,8141519.476,0,FALSE,TRUE
C,A,20170101,2017,52,2017,276,DEU,Germany,M,Import,170,COL,Colombia,0,W00,World,H5,HS,TRUE,2809,Diphosphorus pentoxide; phosphoric acid and polyphosphoric acids,4,FALSE,C00,TOTAL CPC,0,0,TOTAL MOT,8,kg,593,FALSE,27,kg P2O5,478,FALSE,593,FALSE,0,FALSE,22289.885,,22289.885,0,FALSE,TRUE
C,A,20170101,2017,52,2017,276,DEU,Germany,M,Import,203,CZE,Czechia,0,W00,World,H5,HS,TRUE,2809,Diphosphorus pentoxide; phosphoric acid and polyphosphoric acids,4,FALSE,C00,TOTAL CPC,0,0,TOTAL MOT,8,kg,17790527,FALSE,27,kg P2O5,9783772,FALSE,17790527,FALSE,0,FALSE,12338369.65,,12338369.65,0,FALSE,TRUE
C,A,20170101,2017,52,2017,276,DEU,Germany,M,Import,208,DNK,Denmark,0,W00,World,H5,HS,TRUE,2809,Diphosphorus pentoxide; phosphoric acid and polyphosphoric acids,4,FALSE,C00,TOTAL CPC,0,0,TOTAL MOT,8,kg,1664,FALSE,27,kg P2O5,882,FALSE,1664,FALSE,0,FALSE,1318.013,,1318.013,0,FALSE,TRUE
C,A,20170101,2017,52,2017,276,DEU,Germany,M,Import,246,FIN,Finland,0,W00,World,H5,HS,TRUE,2809,Diphosphorus pentoxide; phosphoric acid and polyphosphoric acids,4,FALSE,C00,TOTAL CPC,0,0,TOTAL MOT,8,kg,29314,FALSE,27,kg P2O5,17708,FALSE,29314,FALSE,0,FALSE,25272.637,,25272.637,0,FALSE,TRUE
C,A,20170101,2017,52,2017,276,DEU,Germany,M,Import,251,FRA,France,0,W00,World,H5,HS,TRUE,2809,Diphosphorus pentoxide; phosphoric acid and polyphosphoric acids,4,FALSE,C00,TOTAL CPC,0,0,TOTAL MOT,8,kg,1523965,FALSE,27,kg P2O5,1304881,FALSE,1523965,FALSE,0,FALSE,2823619.995,,2823619.995,0,FALSE,TRUE
C,A,20170101,2017,52,2017,276,DEU,Germany,M,Import,380,ITA,Italy,0,W00,World,H5,HS,TRUE,2809,Diphosphorus pentoxide; phosphoric acid and polyphosphoric acids,4,FALSE,C00,TOTAL CPC,0,0,TOTAL MOT,8,kg,620135,FALSE,27,kg P2O5,360070,FALSE,620135,FALSE,0,FALSE,449747.224,,449747.224,0,FALSE,TRUE
C,A,20170101,2017,52,2017,276,DEU,Germany,M,Import,392,JPN,Japan,0,W00,World,H5,HS,TRUE,2809,Diphosphorus pentoxide; phosphoric acid and polyphosphoric acids,4,FALSE,C00,TOTAL CPC,0,0,TOTAL MOT,8,kg,582,FALSE,27,kg P2O5,455,FALSE,582,FALSE,0,FALSE,589.548,,589.548,0,FALSE,TRUE
C,A,20170101,2017,52,2017,276,DEU,Germany,M,Import,528,NLD,Netherlands,0,W00,World,H5,HS,TRUE,2809,Diphosphorus pentoxide; phosphoric acid and polyphosphoric acids,4,FALSE,C00,TOTAL CPC,0,0,TOTAL MOT,8,kg,8801537,FALSE,27,kg P2O5,5294940,FALSE,8801537,FALSE,0,FALSE,6372145.771,,6372145.771,0,FALSE,TRUE
C,A,20170101,2017,52,2017,276,DEU,Germany,M,Import,616,POL,Poland,0,W00,World,H5,HS,TRUE,2809,Diphosphorus pentoxide; phosphoric acid and polyphosphoric acids,4,FALSE,C00,TOTAL CPC,0,0,TOTAL MOT,8,kg,18924500,FALSE,27,kg P2O5,10524300,FALSE,18924500,FALSE,0,FALSE,12110357.99,,12110357.99,0,FALSE,TRUE
C,A,20170101,2017,52,2017,276,DEU,Germany,M,Import,688,SRB,Serbia,0,W00,World,H5,HS,TRUE,2809,Diphosphorus pentoxide; phosphoric acid and polyphosphoric acids,4,FALSE,C00,TOTAL CPC,0,0,TOTAL MOT,8,kg,327540,FALSE,27,kg P2O5,171426,FALSE,327540,FALSE,0,FALSE,170514.911,,170514.911,0,FALSE,TRUE
C,A,20170101,2017,52,2017,276,DEU,Germany,M,Import,699,IND,India,0,W00,World,H5,HS,TRUE,2809,Diphosphorus pentoxide; phosphoric acid and polyphosphoric acids,4,FALSE,C00,TOTAL CPC,0,0,TOTAL MOT,8,kg,159,FALSE,27,kg P2O5,158,FALSE,159,FALSE,0,FALSE,6965.024,,6965.024,0,FALSE,TRUE
C,A,20170101,2017,52,2017,276,DEU,Germany,M,Import,705,SVN,Slovenia,0,W00,World,H5,HS,TRUE,2809,Diphosphorus pentoxide; phosphoric acid and polyphosphoric acids,4,FALSE,C00,TOTAL CPC,0,0,TOTAL MOT,8,kg,5068,FALSE,27,kg P2O5,2826,FALSE,5068,FALSE,0,FALSE,3022.281,,3022.281,0,FALSE,TRUE
C,A,20170101,2017,52,2017,276,DEU,Germany,M,Import,710,ZAF,South Africa,0,W00,World,H5,HS,TRUE,2809,Diphosphorus pentoxide; phosphoric acid and polyphosphoric acids,4,FALSE,C00,TOTAL CPC,0,0,TOTAL MOT,8,kg,210627,FALSE,27,kg P2O5,166554,FALSE,210627,FALSE,0,FALSE,194763.18,,194763.18,0,FALSE,TRUE
C,A,20170101,2017,52,2017,276,DEU,Germany,M,Import,724,ESP,Spain,0,W00,World,H5,HS,TRUE,2809,Diphosphorus pentoxide; phosphoric acid and polyphosphoric acids,4,FALSE,C00,TOTAL CPC,0,0,TOTAL MOT,8,kg,5431,FALSE,27,kg P2O5,12966,FALSE,5431,FALSE,0,FALSE,21394.269,,21394.269,0,FALSE,TRUE
C,A,20170101,2017,52,2017,276,DEU,Germany,M,Import,752,SWE,Sweden,0,W00,World,H5,HS,TRUE,2809,Diphosphorus pentoxide; phosphoric acid and polyphosphoric acids,4,FALSE,C00,TOTAL CPC,0,0,TOTAL MOT,8,kg,3821,FALSE,27,kg P2O5,2141,FALSE,3821,FALSE,0,FALSE,3015.504,,3015.504,0,FALSE,TRUE
C,A,20170101,2017,52,2017,276,DEU,Germany,M,Import,757,CHE,Switzerland,0,W00,World,H5,HS,TRUE,2809,Diphosphorus pentoxide; phosphoric acid and polyphosphoric acids,4,FALSE,C00,TOTAL CPC,0,0,TOTAL MOT,8,kg,3664903.637,TRUE,-1,N/A,0,FALSE,3664903.637,TRUE,0,FALSE,5696164.571,,5696164.571,6,FALSE,TRUE
C,A,20170101,2017,52,2017,276,DEU,Germany,M,Import,826,GBR,United Kingdom,0,W00,World,H5,HS,TRUE,2809,Diphosphorus pentoxide; phosphoric acid and polyphosphoric acids,4,FALSE,C00,TOTAL CPC,0,0,TOTAL MOT,8,kg,619768,FALSE,27,kg P2O5,392859,FALSE,619768,FALSE,0,FALSE,448111.849,,448111.849,0,FALSE,TRUE
C,A,20170101,2017,52,2017,276,DEU,Germany,M,Import,839,XX ,Special Categories,0,W00,World,H5,HS,TRUE,2809,Diphosphorus pentoxide; phosphoric acid and polyphosphoric acids,4,FALSE,C00,TOTAL CPC,0,0,TOTAL MOT,8,kg,182323000,FALSE,27,kg P2O5,101218000,FALSE,182323000,FALSE,0,FALSE,148175727.4,,148175727.4,0,FALSE,TRUE
C,A,20170101,2017,52,2017,276,DEU,Germany,M,Import,842,USA,USA,0,W00,World,H5,HS,TRUE,2809,Diphosphorus pentoxide; phosphoric acid and polyphosphoric acids,4,FALSE,C00,TOTAL CPC,0,0,TOTAL MOT,8,kg,2013673,FALSE,27,kg P2O5,1689302,FALSE,2013673,FALSE,0,FALSE,3165446.045,,3165446.045,0,FALSE,TRUE
C,A,20170101,2017,52,2017,276,DEU,Germany,M,Import,0,W00,World,0,W00,World,H5,HS,TRUE,2817,Zinc; oxide and peroxide,4,FALSE,C00,TOTAL CPC,0,0,TOTAL MOT,8,kg,34958190.6,TRUE,-1,N/A,0,FALSE,34958190.6,TRUE,0,FALSE,93641248.74,,93641248.74,6,FALSE,TRUE
C,A,20170101,2017,52,2017,276,DEU,Germany,M,Import,36,AUS,Australia,0,W00,World,H5,HS,TRUE,2817,Zinc; oxide and peroxide,4,FALSE,C00,TOTAL CPC,0,0,TOTAL MOT,8,kg,30932.265,TRUE,-1,N/A,0,FALSE,30932.265,TRUE,0,FALSE,70303.039,,70303.039,6,FALSE,TRUE
C,A,20170101,2017,52,2017,276,DEU,Germany,M,Import,40,AUT,Austria,0,W00,World,H5,HS,TRUE,2817,Zinc; oxide and peroxide,4,FALSE,C00,TOTAL CPC,0,0,TOTAL MOT,8,kg,8111340,FALSE,8,kg,8111340,FALSE,8111340,FALSE,0,FALSE,21405779.96,,21405779.96,0,FALSE,TRUE
C,A,20170101,2017,52,2017,276,DEU,Germany,M,Import,56,BEL,Belgium,0,W00,World,H5,HS,TRUE,2817,Zinc; oxide and peroxide,4,FALSE,C00,TOTAL CPC,0,0,TOTAL MOT,8,kg,4535512,FALSE,8,kg,4535512,FALSE,4535512,FALSE,0,FALSE,13604573.14,,13604573.14,0,FALSE,TRUE
C,A,20170101,2017,52,2017,276,DEU,Germany,M,Import,124,CAN,Canada,0,W00,World,H5,HS,TRUE,2817,Zinc; oxide and peroxide,4,FALSE,C00,TOTAL CPC,0,0,TOTAL MOT,8,kg,12907,FALSE,8,kg,12907,FALSE,12907,FALSE,0,FALSE,53935.74,,53935.74,0,FALSE,TRUE
C,A,20170101,2017,52,2017,276,DEU,Germany,M,Import,156,CHN,China,0,W00,World,H5,HS,TRUE,2817,Zinc; oxide and peroxide,4,FALSE,C00,TOTAL CPC,0,0,TOTAL MOT,8,kg,31300.219,TRUE,-1,N/A,0,FALSE,31300.219,TRUE,0,FALSE,72139.447,,72139.447,6,FALSE,TRUE
C,A,20170101,2017,52,2017,276,DEU,Germany,M,Import,203,CZE,Czechia,0,W00,World,H5,HS,TRUE,2817,Zinc; oxide and peroxide,4,FALSE,C00,TOTAL CPC,0,0,TOTAL MOT,8,kg,206870,FALSE,8,kg,206870,FALSE,206870,FALSE,0,FALSE,645761.781,,645761.781,0,FALSE,TRUE
C,A,20170101,2017,52,2017,276,DEU,Germany,M,Import,208,DNK,Denmark,0,W00,World,H5,HS,TRUE,2817,Zinc; oxide and peroxide,4,FALSE,C00,TOTAL CPC,0,0,TOTAL MOT,8,kg,2377,FALSE,8,kg,2377,FALSE,2377,FALSE,0,FALSE,8886.138,,8886.138,0,FALSE,TRUE
C,A,20170101,2017,52,2017,276,DEU,Germany,M,Import,246,FIN,Finland,0,W00,World,H5,HS,TRUE,2817,Zinc; oxide and peroxide,4,FALSE,C00,TOTAL CPC,0,0,TOTAL MOT,8,kg,4306,FALSE,8,kg,4306,FALSE,4306,FALSE,0,FALSE,9090.56,,9090.56,0,FALSE,TRUE
C,A,20170101,2017,52,2017,276,DEU,Germany,M,Import,251,FRA,France,0,W00,World,H5,HS,TRUE,2817,Zinc; oxide and peroxide,4,FALSE,C00,TOTAL CPC,0,0,TOTAL MOT,8,kg,90613,FALSE,8,kg,90613,FALSE,90613,FALSE,0,FALSE,230594.599,,230594.599,0,FALSE,TRUE
C,A,20170101,2017,52,2017,276,DEU,Germany,M,Import,300,GRC,Greece,0,W00,World,H5,HS,TRUE,2817,Zinc; oxide and peroxide,4,FALSE,C00,TOTAL CPC,0,0,TOTAL MOT,8,kg,144000,FALSE,8,kg,144000,FALSE,144000,FALSE,0,FALSE,252543.405,,252543.405,0,FALSE,TRUE
C,A,20170101,2017,52,2017,276,DEU,Germany,M,Import,380,ITA,Italy,0,W00,World,H5,HS,TRUE,2817,Zinc; oxide and peroxide,4,FALSE,C00,TOTAL CPC,0,0,TOTAL MOT,8,kg,410820,FALSE,8,kg,410820,FALSE,410820,FALSE,0,FALSE,1101538.884,,1101538.884,0,FALSE,TRUE
C,A,20170101,2017,52,2017,276,DEU,Germany,M,Import,392,JPN,Japan,0,W00,World,H5,HS,TRUE,2817,Zinc; oxide and peroxide,4,FALSE,C00,TOTAL CPC,0,0,TOTAL MOT,8,kg,18750,FALSE,8,kg,18750,FALSE,18750,FALSE,0,FALSE,127151.507,,127151.507,0,FALSE,TRUE
C,A,20170101,2017,52,2017,276,DEU,Germany,M,Import,484,MEX,Mexico,0,W00,World,H5,HS,TRUE,2817,Zinc; oxide and peroxide,4,FALSE,C00,TOTAL CPC,0,0,TOTAL MOT,8,kg,191025,FALSE,8,kg,191025,FALSE,191025,FALSE,0,FALSE,398561.579,,398561.579,0,FALSE,TRUE
C,A,20170101,2017,52,2017,276,DEU,Germany,M,Import,490,S19,"Other Asia, nes",0,W00,World,H5,HS,TRUE,2817,Zinc; oxide and peroxide,4,FALSE,C00,TOTAL CPC,0,0,TOTAL MOT,8,kg,2000,FALSE,8,kg,2000,FALSE,2000,FALSE,0,FALSE,5167.016,,5167.016,0,FALSE,TRUE
C,A,20170101,2017,52,2017,276,DEU,Germany,M,Import,528,NLD,Netherlands,0,W00,World,H5,HS,TRUE,2817,Zinc; oxide and peroxide,4,FALSE,C00,TOTAL CPC,0,0,TOTAL MOT,8,kg,7467433,FALSE,8,kg,7467433,FALSE,7467433,FALSE,0,FALSE,19084383.75,,19084383.75,0,FALSE,TRUE
C,A,20170101,2017,52,2017,276,DEU,Germany,M,Import,604,PER,Peru,0,W00,World,H5,HS,TRUE,2817,Zinc; oxide and peroxide,4,FALSE,C00,TOTAL CPC,0,0,TOTAL MOT,8,kg,7784065,FALSE,8,kg,7784065,FALSE,7784065,FALSE,0,FALSE,21919326,,21919326,0,FALSE,TRUE
C,A,20170101,2017,52,2017,276,DEU,Germany,M,Import,616,POL,Poland,0,W00,World,H5,HS,TRUE,2817,Zinc; oxide and peroxide,4,FALSE,C00,TOTAL CPC,0,0,TOTAL MOT,8,kg,3615287,FALSE,8,kg,3615287,FALSE,3615287,FALSE,0,FALSE,9440489.189,,9440489.189,0,FALSE,TRUE
C,A,20170101,2017,52,2017,276,DEU,Germany,M,Import,642,ROU,Romania,0,W00,World,H5,HS,TRUE,2817,Zinc; oxide and peroxide,4,FALSE,C00,TOTAL CPC,0,0,TOTAL MOT,8,kg,22000,FALSE,8,kg,22000,FALSE,22000,FALSE,0,FALSE,40160.419,,40160.419,0,FALSE,TRUE
C,A,20170101,2017,52,2017,276,DEU,Germany,M,Import,643,RUS,Russian Federation,0,W00,World,H5,HS,TRUE,2817,Zinc; oxide and peroxide,4,FALSE,C00,TOTAL CPC,0,0,TOTAL MOT,8,kg,1038,FALSE,8,kg,1038,FALSE,1038,FALSE,0,FALSE,2536.638,,2536.638,0,FALSE,TRUE
C,A,20170101,2017,52,2017,276,DEU,Germany,M,Import,699,IND,India,0,W00,World,H5,HS,TRUE,2817,Zinc; oxide and peroxide,4,FALSE,C00,TOTAL CPC,0,0,TOTAL MOT,8,kg,23.422,TRUE,-1,N/A,0,FALSE,23.422,TRUE,0,FALSE,137.787,,137.787,6,FALSE,TRUE
C,A,20170101,2017,52,2017,276,DEU,Germany,M,Import,703,SVK,Slovakia,0,W00,World,H5,HS,TRUE,2817,Zinc; oxide and peroxide,4,FALSE,C00,TOTAL CPC,0,0,TOTAL MOT,8,kg,563600,FALSE,8,kg,563600,FALSE,563600,FALSE,0,FALSE,1567138.399,,1567138.399,0,FALSE,TRUE
C,A,20170101,2017,52,2017,276,DEU,Germany,M,Import,724,ESP,Spain,0,W00,World,H5,HS,TRUE,2817,Zinc; oxide and peroxide,4,FALSE,C00,TOTAL CPC,0,0,TOTAL MOT,8,kg,24719,FALSE,8,kg,24719,FALSE,24719,FALSE,0,FALSE,57260.7,,57260.7,0,FALSE,TRUE
C,A,20170101,2017,52,2017,276,DEU,Germany,M,Import,757,CHE,Switzerland,0,W00,World,H5,HS,TRUE,2817,Zinc; oxide and peroxide,4,FALSE,C00,TOTAL CPC,0,0,TOTAL MOT,8,kg,24167,FALSE,8,kg,24167,FALSE,24167,FALSE,0,FALSE,56403.484,,56403.484,0,FALSE,TRUE
C,A,20170101,2017,52,2017,276,DEU,Germany,M,Import,764,THA,Thailand,0,W00,World,H5,HS,TRUE,2817,Zinc; oxide and peroxide,4,FALSE,C00,TOTAL CPC,0,0,TOTAL MOT,8,kg,164590,FALSE,8,kg,164590,FALSE,164590,FALSE,0,FALSE,338069.658,,338069.658,0,FALSE,TRUE
C,A,20170101,2017,52,2017,276,DEU,Germany,M,Import,792,TUR,Türkiye,0,W00,World,H5,HS,TRUE,2817,Zinc; oxide and peroxide,4,FALSE,C00,TOTAL CPC,0,0,TOTAL MOT,8,kg,1387393.843,TRUE,-1,N/A,0,FALSE,1387393.843,TRUE,0,FALSE,2580120.844,,2580120.844,6,FALSE,TRUE
C,A,20170101,2017,52,2017,276,DEU,Germany,M,Import,826,GBR,United Kingdom,0,W00,World,H5,HS,TRUE,2817,Zinc; oxide and peroxide,4,FALSE,C00,TOTAL CPC,0,0,TOTAL MOT,8,kg,28964,FALSE,8,kg,28964,FALSE,28964,FALSE,0,FALSE,173303.405,,173303.405,0,FALSE,TRUE
C,A,20170101,2017,52,2017,276,DEU,Germany,M,Import,842,USA,USA,0,W00,World,H5,HS,TRUE,2817,Zinc; oxide and peroxide,4,FALSE,C00,TOTAL CPC,0,0,TOTAL MOT,8,kg,82157.854,TRUE,-1,N/A,0,FALSE,82157.854,TRUE,0,FALSE,395891.672,,395891.672,6,FALSE,TRUE
C,A,20170101,2017,52,2017,276,DEU,Germany,M,Import,0,W00,World,0,W00,World,H5,HS,TRUE,2819,Chromium oxides and hydroxides,4,FALSE,C00,TOTAL CPC,0,0,TOTAL MOT,8,kg,11894962.69,TRUE,-1,N/A,0,FALSE,11894962.69,TRUE,0,FALSE,36898362.62,,36898362.62,6,FALSE,TRUE
C,A,20170101,2017,52,2017,276,DEU,Germany,M,Import,40,AUT,Austria,0,W00,World,H5,HS,TRUE,2819,Chromium oxides and hydroxides,4,FALSE,C00,TOTAL CPC,0,0,TOTAL MOT,8,kg,13563,FALSE,8,kg,13563,FALSE,13563,FALSE,0,FALSE,16846.166,,16846.166,0,FALSE,TRUE
C,A,20170101,2017,52,2017,276,DEU,Germany,M,Import,56,BEL,Belgium,0,W00,World,H5,HS,TRUE,2819,Chromium oxides and hydroxides,4,FALSE,C00,TOTAL CPC,0,0,TOTAL MOT,8,kg,38124,FALSE,8,kg,38124,FALSE,38124,FALSE,0,FALSE,194030.198,,194030.198,0,FALSE,TRUE
C,A,20170101,2017,52,2017,276,DEU,Germany,M,Import,124,CAN,Canada,0,W00,World,H5,HS,TRUE,2819,Chromium oxides and hydroxides,4,FALSE,C00,TOTAL CPC,0,0,TOTAL MOT,8,kg,50,FALSE,8,kg,50,FALSE,50,FALSE,0,FALSE,1247.99,,1247.99,0,FALSE,TRUE
C,A,20170101,2017,52,2017,276,DEU,Germany,M,Import,156,CHN,China,0,W00,World,H5,HS,TRUE,2819,Chromium oxides and hydroxides,4,FALSE,C00,TOTAL CPC,0,0,TOTAL MOT,8,kg,373080,FALSE,8,kg,373080,FALSE,373080,FALSE,0,FALSE,1927657.189,,1927657.189,0,FALSE,TRUE
C,A,20170101,2017,52,2017,276,DEU,Germany,M,Import,203,CZE,Czechia,0,W00,World,H5,HS,TRUE,2819,Chromium oxides and hydroxides,4,FALSE,C00,TOTAL CPC,0,0,TOTAL MOT,8,kg,2000,FALSE,8,kg,2000,FALSE,2000,FALSE,0,FALSE,9500.533,,9500.533,0,FALSE,TRUE
C,A,20170101,2017,52,2017,276,DEU,Germany,M,Import,251,FRA,France,0,W00,World,H5,HS,TRUE,2819,Chromium oxides and hydroxides,4,FALSE,C00,TOTAL CPC,0,0,TOTAL MOT,8,kg,3356,FALSE,8,kg,3356,FALSE,3356,FALSE,0,FALSE,33274.453,,33274.453,0,FALSE,TRUE
C,A,20170101,2017,52,2017,276,DEU,Germany,M,Import,372,IRL,Ireland,0,W00,World,H5,HS,TRUE,2819,Chromium oxides and hydroxides,4,FALSE,C00,TOTAL CPC,0,0,TOTAL MOT,8,kg,150,FALSE,8,kg,150,FALSE,150,FALSE,0,FALSE,6317.877,,6317.877,0,FALSE,TRUE
C,A,20170101,2017,52,2017,276,DEU,Germany,M,Import,380,ITA,Italy,0,W00,World,H5,HS,TRUE,2819,Chromium oxides and hydroxides,4,FALSE,C00,TOTAL CPC,0,0,TOTAL MOT,8,kg,127266,FALSE,8,kg,127266,FALSE,127266,FALSE,0,FALSE,611113.975,,611113.975,0,FALSE,TRUE
C,A,20170101,2017,52,2017,276,DEU,Germany,M,Import,392,JPN,Japan,0,W00,World,H5,HS,TRUE,2819,Chromium oxides and hydroxides,4,FALSE,C00,TOTAL CPC,0,0,TOTAL MOT,8,kg,75,FALSE,8,kg,75,FALSE,75,FALSE,0,FALSE,1762.997,,1762.997,0,FALSE,TRUE
C,A,20170101,2017,52,2017,276,DEU,Germany,M,Import,398,KAZ,Kazakhstan,0,W00,World,H5,HS,TRUE,2819,Chromium oxides and hydroxides,4,FALSE,C00,TOTAL CPC,0,0,TOTAL MOT,8,kg,7278540,FALSE,8,kg,7278540,FALSE,7278540,FALSE,0,FALSE,19953975.01,,19953975.01,0,FALSE,TRUE
C,A,20170101,2017,52,2017,276,DEU,Germany,M,Import,428,LVA,Latvia,0,W00,World,H5,HS,TRUE,2819,Chromium oxides and hydroxides,4,FALSE,C00,TOTAL CPC,0,0,TOTAL MOT,8,kg,68880,FALSE,8,kg,68880,FALSE,68880,FALSE,0,FALSE,197645.415,,197645.415,0,FALSE,TRUE
C,A,20170101,2017,52,2017,276,DEU,Germany,M,Import,528,NLD,Netherlands,0,W00,World,H5,HS,TRUE,2819,Chromium oxides and hydroxides,4,FALSE,C00,TOTAL CPC,0,0,TOTAL MOT,8,kg,92836,FALSE,8,kg,92836,FALSE,92836,FALSE,0,FALSE,338396.056,,338396.056,0,FALSE,TRUE
C,A,20170101,2017,52,2017,276,DEU,Germany,M,Import,616,POL,Poland,0,W00,World,H5,HS,TRUE,2819,Chromium oxides and hydroxides,4,FALSE,C00,TOTAL CPC,0,0,TOTAL MOT,8,kg,28153,FALSE,8,kg,28153,FALSE,28153,FALSE,0,FALSE,139268.865,,139268.865,0,FALSE,TRUE
C,A,20170101,2017,52,2017,276,DEU,Germany,M,Import,643,RUS,Russian Federation,0,W00,World,H5,HS,TRUE,2819,Chromium oxides and hydroxides,4,FALSE,C00,TOTAL CPC,0,0,TOTAL MOT,8,kg,698010,FALSE,8,kg,698010,FALSE,698010,FALSE,0,FALSE,1730858.826,,1730858.826,0,FALSE,TRUE
C,A,20170101,2017,52,2017,276,DEU,Germany,M,Import,699,IND,India,0,W00,World,H5,HS,TRUE,2819,Chromium oxides and hydroxides,4,FALSE,C00,TOTAL CPC,0,0,TOTAL MOT,8,kg,20241,FALSE,8,kg,20241,FALSE,20241,FALSE,0,FALSE,92795.087,,92795.087,0,FALSE,TRUE
C,A,20170101,2017,52,2017,276,DEU,Germany,M,Import,705,SVN,Slovenia,0,W00,World,H5,HS,TRUE,2819,Chromium oxides and hydroxides,4,FALSE,C00,TOTAL CPC,0,0,TOTAL MOT,8,kg,100,FALSE,8,kg,100,FALSE,100,FALSE,0,FALSE,167.152,,167.152,0,FALSE,TRUE
C,A,20170101,2017,52,2017,276,DEU,Germany,M,Import,710,ZAF,South Africa,0,W00,World,H5,HS,TRUE,2819,Chromium oxides and hydroxides,4,FALSE,C00,TOTAL CPC,0,0,TOTAL MOT,8,kg,810000,FALSE,8,kg,810000,FALSE,810000,FALSE,0,FALSE,2657350.507,,2657350.507,0,FALSE,TRUE
C,A,20170101,2017,52,2017,276,DEU,Germany,M,Import,724,ESP,Spain,0,W00,World,H5,HS,TRUE,2819,Chromium oxides and hydroxides,4,FALSE,C00,TOTAL CPC,0,0,TOTAL MOT,8,kg,223644,FALSE,8,kg,223644,FALSE,223644,FALSE,0,FALSE,1212341.162,,1212341.162,0,FALSE,TRUE
C,A,20170101,2017,52,2017,276,DEU,Germany,M,Import,752,SWE,Sweden,0,W00,World,H5,HS,TRUE,2819,Chromium oxides and hydroxides,4,FALSE,C00,TOTAL CPC,0,0,TOTAL MOT,8,kg,15000,FALSE,8,kg,15000,FALSE,15000,FALSE,0,FALSE,112336.007,,112336.007,0,FALSE,TRUE
C,A,20170101,2017,52,2017,276,DEU,Germany,M,Import,757,CHE,Switzerland,0,W00,World,H5,HS,TRUE,2819,Chromium oxides and hydroxides,4,FALSE,C00,TOTAL CPC,0,0,TOTAL MOT,8,kg,3713,FALSE,8,kg,3713,FALSE,3713,FALSE,0,FALSE,9228.347,,9228.347,0,FALSE,TRUE
C,A,20170101,2017,52,2017,276,DEU,Germany,M,Import,792,TUR,Türkiye,0,W00,World,H5,HS,TRUE,2819,Chromium oxides and hydroxides,4,FALSE,C00,TOTAL CPC,0,0,TOTAL MOT,8,kg,921000,FALSE,8,kg,921000,FALSE,921000,FALSE,0,FALSE,2373936.018,,2373936.018,0,FALSE,TRUE
C,A,20170101,2017,52,2017,276,DEU,Germany,M,Import,826,GBR,United Kingdom,0,W00,World,H5,HS,TRUE,2819,Chromium oxides and hydroxides,4,FALSE,C00,TOTAL CPC,0,0,TOTAL MOT,8,kg,364036,FALSE,8,kg,364036,FALSE,364036,FALSE,0,FALSE,1773915.032,,1773915.032,0,FALSE,TRUE
C,A,20170101,2017,52,2017,276,DEU,Germany,M,Import,842,USA,USA,0,W00,World,H5,HS,TRUE,2819,Chromium oxides and hydroxides,4,FALSE,C00,TOTAL CPC,0,0,TOTAL MOT,8,kg,813145.687,TRUE,-1,N/A,0,FALSE,813145.687,TRUE,0,FALSE,3504397.767,,3504397.767,6,FALSE,TRUE
C,A,20170101,2017,52,2017,276,DEU,Germany,M,Import,0,W00,World,0,W00,World,H5,HS,TRUE,2820,Manganese oxides,4,FALSE,C00,TOTAL CPC,0,0,TOTAL MOT,-1,N/A,0,FALSE,-1,N/A,0,FALSE,,FALSE,0,FALSE,28291074.22,,28291074.22,0,FALSE,TRUE
C,A,20170101,2017,52,2017,276,DEU,Germany,M,Import,40,AUT,Austria,0,W00,World,H5,HS,TRUE,2820,Manganese oxides,4,FALSE,C00,TOTAL CPC,0,0,TOTAL MOT,8,kg,34066,FALSE,8,kg,34066,FALSE,34066,FALSE,0,FALSE,33212.335,,33212.335,0,FALSE,TRUE
C,A,20170101,2017,52,2017,276,DEU,Germany,M,Import,56,BEL,Belgium,0,W00,World,H5,HS,TRUE,2820,Manganese oxides,4,FALSE,C00,TOTAL CPC,0,0,TOTAL MOT,8,kg,295688,FALSE,8,kg,295688,FALSE,295688,FALSE,0,FALSE,602765.433,,602765.433,0,FALSE,TRUE
C,A,20170101,2017,52,2017,276,DEU,Germany,M,Import,76,BRA,Brazil,0,W00,World,H5,HS,TRUE,2820,Manganese oxides,4,FALSE,C00,TOTAL CPC,0,0,TOTAL MOT,8,kg,222251.624,TRUE,-1,N/A,0,FALSE,222251.624,TRUE,0,FALSE,329033.31,,329033.31,6,FALSE,TRUE
C,A,20170101,2017,52,2017,276,DEU,Germany,M,Import,156,CHN,China,0,W00,World,H5,HS,TRUE,2820,Manganese oxides,4,FALSE,C00,TOTAL CPC,0,0,TOTAL MOT,-1,N/A,0,FALSE,-1,N/A,0,FALSE,,FALSE,0,FALSE,5501740.211,,5501740.211,0,FALSE,TRUE
C,A,20170101,2017,52,2017,276,DEU,Germany,M,Import,208,DNK,Denmark,0,W00,World,H5,HS,TRUE,2820,Manganese oxides,4,FALSE,C00,TOTAL CPC,0,0,TOTAL MOT,8,kg,370950,FALSE,8,kg,370950,FALSE,370950,FALSE,0,FALSE,225157.656,,225157.656,0,FALSE,TRUE
C,A,20170101,2017,52,2017,276,DEU,Germany,M,Import,251,FRA,France,0,W00,World,H5,HS,TRUE,2820,Manganese oxides,4,FALSE,C00,TOTAL CPC,0,0,TOTAL MOT,8,kg,1328082,FALSE,8,kg,1328082,FALSE,1328082,FALSE,0,FALSE,911389.313,,911389.313,0,FALSE,TRUE
C,A,20170101,2017,52,2017,276,DEU,Germany,M,Import,268,GEO,Georgia,0,W00,World,H5,HS,TRUE,2820,Manganese oxides,4,FALSE,C00,TOTAL CPC,0,0,TOTAL MOT,8,kg,152000,FALSE,8,kg,152000,FALSE,152000,FALSE,0,FALSE,102637.829,,102637.829,0,FALSE,TRUE
C,A,20170101,2017,52,2017,276,DEU,Germany,M,Import,300,GRC,Greece,0,W00,World,H5,HS,TRUE,2820,Manganese oxides,4,FALSE,C00,TOTAL CPC,0,0,TOTAL MOT,8,kg,5640200,FALSE,8,kg,5640200,FALSE,5640200,FALSE,0,FALSE,9685462.21,,9685462.21,0,FALSE,TRUE
C,A,20170101,2017,52,2017,276,DEU,Germany,M,Import,344,HKG,"China, Hong Kong SAR",0,W00,World,H5,HS,TRUE,2820,Manganese oxides,4,FALSE,C00,TOTAL CPC,0,0,TOTAL MOT,8,kg,1180,FALSE,8,kg,1180,FALSE,1180,FALSE,0,FALSE,4296.247,,4296.247,0,FALSE,TRUE
C,A,20170101,2017,52,2017,276,DEU,Germany,M,Import,380,ITA,Italy,0,W00,World,H5,HS,TRUE,2820,Manganese oxides,4,FALSE,C00,TOTAL CPC,0,0,TOTAL MOT,8,kg,2000,FALSE,8,kg,2000,FALSE,2000,FALSE,0,FALSE,4400.152,,4400.152,0,FALSE,TRUE
C,A,20170101,2017,52,2017,276,DEU,Germany,M,Import,410,KOR,Rep. of Korea,0,W00,World,H5,HS,TRUE,2820,Manganese oxides,4,FALSE,C00,TOTAL CPC,0,0,TOTAL MOT,8,kg,214,FALSE,8,kg,214,FALSE,214,FALSE,0,FALSE,26502.556,,26502.556,0,FALSE,TRUE
C,A,20170101,2017,52,2017,276,DEU,Germany,M,Import,484,MEX,Mexico,0,W00,World,H5,HS,TRUE,2820,Manganese oxides,4,FALSE,C00,TOTAL CPC,0,0,TOTAL MOT,8,kg,89000,FALSE,8,kg,89000,FALSE,89000,FALSE,0,FALSE,67723.484,,67723.484,0,FALSE,TRUE
C,A,20170101,2017,52,2017,276,DEU,Germany,M,Import,528,NLD,Netherlands,0,W00,World,H5,HS,TRUE,2820,Manganese oxides,4,FALSE,C00,TOTAL CPC,0,0,TOTAL MOT,8,kg,771750,FALSE,8,kg,771750,FALSE,771750,FALSE,0,FALSE,505586.006,,505586.006,0,FALSE,TRUE
C,A,20170101,2017,52,2017,276,DEU,Germany,M,Import,579,NOR,Norway,0,W00,World,H5,HS,TRUE,2820,Manganese oxides,4,FALSE,C00,TOTAL CPC,0,0,TOTAL MOT,8,kg,953122,FALSE,8,kg,953122,FALSE,953122,FALSE,0,FALSE,627851.719,,627851.719,0,FALSE,TRUE
C,A,20170101,2017,52,2017,276,DEU,Germany,M,Import,620,PRT,Portugal,0,W00,World,H5,HS,TRUE,2820,Manganese oxides,4,FALSE,C00,TOTAL CPC,0,0,TOTAL MOT,8,kg,1000,FALSE,8,kg,1000,FALSE,1000,FALSE,0,FALSE,992.745,,992.745,0,FALSE,TRUE
C,A,20170101,2017,52,2017,276,DEU,Germany,M,Import,699,IND,India,0,W00,World,H5,HS,TRUE,2820,Manganese oxides,4,FALSE,C00,TOTAL CPC,0,0,TOTAL MOT,8,kg,269604,FALSE,8,kg,269604,FALSE,269604,FALSE,0,FALSE,212954.464,,212954.464,0,FALSE,TRUE
C,A,20170101,2017,52,2017,276,DEU,Germany,M,Import,724,ESP,Spain,0,W00,World,H5,HS,TRUE,2820,Manganese oxides,4,FALSE,C00,TOTAL CPC,0,0,TOTAL MOT,8,kg,3942070,FALSE,8,kg,3942070,FALSE,3942070,FALSE,0,FALSE,6946669.368,,6946669.368,0,FALSE,TRUE
C,A,20170101,2017,52,2017,276,DEU,Germany,M,Import,792,TUR,Türkiye,0,W00,World,H5,HS,TRUE,2820,Manganese oxides,4,FALSE,C00,TOTAL CPC,0,0,TOTAL MOT,8,kg,4000,FALSE,8,kg,4000,FALSE,4000,FALSE,0,FALSE,3280.914,,3280.914,0,FALSE,TRUE
C,A,20170101,2017,52,2017,276,DEU,Germany,M,Import,804,UKR,Ukraine,0,W00,World,H5,HS,TRUE,2820,Manganese oxides,4,FALSE,C00,TOTAL CPC,0,0,TOTAL MOT,8,kg,42303,FALSE,8,kg,42303,FALSE,42303,FALSE,0,FALSE,61030.645,,61030.645,0,FALSE,TRUE
C,A,20170101,2017,52,2017,276,DEU,Germany,M,Import,826,GBR,United Kingdom,0,W00,World,H5,HS,TRUE,2820,Manganese oxides,4,FALSE,C00,TOTAL CPC,0,0,TOTAL MOT,8,kg,44641,FALSE,8,kg,44641,FALSE,44641,FALSE,0,FALSE,39303.202,,39303.202,0,FALSE,TRUE
C,A,20170101,2017,52,2017,276,DEU,Germany,M,Import,842,USA,USA,0,W00,World,H5,HS,TRUE,2820,Manganese oxides,4,FALSE,C00,TOTAL CPC,0,0,TOTAL MOT,8,kg,428967,FALSE,8,kg,428967,FALSE,428967,FALSE,0,FALSE,2399084.42,,2399084.42,0,FALSE,TRUE
C,A,20170101,2017,52,2017,276,DEU,Germany,M,Import,0,W00,World,0,W00,World,H5,HS,TRUE,2822,Cobalt oxides and hydroxides; commercial cobalt oxides,4,FALSE,C00,TOTAL CPC,0,0,TOTAL MOT,8,kg,1102683,FALSE,8,kg,1102683,FALSE,1102683,FALSE,0,FALSE,34333109.23,,34333109.23,0,FALSE,TRUE
C,A,20170101,2017,52,2017,276,DEU,Germany,M,Import,40,AUT,Austria,0,W00,World,H5,HS,TRUE,2822,Cobalt oxides and hydroxides; commercial cobalt oxides,4,FALSE,C00,TOTAL CPC,0,0,TOTAL MOT,8,kg,450,FALSE,8,kg,450,FALSE,450,FALSE,0,FALSE,19058.665,,19058.665,0,FALSE,TRUE
C,A,20170101,2017,52,2017,276,DEU,Germany,M,Import,56,BEL,Belgium,0,W00,World,H5,HS,TRUE,2822,Cobalt oxides and hydroxides; commercial cobalt oxides,4,FALSE,C00,TOTAL CPC,0,0,TOTAL MOT,8,kg,158316,FALSE,8,kg,158316,FALSE,158316,FALSE,0,FALSE,5410910.285,,5410910.285,0,FALSE,TRUE
C,A,20170101,2017,52,2017,276,DEU,Germany,M,Import,156,CHN,China,0,W00,World,H5,HS,TRUE,2822,Cobalt oxides and hydroxides; commercial cobalt oxides,4,FALSE,C00,TOTAL CPC,0,0,TOTAL MOT,8,kg,4488,FALSE,8,kg,4488,FALSE,4488,FALSE,0,FALSE,251607.131,,251607.131,0,FALSE,TRUE
C,A,20170101,2017,52,2017,276,DEU,Germany,M,Import,203,CZE,Czechia,0,W00,World,H5,HS,TRUE,2822,Cobalt oxides and hydroxides; commercial cobalt oxides,4,FALSE,C00,TOTAL CPC,0,0,TOTAL MOT,8,kg,1088,FALSE,8,kg,1088,FALSE,1088,FALSE,0,FALSE,23266.818,,23266.818,0,FALSE,TRUE
C,A,20170101,2017,52,2017,276,DEU,Germany,M,Import,208,DNK,Denmark,0,W00,World,H5,HS,TRUE,2822,Cobalt oxides and hydroxides; commercial cobalt oxides,4,FALSE,C00,TOTAL CPC,0,0,TOTAL MOT,8,kg,2000,FALSE,8,kg,2000,FALSE,2000,FALSE,0,FALSE,9073.619,,9073.619,0,FALSE,TRUE
C,A,20170101,2017,52,2017,276,DEU,Germany,M,Import,246,FIN,Finland,0,W00,World,H5,HS,TRUE,2822,Cobalt oxides and hydroxides; commercial cobalt oxides,4,FALSE,C00,TOTAL CPC,0,0,TOTAL MOT,8,kg,826058,FALSE,8,kg,826058,FALSE,826058,FALSE,0,FALSE,24460091.69,,24460091.69,0,FALSE,TRUE
C,A,20170101,2017,52,2017,276,DEU,Germany,M,Import,251,FRA,France,0,W00,World,H5,HS,TRUE,2822,Cobalt oxides and hydroxides; commercial cobalt oxides,4,FALSE,C00,TOTAL CPC,0,0,TOTAL MOT,8,kg,15814,FALSE,8,kg,15814,FALSE,15814,FALSE,0,FALSE,378546.31,,378546.31,0,FALSE,TRUE
C,A,20170101,2017,52,2017,276,DEU,Germany,M,Import,344,HKG,"China, Hong Kong SAR",0,W00,World,H5,HS,TRUE,2822,Cobalt oxides and hydroxides; commercial cobalt oxides,4,FALSE,C00,TOTAL CPC,0,0,TOTAL MOT,8,kg,400,FALSE,8,kg,400,FALSE,400,FALSE,0,FALSE,44396.807,,44396.807,0,FALSE,TRUE
C,A,20170101,2017,52,2017,276,DEU,Germany,M,Import,372,IRL,Ireland,0,W00,World,H5,HS,TRUE,2822,Cobalt oxides and hydroxides; commercial cobalt oxides,4,FALSE,C00,TOTAL CPC,0,0,TOTAL MOT,8,kg,245,FALSE,8,kg,245,FALSE,245,FALSE,0,FALSE,7352.409,,7352.409,0,FALSE,TRUE
C,A,20170101,2017,52,2017,276,DEU,Germany,M,Import,380,ITA,Italy,0,W00,World,H5,HS,TRUE,2822,Cobalt oxides and hydroxides; commercial cobalt oxides,4,FALSE,C00,TOTAL CPC,0,0,TOTAL MOT,8,kg,86147,FALSE,8,kg,86147,FALSE,86147,FALSE,0,FALSE,3305360.929,,3305360.929,0,FALSE,TRUE
C,A,20170101,2017,52,2017,276,DEU,Germany,M,Import,392,JPN,Japan,0,W00,World,H5,HS,TRUE,2822,Cobalt oxides and hydroxides; commercial cobalt oxides,4,FALSE,C00,TOTAL CPC,0,0,TOTAL MOT,8,kg,97,FALSE,8,kg,97,FALSE,97,FALSE,0,FALSE,9885.659,,9885.659,0,FALSE,TRUE
C,A,20170101,2017,52,2017,276,DEU,Germany,M,Import,528,NLD,Netherlands,0,W00,World,H5,HS,TRUE,2822,Cobalt oxides and hydroxides; commercial cobalt oxides,4,FALSE,C00,TOTAL CPC,0,0,TOTAL MOT,8,kg,28,FALSE,8,kg,28,FALSE,28,FALSE,0,FALSE,2309.628,,2309.628,0,FALSE,TRUE
C,A,20170101,2017,52,2017,276,DEU,Germany,M,Import,579,NOR,Norway,0,W00,World,H5,HS,TRUE,2822,Cobalt oxides and hydroxides; commercial cobalt oxides,4,FALSE,C00,TOTAL CPC,0,0,TOTAL MOT,8,kg,1,FALSE,8,kg,1,FALSE,1,FALSE,0,FALSE,1468.223,,1468.223,0,FALSE,TRUE
C,A,20170101,2017,52,2017,276,DEU,Germany,M,Import,699,IND,India,0,W00,World,H5,HS,TRUE,2822,Cobalt oxides and hydroxides; commercial cobalt oxides,4,FALSE,C00,TOTAL CPC,0,0,TOTAL MOT,8,kg,108,FALSE,8,kg,108,FALSE,108,FALSE,0,FALSE,9955.682,,9955.682,0,FALSE,TRUE
C,A,20170101,2017,52,2017,276,DEU,Germany,M,Import,703,SVK,Slovakia,0,W00,World,H5,HS,TRUE,2822,Cobalt oxides and hydroxides; commercial cobalt oxides,4,FALSE,C00,TOTAL CPC,0,0,TOTAL MOT,8,kg,37,FALSE,8,kg,37,FALSE,37,FALSE,0,FALSE,1198.296,,1198.296,0,FALSE,TRUE
C,A,20170101,2017,52,2017,276,DEU,Germany,M,Import,724,ESP,Spain,0,W00,World,H5,HS,TRUE,2822,Cobalt oxides and hydroxides; commercial cobalt oxides,4,FALSE,C00,TOTAL CPC,0,0,TOTAL MOT,8,kg,6676,FALSE,8,kg,6676,FALSE,6676,FALSE,0,FALSE,322547.152,,322547.152,0,FALSE,TRUE
C,A,20170101,2017,52,2017,276,DEU,Germany,M,Import,752,SWE,Sweden,0,W00,World,H5,HS,TRUE,2822,Cobalt oxides and hydroxides; commercial cobalt oxides,4,FALSE,C00,TOTAL CPC,0,0,TOTAL MOT,8,kg,1,FALSE,8,kg,1,FALSE,1,FALSE,0,FALSE,1747.185,,1747.185,0,FALSE,TRUE
C,A,20170101,2017,52,2017,276,DEU,Germany,M,Import,757,CHE,Switzerland,0,W00,World,H5,HS,TRUE,2822,Cobalt oxides and hydroxides; commercial cobalt oxides,4,FALSE,C00,TOTAL CPC,0,0,TOTAL MOT,8,kg,1,FALSE,8,kg,1,FALSE,1,FALSE,0,FALSE,221.363,,221.363,0,FALSE,TRUE
C,A,20170101,2017,52,2017,276,DEU,Germany,M,Import,792,TUR,Türkiye,0,W00,World,H5,HS,TRUE,2822,Cobalt oxides and hydroxides; commercial cobalt oxides,4,FALSE,C00,TOTAL CPC,0,0,TOTAL MOT,8,kg,16,FALSE,8,kg,16,FALSE,16,FALSE,0,FALSE,880.934,,880.934,0,FALSE,TRUE
C,A,20170101,2017,52,2017,276,DEU,Germany,M,Import,826,GBR,United Kingdom,0,W00,World,H5,HS,TRUE,2822,Cobalt oxides and hydroxides; commercial cobalt oxides,4,FALSE,C00,TOTAL CPC,0,0,TOTAL MOT,8,kg,631,FALSE,8,kg,631,FALSE,631,FALSE,0,FALSE,42624.775,,42624.775,0,FALSE,TRUE
C,A,20170101,2017,52,2017,276,DEU,Germany,M,Import,842,USA,USA,0,W00,World,H5,HS,TRUE,2822,Cobalt oxides and hydroxides; commercial cobalt oxides,4,FALSE,C00,TOTAL CPC,0,0,TOTAL MOT,8,kg,81,FALSE,8,kg,81,FALSE,81,FALSE,0,FALSE,30605.675,,30605.675,0,FALSE,TRUE
C,A,20170101,2017,52,2017,276,DEU,Germany,M,Import,0,W00,World,0,W00,World,H5,HS,TRUE,260200,"Manganese ores and concentrates, including ferruginous manganese ores and concentrates with a manganese content of 20% or more, calculated on the dry weight",6,TRUE,C00,TOTAL CPC,0,0,TOTAL MOT,8,kg,19795358,FALSE,8,kg,19795358,FALSE,19795358,FALSE,0,FALSE,14174851.31,,14174851.31,0,FALSE,TRUE
C,A,20170101,2017,52,2017,276,DEU,Germany,M,Import,36,AUS,Australia,0,W00,World,H5,HS,TRUE,260200,"Manganese ores and concentrates, including ferruginous manganese ores and concentrates with a manganese content of 20% or more, calculated on the dry weight",6,TRUE,C00,TOTAL CPC,0,0,TOTAL MOT,8,kg,21000,FALSE,8,kg,21000,FALSE,21000,FALSE,0,FALSE,11610.256,,11610.256,0,FALSE,TRUE
C,A,20170101,2017,52,2017,276,DEU,Germany,M,Import,56,BEL,Belgium,0,W00,World,H5,HS,TRUE,260200,"Manganese ores and concentrates, including ferruginous manganese ores and concentrates with a manganese content of 20% or more, calculated on the dry weight",6,TRUE,C00,TOTAL CPC,0,0,TOTAL MOT,8,kg,2267540,FALSE,8,kg,2267540,FALSE,2267540,FALSE,0,FALSE,1425541.836,,1425541.836,0,FALSE,TRUE
C,A,20170101,2017,52,2017,276,DEU,Germany,M,Import,76,BRA,Brazil,0,W00,World,H5,HS,TRUE,260200,"Manganese ores and concentrates, including ferruginous manganese ores and concentrates with a manganese content of 20% or more, calculated on the dry weight",6,TRUE,C00,TOTAL CPC,0,0,TOTAL MOT,8,kg,5116581,FALSE,8,kg,5116581,FALSE,5116581,FALSE,0,FALSE,3377891.149,,3377891.149,0,FALSE,TRUE
C,A,20170101,2017,52,2017,276,DEU,Germany,M,Import,156,CHN,China,0,W00,World,H5,HS,TRUE,260200,"Manganese ores and concentrates, including ferruginous manganese ores and concentrates with a manganese content of 20% or more, calculated on the dry weight",6,TRUE,C00,TOTAL CPC,0,0,TOTAL MOT,8,kg,1000,FALSE,8,kg,1000,FALSE,1000,FALSE,0,FALSE,2275.746,,2275.746,0,FALSE,TRUE
C,A,20170101,2017,52,2017,276,DEU,Germany,M,Import,251,FRA,France,0,W00,World,H5,HS,TRUE,260200,"Manganese ores and concentrates, including ferruginous manganese ores and concentrates with a manganese content of 20% or more, calculated on the dry weight",6,TRUE,C00,TOTAL CPC,0,0,TOTAL MOT,8,kg,767600,FALSE,8,kg,767600,FALSE,767600,FALSE,0,FALSE,424171.907,,424171.907,0,FALSE,TRUE
C,A,20170101,2017,52,2017,276,DEU,Germany,M,Import,266,GAB,Gabon,0,W00,World,H5,HS,TRUE,260200,"Manganese ores and concentrates, including ferruginous manganese ores and concentrates with a manganese content of 20% or more, calculated on the dry weight",6,TRUE,C00,TOTAL CPC,0,0,TOTAL MOT,8,kg,300000,FALSE,8,kg,300000,FALSE,300000,FALSE,0,FALSE,235277.102,,235277.102,0,FALSE,TRUE
C,A,20170101,2017,52,2017,276,DEU,Germany,M,Import,360,IDN,Indonesia,0,W00,World,H5,HS,TRUE,260200,"Manganese ores and concentrates, including ferruginous manganese ores and concentrates with a manganese content of 20% or more, calculated on the dry weight",6,TRUE,C00,TOTAL CPC,0,0,TOTAL MOT,8,kg,257,FALSE,8,kg,257,FALSE,257,FALSE,0,FALSE,1052.603,,1052.603,0,FALSE,TRUE
C,A,20170101,2017,52,2017,276,DEU,Germany,M,Import,504,MAR,Morocco,0,W00,World,H5,HS,TRUE,260200,"Manganese ores and concentrates, including ferruginous manganese ores and concentrates with a manganese content of 20% or more, calculated on the dry weight",6,TRUE,C00,TOTAL CPC,0,0,TOTAL MOT,8,kg,1572860,FALSE,8,kg,1572860,FALSE,1572860,FALSE,0,FALSE,1064705.685,,1064705.685,0,FALSE,TRUE
C,A,20170101,2017,52,2017,276,DEU,Germany,M,Import,528,NLD,Netherlands,0,W00,World,H5,HS,TRUE,260200,"Manganese ores and concentrates, including ferruginous manganese ores and concentrates with a manganese content of 20% or more, calculated on the dry weight",6,TRUE,C00,TOTAL CPC,0,0,TOTAL MOT,8,kg,9022250,FALSE,8,kg,9022250,FALSE,9022250,FALSE,0,FALSE,4871977.544,,4871977.544,0,FALSE,TRUE
C,A,20170101,2017,52,2017,276,DEU,Germany,M,Import,792,TUR,Türkiye,0,W00,World,H5,HS,TRUE,260200,"Manganese ores and concentrates, including ferruginous manganese ores and concentrates with a manganese content of 20% or more, calculated on the dry weight",6,TRUE,C00,TOTAL CPC,0,0,TOTAL MOT,8,kg,52562,FALSE,8,kg,52562,FALSE,52562,FALSE,0,FALSE,40489.075,,40489.075,0,FALSE,TRUE
C,A,20170101,2017,52,2017,276,DEU,Germany,M,Import,842,USA,USA,0,W00,World,H5,HS,TRUE,260200,"Manganese ores and concentrates, including ferruginous manganese ores and concentrates with a manganese content of 20% or more, calculated on the dry weight",6,TRUE,C00,TOTAL CPC,0,0,TOTAL MOT,8,kg,673708,FALSE,8,kg,673708,FALSE,673708,FALSE,0,FALSE,2719858.411,,2719858.411,0,FALSE,TRUE
C,A,20170101,2017,52,2017,276,DEU,Germany,M,Import,0,W00,World,0,W00,World,H5,HS,TRUE,261610,Silver ores and concentrates,6,TRUE,C00,TOTAL CPC,0,0,TOTAL MOT,8,kg,11080490,FALSE,8,kg,11080490,FALSE,11080490,FALSE,0,FALSE,51511079.85,,51511079.85,0,FALSE,TRUE
C,A,20170101,2017,52,2017,276,DEU,Germany,M,Import,32,ARG,Argentina,0,W00,World,H5,HS,TRUE,261610,Silver ores and concentrates,6,TRUE,C00,TOTAL CPC,0,0,TOTAL MOT,8,kg,3456260,FALSE,8,kg,3456260,FALSE,3456260,FALSE,0,FALSE,20943758.4,,20943758.4,0,FALSE,TRUE
C,A,20170101,2017,52,2017,276,DEU,Germany,M,Import,68,BOL,Bolivia (Plurinational State of),0,W00,World,H5,HS,TRUE,261610,Silver ores and concentrates,6,TRUE,C00,TOTAL CPC,0,0,TOTAL MOT,8,kg,1173270,FALSE,8,kg,1173270,FALSE,1173270,FALSE,0,FALSE,7455240.385,,7455240.385,0,FALSE,TRUE
C,A,20170101,2017,52,2017,276,DEU,Germany,M,Import,484,MEX,Mexico,0,W00,World,H5,HS,TRUE,261610,Silver ores and concentrates,6,TRUE,C00,TOTAL CPC,0,0,TOTAL MOT,8,kg,16060,FALSE,8,kg,16060,FALSE,16060,FALSE,0,FALSE,271545.6,,271545.6,0,FALSE,TRUE
C,A,20170101,2017,52,2017,276,DEU,Germany,M,Import,604,PER,Peru,0,W00,World,H5,HS,TRUE,261610,Silver ores and concentrates,6,TRUE,C00,TOTAL CPC,0,0,TOTAL MOT,8,kg,6373140,FALSE,8,kg,6373140,FALSE,6373140,FALSE,0,FALSE,22128393.06,,22128393.06,0,FALSE,TRUE
C,A,20170101,2017,52,2017,276,DEU,Germany,M,Import,724,ESP,Spain,0,W00,World,H5,HS,TRUE,261610,Silver ores and concentrates,6,TRUE,C00,TOTAL CPC,0,0,TOTAL MOT,8,kg,100,FALSE,8,kg,100,FALSE,100,FALSE,0,FALSE,504.843,,504.843,0,FALSE,TRUE
C,A,20170101,2017,52,2017,276,DEU,Germany,M,Import,752,SWE,Sweden,0,W00,World,H5,HS,TRUE,261610,Silver ores and concentrates,6,TRUE,C00,TOTAL CPC,0,0,TOTAL MOT,8,kg,61660,FALSE,8,kg,61660,FALSE,61660,FALSE,0,FALSE,711637.563,,711637.563,0,FALSE,TRUE
C,A,20170101,2017,52,2017,276,DEU,Germany,M,Import,0,W00,World,0,W00,World,H5,HS,TRUE,261710,Antimony ores and concentrates,6,TRUE,C00,TOTAL CPC,0,0,TOTAL MOT,8,kg,2500,FALSE,8,kg,2500,FALSE,2500,FALSE,0,FALSE,18540.269,,18540.269,0,FALSE,TRUE
C,A,20170101,2017,52,2017,276,DEU,Germany,M,Import,56,BEL,Belgium,0,W00,World,H5,HS,TRUE,261710,Antimony ores and concentrates,6,TRUE,C00,TOTAL CPC,0,0,TOTAL MOT,8,kg,2500,FALSE,8,kg,2500,FALSE,2500,FALSE,0,FALSE,18540.269,,18540.269,0,FALSE,TRUE
C,A,20170101,2017,52,2017,276,DEU,Germany,M,Import,0,W00,World,0,W00,World,H5,HS,TRUE,271111,"Petroleum gases and other gaseous hydrocarbons; liquefied, natural gas",6,TRUE,C00,TOTAL CPC,0,0,TOTAL MOT,8,kg,127391000,FALSE,18,TJ,7274,FALSE,127391000,FALSE,0,FALSE,48591980.17,,48591980.17,0,FALSE,TRUE
C,A,20170101,2017,52,2017,276,DEU,Germany,M,Import,839,XX ,Special Categories,0,W00,World,H5,HS,TRUE,271111,"Petroleum gases and other gaseous hydrocarbons; liquefied, natural gas",6,TRUE,C00,TOTAL CPC,0,0,TOTAL MOT,8,kg,127391000,FALSE,18,TJ,7274,FALSE,127391000,FALSE,0,FALSE,48591980.17,,48591980.17,0,FALSE,TRUE
C,A,20170101,2017,52,2017,276,DEU,Germany,M,Import,0,W00,World,0,W00,World,H5,HS,TRUE,2824,Lead oxides; red lead and orange lead,4,FALSE,C00,TOTAL CPC,0,0,TOTAL MOT,8,kg,3604725.883,TRUE,-1,N/A,0,FALSE,3604725.883,TRUE,0,FALSE,9620351.034,,9620351.034,6,FALSE,TRUE
C,A,20170101,2017,52,2017,276,DEU,Germany,M,Import,40,AUT,Austria,0,W00,World,H5,HS,TRUE,2824,Lead oxides; red lead and orange lead,4,FALSE,C00,TOTAL CPC,0,0,TOTAL MOT,8,kg,10000,FALSE,8,kg,10000,FALSE,10000,FALSE,0,FALSE,35729.773,,35729.773,0,FALSE,TRUE
C,A,20170101,2017,52,2017,276,DEU,Germany,M,Import,56,BEL,Belgium,0,W00,World,H5,HS,TRUE,2824,Lead oxides; red lead and orange lead,4,FALSE,C00,TOTAL CPC,0,0,TOTAL MOT,8,kg,36,FALSE,8,kg,36,FALSE,36,FALSE,0,FALSE,194.257,,194.257,0,FALSE,TRUE
C,A,20170101,2017,52,2017,276,DEU,Germany,M,Import,251,FRA,France,0,W00,World,H5,HS,TRUE,2824,Lead oxides; red lead and orange lead,4,FALSE,C00,TOTAL CPC,0,0,TOTAL MOT,8,kg,3716,FALSE,8,kg,3716,FALSE,3716,FALSE,0,FALSE,10044.905,,10044.905,0,FALSE,TRUE
C,A,20170101,2017,52,2017,276,DEU,Germany,M,Import,380,ITA,Italy,0,W00,World,H5,HS,TRUE,2824,Lead oxides; red lead and orange lead,4,FALSE,C00,TOTAL CPC,0,0,TOTAL MOT,8,kg,2648640,FALSE,8,kg,2648640,FALSE,2648640,FALSE,0,FALSE,6895598.923,,6895598.923,0,FALSE,TRUE
C,A,20170101,2017,52,2017,276,DEU,Germany,M,Import,392,JPN,Japan,0,W00,World,H5,HS,TRUE,2824,Lead oxides; red lead and orange lead,4,FALSE,C00,TOTAL CPC,0,0,TOTAL MOT,8,kg,54405,FALSE,8,kg,54405,FALSE,54405,FALSE,0,FALSE,297362.609,,297362.609,0,FALSE,TRUE
C,A,20170101,2017,52,2017,276,DEU,Germany,M,Import,410,KOR,Rep. of Korea,0,W00,World,H5,HS,TRUE,2824,Lead oxides; red lead and orange lead,4,FALSE,C00,TOTAL CPC,0,0,TOTAL MOT,8,kg,76000,FALSE,8,kg,76000,FALSE,76000,FALSE,0,FALSE,232822.91,,232822.91,0,FALSE,TRUE
C,A,20170101,2017,52,2017,276,DEU,Germany,M,Import,458,MYS,Malaysia,0,W00,World,H5,HS,TRUE,2824,Lead oxides; red lead and orange lead,4,FALSE,C00,TOTAL CPC,0,0,TOTAL MOT,8,kg,21000,FALSE,8,kg,21000,FALSE,21000,FALSE,0,FALSE,67700.896,,67700.896,0,FALSE,TRUE
C,A,20170101,2017,52,2017,276,DEU,Germany,M,Import,528,NLD,Netherlands,0,W00,World,H5,HS,TRUE,2824,Lead oxides; red lead and orange lead,4,FALSE,C00,TOTAL CPC,0,0,TOTAL MOT,8,kg,25,FALSE,8,kg,25,FALSE,25,FALSE,0,FALSE,3811.733,,3811.733,0,FALSE,TRUE
C,A,20170101,2017,52,2017,276,DEU,Germany,M,Import,616,POL,Poland,0,W00,World,H5,HS,TRUE,2824,Lead oxides; red lead and orange lead,4,FALSE,C00,TOTAL CPC,0,0,TOTAL MOT,8,kg,252269,FALSE,8,kg,252269,FALSE,252269,FALSE,0,FALSE,642020.071,,642020.071,0,FALSE,TRUE
C,A,20170101,2017,52,2017,276,DEU,Germany,M,Import,643,RUS,Russian Federation,0,W00,World,H5,HS,TRUE,2824,Lead oxides; red lead and orange lead,4,FALSE,C00,TOTAL CPC,0,0,TOTAL MOT,8,kg,3078,FALSE,8,kg,3078,FALSE,3078,FALSE,0,FALSE,9297.24,,9297.24,0,FALSE,TRUE
C,A,20170101,2017,52,2017,276,DEU,Germany,M,Import,699,IND,India,0,W00,World,H5,HS,TRUE,2824,Lead oxides; red lead and orange lead,4,FALSE,C00,TOTAL CPC,0,0,TOTAL MOT,8,kg,83,FALSE,8,kg,83,FALSE,83,FALSE,0,FALSE,2782.847,,2782.847,0,FALSE,TRUE
C,A,20170101,2017,52,2017,276,DEU,Germany,M,Import,710,ZAF,South Africa,0,W00,World,H5,HS,TRUE,2824,Lead oxides; red lead and orange lead,4,FALSE,C00,TOTAL CPC,0,0,TOTAL MOT,8,kg,9000,FALSE,8,kg,9000,FALSE,9000,FALSE,0,FALSE,43657.049,,43657.049,0,FALSE,TRUE
C,A,20170101,2017,52,2017,276,DEU,Germany,M,Import,724,ESP,Spain,0,W00,World,H5,HS,TRUE,2824,Lead oxides; red lead and orange lead,4,FALSE,C00,TOTAL CPC,0,0,TOTAL MOT,8,kg,98425,FALSE,8,kg,98425,FALSE,98425,FALSE,0,FALSE,109210.95,,109210.95,0,FALSE,TRUE
C,A,20170101,2017,52,2017,276,DEU,Germany,M,Import,752,SWE,Sweden,0,W00,World,H5,HS,TRUE,2824,Lead oxides; red lead and orange lead,4,FALSE,C00,TOTAL CPC,0,0,TOTAL MOT,8,kg,385432,FALSE,8,kg,385432,FALSE,385432,FALSE,0,FALSE,990254.351,,990254.351,0,FALSE,TRUE
C,A,20170101,2017,52,2017,276,DEU,Germany,M,Import,757,CHE,Switzerland,0,W00,World,H5,HS,TRUE,2824,Lead oxides; red lead and orange lead,4,FALSE,C00,TOTAL CPC,0,0,TOTAL MOT,8,kg,95,FALSE,8,kg,95,FALSE,95,FALSE,0,FALSE,4095.213,,4095.213,0,FALSE,TRUE
C,A,20170101,2017,52,2017,276,DEU,Germany,M,Import,792,TUR,Türkiye,0,W00,World,H5,HS,TRUE,2824,Lead oxides; red lead and orange lead,4,FALSE,C00,TOTAL CPC,0,0,TOTAL MOT,8,kg,999,FALSE,8,kg,999,FALSE,999,FALSE,0,FALSE,26529.662,,26529.662,0,FALSE,TRUE
C,A,20170101,2017,52,2017,276,DEU,Germany,M,Import,804,UKR,Ukraine,0,W00,World,H5,HS,TRUE,2824,Lead oxides; red lead and orange lead,4,FALSE,C00,TOTAL CPC,0,0,TOTAL MOT,8,kg,100,FALSE,8,kg,100,FALSE,100,FALSE,0,FALSE,747.664,,747.664,0,FALSE,TRUE
C,A,20170101,2017,52,2017,276,DEU,Germany,M,Import,826,GBR,United Kingdom,0,W00,World,H5,HS,TRUE,2824,Lead oxides; red lead and orange lead,4,FALSE,C00,TOTAL CPC,0,0,TOTAL MOT,8,kg,40218.45,TRUE,-1,N/A,0,FALSE,40218.45,TRUE,0,FALSE,224464.203,,224464.203,6,FALSE,TRUE
C,A,20170101,2017,52,2017,276,DEU,Germany,M,Import,842,USA,USA,0,W00,World,H5,HS,TRUE,2824,Lead oxides; red lead and orange lead,4,FALSE,C00,TOTAL CPC,0,0,TOTAL MOT,8,kg,1204.433,TRUE,-1,N/A,0,FALSE,1204.433,TRUE,0,FALSE,24025.777,,24025.777,6,FALSE,TRUE
C,A,20170101,2017,52,2017,276,DEU,Germany,M,Import,0,W00,World,0,W00,World,H5,HS,TRUE,7403,"Copper; refined and copper alloys, unwrought",4,FALSE,C00,TOTAL CPC,0,0,TOTAL MOT,8,kg,665898630.3,TRUE,-1,N/A,0,FALSE,665898630.3,TRUE,0,FALSE,4116062131,,4116062131,6,FALSE,TRUE
C,A,20170101,2017,52,2017,276,DEU,Germany,M,Import,40,AUT,Austria,0,W00,World,H5,HS,TRUE,7403,"Copper; refined and copper alloys, unwrought",4,FALSE,C00,TOTAL CPC,0,0,TOTAL MOT,8,kg,27542071,FALSE,8,kg,27542071,FALSE,27542071,FALSE,0,FALSE,170903127.3,,170903127.3,0,FALSE,TRUE
C,A,20170101,2017,52,2017,276,DEU,Germany,M,Import,56,BEL,Belgium,0,W00,World,H5,HS,TRUE,7403,"Copper; refined and copper alloys, unwrought",4,FALSE,C00,TOTAL CPC,0,0,TOTAL MOT,8,kg,69255225,FALSE,8,kg,69255225,FALSE,69255225,FALSE,0,FALSE,422691545,,422691545,0,FALSE,TRUE
C,A,20170101,2017,52,2017,276,DEU,Germany,M,Import,76,BRA,Brazil,0,W00,World,H5,HS,TRUE,7403,"Copper; refined and copper alloys, unwrought",4,FALSE,C00,TOTAL CPC,0,0,TOTAL MOT,8,kg,898347,FALSE,8,kg,898347,FALSE,898347,FALSE,0,FALSE,4847708.946,,4847708.946,0,FALSE,TRUE
C,A,20170101,2017,52,2017,276,DEU,Germany,M,Import,100,BGR,Bulgaria,0,W00,World,H5,HS,TRUE,7403,"Copper; refined and copper alloys, unwrought",4,FALSE,C00,TOTAL CPC,0,0,TOTAL MOT,8,kg,69392,FALSE,8,kg,69392,FALSE,69392,FALSE,0,FALSE,316739.765,,316739.765,0,FALSE,TRUE
C,A,20170101,2017,52,2017,276,DEU,Germany,M,Import,124,CAN,Canada,0,W00,World,H5,HS,TRUE,7403,"Copper; refined and copper alloys, unwrought",4,FALSE,C00,TOTAL CPC,0,0,TOTAL MOT,8,kg,145420.736,TRUE,-1,N/A,0,FALSE,145420.736,TRUE,0,FALSE,828223.511,,828223.511,6,FALSE,TRUE
C,A,20170101,2017,52,2017,276,DEU,Germany,M,Import,152,CHL,Chile,0,W00,World,H5,HS,TRUE,7403,"Copper; refined and copper alloys, unwrought",4,FALSE,C00,TOTAL CPC,0,0,TOTAL MOT,8,kg,74908858,FALSE,8,kg,74908858,FALSE,74908858,FALSE,0,FALSE,457967559.5,,457967559.5,0,FALSE,TRUE
C,A,20170101,2017,52,2017,276,DEU,Germany,M,Import,156,CHN,China,0,W00,World,H5,HS,TRUE,7403,"Copper; refined and copper alloys, unwrought",4,FALSE,C00,TOTAL CPC,0,0,TOTAL MOT,8,kg,41651,FALSE,8,kg,41651,FALSE,41651,FALSE,0,FALSE,246078.706,,246078.706,0,FALSE,TRUE
C,A,20170101,2017,52,2017,276,DEU,Germany,M,Import,178,COG,Congo,0,W00,World,H5,HS,TRUE,7403,"Copper; refined and copper alloys, unwrought",4,FALSE,C00,TOTAL CPC,0,0,TOTAL MOT,8,kg,622601,FALSE,8,kg,622601,FALSE,622601,FALSE,0,FALSE,3869606.964,,3869606.964,0,FALSE,TRUE
C,A,20170101,2017,52,2017,276,DEU,Germany,M,Import,180,COD,Dem. Rep. of the Congo,0,W00,World,H5,HS,TRUE,7403,"Copper; refined and copper alloys, unwrought",4,FALSE,C00,TOTAL CPC,0,0,TOTAL MOT,8,kg,12700645,FALSE,8,kg,12700645,FALSE,12700645,FALSE,0,FALSE,77373866.69,,77373866.69,0,FALSE,TRUE
C,A,20170101,2017,52,2017,276,DEU,Germany,M,Import,203,CZE,Czechia,0,W00,World,H5,HS,TRUE,7403,"Copper; refined and copper alloys, unwrought",4,FALSE,C00,TOTAL CPC,0,0,TOTAL MOT,8,kg,304165,FALSE,8,kg,304165,FALSE,304165,FALSE,0,FALSE,1865610.081,,1865610.081,0,FALSE,TRUE
C,A,20170101,2017,52,2017,276,DEU,Germany,M,Import,208,DNK,Denmark,0,W00,World,H5,HS,TRUE,7403,"Copper; refined and copper alloys, unwrought",4,FALSE,C00,TOTAL CPC,0,0,TOTAL MOT,8,kg,2562,FALSE,8,kg,2562,FALSE,2562,FALSE,0,FALSE,19136.594,,19136.594,0,FALSE,TRUE
C,A,20170101,2017,52,2017,276,DEU,Germany,M,Import,246,FIN,Finland,0,W00,World,H5,HS,TRUE,7403,"Copper; refined and copper alloys, unwrought",4,FALSE,C00,TOTAL CPC,0,0,TOTAL MOT,8,kg,80568464,FALSE,8,kg,80568464,FALSE,80568464,FALSE,0,FALSE,503573926.1,,503573926.1,0,FALSE,TRUE
C,A,20170101,2017,52,2017,276,DEU,Germany,M,Import,251,FRA,France,0,W00,World,H5,HS,TRUE,7403,"Copper; refined and copper alloys, unwrought",4,FALSE,C00,TOTAL CPC,0,0,TOTAL MOT,8,kg,6600148,FALSE,8,kg,6600148,FALSE,6600148,FALSE,0,FALSE,37491638.82,,37491638.82,0,FALSE,TRUE
C,A,20170101,2017,52,2017,276,DEU,Germany,M,Import,300,GRC,Greece,0,W00,World,H5,HS,TRUE,7403,"Copper; refined and copper alloys, unwrought",4,FALSE,C00,TOTAL CPC,0,0,TOTAL MOT,8,kg,2808,FALSE,8,kg,2808,FALSE,2808,FALSE,0,FALSE,19554.473,,19554.473,0,FALSE,TRUE
C,A,20170101,2017,52,2017,276,DEU,Germany,M,Import,344,HKG,"China, Hong Kong SAR",0,W00,World,H5,HS,TRUE,7403,"Copper; refined and copper alloys, unwrought",4,FALSE,C00,TOTAL CPC,0,0,TOTAL MOT,8,kg,1463,FALSE,8,kg,1463,FALSE,1463,FALSE,0,FALSE,6587.804,,6587.804,0,FALSE,TRUE
C,A,20170101,2017,52,2017,276,DEU,Germany,M,Import,348,HUN,Hungary,0,W00,World,H5,HS,TRUE,7403,"Copper; refined and copper alloys, unwrought",4,FALSE,C00,TOTAL CPC,0,0,TOTAL MOT,8,kg,103085.835,TRUE,-1,N/A,0,FALSE,103085.835,TRUE,0,FALSE,662158.445,,662158.445,6,FALSE,TRUE
C,A,20170101,2017,52,2017,276,DEU,Germany,M,Import,360,IDN,Indonesia,0,W00,World,H5,HS,TRUE,7403,"Copper; refined and copper alloys, unwrought",4,FALSE,C00,TOTAL CPC,0,0,TOTAL MOT,8,kg,378,FALSE,8,kg,378,FALSE,378,FALSE,0,FALSE,2831.412,,2831.412,0,FALSE,TRUE
C,A,20170101,2017,52,2017,276,DEU,Germany,M,Import,376,ISR,Israel,0,W00,World,H5,HS,TRUE,7403,"Copper; refined and copper alloys, unwrought",4,FALSE,C00,TOTAL CPC,0,0,TOTAL MOT,8,kg,729096,FALSE,8,kg,729096,FALSE,729096,FALSE,0,FALSE,3322388.928,,3322388.928,0,FALSE,TRUE
C,A,20170101,2017,52,2017,276,DEU,Germany,M,Import,380,ITA,Italy,0,W00,World,H5,HS,TRUE,7403,"Copper; refined and copper alloys, unwrought",4,FALSE,C00,TOTAL CPC,0,0,TOTAL MOT,8,kg,12089926,FALSE,8,kg,12089926,FALSE,12089926,FALSE,0,FALSE,79580945.93,,79580945.93,0,FALSE,TRUE
C,A,20170101,2017,52,2017,276,DEU,Germany,M,Import,392,JPN,Japan,0,W00,World,H5,HS,TRUE,7403,"Copper; refined and copper alloys, unwrought",4,FALSE,C00,TOTAL CPC,0,0,TOTAL MOT,8,kg,376121,FALSE,8,kg,376121,FALSE,376121,FALSE,0,FALSE,2645471.453,,2645471.453,0,FALSE,TRUE
C,A,20170101,2017,52,2017,276,DEU,Germany,M,Import,398,KAZ,Kazakhstan,0,W00,World,H5,HS,TRUE,7403,"Copper; refined and copper alloys, unwrought",4,FALSE,C00,TOTAL CPC,0,0,TOTAL MOT,8,kg,3326756,FALSE,8,kg,3326756,FALSE,3326756,FALSE,0,FALSE,20300526.48,,20300526.48,0,FALSE,TRUE
C,A,20170101,2017,52,2017,276,DEU,Germany,M,Import,410,KOR,Rep. of Korea,0,W00,World,H5,HS,TRUE,7403,"Copper; refined and copper alloys, unwrought",4,FALSE,C00,TOTAL CPC,0,0,TOTAL MOT,8,kg,1376,FALSE,8,kg,1376,FALSE,1376,FALSE,0,FALSE,13609.299,,13609.299,0,FALSE,TRUE
C,A,20170101,2017,52,2017,276,DEU,Germany,M,Import,417,KGZ,Kyrgyzstan,0,W00,World,H5,HS,TRUE,7403,"Copper; refined and copper alloys, unwrought",4,FALSE,C00,TOTAL CPC,0,0,TOTAL MOT,8,kg,19000,FALSE,8,kg,19000,FALSE,19000,FALSE,0,FALSE,42917.29,,42917.29,0,FALSE,TRUE
C,A,20170101,2017,52,2017,276,DEU,Germany,M,Import,422,LBN,Lebanon,0,W00,World,H5,HS,TRUE,7403,"Copper; refined and copper alloys, unwrought",4,FALSE,C00,TOTAL CPC,0,0,TOTAL MOT,8,kg,19040,FALSE,8,kg,19040,FALSE,19040,FALSE,0,FALSE,89897.04,,89897.04,0,FALSE,TRUE
C,A,20170101,2017,52,2017,276,DEU,Germany,M,Import,428,LVA,Latvia,0,W00,World,H5,HS,TRUE,7403,"Copper; refined and copper alloys, unwrought",4,FALSE,C00,TOTAL CPC,0,0,TOTAL MOT,8,kg,95502,FALSE,8,kg,95502,FALSE,95502,FALSE,0,FALSE,672105.092,,672105.092,0,FALSE,TRUE
C,A,20170101,2017,52,2017,276,DEU,Germany,M,Import,440,LTU,Lithuania,0,W00,World,H5,HS,TRUE,7403,"Copper; refined and copper alloys, unwrought",4,FALSE,C00,TOTAL CPC,0,0,TOTAL MOT,8,kg,201901,FALSE,8,kg,201901,FALSE,201901,FALSE,0,FALSE,1018971.665,,1018971.665,0,FALSE,TRUE
C,A,20170101,2017,52,2017,276,DEU,Germany,M,Import,442,LUX,Luxembourg,0,W00,World,H5,HS,TRUE,7403,"Copper; refined and copper alloys, unwrought",4,FALSE,C00,TOTAL CPC,0,0,TOTAL MOT,8,kg,2389704,FALSE,8,kg,2389704,FALSE,2389704,FALSE,0,FALSE,14155430.11,,14155430.11,0,FALSE,TRUE
C,A,20170101,2017,52,2017,276,DEU,Germany,M,Import,490,S19,"Other Asia, nes",0,W00,World,H5,HS,TRUE,7403,"Copper; refined and copper alloys, unwrought",4,FALSE,C00,TOTAL CPC,0,0,TOTAL MOT,8,kg,676,FALSE,8,kg,676,FALSE,676,FALSE,0,FALSE,13139.467,,13139.467,0,FALSE,TRUE
C,A,20170101,2017,52,2017,276,DEU,Germany,M,Import,516,NAM,Namibia,0,W00,World,H5,HS,TRUE,7403,"Copper; refined and copper alloys, unwrought",4,FALSE,C00,TOTAL CPC,0,0,TOTAL MOT,8,kg,2099650,FALSE,8,kg,2099650,FALSE,2099650,FALSE,0,FALSE,13480152.53,,13480152.53,0,FALSE,TRUE
C,A,20170101,2017,52,2017,276,DEU,Germany,M,Import,528,NLD,Netherlands,0,W00,World,H5,HS,TRUE,7403,"Copper; refined and copper alloys, unwrought",4,FALSE,C00,TOTAL CPC,0,0,TOTAL MOT,8,kg,16380638,FALSE,8,kg,16380638,FALSE,16380638,FALSE,0,FALSE,102337598.4,,102337598.4,0,FALSE,TRUE
C,A,20170101,2017,52,2017,276,DEU,Germany,M,Import,554,NZL,New Zealand,0,W00,World,H5,HS,TRUE,7403,"Copper; refined and copper alloys, unwrought",4,FALSE,C00,TOTAL CPC,0,0,TOTAL MOT,8,kg,36002,FALSE,8,kg,36002,FALSE,36002,FALSE,0,FALSE,240786.326,,240786.326,0,FALSE,TRUE
C,A,20170101,2017,52,2017,276,DEU,Germany,M,Import,579,NOR,Norway,0,W00,World,H5,HS,TRUE,7403,"Copper; refined and copper alloys, unwrought",4,FALSE,C00,TOTAL CPC,0,0,TOTAL MOT,8,kg,5370285,FALSE,8,kg,5370285,FALSE,5370285,FALSE,0,FALSE,32737862.27,,32737862.27,0,FALSE,TRUE
C,A,20170101,2017,52,2017,276,DEU,Germany,M,Import,604,PER,Peru,0,W00,World,H5,HS,TRUE,7403,"Copper; refined and copper alloys, unwrought",4,FALSE,C00,TOTAL CPC,0,0,TOTAL MOT,8,kg,19100,FALSE,8,kg,19100,FALSE,19100,FALSE,0,FALSE,107399.389,,107399.389,0,FALSE,TRUE
C,A,20170101,2017,52,2017,276,DEU,Germany,M,Import,616,POL,Poland,0,W00,World,H5,HS,TRUE,7403,"Copper; refined and copper alloys, unwrought",4,FALSE,C00,TOTAL CPC,0,0,TOTAL MOT,8,kg,75184232,FALSE,8,kg,75184232,FALSE,75184232,FALSE,0,FALSE,465539519.1,,465539519.1,0,FALSE,TRUE
C,A,20170101,2017,52,2017,276,DEU,Germany,M,Import,620,PRT,Portugal,0,W00,World,H5,HS,TRUE,7403,"Copper; refined and copper alloys, unwrought",4,FALSE,C00,TOTAL CPC,0,0,TOTAL MOT,8,kg,537215,FALSE,8,kg,537215,FALSE,537215,FALSE,0,FALSE,3439705.599,,3439705.599,0,FALSE,TRUE
C,A,20170101,2017,52,2017,276,DEU,Germany,M,Import,642,ROU,Romania,0,W00,World,H5,HS,TRUE,7403,"Copper; refined and copper alloys, unwrought",4,FALSE,C00,TOTAL CPC,0,0,TOTAL MOT,8,kg,6074,FALSE,8,kg,6074,FALSE,6074,FALSE,0,FALSE,37247.69,,37247.69,0,FALSE,TRUE
C,A,20170101,2017,52,2017,276,DEU,Germany,M,Import,643,RUS,Russian Federation,0,W00,World,H5,HS,TRUE,7403,"Copper; refined and copper alloys, unwrought",4,FALSE,C00,TOTAL CPC,0,0,TOTAL MOT,8,kg,178660486,FALSE,8,kg,178660486,FALSE,178660486,FALSE,0,FALSE,1098824004,,1098824004,0,FALSE,TRUE
C,A,20170101,2017,52,2017,276,DEU,Germany,M,Import,688,SRB,Serbia,0,W00,World,H5,HS,TRUE,7403,"Copper; refined and copper alloys, unwrought",4,FALSE,C00,TOTAL CPC,0,0,TOTAL MOT,8,kg,3833866,FALSE,8,kg,3833866,FALSE,3833866,FALSE,0,FALSE,23806841.97,,23806841.97,0,FALSE,TRUE
C,A,20170101,2017,52,2017,276,DEU,Germany,M,Import,699,IND,India,0,W00,World,H5,HS,TRUE,7403,"Copper; refined and copper alloys, unwrought",4,FALSE,C00,TOTAL CPC,0,0,TOTAL MOT,8,kg,189106,FALSE,8,kg,189106,FALSE,189106,FALSE,0,FALSE,994957.182,,994957.182,0,FALSE,TRUE
C,A,20170101,2017,52,2017,276,DEU,Germany,M,Import,703,SVK,Slovakia,0,W00,World,H5,HS,TRUE,7403,"Copper; refined and copper alloys, unwrought",4,FALSE,C00,TOTAL CPC,0,0,TOTAL MOT,8,kg,151367,FALSE,8,kg,151367,FALSE,151367,FALSE,0,FALSE,861098.155,,861098.155,0,FALSE,TRUE
C,A,20170101,2017,52,2017,276,DEU,Germany,M,Import,705,SVN,Slovenia,0,W00,World,H5,HS,TRUE,7403,"Copper; refined and copper alloys, unwrought",4,FALSE,C00,TOTAL CPC,0,0,TOTAL MOT,8,kg,11058,FALSE,8,kg,11058,FALSE,11058,FALSE,0,FALSE,47534.287,,47534.287,0,FALSE,TRUE
C,A,20170101,2017,52,2017,276,DEU,Germany,M,Import,710,ZAF,South Africa,0,W00,World,H5,HS,TRUE,7403,"Copper; refined and copper alloys, unwrought",4,FALSE,C00,TOTAL CPC,0,0,TOTAL MOT,8,kg,3489873,FALSE,8,kg,3489873,FALSE,3489873,FALSE,0,FALSE,21449572.54,,21449572.54,0,FALSE,TRUE
C,A,20170101,2017,52,2017,276,DEU,Germany,M,Import,724,ESP,Spain,0,W00,World,H5,HS,TRUE,7403,"Copper; refined and copper alloys, unwrought",4,FALSE,C00,TOTAL CPC,0,0,TOTAL MOT,8,kg,7391058.487,TRUE,-1,N/A,0,FALSE,7391058.487,TRUE,0,FALSE,43211889.02,,43211889.02,6,FALSE,TRUE
C,A,20170101,2017,52,2017,276,DEU,Germany,M,Import,752,SWE,Sweden,0,W00,World,H5,HS,TRUE,7403,"Copper; refined and copper alloys, unwrought",4,FALSE,C00,TOTAL CPC,0,0,TOTAL MOT,8,kg,63783641,FALSE,8,kg,63783641,FALSE,63783641,FALSE,0,FALSE,404271057.9,,404271057.9,0,FALSE,TRUE
C,A,20170101,2017,52,2017,276,DEU,Germany,M,Import,757,CHE,Switzerland,0,W00,World,H5,HS,TRUE,7403,"Copper; refined and copper alloys, unwrought",4,FALSE,C00,TOTAL CPC,0,0,TOTAL MOT,8,kg,656350,FALSE,8,kg,656350,FALSE,656350,FALSE,0,FALSE,9047227.895,,9047227.895,0,FALSE,TRUE
C,A,20170101,2017,52,2017,276,DEU,Germany,M,Import,764,THA,Thailand,0,W00,World,H5,HS,TRUE,7403,"Copper; refined and copper alloys, unwrought",4,FALSE,C00,TOTAL CPC,0,0,TOTAL MOT,8,kg,5189,FALSE,8,kg,5189,FALSE,5189,FALSE,0,FALSE,2981974.63,,2981974.63,0,FALSE,TRUE
C,A,20170101,2017,52,2017,276,DEU,Germany,M,Import,788,TUN,Tunisia,0,W00,World,H5,HS,TRUE,7403,"Copper; refined and copper alloys, unwrought",4,FALSE,C00,TOTAL CPC,0,0,TOTAL MOT,8,kg,59111,FALSE,8,kg,59111,FALSE,59111,FALSE,0,FALSE,316546.637,,316546.637,0,FALSE,TRUE
C,A,20170101,2017,52,2017,276,DEU,Germany,M,Import,792,TUR,Türkiye,0,W00,World,H5,HS,TRUE,7403,"Copper; refined and copper alloys, unwrought",4,FALSE,C00,TOTAL CPC,0,0,TOTAL MOT,8,kg,2694840,FALSE,8,kg,2694840,FALSE,2694840,FALSE,0,FALSE,12888144.65,,12888144.65,0,FALSE,TRUE
C,A,20170101,2017,52,2017,276,DEU,Germany,M,Import,804,UKR,Ukraine,0,W00,World,H5,HS,TRUE,7403,"Copper; refined and copper alloys, unwrought",4,FALSE,C00,TOTAL CPC,0,0,TOTAL MOT,8,kg,20852,FALSE,8,kg,20852,FALSE,20852,FALSE,0,FALSE,107789.033,,107789.033,0,FALSE,TRUE
C,A,20170101,2017,52,2017,276,DEU,Germany,M,Import,826,GBR,United Kingdom,0,W00,World,H5,HS,TRUE,7403,"Copper; refined and copper alloys, unwrought",4,FALSE,C00,TOTAL CPC,0,0,TOTAL MOT,8,kg,5830863.841,TRUE,-1,N/A,0,FALSE,5830863.841,TRUE,0,FALSE,33950595.33,,33950595.33,6,FALSE,TRUE
C,A,20170101,2017,52,2017,276,DEU,Germany,M,Import,842,USA,USA,0,W00,World,H5,HS,TRUE,7403,"Copper; refined and copper alloys, unwrought",4,FALSE,C00,TOTAL CPC,0,0,TOTAL MOT,8,kg,1741706.436,TRUE,-1,N/A,0,FALSE,1741706.436,TRUE,0,FALSE,11582093.59,,11582093.59,6,FALSE,TRUE
C,A,20170101,2017,52,2017,276,DEU,Germany,M,Import,894,ZMB,Zambia,0,W00,World,H5,HS,TRUE,7403,"Copper; refined and copper alloys, unwrought",4,FALSE,C00,TOTAL CPC,0,0,TOTAL MOT,8,kg,4729684,FALSE,8,kg,4729684,FALSE,4729684,FALSE,0,FALSE,29259229.55,,29259229.55,0,FALSE,TRUE
C,A,20170101,2017,52,2017,276,DEU,Germany,M,Import,0,W00,World,0,W00,World,H5,HS,TRUE,7502,Nickel; unwrought,4,FALSE,C00,TOTAL CPC,0,0,TOTAL MOT,8,kg,75281582.14,TRUE,-1,N/A,0,FALSE,75281582.14,TRUE,0,FALSE,825609321.3,,825609321.3,6,FALSE,TRUE
C,A,20170101,2017,52,2017,276,DEU,Germany,M,Import,36,AUS,Australia,0,W00,World,H5,HS,TRUE,7502,Nickel; unwrought,4,FALSE,C00,TOTAL CPC,0,0,TOTAL MOT,8,kg,1929275,FALSE,8,kg,1929275,FALSE,1929275,FALSE,0,FALSE,20933401.78,,20933401.78,0,FALSE,TRUE
C,A,20170101,2017,52,2017,276,DEU,Germany,M,Import,40,AUT,Austria,0,W00,World,H5,HS,TRUE,7502,Nickel; unwrought,4,FALSE,C00,TOTAL CPC,0,0,TOTAL MOT,8,kg,126297.104,TRUE,-1,N/A,0,FALSE,126297.104,TRUE,0,FALSE,1557382.622,,1557382.622,6,FALSE,TRUE
C,A,20170101,2017,52,2017,276,DEU,Germany,M,Import,56,BEL,Belgium,0,W00,World,H5,HS,TRUE,7502,Nickel; unwrought,4,FALSE,C00,TOTAL CPC,0,0,TOTAL MOT,8,kg,652681,FALSE,8,kg,652681,FALSE,652681,FALSE,0,FALSE,7460252.673,,7460252.673,0,FALSE,TRUE
C,A,20170101,2017,52,2017,276,DEU,Germany,M,Import,76,BRA,Brazil,0,W00,World,H5,HS,TRUE,7502,Nickel; unwrought,4,FALSE,C00,TOTAL CPC,0,0,TOTAL MOT,8,kg,172613,FALSE,8,kg,172613,FALSE,172613,FALSE,0,FALSE,1845889.587,,1845889.587,0,FALSE,TRUE
C,A,20170101,2017,52,2017,276,DEU,Germany,M,Import,100,BGR,Bulgaria,0,W00,World,H5,HS,TRUE,7502,Nickel; unwrought,4,FALSE,C00,TOTAL CPC,0,0,TOTAL MOT,8,kg,25764,FALSE,8,kg,25764,FALSE,25764,FALSE,0,FALSE,272940.412,,272940.412,0,FALSE,TRUE
C,A,20170101,2017,52,2017,276,DEU,Germany,M,Import,124,CAN,Canada,0,W00,World,H5,HS,TRUE,7502,Nickel; unwrought,4,FALSE,C00,TOTAL CPC,0,0,TOTAL MOT,8,kg,5341566,FALSE,8,kg,5341566,FALSE,5341566,FALSE,0,FALSE,56775538.27,,56775538.27,0,FALSE,TRUE
C,A,20170101,2017,52,2017,276,DEU,Germany,M,Import,156,CHN,China,0,W00,World,H5,HS,TRUE,7502,Nickel; unwrought,4,FALSE,C00,TOTAL CPC,0,0,TOTAL MOT,8,kg,855914,FALSE,8,kg,855914,FALSE,855914,FALSE,0,FALSE,9532038.545,,9532038.545,0,FALSE,TRUE
C,A,20170101,2017,52,2017,276,DEU,Germany,M,Import,203,CZE,Czechia,0,W00,World,H5,HS,TRUE,7502,Nickel; unwrought,4,FALSE,C00,TOTAL CPC,0,0,TOTAL MOT,8,kg,802,FALSE,8,kg,802,FALSE,802,FALSE,0,FALSE,8540.541,,8540.541,0,FALSE,TRUE
C,A,20170101,2017,52,2017,276,DEU,Germany,M,Import,208,DNK,Denmark,0,W00,World,H5,HS,TRUE,7502,Nickel; unwrought,4,FALSE,C00,TOTAL CPC,0,0,TOTAL MOT,8,kg,25367,FALSE,8,kg,25367,FALSE,25367,FALSE,0,FALSE,1273700.464,,1273700.464,0,FALSE,TRUE
C,A,20170101,2017,52,2017,276,DEU,Germany,M,Import,233,EST,Estonia,0,W00,World,H5,HS,TRUE,7502,Nickel; unwrought,4,FALSE,C00,TOTAL CPC,0,0,TOTAL MOT,8,kg,24956,FALSE,8,kg,24956,FALSE,24956,FALSE,0,FALSE,294567.338,,294567.338,0,FALSE,TRUE
C,A,20170101,2017,52,2017,276,DEU,Germany,M,Import,246,FIN,Finland,0,W00,World,H5,HS,TRUE,7502,Nickel; unwrought,4,FALSE,C00,TOTAL CPC,0,0,TOTAL MOT,8,kg,4709936,FALSE,8,kg,4709936,FALSE,4709936,FALSE,0,FALSE,49349138.3,,49349138.3,0,FALSE,TRUE
C,A,20170101,2017,52,2017,276,DEU,Germany,M,Import,251,FRA,France,0,W00,World,H5,HS,TRUE,7502,Nickel; unwrought,4,FALSE,C00,TOTAL CPC,0,0,TOTAL MOT,8,kg,348819,FALSE,8,kg,348819,FALSE,348819,FALSE,0,FALSE,4261022.814,,4261022.814,0,FALSE,TRUE
C,A,20170101,2017,52,2017,276,DEU,Germany,M,Import,380,ITA,Italy,0,W00,World,H5,HS,TRUE,7502,Nickel; unwrought,4,FALSE,C00,TOTAL CPC,0,0,TOTAL MOT,8,kg,194801,FALSE,8,kg,194801,FALSE,194801,FALSE,0,FALSE,2430737.051,,2430737.051,0,FALSE,TRUE
C,A,20170101,2017,52,2017,276,DEU,Germany,M,Import,392,JPN,Japan,0,W00,World,H5,HS,TRUE,7502,Nickel; unwrought,4,FALSE,C00,TOTAL CPC,0,0,TOTAL MOT,8,kg,1557139.106,TRUE,-1,N/A,0,FALSE,1557139.106,TRUE,0,FALSE,16529858.55,,16529858.55,6,FALSE,TRUE
C,A,20170101,2017,52,2017,276,DEU,Germany,M,Import,410,KOR,Rep. of Korea,0,W00,World,H5,HS,TRUE,7502,Nickel; unwrought,4,FALSE,C00,TOTAL CPC,0,0,TOTAL MOT,8,kg,223255,FALSE,8,kg,223255,FALSE,223255,FALSE,0,FALSE,2333853.527,,2333853.527,0,FALSE,TRUE
C,A,20170101,2017,52,2017,276,DEU,Germany,M,Import,442,LUX,Luxembourg,0,W00,World,H5,HS,TRUE,7502,Nickel; unwrought,4,FALSE,C00,TOTAL CPC,0,0,TOTAL MOT,8,kg,2091961,FALSE,8,kg,2091961,FALSE,2091961,FALSE,0,FALSE,23311501.9,,23311501.9,0,FALSE,TRUE
C,A,20170101,2017,52,2017,276,DEU,Germany,M,Import,450,MDG,Madagascar,0,W00,World,H5,HS,TRUE,7502,Nickel; unwrought,4,FALSE,C00,TOTAL CPC,0,0,TOTAL MOT,8,kg,373823,FALSE,8,kg,373823,FALSE,373823,FALSE,0,FALSE,3951851.174,,3951851.174,0,FALSE,TRUE
C,A,20170101,2017,52,2017,276,DEU,Germany,M,Import,528,NLD,Netherlands,0,W00,World,H5,HS,TRUE,7502,Nickel; unwrought,4,FALSE,C00,TOTAL CPC,0,0,TOTAL MOT,8,kg,4910842,FALSE,8,kg,4910842,FALSE,4910842,FALSE,0,FALSE,51206240.59,,51206240.59,0,FALSE,TRUE
C,A,20170101,2017,52,2017,276,DEU,Germany,M,Import,579,NOR,Norway,0,W00,World,H5,HS,TRUE,7502,Nickel; unwrought,4,FALSE,C00,TOTAL CPC,0,0,TOTAL MOT,8,kg,7372871,FALSE,8,kg,7372871,FALSE,7372871,FALSE,0,FALSE,78803056.49,,78803056.49,0,FALSE,TRUE
C,A,20170101,2017,52,2017,276,DEU,Germany,M,Import,616,POL,Poland,0,W00,World,H5,HS,TRUE,7502,Nickel; unwrought,4,FALSE,C00,TOTAL CPC,0,0,TOTAL MOT,8,kg,3613,FALSE,8,kg,3613,FALSE,3613,FALSE,0,FALSE,38811.912,,38811.912,0,FALSE,TRUE
C,A,20170101,2017,52,2017,276,DEU,Germany,M,Import,643,RUS,Russian Federation,0,W00,World,H5,HS,TRUE,7502,Nickel; unwrought,4,FALSE,C00,TOTAL CPC,0,0,TOTAL MOT,8,kg,32413372.43,TRUE,-1,N/A,0,FALSE,32413372.43,TRUE,0,FALSE,342969786.3,,342969786.3,6,FALSE,TRUE
C,A,20170101,2017,52,2017,276,DEU,Germany,M,Import,682,SAU,Saudi Arabia,0,W00,World,H5,HS,TRUE,7502,Nickel; unwrought,4,FALSE,C00,TOTAL CPC,0,0,TOTAL MOT,8,kg,23304,FALSE,8,kg,23304,FALSE,23304,FALSE,0,FALSE,308306.518,,308306.518,0,FALSE,TRUE
C,A,20170101,2017,52,2017,276,DEU,Germany,M,Import,705,SVN,Slovenia,0,W00,World,H5,HS,TRUE,7502,Nickel; unwrought,4,FALSE,C00,TOTAL CPC,0,0,TOTAL MOT,8,kg,1348630,FALSE,8,kg,1348630,FALSE,1348630,FALSE,0,FALSE,27307968.99,,27307968.99,0,FALSE,TRUE
C,A,20170101,2017,52,2017,276,DEU,Germany,M,Import,710,ZAF,South Africa,0,W00,World,H5,HS,TRUE,7502,Nickel; unwrought,4,FALSE,C00,TOTAL CPC,0,0,TOTAL MOT,8,kg,157914,FALSE,8,kg,157914,FALSE,157914,FALSE,0,FALSE,1757127.595,,1757127.595,0,FALSE,TRUE
C,A,20170101,2017,52,2017,276,DEU,Germany,M,Import,724,ESP,Spain,0,W00,World,H5,HS,TRUE,7502,Nickel; unwrought,4,FALSE,C00,TOTAL CPC,0,0,TOTAL MOT,8,kg,22711,FALSE,8,kg,22711,FALSE,22711,FALSE,0,FALSE,285171.84,,285171.84,0,FALSE,TRUE
C,A,20170101,2017,52,2017,276,DEU,Germany,M,Import,752,SWE,Sweden,0,W00,World,H5,HS,TRUE,7502,Nickel; unwrought,4,FALSE,C00,TOTAL CPC,0,0,TOTAL MOT,8,kg,1395020,FALSE,8,kg,1395020,FALSE,1395020,FALSE,0,FALSE,15036055.63,,15036055.63,0,FALSE,TRUE
C,A,20170101,2017,52,2017,276,DEU,Germany,M,Import,757,CHE,Switzerland,0,W00,World,H5,HS,TRUE,7502,Nickel; unwrought,4,FALSE,C00,TOTAL CPC,0,0,TOTAL MOT,8,kg,27357,FALSE,8,kg,27357,FALSE,27357,FALSE,0,FALSE,320063.596,,320063.596,0,FALSE,TRUE
C,A,20170101,2017,52,2017,276,DEU,Germany,M,Import,792,TUR,Türkiye,0,W00,World,H5,HS,TRUE,7502,Nickel; unwrought,4,FALSE,C00,TOTAL CPC,0,0,TOTAL MOT,8,kg,11643,FALSE,8,kg,11643,FALSE,11643,FALSE,0,FALSE,83236.955,,83236.955,0,FALSE,TRUE
C,A,20170101,2017,52,2017,276,DEU,Germany,M,Import,826,GBR,United Kingdom,0,W00,World,H5,HS,TRUE,7502,Nickel; unwrought,4,FALSE,C00,TOTAL CPC,0,0,TOTAL MOT,8,kg,8607364.39,TRUE,-1,N/A,0,FALSE,8607364.39,TRUE,0,FALSE,99639030.37,,99639030.37,6,FALSE,TRUE
C,A,20170101,2017,52,2017,276,DEU,Germany,M,Import,842,USA,USA,0,W00,World,H5,HS,TRUE,7502,Nickel; unwrought,4,FALSE,C00,TOTAL CPC,0,0,TOTAL MOT,8,kg,331971.116,TRUE,-1,N/A,0,FALSE,331971.116,TRUE,0,FALSE,5732248.976,,5732248.976,6,FALSE,TRUE
C,A,20170101,2017,52,2017,276,DEU,Germany,M,Import,0,W00,World,0,W00,World,H5,HS,TRUE,7603,Aluminium; powders and flakes,4,FALSE,C00,TOTAL CPC,0,0,TOTAL MOT,8,kg,31217166.98,TRUE,-1,N/A,0,FALSE,31217166.98,TRUE,0,FALSE,85894031.86,,85894031.86,6,FALSE,TRUE
C,A,20170101,2017,52,2017,276,DEU,Germany,M,Import,36,AUS,Australia,0,W00,World,H5,HS,TRUE,7603,Aluminium; powders and flakes,4,FALSE,C00,TOTAL CPC,0,0,TOTAL MOT,8,kg,13096,FALSE,8,kg,13096,FALSE,13096,FALSE,0,FALSE,86930.1,,86930.1,0,FALSE,TRUE
C,A,20170101,2017,52,2017,276,DEU,Germany,M,Import,40,AUT,Austria,0,W00,World,H5,HS,TRUE,7603,Aluminium; powders and flakes,4,FALSE,C00,TOTAL CPC,0,0,TOTAL MOT,8,kg,7596739,FALSE,8,kg,7596739,FALSE,7596739,FALSE,0,FALSE,22371858.33,,22371858.33,0,FALSE,TRUE
C,A,20170101,2017,52,2017,276,DEU,Germany,M,Import,44,BHS,Bahamas,0,W00,World,H5,HS,TRUE,7603,Aluminium; powders and flakes,4,FALSE,C00,TOTAL CPC,0,0,TOTAL MOT,8,kg,1138000,FALSE,8,kg,1138000,FALSE,1138000,FALSE,0,FALSE,3110290.551,,3110290.551,0,FALSE,TRUE
C,A,20170101,2017,52,2017,276,DEU,Germany,M,Import,56,BEL,Belgium,0,W00,World,H5,HS,TRUE,7603,Aluminium; powders and flakes,4,FALSE,C00,TOTAL CPC,0,0,TOTAL MOT,8,kg,149081,FALSE,8,kg,149081,FALSE,149081,FALSE,0,FALSE,774948.471,,774948.471,0,FALSE,TRUE
C,A,20170101,2017,52,2017,276,DEU,Germany,M,Import,124,CAN,Canada,0,W00,World,H5,HS,TRUE,7603,Aluminium; powders and flakes,4,FALSE,C00,TOTAL CPC,0,0,TOTAL MOT,8,kg,3463,FALSE,8,kg,3463,FALSE,3463,FALSE,0,FALSE,328291.293,,328291.293,0,FALSE,TRUE
C,A,20170101,2017,52,2017,276,DEU,Germany,M,Import,156,CHN,China,0,W00,World,H5,HS,TRUE,7603,Aluminium; powders and flakes,4,FALSE,C00,TOTAL CPC,0,0,TOTAL MOT,8,kg,260358,FALSE,8,kg,260358,FALSE,260358,FALSE,0,FALSE,1908387.325,,1908387.325,0,FALSE,TRUE
C,A,20170101,2017,52,2017,276,DEU,Germany,M,Import,203,CZE,Czechia,0,W00,World,H5,HS,TRUE,7603,Aluminium; powders and flakes,4,FALSE,C00,TOTAL CPC,0,0,TOTAL MOT,8,kg,40651.315,TRUE,-1,N/A,0,FALSE,40651.315,TRUE,0,FALSE,152241.181,,152241.181,6,FALSE,TRUE
C,A,20170101,2017,52,2017,276,DEU,Germany,M,Import,208,DNK,Denmark,0,W00,World,H5,HS,TRUE,7603,Aluminium; powders and flakes,4,FALSE,C00,TOTAL CPC,0,0,TOTAL MOT,8,kg,71980,FALSE,8,kg,71980,FALSE,71980,FALSE,0,FALSE,143120.127,,143120.127,0,FALSE,TRUE
C,A,20170101,2017,52,2017,276,DEU,Germany,M,Import,246,FIN,Finland,0,W00,World,H5,HS,TRUE,7603,Aluminium; powders and flakes,4,FALSE,C00,TOTAL CPC,0,0,TOTAL MOT,8,kg,197593,FALSE,8,kg,197593,FALSE,197593,FALSE,0,FALSE,424601.08,,424601.08,0,FALSE,TRUE
C,A,20170101,2017,52,2017,276,DEU,Germany,M,Import,251,FRA,France,0,W00,World,H5,HS,TRUE,7603,Aluminium; powders and flakes,4,FALSE,C00,TOTAL CPC,0,0,TOTAL MOT,8,kg,1392252,FALSE,8,kg,1392252,FALSE,1392252,FALSE,0,FALSE,4428248.906,,4428248.906,0,FALSE,TRUE
C,A,20170101,2017,52,2017,276,DEU,Germany,M,Import,344,HKG,"China, Hong Kong SAR",0,W00,World,H5,HS,TRUE,7603,Aluminium; powders and flakes,4,FALSE,C00,TOTAL CPC,0,0,TOTAL MOT,8,kg,4477,FALSE,8,kg,4477,FALSE,4477,FALSE,0,FALSE,9861.941,,9861.941,0,FALSE,TRUE
C,A,20170101,2017,52,2017,276,DEU,Germany,M,Import,348,HUN,Hungary,0,W00,World,H5,HS,TRUE,7603,Aluminium; powders and flakes,4,FALSE,C00,TOTAL CPC,0,0,TOTAL MOT,8,kg,22000,FALSE,8,kg,22000,FALSE,22000,FALSE,0,FALSE,80503.801,,80503.801,0,FALSE,TRUE
C,A,20170101,2017,52,2017,276,DEU,Germany,M,Import,376,ISR,Israel,0,W00,World,H5,HS,TRUE,7603,Aluminium; powders and flakes,4,FALSE,C00,TOTAL CPC,0,0,TOTAL MOT,8,kg,250000,FALSE,8,kg,250000,FALSE,250000,FALSE,0,FALSE,483421.485,,483421.485,0,FALSE,TRUE
C,A,20170101,2017,52,2017,276,DEU,Germany,M,Import,380,ITA,Italy,0,W00,World,H5,HS,TRUE,7603,Aluminium; powders and flakes,4,FALSE,C00,TOTAL CPC,0,0,TOTAL MOT,8,kg,1273190,FALSE,8,kg,1273190,FALSE,1273190,FALSE,0,FALSE,2824170.014,,2824170.014,0,FALSE,TRUE
C,A,20170101,2017,52,2017,276,DEU,Germany,M,Import,392,JPN,Japan,0,W00,World,H5,HS,TRUE,7603,Aluminium; powders and flakes,4,FALSE,C00,TOTAL CPC,0,0,TOTAL MOT,8,kg,3,FALSE,8,kg,3,FALSE,3,FALSE,0,FALSE,181.834,,181.834,0,FALSE,TRUE
C,A,20170101,2017,52,2017,276,DEU,Germany,M,Import,410,KOR,Rep. of Korea,0,W00,World,H5,HS,TRUE,7603,Aluminium; powders and flakes,4,FALSE,C00,TOTAL CPC,0,0,TOTAL MOT,8,kg,762,FALSE,8,kg,762,FALSE,762,FALSE,0,FALSE,2108.594,,2108.594,0,FALSE,TRUE
C,A,20170101,2017,52,2017,276,DEU,Germany,M,Import,490,S19,"Other Asia, nes",0,W00,World,H5,HS,TRUE,7603,Aluminium; powders and flakes,4,FALSE,C00,TOTAL CPC,0,0,TOTAL MOT,8,kg,59,FALSE,8,kg,59,FALSE,59,FALSE,0,FALSE,3615.217,,3615.217,0,FALSE,TRUE
C,A,20170101,2017,52,2017,276,DEU,Germany,M,Import,508,MOZ,Mozambique,0,W00,World,H5,HS,TRUE,7603,Aluminium; powders and flakes,4,FALSE,C00,TOTAL CPC,0,0,TOTAL MOT,8,kg,954180,FALSE,8,kg,954180,FALSE,954180,FALSE,0,FALSE,2188167.398,,2188167.398,0,FALSE,TRUE
C,A,20170101,2017,52,2017,276,DEU,Germany,M,Import,528,NLD,Netherlands,0,W00,World,H5,HS,TRUE,7603,Aluminium; powders and flakes,4,FALSE,C00,TOTAL CPC,0,0,TOTAL MOT,8,kg,1176,FALSE,8,kg,1176,FALSE,1176,FALSE,0,FALSE,2887.882,,2887.882,0,FALSE,TRUE
C,A,20170101,2017,52,2017,276,DEU,Germany,M,Import,616,POL,Poland,0,W00,World,H5,HS,TRUE,7603,Aluminium; powders and flakes,4,FALSE,C00,TOTAL CPC,0,0,TOTAL MOT,8,kg,1310660,FALSE,8,kg,1310660,FALSE,1310660,FALSE,0,FALSE,1053155.287,,1053155.287,0,FALSE,TRUE
C,A,20170101,2017,52,2017,276,DEU,Germany,M,Import,643,RUS,Russian Federation,0,W00,World,H5,HS,TRUE,7603,Aluminium; powders and flakes,4,FALSE,C00,TOTAL CPC,0,0,TOTAL MOT,8,kg,13571474.42,TRUE,-1,N/A,0,FALSE,13571474.42,TRUE,0,FALSE,32709353.89,,32709353.89,6,FALSE,TRUE
C,A,20170101,2017,52,2017,276,DEU,Germany,M,Import,688,SRB,Serbia,0,W00,World,H5,HS,TRUE,7603,Aluminium; powders and flakes,4,FALSE,C00,TOTAL CPC,0,0,TOTAL MOT,8,kg,432,FALSE,8,kg,432,FALSE,432,FALSE,0,FALSE,1356.412,,1356.412,0,FALSE,TRUE
C,A,20170101,2017,52,2017,276,DEU,Germany,M,Import,699,IND,India,0,W00,World,H5,HS,TRUE,7603,Aluminium; powders and flakes,4,FALSE,C00,TOTAL CPC,0,0,TOTAL MOT,8,kg,45033,FALSE,8,kg,45033,FALSE,45033,FALSE,0,FALSE,114452.507,,114452.507,0,FALSE,TRUE
C,A,20170101,2017,52,2017,276,DEU,Germany,M,Import,703,SVK,Slovakia,0,W00,World,H5,HS,TRUE,7603,Aluminium; powders and flakes,4,FALSE,C00,TOTAL CPC,0,0,TOTAL MOT,8,kg,33200,FALSE,8,kg,33200,FALSE,33200,FALSE,0,FALSE,80685.635,,80685.635,0,FALSE,TRUE
C,A,20170101,2017,52,2017,276,DEU,Germany,M,Import,705,SVN,Slovenia,0,W00,World,H5,HS,TRUE,7603,Aluminium; powders and flakes,4,FALSE,C00,TOTAL CPC,0,0,TOTAL MOT,8,kg,363600,FALSE,8,kg,363600,FALSE,363600,FALSE,0,FALSE,1014739.794,,1014739.794,0,FALSE,TRUE
C,A,20170101,2017,52,2017,276,DEU,Germany,M,Import,710,ZAF,South Africa,0,W00,World,H5,HS,TRUE,7603,Aluminium; powders and flakes,4,FALSE,C00,TOTAL CPC,0,0,TOTAL MOT,8,kg,50010,FALSE,8,kg,50010,FALSE,50010,FALSE,0,FALSE,104134.287,,104134.287,0,FALSE,TRUE
C,A,20170101,2017,52,2017,276,DEU,Germany,M,Import,724,ESP,Spain,0,W00,World,H5,HS,TRUE,7603,Aluminium; powders and flakes,4,FALSE,C00,TOTAL CPC,0,0,TOTAL MOT,8,kg,25000,FALSE,8,kg,25000,FALSE,25000,FALSE,0,FALSE,47222.572,,47222.572,0,FALSE,TRUE
C,A,20170101,2017,52,2017,276,DEU,Germany,M,Import,752,SWE,Sweden,0,W00,World,H5,HS,TRUE,7603,Aluminium; powders and flakes,4,FALSE,C00,TOTAL CPC,0,0,TOTAL MOT,8,kg,52375,FALSE,8,kg,52375,FALSE,52375,FALSE,0,FALSE,315323.495,,315323.495,0,FALSE,TRUE
C,A,20170101,2017,52,2017,276,DEU,Germany,M,Import,757,CHE,Switzerland,0,W00,World,H5,HS,TRUE,7603,Aluminium; powders and flakes,4,FALSE,C00,TOTAL CPC,0,0,TOTAL MOT,8,kg,386,FALSE,8,kg,386,FALSE,386,FALSE,0,FALSE,5502.448,,5502.448,0,FALSE,TRUE
C,A,20170101,2017,52,2017,276,DEU,Germany,M,Import,792,TUR,Türkiye,0,W00,World,H5,HS,TRUE,7603,Aluminium; powders and flakes,4,FALSE,C00,TOTAL CPC,0,0,TOTAL MOT,8,kg,189141,FALSE,8,kg,189141,FALSE,189141,FALSE,0,FALSE,426938.943,,426938.943,0,FALSE,TRUE
C,A,20170101,2017,52,2017,276,DEU,Germany,M,Import,804,UKR,Ukraine,0,W00,World,H5,HS,TRUE,7603,Aluminium; powders and flakes,4,FALSE,C00,TOTAL CPC,0,0,TOTAL MOT,8,kg,1140000,FALSE,8,kg,1140000,FALSE,1140000,FALSE,0,FALSE,2393313.174,,2393313.174,0,FALSE,TRUE
C,A,20170101,2017,52,2017,276,DEU,Germany,M,Import,826,GBR,United Kingdom,0,W00,World,H5,HS,TRUE,7603,Aluminium; powders and flakes,4,FALSE,C00,TOTAL CPC,0,0,TOTAL MOT,8,kg,413815,FALSE,8,kg,413815,FALSE,413815,FALSE,0,FALSE,1437372.326,,1437372.326,0,FALSE,TRUE
C,A,20170101,2017,52,2017,276,DEU,Germany,M,Import,842,USA,USA,0,W00,World,H5,HS,TRUE,7603,Aluminium; powders and flakes,4,FALSE,C00,TOTAL CPC,0,0,TOTAL MOT,8,kg,652980.247,TRUE,-1,N/A,0,FALSE,652980.247,TRUE,0,FALSE,6866645.564,,6866645.564,6,FALSE,TRUE
C,A,20170101,2017,52,2017,276,DEU,Germany,M,Import,0,W00,World,0,W00,World,H5,HS,TRUE,7801,Lead; unwrought,4,FALSE,C00,TOTAL CPC,0,0,TOTAL MOT,8,kg,189060832,FALSE,8,kg,189060832,FALSE,189060832,FALSE,0,FALSE,471965267.5,,471965267.5,0,FALSE,TRUE
C,A,20170101,2017,52,2017,276,DEU,Germany,M,Import,40,AUT,Austria,0,W00,World,H5,HS,TRUE,7801,Lead; unwrought,4,FALSE,C00,TOTAL CPC,0,0,TOTAL MOT,8,kg,4439398,FALSE,8,kg,4439398,FALSE,4439398,FALSE,0,FALSE,11191573.35,,11191573.35,0,FALSE,TRUE
C,A,20170101,2017,52,2017,276,DEU,Germany,M,Import,56,BEL,Belgium,0,W00,World,H5,HS,TRUE,7801,Lead; unwrought,4,FALSE,C00,TOTAL CPC,0,0,TOTAL MOT,8,kg,57570903,FALSE,8,kg,57570903,FALSE,57570903,FALSE,0,FALSE,137908599.3,,137908599.3,0,FALSE,TRUE
C,A,20170101,2017,52,2017,276,DEU,Germany,M,Import,100,BGR,Bulgaria,0,W00,World,H5,HS,TRUE,7801,Lead; unwrought,4,FALSE,C00,TOTAL CPC,0,0,TOTAL MOT,8,kg,186633,FALSE,8,kg,186633,FALSE,186633,FALSE,0,FALSE,478120.07,,478120.07,0,FALSE,TRUE
C,A,20170101,2017,52,2017,276,DEU,Germany,M,Import,156,CHN,China,0,W00,World,H5,HS,TRUE,7801,Lead; unwrought,4,FALSE,C00,TOTAL CPC,0,0,TOTAL MOT,8,kg,3660,FALSE,8,kg,3660,FALSE,3660,FALSE,0,FALSE,8385.813,,8385.813,0,FALSE,TRUE
C,A,20170101,2017,52,2017,276,DEU,Germany,M,Import,203,CZE,Czechia,0,W00,World,H5,HS,TRUE,7801,Lead; unwrought,4,FALSE,C00,TOTAL CPC,0,0,TOTAL MOT,8,kg,13916290,FALSE,8,kg,13916290,FALSE,13916290,FALSE,0,FALSE,36902202.59,,36902202.59,0,FALSE,TRUE
C,A,20170101,2017,52,2017,276,DEU,Germany,M,Import,233,EST,Estonia,0,W00,World,H5,HS,TRUE,7801,Lead; unwrought,4,FALSE,C00,TOTAL CPC,0,0,TOTAL MOT,8,kg,1246747,FALSE,8,kg,1246747,FALSE,1246747,FALSE,0,FALSE,3366599.384,,3366599.384,0,FALSE,TRUE
C,A,20170101,2017,52,2017,276,DEU,Germany,M,Import,251,FRA,France,0,W00,World,H5,HS,TRUE,7801,Lead; unwrought,4,FALSE,C00,TOTAL CPC,0,0,TOTAL MOT,8,kg,16537360,FALSE,8,kg,16537360,FALSE,16537360,FALSE,0,FALSE,41418740.27,,41418740.27,0,FALSE,TRUE
C,A,20170101,2017,52,2017,276,DEU,Germany,M,Import,348,HUN,Hungary,0,W00,World,H5,HS,TRUE,7801,Lead; unwrought,4,FALSE,C00,TOTAL CPC,0,0,TOTAL MOT,8,kg,1811,FALSE,8,kg,1811,FALSE,1811,FALSE,0,FALSE,20542.7,,20542.7,0,FALSE,TRUE
C,A,20170101,2017,52,2017,276,DEU,Germany,M,Import,380,ITA,Italy,0,W00,World,H5,HS,TRUE,7801,Lead; unwrought,4,FALSE,C00,TOTAL CPC,0,0,TOTAL MOT,8,kg,5208385,FALSE,8,kg,5208385,FALSE,5208385,FALSE,0,FALSE,13347601.35,,13347601.35,0,FALSE,TRUE
C,A,20170101,2017,52,2017,276,DEU,Germany,M,Import,398,KAZ,Kazakhstan,0,W00,World,H5,HS,TRUE,7801,Lead; unwrought,4,FALSE,C00,TOTAL CPC,0,0,TOTAL MOT,8,kg,140506,FALSE,8,kg,140506,FALSE,140506,FALSE,0,FALSE,288244.943,,288244.943,0,FALSE,TRUE
C,A,20170101,2017,52,2017,276,DEU,Germany,M,Import,417,KGZ,Kyrgyzstan,0,W00,World,H5,HS,TRUE,7801,Lead; unwrought,4,FALSE,C00,TOTAL CPC,0,0,TOTAL MOT,8,kg,858829,FALSE,8,kg,858829,FALSE,858829,FALSE,0,FALSE,2200664.235,,2200664.235,0,FALSE,TRUE
C,A,20170101,2017,52,2017,276,DEU,Germany,M,Import,442,LUX,Luxembourg,0,W00,World,H5,HS,TRUE,7801,Lead; unwrought,4,FALSE,C00,TOTAL CPC,0,0,TOTAL MOT,8,kg,570240,FALSE,8,kg,570240,FALSE,570240,FALSE,0,FALSE,1661867.023,,1661867.023,0,FALSE,TRUE
C,A,20170101,2017,52,2017,276,DEU,Germany,M,Import,484,MEX,Mexico,0,W00,World,H5,HS,TRUE,7801,Lead; unwrought,4,FALSE,C00,TOTAL CPC,0,0,TOTAL MOT,8,kg,480520,FALSE,8,kg,480520,FALSE,480520,FALSE,0,FALSE,4752163.764,,4752163.764,0,FALSE,TRUE
C,A,20170101,2017,52,2017,276,DEU,Germany,M,Import,528,NLD,Netherlands,0,W00,World,H5,HS,TRUE,7801,Lead; unwrought,4,FALSE,C00,TOTAL CPC,0,0,TOTAL MOT,8,kg,21543249,FALSE,8,kg,21543249,FALSE,21543249,FALSE,0,FALSE,49792031.18,,49792031.18,0,FALSE,TRUE
C,A,20170101,2017,52,2017,276,DEU,Germany,M,Import,616,POL,Poland,0,W00,World,H5,HS,TRUE,7801,Lead; unwrought,4,FALSE,C00,TOTAL CPC,0,0,TOTAL MOT,8,kg,9299205,FALSE,8,kg,9299205,FALSE,9299205,FALSE,0,FALSE,23664871.57,,23664871.57,0,FALSE,TRUE
C,A,20170101,2017,52,2017,276,DEU,Germany,M,Import,620,PRT,Portugal,0,W00,World,H5,HS,TRUE,7801,Lead; unwrought,4,FALSE,C00,TOTAL CPC,0,0,TOTAL MOT,8,kg,6467,FALSE,8,kg,6467,FALSE,6467,FALSE,0,FALSE,12888.74,,12888.74,0,FALSE,TRUE
C,A,20170101,2017,52,2017,276,DEU,Germany,M,Import,643,RUS,Russian Federation,0,W00,World,H5,HS,TRUE,7801,Lead; unwrought,4,FALSE,C00,TOTAL CPC,0,0,TOTAL MOT,8,kg,8577629,FALSE,8,kg,8577629,FALSE,8577629,FALSE,0,FALSE,20534757.75,,20534757.75,0,FALSE,TRUE
C,A,20170101,2017,52,2017,276,DEU,Germany,M,Import,699,IND,India,0,W00,World,H5,HS,TRUE,7801,Lead; unwrought,4,FALSE,C00,TOTAL CPC,0,0,TOTAL MOT,8,kg,50066,FALSE,8,kg,50066,FALSE,50066,FALSE,0,FALSE,155177.627,,155177.627,0,FALSE,TRUE
C,A,20170101,2017,52,2017,276,DEU,Germany,M,Import,703,SVK,Slovakia,0,W00,World,H5,HS,TRUE,7801,Lead; unwrought,4,FALSE,C00,TOTAL CPC,0,0,TOTAL MOT,8,kg,43000,FALSE,8,kg,43000,FALSE,43000,FALSE,0,FALSE,114904.268,,114904.268,0,FALSE,TRUE
C,A,20170101,2017,52,2017,276,DEU,Germany,M,Import,705,SVN,Slovenia,0,W00,World,H5,HS,TRUE,7801,Lead; unwrought,4,FALSE,C00,TOTAL CPC,0,0,TOTAL MOT,8,kg,309203,FALSE,8,kg,309203,FALSE,309203,FALSE,0,FALSE,791552.945,,791552.945,0,FALSE,TRUE
C,A,20170101,2017,52,2017,276,DEU,Germany,M,Import,710,ZAF,South Africa,0,W00,World,H5,HS,TRUE,7801,Lead; unwrought,4,FALSE,C00,TOTAL CPC,0,0,TOTAL MOT,8,kg,14906,FALSE,8,kg,14906,FALSE,14906,FALSE,0,FALSE,67729.131,,67729.131,0,FALSE,TRUE
C,A,20170101,2017,52,2017,276,DEU,Germany,M,Import,724,ESP,Spain,0,W00,World,H5,HS,TRUE,7801,Lead; unwrought,4,FALSE,C00,TOTAL CPC,0,0,TOTAL MOT,8,kg,549013,FALSE,8,kg,549013,FALSE,549013,FALSE,0,FALSE,1274201.918,,1274201.918,0,FALSE,TRUE
C,A,20170101,2017,52,2017,276,DEU,Germany,M,Import,752,SWE,Sweden,0,W00,World,H5,HS,TRUE,7801,Lead; unwrought,4,FALSE,C00,TOTAL CPC,0,0,TOTAL MOT,8,kg,20328985,FALSE,8,kg,20328985,FALSE,20328985,FALSE,0,FALSE,51869740.77,,51869740.77,0,FALSE,TRUE
C,A,20170101,2017,52,2017,276,DEU,Germany,M,Import,757,CHE,Switzerland,0,W00,World,H5,HS,TRUE,7801,Lead; unwrought,4,FALSE,C00,TOTAL CPC,0,0,TOTAL MOT,8,kg,1535885,FALSE,8,kg,1535885,FALSE,1535885,FALSE,0,FALSE,3836253.454,,3836253.454,0,FALSE,TRUE
C,A,20170101,2017,52,2017,276,DEU,Germany,M,Import,764,THA,Thailand,0,W00,World,H5,HS,TRUE,7801,Lead; unwrought,4,FALSE,C00,TOTAL CPC,0,0,TOTAL MOT,8,kg,78727,FALSE,8,kg,78727,FALSE,78727,FALSE,0,FALSE,191207.821,,191207.821,0,FALSE,TRUE
C,A,20170101,2017,52,2017,276,DEU,Germany,M,Import,788,TUN,Tunisia,0,W00,World,H5,HS,TRUE,7801,Lead; unwrought,4,FALSE,C00,TOTAL CPC,0,0,TOTAL MOT,8,kg,100029,FALSE,8,kg,100029,FALSE,100029,FALSE,0,FALSE,333513.649,,333513.649,0,FALSE,TRUE
C,A,20170101,2017,52,2017,276,DEU,Germany,M,Import,792,TUR,Türkiye,0,W00,World,H5,HS,TRUE,7801,Lead; unwrought,4,FALSE,C00,TOTAL CPC,0,0,TOTAL MOT,8,kg,24131,FALSE,8,kg,24131,FALSE,24131,FALSE,0,FALSE,65516.631,,65516.631,0,FALSE,TRUE
C,A,20170101,2017,52,2017,276,DEU,Germany,M,Import,804,UKR,Ukraine,0,W00,World,H5,HS,TRUE,7801,Lead; unwrought,4,FALSE,C00,TOTAL CPC,0,0,TOTAL MOT,8,kg,2155030,FALSE,8,kg,2155030,FALSE,2155030,FALSE,0,FALSE,5410093.727,,5410093.727,0,FALSE,TRUE
C,A,20170101,2017,52,2017,276,DEU,Germany,M,Import,826,GBR,United Kingdom,0,W00,World,H5,HS,TRUE,7801,Lead; unwrought,4,FALSE,C00,TOTAL CPC,0,0,TOTAL MOT,8,kg,23281095,FALSE,8,kg,23281095,FALSE,23281095,FALSE,0,FALSE,60299033.1,,60299033.1,0,FALSE,TRUE
C,A,20170101,2017,52,2017,276,DEU,Germany,M,Import,842,USA,USA,0,W00,World,H5,HS,TRUE,7801,Lead; unwrought,4,FALSE,C00,TOTAL CPC,0,0,TOTAL MOT,8,kg,2930,FALSE,8,kg,2930,FALSE,2930,FALSE,0,FALSE,6488.417,,6488.417,0,FALSE,TRUE
C,A,20170101,2017,52,2017,276,DEU,Germany,M,Import,0,W00,World,0,W00,World,H5,HS,TRUE,271129,"Petroleum gases and other gaseous hydrocarbons; in gaseous state, other than natural gas",6,TRUE,C00,TOTAL CPC,0,0,TOTAL MOT,8,kg,1690210,FALSE,8,kg,1690210,FALSE,1690210,FALSE,0,FALSE,2715646.869,,2715646.869,0,FALSE,TRUE
C,A,20170101,2017,52,2017,276,DEU,Germany,M,Import,839,XX ,Special Categories,0,W00,World,H5,HS,TRUE,271129,"Petroleum gases and other gaseous hydrocarbons; in gaseous state, other than natural gas",6,TRUE,C00,TOTAL CPC,0,0,TOTAL MOT,8,kg,1690210,FALSE,8,kg,1690210,FALSE,1690210,FALSE,0,FALSE,2715646.869,,2715646.869,0,FALSE,TRUE
C,A,20170101,2017,52,2017,276,DEU,Germany,M,Import,0,W00,World,0,W00,World,H5,HS,TRUE,280470,Phosphorus,6,TRUE,C00,TOTAL CPC,0,0,TOTAL MOT,-1,N/A,0,FALSE,-1,N/A,0,FALSE,,FALSE,0,FALSE,94988325.34,,94988325.34,0,FALSE,TRUE
C,A,20170101,2017,52,2017,276,DEU,Germany,M,Import,40,AUT,Austria,0,W00,World,H5,HS,TRUE,280470,Phosphorus,6,TRUE,C00,TOTAL CPC,0,0,TOTAL MOT,-1,N/A,0,FALSE,8,kg,3,FALSE,,FALSE,0,FALSE,6400.323,,6400.323,0,FALSE,TRUE
C,A,20170101,2017,52,2017,276,DEU,Germany,M,Import,56,BEL,Belgium,0,W00,World,H5,HS,TRUE,280470,Phosphorus,6,TRUE,C00,TOTAL CPC,0,0,TOTAL MOT,8,kg,3,FALSE,8,kg,3,FALSE,3,FALSE,0,FALSE,132.14,,132.14,0,FALSE,TRUE
C,A,20170101,2017,52,2017,276,DEU,Germany,M,Import,156,CHN,China,0,W00,World,H5,HS,TRUE,280470,Phosphorus,6,TRUE,C00,TOTAL CPC,0,0,TOTAL MOT,8,kg,491963,FALSE,8,kg,491963,FALSE,491963,FALSE,0,FALSE,1577920.804,,1577920.804,0,FALSE,TRUE
C,A,20170101,2017,52,2017,276,DEU,Germany,M,Import,251,FRA,France,0,W00,World,H5,HS,TRUE,280470,Phosphorus,6,TRUE,C00,TOTAL CPC,0,0,TOTAL MOT,8,kg,177.887,TRUE,-1,N/A,0,FALSE,177.887,TRUE,0,FALSE,530.819,,530.819,6,FALSE,TRUE
C,A,20170101,2017,52,2017,276,DEU,Germany,M,Import,380,ITA,Italy,0,W00,World,H5,HS,TRUE,280470,Phosphorus,6,TRUE,C00,TOTAL CPC,0,0,TOTAL MOT,8,kg,1279650,FALSE,8,kg,1279650,FALSE,1279650,FALSE,0,FALSE,8609963.956,,8609963.956,0,FALSE,TRUE
C,A,20170101,2017,52,2017,276,DEU,Germany,M,Import,392,JPN,Japan,0,W00,World,H5,HS,TRUE,280470,Phosphorus,6,TRUE,C00,TOTAL CPC,0,0,TOTAL MOT,8,kg,101494.086,TRUE,-1,N/A,0,FALSE,101494.086,TRUE,0,FALSE,298793.562,,298793.562,6,FALSE,TRUE
C,A,20170101,2017,52,2017,276,DEU,Germany,M,Import,398,KAZ,Kazakhstan,0,W00,World,H5,HS,TRUE,280470,Phosphorus,6,TRUE,C00,TOTAL CPC,0,0,TOTAL MOT,8,kg,17148850,FALSE,8,kg,17148850,FALSE,17148850,FALSE,0,FALSE,46219704.38,,46219704.38,0,FALSE,TRUE
C,A,20170101,2017,52,2017,276,DEU,Germany,M,Import,528,NLD,Netherlands,0,W00,World,H5,HS,TRUE,280470,Phosphorus,6,TRUE,C00,TOTAL CPC,0,0,TOTAL MOT,8,kg,52710,FALSE,8,kg,52710,FALSE,52710,FALSE,0,FALSE,145758.411,,145758.411,0,FALSE,TRUE
C,A,20170101,2017,52,2017,276,DEU,Germany,M,Import,616,POL,Poland,0,W00,World,H5,HS,TRUE,280470,Phosphorus,6,TRUE,C00,TOTAL CPC,0,0,TOTAL MOT,8,kg,9074600,FALSE,8,kg,9074600,FALSE,9074600,FALSE,0,FALSE,27055981.25,,27055981.25,0,FALSE,TRUE
C,A,20170101,2017,52,2017,276,DEU,Germany,M,Import,704,VNM,Viet Nam,0,W00,World,H5,HS,TRUE,280470,Phosphorus,6,TRUE,C00,TOTAL CPC,0,0,TOTAL MOT,8,kg,3677219,FALSE,8,kg,3677219,FALSE,3677219,FALSE,0,FALSE,11052825.14,,11052825.14,0,FALSE,TRUE
C,A,20170101,2017,52,2017,276,DEU,Germany,M,Import,826,GBR,United Kingdom,0,W00,World,H5,HS,TRUE,280470,Phosphorus,6,TRUE,C00,TOTAL CPC,0,0,TOTAL MOT,8,kg,2823.477,TRUE,-1,N/A,0,FALSE,2823.477,TRUE,0,FALSE,8425.342,,8425.342,6,FALSE,TRUE
C,A,20170101,2017,52,2017,276,DEU,Germany,M,Import,842,USA,USA,0,W00,World,H5,HS,TRUE,280470,Phosphorus,6,TRUE,C00,TOTAL CPC,0,0,TOTAL MOT,8,kg,830,FALSE,8,kg,830,FALSE,830,FALSE,0,FALSE,11889.219,,11889.219,0,FALSE,TRUE
C,A,20170101,2017,52,2017,276,DEU,Germany,M,Import,0,W00,World,0,W00,World,H5,HS,TRUE,280490,Selenium,6,TRUE,C00,TOTAL CPC,0,0,TOTAL MOT,8,kg,130999.459,TRUE,-1,N/A,0,FALSE,130999.459,TRUE,0,FALSE,4180028.853,,4180028.853,6,FALSE,TRUE
C,A,20170101,2017,52,2017,276,DEU,Germany,M,Import,56,BEL,Belgium,0,W00,World,H5,HS,TRUE,280490,Selenium,6,TRUE,C00,TOTAL CPC,0,0,TOTAL MOT,8,kg,5771,FALSE,8,kg,5771,FALSE,5771,FALSE,0,FALSE,234205.299,,234205.299,0,FALSE,TRUE
C,A,20170101,2017,52,2017,276,DEU,Germany,M,Import,124,CAN,Canada,0,W00,World,H5,HS,TRUE,280490,Selenium,6,TRUE,C00,TOTAL CPC,0,0,TOTAL MOT,8,kg,2477,FALSE,8,kg,2477,FALSE,2477,FALSE,0,FALSE,30572.922,,30572.922,0,FALSE,TRUE
C,A,20170101,2017,52,2017,276,DEU,Germany,M,Import,156,CHN,China,0,W00,World,H5,HS,TRUE,280490,Selenium,6,TRUE,C00,TOTAL CPC,0,0,TOTAL MOT,8,kg,8687,FALSE,8,kg,8687,FALSE,8687,FALSE,0,FALSE,279826.378,,279826.378,0,FALSE,TRUE
C,A,20170101,2017,52,2017,276,DEU,Germany,M,Import,251,FRA,France,0,W00,World,H5,HS,TRUE,280490,Selenium,6,TRUE,C00,TOTAL CPC,0,0,TOTAL MOT,8,kg,3799.283,TRUE,-1,N/A,0,FALSE,3799.283,TRUE,0,FALSE,192976.465,,192976.465,6,FALSE,TRUE
C,A,20170101,2017,52,2017,276,DEU,Germany,M,Import,380,ITA,Italy,0,W00,World,H5,HS,TRUE,280490,Selenium,6,TRUE,C00,TOTAL CPC,0,0,TOTAL MOT,8,kg,1000,FALSE,8,kg,1000,FALSE,1000,FALSE,0,FALSE,36400.638,,36400.638,0,FALSE,TRUE
C,A,20170101,2017,52,2017,276,DEU,Germany,M,Import,392,JPN,Japan,0,W00,World,H5,HS,TRUE,280490,Selenium,6,TRUE,C00,TOTAL CPC,0,0,TOTAL MOT,8,kg,25231.743,TRUE,-1,N/A,0,FALSE,25231.743,TRUE,0,FALSE,855591.189,,855591.189,6,FALSE,TRUE
C,A,20170101,2017,52,2017,276,DEU,Germany,M,Import,410,KOR,Rep. of Korea,0,W00,World,H5,HS,TRUE,280490,Selenium,6,TRUE,C00,TOTAL CPC,0,0,TOTAL MOT,8,kg,20000,FALSE,8,kg,20000,FALSE,20000,FALSE,0,FALSE,619806.985,,619806.985,0,FALSE,TRUE
C,A,20170101,2017,52,2017,276,DEU,Germany,M,Import,458,MYS,Malaysia,0,W00,World,H5,HS,TRUE,280490,Selenium,6,TRUE,C00,TOTAL CPC,0,0,TOTAL MOT,8,kg,6450,FALSE,8,kg,6450,FALSE,6450,FALSE,0,FALSE,122661.003,,122661.003,0,FALSE,TRUE
C,A,20170101,2017,52,2017,276,DEU,Germany,M,Import,528,NLD,Netherlands,0,W00,World,H5,HS,TRUE,280490,Selenium,6,TRUE,C00,TOTAL CPC,0,0,TOTAL MOT,8,kg,125,FALSE,8,kg,125,FALSE,125,FALSE,0,FALSE,4702.831,,4702.831,0,FALSE,TRUE
C,A,20170101,2017,52,2017,276,DEU,Germany,M,Import,643,RUS,Russian Federation,0,W00,World,H5,HS,TRUE,280490,Selenium,6,TRUE,C00,TOTAL CPC,0,0,TOTAL MOT,8,kg,46207,FALSE,8,kg,46207,FALSE,46207,FALSE,0,FALSE,1474987.072,,1474987.072,0,FALSE,TRUE
C,A,20170101,2017,52,2017,276,DEU,Germany,M,Import,688,SRB,Serbia,0,W00,World,H5,HS,TRUE,280490,Selenium,6,TRUE,C00,TOTAL CPC,0,0,TOTAL MOT,8,kg,8880,FALSE,8,kg,8880,FALSE,8880,FALSE,0,FALSE,247516.435,,247516.435,0,FALSE,TRUE
C,A,20170101,2017,52,2017,276,DEU,Germany,M,Import,699,IND,India,0,W00,World,H5,HS,TRUE,280490,Selenium,6,TRUE,C00,TOTAL CPC,0,0,TOTAL MOT,8,kg,1,FALSE,8,kg,1,FALSE,1,FALSE,0,FALSE,885.451,,885.451,0,FALSE,TRUE
C,A,20170101,2017,52,2017,276,DEU,Germany,M,Import,724,ESP,Spain,0,W00,World,H5,HS,TRUE,280490,Selenium,6,TRUE,C00,TOTAL CPC,0,0,TOTAL MOT,8,kg,90,FALSE,8,kg,90,FALSE,90,FALSE,0,FALSE,4291.729,,4291.729,0,FALSE,TRUE
C,A,20170101,2017,52,2017,276,DEU,Germany,M,Import,757,CHE,Switzerland,0,W00,World,H5,HS,TRUE,280490,Selenium,6,TRUE,C00,TOTAL CPC,0,0,TOTAL MOT,8,kg,3,FALSE,8,kg,3,FALSE,3,FALSE,0,FALSE,4535.68,,4535.68,0,FALSE,TRUE
C,A,20170101,2017,52,2017,276,DEU,Germany,M,Import,826,GBR,United Kingdom,0,W00,World,H5,HS,TRUE,280490,Selenium,6,TRUE,C00,TOTAL CPC,0,0,TOTAL MOT,8,kg,2270,FALSE,8,kg,2270,FALSE,2270,FALSE,0,FALSE,70831.599,,70831.599,0,FALSE,TRUE
C,A,20170101,2017,52,2017,276,DEU,Germany,M,Import,842,USA,USA,0,W00,World,H5,HS,TRUE,280490,Selenium,6,TRUE,C00,TOTAL CPC,0,0,TOTAL MOT,8,kg,7.433,TRUE,-1,N/A,0,FALSE,7.433,TRUE,0,FALSE,237.174,,237.174,6,FALSE,TRUE
C,A,20170101,2017,52,2017,276,DEU,Germany,M,Import,0,W00,World,0,W00,World,H5,HS,TRUE,280530,"Earth-metals, rare; scandium and yttrium, whether or not intermixed or interalloyed",6,TRUE,C00,TOTAL CPC,0,0,TOTAL MOT,8,kg,300506.732,TRUE,-1,N/A,0,FALSE,300506.732,TRUE,0,FALSE,3202160.658,,3202160.658,6,FALSE,TRUE
C,A,20170101,2017,52,2017,276,DEU,Germany,M,Import,40,AUT,Austria,0,W00,World,H5,HS,TRUE,280530,"Earth-metals, rare; scandium and yttrium, whether or not intermixed or interalloyed",6,TRUE,C00,TOTAL CPC,0,0,TOTAL MOT,8,kg,12056,FALSE,8,kg,12056,FALSE,12056,FALSE,0,FALSE,265615.108,,265615.108,0,FALSE,TRUE
C,A,20170101,2017,52,2017,276,DEU,Germany,M,Import,56,BEL,Belgium,0,W00,World,H5,HS,TRUE,280530,"Earth-metals, rare; scandium and yttrium, whether or not intermixed or interalloyed",6,TRUE,C00,TOTAL CPC,0,0,TOTAL MOT,8,kg,5077,FALSE,8,kg,5077,FALSE,5077,FALSE,0,FALSE,430173.551,,430173.551,0,FALSE,TRUE
C,A,20170101,2017,52,2017,276,DEU,Germany,M,Import,124,CAN,Canada,0,W00,World,H5,HS,TRUE,280530,"Earth-metals, rare; scandium and yttrium, whether or not intermixed or interalloyed",6,TRUE,C00,TOTAL CPC,0,0,TOTAL MOT,8,kg,5,FALSE,8,kg,5,FALSE,5,FALSE,0,FALSE,29.364,,29.364,0,FALSE,TRUE
C,A,20170101,2017,52,2017,276,DEU,Germany,M,Import,156,CHN,China,0,W00,World,H5,HS,TRUE,280530,"Earth-metals, rare; scandium and yttrium, whether or not intermixed or interalloyed",6,TRUE,C00,TOTAL CPC,0,0,TOTAL MOT,8,kg,256457.852,TRUE,-1,N/A,0,FALSE,256457.852,TRUE,0,FALSE,2070811.198,,2070811.198,6,FALSE,TRUE
C,A,20170101,2017,52,2017,276,DEU,Germany,M,Import,203,CZE,Czechia,0,W00,World,H5,HS,TRUE,280530,"Earth-metals, rare; scandium and yttrium, whether or not intermixed or interalloyed",6,TRUE,C00,TOTAL CPC,0,0,TOTAL MOT,8,kg,1,FALSE,8,kg,1,FALSE,1,FALSE,0,FALSE,4461.139,,4461.139,0,FALSE,TRUE
C,A,20170101,2017,52,2017,276,DEU,Germany,M,Import,251,FRA,France,0,W00,World,H5,HS,TRUE,280530,"Earth-metals, rare; scandium and yttrium, whether or not intermixed or interalloyed",6,TRUE,C00,TOTAL CPC,0,0,TOTAL MOT,8,kg,3409,FALSE,8,kg,3409,FALSE,3409,FALSE,0,FALSE,25260.213,,25260.213,0,FALSE,TRUE
C,A,20170101,2017,52,2017,276,DEU,Germany,M,Import,380,ITA,Italy,0,W00,World,H5,HS,TRUE,280530,"Earth-metals, rare; scandium and yttrium, whether or not intermixed or interalloyed",6,TRUE,C00,TOTAL CPC,0,0,TOTAL MOT,8,kg,13000,FALSE,8,kg,13000,FALSE,13000,FALSE,0,FALSE,77251.122,,77251.122,0,FALSE,TRUE
C,A,20170101,2017,52,2017,276,DEU,Germany,M,Import,392,JPN,Japan,0,W00,World,H5,HS,TRUE,280530,"Earth-metals, rare; scandium and yttrium, whether or not intermixed or interalloyed",6,TRUE,C00,TOTAL CPC,0,0,TOTAL MOT,8,kg,84,FALSE,8,kg,84,FALSE,84,FALSE,0,FALSE,16376.334,,16376.334,0,FALSE,TRUE
C,A,20170101,2017,52,2017,276,DEU,Germany,M,Import,410,KOR,Rep. of Korea,0,W00,World,H5,HS,TRUE,280530,"Earth-metals, rare; scandium and yttrium, whether or not intermixed or interalloyed",6,TRUE,C00,TOTAL CPC,0,0,TOTAL MOT,8,kg,2,FALSE,8,kg,2,FALSE,2,FALSE,0,FALSE,6422.911,,6422.911,0,FALSE,TRUE
C,A,20170101,2017,52,2017,276,DEU,Germany,M,Import,442,LUX,Luxembourg,0,W00,World,H5,HS,TRUE,280530,"Earth-metals, rare; scandium and yttrium, whether or not intermixed or interalloyed",6,TRUE,C00,TOTAL CPC,0,0,TOTAL MOT,8,kg,8030,FALSE,8,kg,8030,FALSE,8030,FALSE,0,FALSE,10378.078,,10378.078,0,FALSE,TRUE
C,A,20170101,2017,52,2017,276,DEU,Germany,M,Import,490,S19,"Other Asia, nes",0,W00,World,H5,HS,TRUE,280530,"Earth-metals, rare; scandium and yttrium, whether or not intermixed or interalloyed",6,TRUE,C00,TOTAL CPC,0,0,TOTAL MOT,8,kg,114.468,TRUE,-1,N/A,0,FALSE,114.468,TRUE,0,FALSE,1219.755,,1219.755,6,FALSE,TRUE
C,A,20170101,2017,52,2017,276,DEU,Germany,M,Import,528,NLD,Netherlands,0,W00,World,H5,HS,TRUE,280530,"Earth-metals, rare; scandium and yttrium, whether or not intermixed or interalloyed",6,TRUE,C00,TOTAL CPC,0,0,TOTAL MOT,8,kg,253,FALSE,8,kg,253,FALSE,253,FALSE,0,FALSE,3265.102,,3265.102,0,FALSE,TRUE
C,A,20170101,2017,52,2017,276,DEU,Germany,M,Import,579,NOR,Norway,0,W00,World,H5,HS,TRUE,280530,"Earth-metals, rare; scandium and yttrium, whether or not intermixed or interalloyed",6,TRUE,C00,TOTAL CPC,0,0,TOTAL MOT,8,kg,1,FALSE,8,kg,1,FALSE,1,FALSE,0,FALSE,920.463,,920.463,0,FALSE,TRUE
C,A,20170101,2017,52,2017,276,DEU,Germany,M,Import,616,POL,Poland,0,W00,World,H5,HS,TRUE,280530,"Earth-metals, rare; scandium and yttrium, whether or not intermixed or interalloyed",6,TRUE,C00,TOTAL CPC,0,0,TOTAL MOT,8,kg,1,FALSE,8,kg,1,FALSE,1,FALSE,0,FALSE,234.916,,234.916,0,FALSE,TRUE
C,A,20170101,2017,52,2017,276,DEU,Germany,M,Import,643,RUS,Russian Federation,0,W00,World,H5,HS,TRUE,280530,"Earth-metals, rare; scandium and yttrium, whether or not intermixed or interalloyed",6,TRUE,C00,TOTAL CPC,0,0,TOTAL MOT,8,kg,47,FALSE,8,kg,47,FALSE,47,FALSE,0,FALSE,50498.968,,50498.968,0,FALSE,TRUE
C,A,20170101,2017,52,2017,276,DEU,Germany,M,Import,757,CHE,Switzerland,0,W00,World,H5,HS,TRUE,280530,"Earth-metals, rare; scandium and yttrium, whether or not intermixed or interalloyed",6,TRUE,C00,TOTAL CPC,0,0,TOTAL MOT,8,kg,833.916,TRUE,-1,N/A,0,FALSE,833.916,TRUE,0,FALSE,46244.509,,46244.509,6,FALSE,TRUE
C,A,20170101,2017,52,2017,276,DEU,Germany,M,Import,826,GBR,United Kingdom,0,W00,World,H5,HS,TRUE,280530,"Earth-metals, rare; scandium and yttrium, whether or not intermixed or interalloyed",6,TRUE,C00,TOTAL CPC,0,0,TOTAL MOT,8,kg,211.665,TRUE,-1,N/A,0,FALSE,211.665,TRUE,0,FALSE,34747.193,,34747.193,6,FALSE,TRUE
C,A,20170101,2017,52,2017,276,DEU,Germany,M,Import,842,USA,USA,0,W00,World,H5,HS,TRUE,280530,"Earth-metals, rare; scandium and yttrium, whether or not intermixed or interalloyed",6,TRUE,C00,TOTAL CPC,0,0,TOTAL MOT,8,kg,922.831,TRUE,-1,N/A,0,FALSE,922.831,TRUE,0,FALSE,158250.731,,158250.731,6,FALSE,TRUE
C,A,20170101,2017,52,2017,276,DEU,Germany,M,Import,0,W00,World,0,W00,World,H5,HS,TRUE,281820,Aluminium oxide; other than artificial corundum,6,TRUE,C00,TOTAL CPC,0,0,TOTAL MOT,8,kg,955199074.7,TRUE,-1,N/A,0,FALSE,955199074.7,TRUE,0,FALSE,381780243,,381780243,6,FALSE,TRUE
C,A,20170101,2017,52,2017,276,DEU,Germany,M,Import,36,AUS,Australia,0,W00,World,H5,HS,TRUE,281820,Aluminium oxide; other than artificial corundum,6,TRUE,C00,TOTAL CPC,0,0,TOTAL MOT,8,kg,14061,FALSE,8,kg,14061,FALSE,14061,FALSE,0,FALSE,686908.168,,686908.168,0,FALSE,TRUE
C,A,20170101,2017,52,2017,276,DEU,Germany,M,Import,40,AUT,Austria,0,W00,World,H5,HS,TRUE,281820,Aluminium oxide; other than artificial corundum,6,TRUE,C00,TOTAL CPC,0,0,TOTAL MOT,8,kg,10092134,FALSE,8,kg,10092134,FALSE,10092134,FALSE,0,FALSE,3384918.29,,3384918.29,0,FALSE,TRUE
C,A,20170101,2017,52,2017,276,DEU,Germany,M,Import,56,BEL,Belgium,0,W00,World,H5,HS,TRUE,281820,Aluminium oxide; other than artificial corundum,6,TRUE,C00,TOTAL CPC,0,0,TOTAL MOT,8,kg,229347.33,TRUE,-1,N/A,0,FALSE,229347.33,TRUE,0,FALSE,433763.921,,433763.921,6,FALSE,TRUE
C,A,20170101,2017,52,2017,276,DEU,Germany,M,Import,70,BIH,Bosnia Herzegovina,0,W00,World,H5,HS,TRUE,281820,Aluminium oxide; other than artificial corundum,6,TRUE,C00,TOTAL CPC,0,0,TOTAL MOT,8,kg,2964891,FALSE,8,kg,2964891,FALSE,2964891,FALSE,0,FALSE,1283723.91,,1283723.91,0,FALSE,TRUE
C,A,20170101,2017,52,2017,276,DEU,Germany,M,Import,76,BRA,Brazil,0,W00,World,H5,HS,TRUE,281820,Aluminium oxide; other than artificial corundum,6,TRUE,C00,TOTAL CPC,0,0,TOTAL MOT,8,kg,1849,FALSE,8,kg,1849,FALSE,1849,FALSE,0,FALSE,10126.222,,10126.222,0,FALSE,TRUE
C,A,20170101,2017,52,2017,276,DEU,Germany,M,Import,124,CAN,Canada,0,W00,World,H5,HS,TRUE,281820,Aluminium oxide; other than artificial corundum,6,TRUE,C00,TOTAL CPC,0,0,TOTAL MOT,8,kg,20694,FALSE,8,kg,20694,FALSE,20694,FALSE,0,FALSE,144163.695,,144163.695,0,FALSE,TRUE
C,A,20170101,2017,52,2017,276,DEU,Germany,M,Import,156,CHN,China,0,W00,World,H5,HS,TRUE,281820,Aluminium oxide; other than artificial corundum,6,TRUE,C00,TOTAL CPC,0,0,TOTAL MOT,8,kg,1036158,FALSE,8,kg,1036158,FALSE,1036158,FALSE,0,FALSE,1515798.026,,1515798.026,0,FALSE,TRUE
C,A,20170101,2017,52,2017,276,DEU,Germany,M,Import,192,CUB,Cuba,0,W00,World,H5,HS,TRUE,281820,Aluminium oxide; other than artificial corundum,6,TRUE,C00,TOTAL CPC,0,0,TOTAL MOT,8,kg,34000,FALSE,8,kg,34000,FALSE,34000,FALSE,0,FALSE,9610.085,,9610.085,0,FALSE,TRUE
C,A,20170101,2017,52,2017,276,DEU,Germany,M,Import,203,CZE,Czechia,0,W00,World,H5,HS,TRUE,281820,Aluminium oxide; other than artificial corundum,6,TRUE,C00,TOTAL CPC,0,0,TOTAL MOT,8,kg,339735,FALSE,8,kg,339735,FALSE,339735,FALSE,0,FALSE,195410.327,,195410.327,0,FALSE,TRUE
C,A,20170101,2017,52,2017,276,DEU,Germany,M,Import,208,DNK,Denmark,0,W00,World,H5,HS,TRUE,281820,Aluminium oxide; other than artificial corundum,6,TRUE,C00,TOTAL CPC,0,0,TOTAL MOT,8,kg,1776,FALSE,8,kg,1776,FALSE,1776,FALSE,0,FALSE,26552.25,,26552.25,0,FALSE,TRUE
C,A,20170101,2017,52,2017,276,DEU,Germany,M,Import,246,FIN,Finland,0,W00,World,H5,HS,TRUE,281820,Aluminium oxide; other than artificial corundum,6,TRUE,C00,TOTAL CPC,0,0,TOTAL MOT,8,kg,10,FALSE,8,kg,10,FALSE,10,FALSE,0,FALSE,454.02,,454.02,0,FALSE,TRUE
C,A,20170101,2017,52,2017,276,DEU,Germany,M,Import,251,FRA,France,0,W00,World,H5,HS,TRUE,281820,Aluminium oxide; other than artificial corundum,6,TRUE,C00,TOTAL CPC,0,0,TOTAL MOT,8,kg,42221858,FALSE,8,kg,42221858,FALSE,42221858,FALSE,0,FALSE,30570225.14,,30570225.14,0,FALSE,TRUE
C,A,20170101,2017,52,2017,276,DEU,Germany,M,Import,328,GUY,Guyana,0,W00,World,H5,HS,TRUE,281820,Aluminium oxide; other than artificial corundum,6,TRUE,C00,TOTAL CPC,0,0,TOTAL MOT,8,kg,141600,FALSE,8,kg,141600,FALSE,141600,FALSE,0,FALSE,93502.093,,93502.093,0,FALSE,TRUE
C,A,20170101,2017,52,2017,276,DEU,Germany,M,Import,348,HUN,Hungary,0,W00,World,H5,HS,TRUE,281820,Aluminium oxide; other than artificial corundum,6,TRUE,C00,TOTAL CPC,0,0,TOTAL MOT,8,kg,12238400,FALSE,8,kg,12238400,FALSE,12238400,FALSE,0,FALSE,8402438.53,,8402438.53,0,FALSE,TRUE
C,A,20170101,2017,52,2017,276,DEU,Germany,M,Import,372,IRL,Ireland,0,W00,World,H5,HS,TRUE,281820,Aluminium oxide; other than artificial corundum,6,TRUE,C00,TOTAL CPC,0,0,TOTAL MOT,8,kg,256821100,FALSE,8,kg,256821100,FALSE,256821100,FALSE,0,FALSE,86959790.15,,86959790.15,0,FALSE,TRUE
C,A,20170101,2017,52,2017,276,DEU,Germany,M,Import,376,ISR,Israel,0,W00,World,H5,HS,TRUE,281820,Aluminium oxide; other than artificial corundum,6,TRUE,C00,TOTAL CPC,0,0,TOTAL MOT,8,kg,2150,FALSE,8,kg,2150,FALSE,2150,FALSE,0,FALSE,7503.749,,7503.749,0,FALSE,TRUE
C,A,20170101,2017,52,2017,276,DEU,Germany,M,Import,380,ITA,Italy,0,W00,World,H5,HS,TRUE,281820,Aluminium oxide; other than artificial corundum,6,TRUE,C00,TOTAL CPC,0,0,TOTAL MOT,8,kg,93050,FALSE,8,kg,93050,FALSE,93050,FALSE,0,FALSE,301292.929,,301292.929,0,FALSE,TRUE
C,A,20170101,2017,52,2017,276,DEU,Germany,M,Import,388,JAM,Jamaica,0,W00,World,H5,HS,TRUE,281820,Aluminium oxide; other than artificial corundum,6,TRUE,C00,TOTAL CPC,0,0,TOTAL MOT,8,kg,369549700,FALSE,8,kg,369549700,FALSE,369549700,FALSE,0,FALSE,116432498.2,,116432498.2,0,FALSE,TRUE
C,A,20170101,2017,52,2017,276,DEU,Germany,M,Import,392,JPN,Japan,0,W00,World,H5,HS,TRUE,281820,Aluminium oxide; other than artificial corundum,6,TRUE,C00,TOTAL CPC,0,0,TOTAL MOT,8,kg,489087,FALSE,8,kg,489087,FALSE,489087,FALSE,0,FALSE,3319394.882,,3319394.882,0,FALSE,TRUE
C,A,20170101,2017,52,2017,276,DEU,Germany,M,Import,410,KOR,Rep. of Korea,0,W00,World,H5,HS,TRUE,281820,Aluminium oxide; other than artificial corundum,6,TRUE,C00,TOTAL CPC,0,0,TOTAL MOT,8,kg,20551,FALSE,8,kg,20551,FALSE,20551,FALSE,0,FALSE,25030.945,,25030.945,0,FALSE,TRUE
C,A,20170101,2017,52,2017,276,DEU,Germany,M,Import,442,LUX,Luxembourg,0,W00,World,H5,HS,TRUE,281820,Aluminium oxide; other than artificial corundum,6,TRUE,C00,TOTAL CPC,0,0,TOTAL MOT,8,kg,3062000,FALSE,8,kg,3062000,FALSE,3062000,FALSE,0,FALSE,2982607.096,,2982607.096,0,FALSE,TRUE
C,A,20170101,2017,52,2017,276,DEU,Germany,M,Import,484,MEX,Mexico,0,W00,World,H5,HS,TRUE,281820,Aluminium oxide; other than artificial corundum,6,TRUE,C00,TOTAL CPC,0,0,TOTAL MOT,8,kg,27,FALSE,8,kg,27,FALSE,27,FALSE,0,FALSE,708.135,,708.135,0,FALSE,TRUE
C,A,20170101,2017,52,2017,276,DEU,Germany,M,Import,528,NLD,Netherlands,0,W00,World,H5,HS,TRUE,281820,Aluminium oxide; other than artificial corundum,6,TRUE,C00,TOTAL CPC,0,0,TOTAL MOT,8,kg,196150786,FALSE,8,kg,196150786,FALSE,196150786,FALSE,0,FALSE,83995637.49,,83995637.49,0,FALSE,TRUE
C,A,20170101,2017,52,2017,276,DEU,Germany,M,Import,579,NOR,Norway,0,W00,World,H5,HS,TRUE,281820,Aluminium oxide; other than artificial corundum,6,TRUE,C00,TOTAL CPC,0,0,TOTAL MOT,8,kg,6329199.083,TRUE,-1,N/A,0,FALSE,6329199.083,TRUE,0,FALSE,147846.676,,147846.676,6,FALSE,TRUE
C,A,20170101,2017,52,2017,276,DEU,Germany,M,Import,616,POL,Poland,0,W00,World,H5,HS,TRUE,281820,Aluminium oxide; other than artificial corundum,6,TRUE,C00,TOTAL CPC,0,0,TOTAL MOT,8,kg,145810,FALSE,8,kg,145810,FALSE,145810,FALSE,0,FALSE,245070.15,,245070.15,0,FALSE,TRUE
C,A,20170101,2017,52,2017,276,DEU,Germany,M,Import,642,ROU,Romania,0,W00,World,H5,HS,TRUE,281820,Aluminium oxide; other than artificial corundum,6,TRUE,C00,TOTAL CPC,0,0,TOTAL MOT,8,kg,348060,FALSE,8,kg,348060,FALSE,348060,FALSE,0,FALSE,111251.78,,111251.78,0,FALSE,TRUE
C,A,20170101,2017,52,2017,276,DEU,Germany,M,Import,643,RUS,Russian Federation,0,W00,World,H5,HS,TRUE,281820,Aluminium oxide; other than artificial corundum,6,TRUE,C00,TOTAL CPC,0,0,TOTAL MOT,8,kg,277028,FALSE,8,kg,277028,FALSE,277028,FALSE,0,FALSE,226584.092,,226584.092,0,FALSE,TRUE
C,A,20170101,2017,52,2017,276,DEU,Germany,M,Import,699,IND,India,0,W00,World,H5,HS,TRUE,281820,Aluminium oxide; other than artificial corundum,6,TRUE,C00,TOTAL CPC,0,0,TOTAL MOT,8,kg,10927,FALSE,8,kg,10927,FALSE,10927,FALSE,0,FALSE,14860.676,,14860.676,0,FALSE,TRUE
C,A,20170101,2017,52,2017,276,DEU,Germany,M,Import,702,SGP,Singapore,0,W00,World,H5,HS,TRUE,281820,Aluminium oxide; other than artificial corundum,6,TRUE,C00,TOTAL CPC,0,0,TOTAL MOT,8,kg,183,FALSE,8,kg,183,FALSE,183,FALSE,0,FALSE,876.416,,876.416,0,FALSE,TRUE
C,A,20170101,2017,52,2017,276,DEU,Germany,M,Import,705,SVN,Slovenia,0,W00,World,H5,HS,TRUE,281820,Aluminium oxide; other than artificial corundum,6,TRUE,C00,TOTAL CPC,0,0,TOTAL MOT,8,kg,15986400,FALSE,8,kg,15986400,FALSE,15986400,FALSE,0,FALSE,10780043.98,,10780043.98,0,FALSE,TRUE
C,A,20170101,2017,52,2017,276,DEU,Germany,M,Import,710,ZAF,South Africa,0,W00,World,H5,HS,TRUE,281820,Aluminium oxide; other than artificial corundum,6,TRUE,C00,TOTAL CPC,0,0,TOTAL MOT,8,kg,470,FALSE,8,kg,470,FALSE,470,FALSE,0,FALSE,60742.648,,60742.648,0,FALSE,TRUE
C,A,20170101,2017,52,2017,276,DEU,Germany,M,Import,724,ESP,Spain,0,W00,World,H5,HS,TRUE,281820,Aluminium oxide; other than artificial corundum,6,TRUE,C00,TOTAL CPC,0,0,TOTAL MOT,8,kg,28696434,FALSE,8,kg,28696434,FALSE,28696434,FALSE,0,FALSE,9915521.473,,9915521.473,0,FALSE,TRUE
C,A,20170101,2017,52,2017,276,DEU,Germany,M,Import,752,SWE,Sweden,0,W00,World,H5,HS,TRUE,281820,Aluminium oxide; other than artificial corundum,6,TRUE,C00,TOTAL CPC,0,0,TOTAL MOT,8,kg,133599,FALSE,8,kg,133599,FALSE,133599,FALSE,0,FALSE,81335.041,,81335.041,0,FALSE,TRUE
C,A,20170101,2017,52,2017,276,DEU,Germany,M,Import,757,CHE,Switzerland,0,W00,World,H5,HS,TRUE,281820,Aluminium oxide; other than artificial corundum,6,TRUE,C00,TOTAL CPC,0,0,TOTAL MOT,8,kg,145765,FALSE,8,kg,145765,FALSE,145765,FALSE,0,FALSE,1010459.359,,1010459.359,0,FALSE,TRUE
C,A,20170101,2017,52,2017,276,DEU,Germany,M,Import,792,TUR,Türkiye,0,W00,World,H5,HS,TRUE,281820,Aluminium oxide; other than artificial corundum,6,TRUE,C00,TOTAL CPC,0,0,TOTAL MOT,8,kg,984,FALSE,8,kg,984,FALSE,984,FALSE,0,FALSE,1165.543,,1165.543,0,FALSE,TRUE
C,A,20170101,2017,52,2017,276,DEU,Germany,M,Import,804,UKR,Ukraine,0,W00,World,H5,HS,TRUE,281820,Aluminium oxide; other than artificial corundum,6,TRUE,C00,TOTAL CPC,0,0,TOTAL MOT,8,kg,49240,FALSE,8,kg,49240,FALSE,49240,FALSE,0,FALSE,66801.891,,66801.891,0,FALSE,TRUE
C,A,20170101,2017,52,2017,276,DEU,Germany,M,Import,826,GBR,United Kingdom,0,W00,World,H5,HS,TRUE,281820,Aluminium oxide; other than artificial corundum,6,TRUE,C00,TOTAL CPC,0,0,TOTAL MOT,8,kg,2530334,FALSE,8,kg,2530334,FALSE,2530334,FALSE,0,FALSE,993789.38,,993789.38,0,FALSE,TRUE
C,A,20170101,2017,52,2017,276,DEU,Germany,M,Import,842,USA,USA,0,W00,World,H5,HS,TRUE,281820,Aluminium oxide; other than artificial corundum,6,TRUE,C00,TOTAL CPC,0,0,TOTAL MOT,8,kg,5019677.257,TRUE,-1,N/A,0,FALSE,5019677.257,TRUE,0,FALSE,17341835.6,,17341835.6,6,FALSE,TRUE
C,A,20170101,2017,52,2017,276,DEU,Germany,M,Import,0,W00,World,0,W00,World,H5,HS,TRUE,281830,Aluminium hydroxide,6,TRUE,C00,TOTAL CPC,0,0,TOTAL MOT,8,kg,241072931.8,TRUE,-1,N/A,0,FALSE,241072931.8,TRUE,0,FALSE,77071882.56,,77071882.56,6,FALSE,TRUE
C,A,20170101,2017,52,2017,276,DEU,Germany,M,Import,36,AUS,Australia,0,W00,World,H5,HS,TRUE,281830,Aluminium hydroxide,6,TRUE,C00,TOTAL CPC,0,0,TOTAL MOT,8,kg,5528020,FALSE,8,kg,5528020,FALSE,5528020,FALSE,0,FALSE,2096595.454,,2096595.454,0,FALSE,TRUE
C,A,20170101,2017,52,2017,276,DEU,Germany,M,Import,40,AUT,Austria,0,W00,World,H5,HS,TRUE,281830,Aluminium hydroxide,6,TRUE,C00,TOTAL CPC,0,0,TOTAL MOT,8,kg,181140,FALSE,8,kg,181140,FALSE,181140,FALSE,0,FALSE,36697.671,,36697.671,0,FALSE,TRUE
C,A,20170101,2017,52,2017,276,DEU,Germany,M,Import,56,BEL,Belgium,0,W00,World,H5,HS,TRUE,281830,Aluminium hydroxide,6,TRUE,C00,TOTAL CPC,0,0,TOTAL MOT,8,kg,1659380,FALSE,8,kg,1659380,FALSE,1659380,FALSE,0,FALSE,2577380.914,,2577380.914,0,FALSE,TRUE
C,A,20170101,2017,52,2017,276,DEU,Germany,M,Import,70,BIH,Bosnia Herzegovina,0,W00,World,H5,HS,TRUE,281830,Aluminium hydroxide,6,TRUE,C00,TOTAL CPC,0,0,TOTAL MOT,8,kg,459492,FALSE,8,kg,459492,FALSE,459492,FALSE,0,FALSE,119464.794,,119464.794,0,FALSE,TRUE
C,A,20170101,2017,52,2017,276,DEU,Germany,M,Import,76,BRA,Brazil,0,W00,World,H5,HS,TRUE,281830,Aluminium hydroxide,6,TRUE,C00,TOTAL CPC,0,0,TOTAL MOT,8,kg,1427,FALSE,8,kg,1427,FALSE,1427,FALSE,0,FALSE,12632.366,,12632.366,0,FALSE,TRUE
C,A,20170101,2017,52,2017,276,DEU,Germany,M,Import,156,CHN,China,0,W00,World,H5,HS,TRUE,281830,Aluminium hydroxide,6,TRUE,C00,TOTAL CPC,0,0,TOTAL MOT,8,kg,720096.535,TRUE,-1,N/A,0,FALSE,720096.535,TRUE,0,FALSE,2192845.383,,2192845.383,6,FALSE,TRUE
C,A,20170101,2017,52,2017,276,DEU,Germany,M,Import,203,CZE,Czechia,0,W00,World,H5,HS,TRUE,281830,Aluminium hydroxide,6,TRUE,C00,TOTAL CPC,0,0,TOTAL MOT,8,kg,46558,FALSE,8,kg,46558,FALSE,46558,FALSE,0,FALSE,44596.711,,44596.711,0,FALSE,TRUE
C,A,20170101,2017,52,2017,276,DEU,Germany,M,Import,208,DNK,Denmark,0,W00,World,H5,HS,TRUE,281830,Aluminium hydroxide,6,TRUE,C00,TOTAL CPC,0,0,TOTAL MOT,8,kg,718475,FALSE,8,kg,718475,FALSE,718475,FALSE,0,FALSE,1337416.828,,1337416.828,0,FALSE,TRUE
C,A,20170101,2017,52,2017,276,DEU,Germany,M,Import,246,FIN,Finland,0,W00,World,H5,HS,TRUE,281830,Aluminium hydroxide,6,TRUE,C00,TOTAL CPC,0,0,TOTAL MOT,8,kg,8225,FALSE,8,kg,8225,FALSE,8225,FALSE,0,FALSE,6891.613,,6891.613,0,FALSE,TRUE
C,A,20170101,2017,52,2017,276,DEU,Germany,M,Import,251,FRA,France,0,W00,World,H5,HS,TRUE,281830,Aluminium hydroxide,6,TRUE,C00,TOTAL CPC,0,0,TOTAL MOT,8,kg,5249894.304,TRUE,-1,N/A,0,FALSE,5249894.304,TRUE,0,FALSE,2216907.3,,2216907.3,6,FALSE,TRUE
C,A,20170101,2017,52,2017,276,DEU,Germany,M,Import,300,GRC,Greece,0,W00,World,H5,HS,TRUE,281830,Aluminium hydroxide,6,TRUE,C00,TOTAL CPC,0,0,TOTAL MOT,8,kg,2433580,FALSE,8,kg,2433580,FALSE,2433580,FALSE,0,FALSE,603549.238,,603549.238,0,FALSE,TRUE
C,A,20170101,2017,52,2017,276,DEU,Germany,M,Import,348,HUN,Hungary,0,W00,World,H5,HS,TRUE,281830,Aluminium hydroxide,6,TRUE,C00,TOTAL CPC,0,0,TOTAL MOT,8,kg,15842465,FALSE,8,kg,15842465,FALSE,15842465,FALSE,0,FALSE,11038499.8,,11038499.8,0,FALSE,TRUE
C,A,20170101,2017,52,2017,276,DEU,Germany,M,Import,372,IRL,Ireland,0,W00,World,H5,HS,TRUE,281830,Aluminium hydroxide,6,TRUE,C00,TOTAL CPC,0,0,TOTAL MOT,8,kg,98576000,FALSE,8,kg,98576000,FALSE,98576000,FALSE,0,FALSE,20240598.13,,20240598.13,0,FALSE,TRUE
C,A,20170101,2017,52,2017,276,DEU,Germany,M,Import,376,ISR,Israel,0,W00,World,H5,HS,TRUE,281830,Aluminium hydroxide,6,TRUE,C00,TOTAL CPC,0,0,TOTAL MOT,8,kg,4000,FALSE,8,kg,4000,FALSE,4000,FALSE,0,FALSE,7410.009,,7410.009,0,FALSE,TRUE
C,A,20170101,2017,52,2017,276,DEU,Germany,M,Import,380,ITA,Italy,0,W00,World,H5,HS,TRUE,281830,Aluminium hydroxide,6,TRUE,C00,TOTAL CPC,0,0,TOTAL MOT,8,kg,886165,FALSE,8,kg,886165,FALSE,886165,FALSE,0,FALSE,472887.549,,472887.549,0,FALSE,TRUE
C,A,20170101,2017,52,2017,276,DEU,Germany,M,Import,392,JPN,Japan,0,W00,World,H5,HS,TRUE,281830,Aluminium hydroxide,6,TRUE,C00,TOTAL CPC,0,0,TOTAL MOT,8,kg,70361,FALSE,8,kg,70361,FALSE,70361,FALSE,0,FALSE,271084.804,,271084.804,0,FALSE,TRUE
C,A,20170101,2017,52,2017,276,DEU,Germany,M,Import,410,KOR,Rep. of Korea,0,W00,World,H5,HS,TRUE,281830,Aluminium hydroxide,6,TRUE,C00,TOTAL CPC,0,0,TOTAL MOT,8,kg,706001,FALSE,8,kg,706001,FALSE,706001,FALSE,0,FALSE,470804.931,,470804.931,0,FALSE,TRUE
C,A,20170101,2017,52,2017,276,DEU,Germany,M,Import,528,NLD,Netherlands,0,W00,World,H5,HS,TRUE,281830,Aluminium hydroxide,6,TRUE,C00,TOTAL CPC,0,0,TOTAL MOT,8,kg,24898494,FALSE,8,kg,24898494,FALSE,24898494,FALSE,0,FALSE,11990883.03,,11990883.03,0,FALSE,TRUE
C,A,20170101,2017,52,2017,276,DEU,Germany,M,Import,616,POL,Poland,0,W00,World,H5,HS,TRUE,281830,Aluminium hydroxide,6,TRUE,C00,TOTAL CPC,0,0,TOTAL MOT,8,kg,178222,FALSE,8,kg,178222,FALSE,178222,FALSE,0,FALSE,50255.017,,50255.017,0,FALSE,TRUE
C,A,20170101,2017,52,2017,276,DEU,Germany,M,Import,642,ROU,Romania,0,W00,World,H5,HS,TRUE,281830,Aluminium hydroxide,6,TRUE,C00,TOTAL CPC,0,0,TOTAL MOT,8,kg,742000,FALSE,8,kg,742000,FALSE,742000,FALSE,0,FALSE,154375.751,,154375.751,0,FALSE,TRUE
C,A,20170101,2017,52,2017,276,DEU,Germany,M,Import,643,RUS,Russian Federation,0,W00,World,H5,HS,TRUE,281830,Aluminium hydroxide,6,TRUE,C00,TOTAL CPC,0,0,TOTAL MOT,8,kg,2,FALSE,8,kg,2,FALSE,2,FALSE,0,FALSE,1.129,,1.129,0,FALSE,TRUE
C,A,20170101,2017,52,2017,276,DEU,Germany,M,Import,699,IND,India,0,W00,World,H5,HS,TRUE,281830,Aluminium hydroxide,6,TRUE,C00,TOTAL CPC,0,0,TOTAL MOT,8,kg,2825,FALSE,8,kg,2825,FALSE,2825,FALSE,0,FALSE,15547.353,,15547.353,0,FALSE,TRUE
C,A,20170101,2017,52,2017,276,DEU,Germany,M,Import,703,SVK,Slovakia,0,W00,World,H5,HS,TRUE,281830,Aluminium hydroxide,6,TRUE,C00,TOTAL CPC,0,0,TOTAL MOT,8,kg,5140,FALSE,8,kg,5140,FALSE,5140,FALSE,0,FALSE,4872.242,,4872.242,0,FALSE,TRUE
C,A,20170101,2017,52,2017,276,DEU,Germany,M,Import,705,SVN,Slovenia,0,W00,World,H5,HS,TRUE,281830,Aluminium hydroxide,6,TRUE,C00,TOTAL CPC,0,0,TOTAL MOT,8,kg,3053300,FALSE,8,kg,3053300,FALSE,3053300,FALSE,0,FALSE,2433889.213,,2433889.213,0,FALSE,TRUE
C,A,20170101,2017,52,2017,276,DEU,Germany,M,Import,724,ESP,Spain,0,W00,World,H5,HS,TRUE,281830,Aluminium hydroxide,6,TRUE,C00,TOTAL CPC,0,0,TOTAL MOT,8,kg,78385899,FALSE,8,kg,78385899,FALSE,78385899,FALSE,0,FALSE,16258666.45,,16258666.45,0,FALSE,TRUE
C,A,20170101,2017,52,2017,276,DEU,Germany,M,Import,752,SWE,Sweden,0,W00,World,H5,HS,TRUE,281830,Aluminium hydroxide,6,TRUE,C00,TOTAL CPC,0,0,TOTAL MOT,8,kg,2000,FALSE,8,kg,2000,FALSE,2000,FALSE,0,FALSE,1166.673,,1166.673,0,FALSE,TRUE
C,A,20170101,2017,52,2017,276,DEU,Germany,M,Import,757,CHE,Switzerland,0,W00,World,H5,HS,TRUE,281830,Aluminium hydroxide,6,TRUE,C00,TOTAL CPC,0,0,TOTAL MOT,8,kg,83882,FALSE,8,kg,83882,FALSE,83882,FALSE,0,FALSE,81487.51,,81487.51,0,FALSE,TRUE
C,A,20170101,2017,52,2017,276,DEU,Germany,M,Import,792,TUR,Türkiye,0,W00,World,H5,HS,TRUE,281830,Aluminium hydroxide,6,TRUE,C00,TOTAL CPC,0,0,TOTAL MOT,8,kg,5004,FALSE,8,kg,5004,FALSE,5004,FALSE,0,FALSE,2545.673,,2545.673,0,FALSE,TRUE
C,A,20170101,2017,52,2017,276,DEU,Germany,M,Import,826,GBR,United Kingdom,0,W00,World,H5,HS,TRUE,281830,Aluminium hydroxide,6,TRUE,C00,TOTAL CPC,0,0,TOTAL MOT,8,kg,61813,FALSE,8,kg,61813,FALSE,61813,FALSE,0,FALSE,82872.158,,82872.158,0,FALSE,TRUE
C,A,20170101,2017,52,2017,276,DEU,Germany,M,Import,842,USA,USA,0,W00,World,H5,HS,TRUE,281830,Aluminium hydroxide,6,TRUE,C00,TOTAL CPC,0,0,TOTAL MOT,8,kg,563071,FALSE,8,kg,563071,FALSE,563071,FALSE,0,FALSE,2249056.868,,2249056.868,0,FALSE,TRUE
C,A,20170101,2017,52,2017,276,DEU,Germany,M,Import,0,W00,World,0,W00,World,H5,HS,TRUE,281910,Chromium trioxide,6,TRUE,C00,TOTAL CPC,0,0,TOTAL MOT,8,kg,9455307,FALSE,8,kg,9455307,FALSE,9455307,FALSE,0,FALSE,24857782.5,,24857782.5,0,FALSE,TRUE
C,A,20170101,2017,52,2017,276,DEU,Germany,M,Import,56,BEL,Belgium,0,W00,World,H5,HS,TRUE,281910,Chromium trioxide,6,TRUE,C00,TOTAL CPC,0,0,TOTAL MOT,8,kg,4174,FALSE,8,kg,4174,FALSE,4174,FALSE,0,FALSE,27374.455,,27374.455,0,FALSE,TRUE
C,A,20170101,2017,52,2017,276,DEU,Germany,M,Import,156,CHN,China,0,W00,World,H5,HS,TRUE,281910,Chromium trioxide,6,TRUE,C00,TOTAL CPC,0,0,TOTAL MOT,8,kg,48138,FALSE,8,kg,48138,FALSE,48138,FALSE,0,FALSE,227478.578,,227478.578,0,FALSE,TRUE
C,A,20170101,2017,52,2017,276,DEU,Germany,M,Import,251,FRA,France,0,W00,World,H5,HS,TRUE,281910,Chromium trioxide,6,TRUE,C00,TOTAL CPC,0,0,TOTAL MOT,8,kg,1200,FALSE,8,kg,1200,FALSE,1200,FALSE,0,FALSE,6708.65,,6708.65,0,FALSE,TRUE
C,A,20170101,2017,52,2017,276,DEU,Germany,M,Import,398,KAZ,Kazakhstan,0,W00,World,H5,HS,TRUE,281910,Chromium trioxide,6,TRUE,C00,TOTAL CPC,0,0,TOTAL MOT,8,kg,6344540,FALSE,8,kg,6344540,FALSE,6344540,FALSE,0,FALSE,15815018,,15815018,0,FALSE,TRUE
C,A,20170101,2017,52,2017,276,DEU,Germany,M,Import,528,NLD,Netherlands,0,W00,World,H5,HS,TRUE,281910,Chromium trioxide,6,TRUE,C00,TOTAL CPC,0,0,TOTAL MOT,8,kg,750,FALSE,8,kg,750,FALSE,750,FALSE,0,FALSE,3413.054,,3413.054,0,FALSE,TRUE
C,A,20170101,2017,52,2017,276,DEU,Germany,M,Import,643,RUS,Russian Federation,0,W00,World,H5,HS,TRUE,281910,Chromium trioxide,6,TRUE,C00,TOTAL CPC,0,0,TOTAL MOT,8,kg,617000,FALSE,8,kg,617000,FALSE,617000,FALSE,0,FALSE,1413083.398,,1413083.398,0,FALSE,TRUE
C,A,20170101,2017,52,2017,276,DEU,Germany,M,Import,705,SVN,Slovenia,0,W00,World,H5,HS,TRUE,281910,Chromium trioxide,6,TRUE,C00,TOTAL CPC,0,0,TOTAL MOT,8,kg,100,FALSE,8,kg,100,FALSE,100,FALSE,0,FALSE,167.152,,167.152,0,FALSE,TRUE
C,A,20170101,2017,52,2017,276,DEU,Germany,M,Import,710,ZAF,South Africa,0,W00,World,H5,HS,TRUE,281910,Chromium trioxide,6,TRUE,C00,TOTAL CPC,0,0,TOTAL MOT,8,kg,810000,FALSE,8,kg,810000,FALSE,810000,FALSE,0,FALSE,2657350.507,,2657350.507,0,FALSE,TRUE
C,A,20170101,2017,52,2017,276,DEU,Germany,M,Import,724,ESP,Spain,0,W00,World,H5,HS,TRUE,281910,Chromium trioxide,6,TRUE,C00,TOTAL CPC,0,0,TOTAL MOT,8,kg,96956,FALSE,8,kg,96956,FALSE,96956,FALSE,0,FALSE,610502.969,,610502.969,0,FALSE,TRUE
C,A,20170101,2017,52,2017,276,DEU,Germany,M,Import,757,CHE,Switzerland,0,W00,World,H5,HS,TRUE,281910,Chromium trioxide,6,TRUE,C00,TOTAL CPC,0,0,TOTAL MOT,8,kg,2985,FALSE,8,kg,2985,FALSE,2985,FALSE,0,FALSE,4348.199,,4348.199,0,FALSE,TRUE
C,A,20170101,2017,52,2017,276,DEU,Germany,M,Import,792,TUR,Türkiye,0,W00,World,H5,HS,TRUE,281910,Chromium trioxide,6,TRUE,C00,TOTAL CPC,0,0,TOTAL MOT,8,kg,921000,FALSE,8,kg,921000,FALSE,921000,FALSE,0,FALSE,2373936.018,,2373936.018,0,FALSE,TRUE
C,A,20170101,2017,52,2017,276,DEU,Germany,M,Import,826,GBR,United Kingdom,0,W00,World,H5,HS,TRUE,281910,Chromium trioxide,6,TRUE,C00,TOTAL CPC,0,0,TOTAL MOT,8,kg,6233,FALSE,8,kg,6233,FALSE,6233,FALSE,0,FALSE,45678.679,,45678.679,0,FALSE,TRUE
C,A,20170101,2017,52,2017,276,DEU,Germany,M,Import,842,USA,USA,0,W00,World,H5,HS,TRUE,281910,Chromium trioxide,6,TRUE,C00,TOTAL CPC,0,0,TOTAL MOT,8,kg,602231,FALSE,8,kg,602231,FALSE,602231,FALSE,0,FALSE,1672722.839,,1672722.839,0,FALSE,TRUE
C,A,20170101,2017,52,2017,276,DEU,Germany,M,Import,0,W00,World,0,W00,World,H5,HS,TRUE,282110,Iron oxides and hydroxides,6,TRUE,C00,TOTAL CPC,0,0,TOTAL MOT,8,kg,39809780.82,TRUE,-1,N/A,0,FALSE,39809780.82,TRUE,0,FALSE,46800333.52,,46800333.52,6,FALSE,TRUE
C,A,20170101,2017,52,2017,276,DEU,Germany,M,Import,36,AUS,Australia,0,W00,World,H5,HS,TRUE,282110,Iron oxides and hydroxides,6,TRUE,C00,TOTAL CPC,0,0,TOTAL MOT,8,kg,24000,FALSE,8,kg,24000,FALSE,24000,FALSE,0,FALSE,18002.674,,18002.674,0,FALSE,TRUE
C,A,20170101,2017,52,2017,276,DEU,Germany,M,Import,40,AUT,Austria,0,W00,World,H5,HS,TRUE,282110,Iron oxides and hydroxides,6,TRUE,C00,TOTAL CPC,0,0,TOTAL MOT,8,kg,1640800,FALSE,8,kg,1640800,FALSE,1640800,FALSE,0,FALSE,445409.189,,445409.189,0,FALSE,TRUE
C,A,20170101,2017,52,2017,276,DEU,Germany,M,Import,56,BEL,Belgium,0,W00,World,H5,HS,TRUE,282110,Iron oxides and hydroxides,6,TRUE,C00,TOTAL CPC,0,0,TOTAL MOT,8,kg,373705,FALSE,8,kg,373705,FALSE,373705,FALSE,0,FALSE,646481.211,,646481.211,0,FALSE,TRUE
C,A,20170101,2017,52,2017,276,DEU,Germany,M,Import,76,BRA,Brazil,0,W00,World,H5,HS,TRUE,282110,Iron oxides and hydroxides,6,TRUE,C00,TOTAL CPC,0,0,TOTAL MOT,8,kg,6371157,FALSE,8,kg,6371157,FALSE,6371157,FALSE,0,FALSE,8135881.5,,8135881.5,0,FALSE,TRUE
C,A,20170101,2017,52,2017,276,DEU,Germany,M,Import,124,CAN,Canada,0,W00,World,H5,HS,TRUE,282110,Iron oxides and hydroxides,6,TRUE,C00,TOTAL CPC,0,0,TOTAL MOT,8,kg,58,FALSE,8,kg,58,FALSE,58,FALSE,0,FALSE,76.799,,76.799,0,FALSE,TRUE
C,A,20170101,2017,52,2017,276,DEU,Germany,M,Import,156,CHN,China,0,W00,World,H5,HS,TRUE,282110,Iron oxides and hydroxides,6,TRUE,C00,TOTAL CPC,0,0,TOTAL MOT,8,kg,11078384.92,TRUE,-1,N/A,0,FALSE,11078384.92,TRUE,0,FALSE,12996846.24,,12996846.24,6,FALSE,TRUE
C,A,20170101,2017,52,2017,276,DEU,Germany,M,Import,170,COL,Colombia,0,W00,World,H5,HS,TRUE,282110,Iron oxides and hydroxides,6,TRUE,C00,TOTAL CPC,0,0,TOTAL MOT,8,kg,39600,FALSE,8,kg,39600,FALSE,39600,FALSE,0,FALSE,58812.499,,58812.499,0,FALSE,TRUE
C,A,20170101,2017,52,2017,276,DEU,Germany,M,Import,203,CZE,Czechia,0,W00,World,H5,HS,TRUE,282110,Iron oxides and hydroxides,6,TRUE,C00,TOTAL CPC,0,0,TOTAL MOT,8,kg,404500,FALSE,8,kg,404500,FALSE,404500,FALSE,0,FALSE,244529.166,,244529.166,0,FALSE,TRUE
C,A,20170101,2017,52,2017,276,DEU,Germany,M,Import,208,DNK,Denmark,0,W00,World,H5,HS,TRUE,282110,Iron oxides and hydroxides,6,TRUE,C00,TOTAL CPC,0,0,TOTAL MOT,8,kg,349877,FALSE,8,kg,349877,FALSE,349877,FALSE,0,FALSE,529277.48,,529277.48,0,FALSE,TRUE
C,A,20170101,2017,52,2017,276,DEU,Germany,M,Import,246,FIN,Finland,0,W00,World,H5,HS,TRUE,282110,Iron oxides and hydroxides,6,TRUE,C00,TOTAL CPC,0,0,TOTAL MOT,8,kg,4925030,FALSE,8,kg,4925030,FALSE,4925030,FALSE,0,FALSE,267314.859,,267314.859,0,FALSE,TRUE
C,A,20170101,2017,52,2017,276,DEU,Germany,M,Import,251,FRA,France,0,W00,World,H5,HS,TRUE,282110,Iron oxides and hydroxides,6,TRUE,C00,TOTAL CPC,0,0,TOTAL MOT,8,kg,757940,FALSE,8,kg,757940,FALSE,757940,FALSE,0,FALSE,1516677.831,,1516677.831,0,FALSE,TRUE
C,A,20170101,2017,52,2017,276,DEU,Germany,M,Import,344,HKG,"China, Hong Kong SAR",0,W00,World,H5,HS,TRUE,282110,Iron oxides and hydroxides,6,TRUE,C00,TOTAL CPC,0,0,TOTAL MOT,8,kg,1452,FALSE,8,kg,1452,FALSE,1452,FALSE,0,FALSE,3522.606,,3522.606,0,FALSE,TRUE
C,A,20170101,2017,52,2017,276,DEU,Germany,M,Import,348,HUN,Hungary,0,W00,World,H5,HS,TRUE,282110,Iron oxides and hydroxides,6,TRUE,C00,TOTAL CPC,0,0,TOTAL MOT,8,kg,15275,FALSE,8,kg,15275,FALSE,15275,FALSE,0,FALSE,133424.208,,133424.208,0,FALSE,TRUE
C,A,20170101,2017,52,2017,276,DEU,Germany,M,Import,380,ITA,Italy,0,W00,World,H5,HS,TRUE,282110,Iron oxides and hydroxides,6,TRUE,C00,TOTAL CPC,0,0,TOTAL MOT,8,kg,4222253,FALSE,8,kg,4222253,FALSE,4222253,FALSE,0,FALSE,7761825.694,,7761825.694,0,FALSE,TRUE
C,A,20170101,2017,52,2017,276,DEU,Germany,M,Import,392,JPN,Japan,0,W00,World,H5,HS,TRUE,282110,Iron oxides and hydroxides,6,TRUE,C00,TOTAL CPC,0,0,TOTAL MOT,8,kg,46947.108,TRUE,-1,N/A,0,FALSE,46947.108,TRUE,0,FALSE,2576015.466,,2576015.466,6,FALSE,TRUE
C,A,20170101,2017,52,2017,276,DEU,Germany,M,Import,410,KOR,Rep. of Korea,0,W00,World,H5,HS,TRUE,282110,Iron oxides and hydroxides,6,TRUE,C00,TOTAL CPC,0,0,TOTAL MOT,8,kg,4803,FALSE,8,kg,4803,FALSE,4803,FALSE,0,FALSE,20636.44,,20636.44,0,FALSE,TRUE
C,A,20170101,2017,52,2017,276,DEU,Germany,M,Import,490,S19,"Other Asia, nes",0,W00,World,H5,HS,TRUE,282110,Iron oxides and hydroxides,6,TRUE,C00,TOTAL CPC,0,0,TOTAL MOT,8,kg,100115,FALSE,8,kg,100115,FALSE,100115,FALSE,0,FALSE,38933.888,,38933.888,0,FALSE,TRUE
C,A,20170101,2017,52,2017,276,DEU,Germany,M,Import,528,NLD,Netherlands,0,W00,World,H5,HS,TRUE,282110,Iron oxides and hydroxides,6,TRUE,C00,TOTAL CPC,0,0,TOTAL MOT,8,kg,637441,FALSE,8,kg,637441,FALSE,637441,FALSE,0,FALSE,968970.763,,968970.763,0,FALSE,TRUE
C,A,20170101,2017,52,2017,276,DEU,Germany,M,Import,579,NOR,Norway,0,W00,World,H5,HS,TRUE,282110,Iron oxides and hydroxides,6,TRUE,C00,TOTAL CPC,0,0,TOTAL MOT,8,kg,1777279,FALSE,8,kg,1777279,FALSE,1777279,FALSE,0,FALSE,1640874.821,,1640874.821,0,FALSE,TRUE
C,A,20170101,2017,52,2017,276,DEU,Germany,M,Import,616,POL,Poland,0,W00,World,H5,HS,TRUE,282110,Iron oxides and hydroxides,6,TRUE,C00,TOTAL CPC,0,0,TOTAL MOT,8,kg,20455,FALSE,8,kg,20455,FALSE,20455,FALSE,0,FALSE,28303.953,,28303.953,0,FALSE,TRUE
C,A,20170101,2017,52,2017,276,DEU,Germany,M,Import,642,ROU,Romania,0,W00,World,H5,HS,TRUE,282110,Iron oxides and hydroxides,6,TRUE,C00,TOTAL CPC,0,0,TOTAL MOT,8,kg,68000,FALSE,8,kg,68000,FALSE,68000,FALSE,0,FALSE,135933.74,,135933.74,0,FALSE,TRUE
C,A,20170101,2017,52,2017,276,DEU,Germany,M,Import,643,RUS,Russian Federation,0,W00,World,H5,HS,TRUE,282110,Iron oxides and hydroxides,6,TRUE,C00,TOTAL CPC,0,0,TOTAL MOT,8,kg,2012,FALSE,8,kg,2012,FALSE,2012,FALSE,0,FALSE,30481.441,,30481.441,0,FALSE,TRUE
C,A,20170101,2017,52,2017,276,DEU,Germany,M,Import,682,SAU,Saudi Arabia,0,W00,World,H5,HS,TRUE,282110,Iron oxides and hydroxides,6,TRUE,C00,TOTAL CPC,0,0,TOTAL MOT,8,kg,1200,FALSE,8,kg,1200,FALSE,1200,FALSE,0,FALSE,940.792,,940.792,0,FALSE,TRUE
C,A,20170101,2017,52,2017,276,DEU,Germany,M,Import,699,IND,India,0,W00,World,H5,HS,TRUE,282110,Iron oxides and hydroxides,6,TRUE,C00,TOTAL CPC,0,0,TOTAL MOT,8,kg,1052371,FALSE,8,kg,1052371,FALSE,1052371,FALSE,0,FALSE,687659.221,,687659.221,0,FALSE,TRUE
C,A,20170101,2017,52,2017,276,DEU,Germany,M,Import,710,ZAF,South Africa,0,W00,World,H5,HS,TRUE,282110,Iron oxides and hydroxides,6,TRUE,C00,TOTAL CPC,0,0,TOTAL MOT,8,kg,709,FALSE,8,kg,709,FALSE,709,FALSE,0,FALSE,704.747,,704.747,0,FALSE,TRUE
C,A,20170101,2017,52,2017,276,DEU,Germany,M,Import,724,ESP,Spain,0,W00,World,H5,HS,TRUE,282110,Iron oxides and hydroxides,6,TRUE,C00,TOTAL CPC,0,0,TOTAL MOT,8,kg,709624,FALSE,8,kg,709624,FALSE,709624,FALSE,0,FALSE,909358.647,,909358.647,0,FALSE,TRUE
C,A,20170101,2017,52,2017,276,DEU,Germany,M,Import,752,SWE,Sweden,0,W00,World,H5,HS,TRUE,282110,Iron oxides and hydroxides,6,TRUE,C00,TOTAL CPC,0,0,TOTAL MOT,8,kg,1631397,FALSE,8,kg,1631397,FALSE,1631397,FALSE,0,FALSE,1480620.531,,1480620.531,0,FALSE,TRUE
C,A,20170101,2017,52,2017,276,DEU,Germany,M,Import,757,CHE,Switzerland,0,W00,World,H5,HS,TRUE,282110,Iron oxides and hydroxides,6,TRUE,C00,TOTAL CPC,0,0,TOTAL MOT,8,kg,45295,FALSE,8,kg,45295,FALSE,45295,FALSE,0,FALSE,162118.934,,162118.934,0,FALSE,TRUE
C,A,20170101,2017,52,2017,276,DEU,Germany,M,Import,764,THA,Thailand,0,W00,World,H5,HS,TRUE,282110,Iron oxides and hydroxides,6,TRUE,C00,TOTAL CPC,0,0,TOTAL MOT,8,kg,920072,FALSE,8,kg,920072,FALSE,920072,FALSE,0,FALSE,200297.252,,200297.252,0,FALSE,TRUE
C,A,20170101,2017,52,2017,276,DEU,Germany,M,Import,784,ARE,United Arab Emirates,0,W00,World,H5,HS,TRUE,282110,Iron oxides and hydroxides,6,TRUE,C00,TOTAL CPC,0,0,TOTAL MOT,8,kg,1001,FALSE,8,kg,1001,FALSE,1001,FALSE,0,FALSE,3945.002,,3945.002,0,FALSE,TRUE
C,A,20170101,2017,52,2017,276,DEU,Germany,M,Import,792,TUR,Türkiye,0,W00,World,H5,HS,TRUE,282110,Iron oxides and hydroxides,6,TRUE,C00,TOTAL CPC,0,0,TOTAL MOT,8,kg,21281,FALSE,8,kg,21281,FALSE,21281,FALSE,0,FALSE,29474.014,,29474.014,0,FALSE,TRUE
C,A,20170101,2017,52,2017,276,DEU,Germany,M,Import,818,EGY,Egypt,0,W00,World,H5,HS,TRUE,282110,Iron oxides and hydroxides,6,TRUE,C00,TOTAL CPC,0,0,TOTAL MOT,8,kg,738800,FALSE,8,kg,738800,FALSE,738800,FALSE,0,FALSE,94712.812,,94712.812,0,FALSE,TRUE
C,A,20170101,2017,52,2017,276,DEU,Germany,M,Import,826,GBR,United Kingdom,0,W00,World,H5,HS,TRUE,282110,Iron oxides and hydroxides,6,TRUE,C00,TOTAL CPC,0,0,TOTAL MOT,8,kg,752756.792,TRUE,-1,N/A,0,FALSE,752756.792,TRUE,0,FALSE,908690.041,,908690.041,6,FALSE,TRUE
C,A,20170101,2017,52,2017,276,DEU,Germany,M,Import,842,USA,USA,0,W00,World,H5,HS,TRUE,282110,Iron oxides and hydroxides,6,TRUE,C00,TOTAL CPC,0,0,TOTAL MOT,8,kg,1074190,FALSE,8,kg,1074190,FALSE,1074190,FALSE,0,FALSE,4123579.064,,4123579.064,0,FALSE,TRUE
C,A,20170101,2017,52,2017,276,DEU,Germany,M,Import,0,W00,World,0,W00,World,H5,HS,TRUE,282300,Titanium oxides,6,TRUE,C00,TOTAL CPC,0,0,TOTAL MOT,8,kg,35675755.29,TRUE,-1,N/A,0,FALSE,35675755.29,TRUE,0,FALSE,106371752.5,,106371752.5,6,FALSE,TRUE
C,A,20170101,2017,52,2017,276,DEU,Germany,M,Import,40,AUT,Austria,0,W00,World,H5,HS,TRUE,282300,Titanium oxides,6,TRUE,C00,TOTAL CPC,0,0,TOTAL MOT,8,kg,619359,FALSE,8,kg,619359,FALSE,619359,FALSE,0,FALSE,1318110.824,,1318110.824,0,FALSE,TRUE
C,A,20170101,2017,52,2017,276,DEU,Germany,M,Import,56,BEL,Belgium,0,W00,World,H5,HS,TRUE,282300,Titanium oxides,6,TRUE,C00,TOTAL CPC,0,0,TOTAL MOT,8,kg,737073,TRUE,-1,N/A,0,FALSE,737073,TRUE,0,FALSE,2004743.418,,2004743.418,6,FALSE,TRUE
C,A,20170101,2017,52,2017,276,DEU,Germany,M,Import,76,BRA,Brazil,0,W00,World,H5,HS,TRUE,282300,Titanium oxides,6,TRUE,C00,TOTAL CPC,0,0,TOTAL MOT,8,kg,45,FALSE,8,kg,45,FALSE,45,FALSE,0,FALSE,128.752,,128.752,0,FALSE,TRUE
C,A,20170101,2017,52,2017,276,DEU,Germany,M,Import,124,CAN,Canada,0,W00,World,H5,HS,TRUE,282300,Titanium oxides,6,TRUE,C00,TOTAL CPC,0,0,TOTAL MOT,8,kg,2185177,FALSE,8,kg,2185177,FALSE,2185177,FALSE,0,FALSE,6106237.018,,6106237.018,0,FALSE,TRUE
C,A,20170101,2017,52,2017,276,DEU,Germany,M,Import,156,CHN,China,0,W00,World,H5,HS,TRUE,282300,Titanium oxides,6,TRUE,C00,TOTAL CPC,0,0,TOTAL MOT,8,kg,8684715.045,TRUE,-1,N/A,0,FALSE,8684715.045,TRUE,0,FALSE,20937556.85,,20937556.85,6,FALSE,TRUE
C,A,20170101,2017,52,2017,276,DEU,Germany,M,Import,203,CZE,Czechia,0,W00,World,H5,HS,TRUE,282300,Titanium oxides,6,TRUE,C00,TOTAL CPC,0,0,TOTAL MOT,8,kg,2964925,FALSE,8,kg,2964925,FALSE,2964925,FALSE,0,FALSE,6824714.242,,6824714.242,0,FALSE,TRUE
C,A,20170101,2017,52,2017,276,DEU,Germany,M,Import,208,DNK,Denmark,0,W00,World,H5,HS,TRUE,282300,Titanium oxides,6,TRUE,C00,TOTAL CPC,0,0,TOTAL MOT,8,kg,45495,FALSE,8,kg,45495,FALSE,45495,FALSE,0,FALSE,134646.221,,134646.221,0,FALSE,TRUE
C,A,20170101,2017,52,2017,276,DEU,Germany,M,Import,246,FIN,Finland,0,W00,World,H5,HS,TRUE,282300,Titanium oxides,6,TRUE,C00,TOTAL CPC,0,0,TOTAL MOT,8,kg,1703569,FALSE,8,kg,1703569,FALSE,1703569,FALSE,0,FALSE,6874259.994,,6874259.994,0,FALSE,TRUE
C,A,20170101,2017,52,2017,276,DEU,Germany,M,Import,251,FRA,France,0,W00,World,H5,HS,TRUE,282300,Titanium oxides,6,TRUE,C00,TOTAL CPC,0,0,TOTAL MOT,8,kg,11107340,FALSE,8,kg,11107340,FALSE,11107340,FALSE,0,FALSE,43196145.15,,43196145.15,0,FALSE,TRUE
C,A,20170101,2017,52,2017,276,DEU,Germany,M,Import,344,HKG,"China, Hong Kong SAR",0,W00,World,H5,HS,TRUE,282300,Titanium oxides,6,TRUE,C00,TOTAL CPC,0,0,TOTAL MOT,8,kg,316,FALSE,8,kg,316,FALSE,316,FALSE,0,FALSE,893.357,,893.357,0,FALSE,TRUE
C,A,20170101,2017,52,2017,276,DEU,Germany,M,Import,380,ITA,Italy,0,W00,World,H5,HS,TRUE,282300,Titanium oxides,6,TRUE,C00,TOTAL CPC,0,0,TOTAL MOT,8,kg,179916,FALSE,8,kg,179916,FALSE,179916,FALSE,0,FALSE,487988.788,,487988.788,0,FALSE,TRUE
C,A,20170101,2017,52,2017,276,DEU,Germany,M,Import,392,JPN,Japan,0,W00,World,H5,HS,TRUE,282300,Titanium oxides,6,TRUE,C00,TOTAL CPC,0,0,TOTAL MOT,8,kg,535447.758,TRUE,-1,N/A,0,FALSE,535447.758,TRUE,0,FALSE,3069079.788,,3069079.788,6,FALSE,TRUE
C,A,20170101,2017,52,2017,276,DEU,Germany,M,Import,410,KOR,Rep. of Korea,0,W00,World,H5,HS,TRUE,282300,Titanium oxides,6,TRUE,C00,TOTAL CPC,0,0,TOTAL MOT,8,kg,1830933,FALSE,8,kg,1830933,FALSE,1830933,FALSE,0,FALSE,4167239.5,,4167239.5,0,FALSE,TRUE
C,A,20170101,2017,52,2017,276,DEU,Germany,M,Import,490,S19,"Other Asia, nes",0,W00,World,H5,HS,TRUE,282300,Titanium oxides,6,TRUE,C00,TOTAL CPC,0,0,TOTAL MOT,8,kg,5000,FALSE,8,kg,5000,FALSE,5000,FALSE,0,FALSE,16785.178,,16785.178,0,FALSE,TRUE
C,A,20170101,2017,52,2017,276,DEU,Germany,M,Import,528,NLD,Netherlands,0,W00,World,H5,HS,TRUE,282300,Titanium oxides,6,TRUE,C00,TOTAL CPC,0,0,TOTAL MOT,8,kg,377331,FALSE,8,kg,377331,FALSE,377331,FALSE,0,FALSE,1032648.728,,1032648.728,0,FALSE,TRUE
C,A,20170101,2017,52,2017,276,DEU,Germany,M,Import,579,NOR,Norway,0,W00,World,H5,HS,TRUE,282300,Titanium oxides,6,TRUE,C00,TOTAL CPC,0,0,TOTAL MOT,8,kg,1825000,FALSE,8,kg,1825000,FALSE,1825000,FALSE,0,FALSE,3031323.867,,3031323.867,0,FALSE,TRUE
C,A,20170101,2017,52,2017,276,DEU,Germany,M,Import,616,POL,Poland,0,W00,World,H5,HS,TRUE,282300,Titanium oxides,6,TRUE,C00,TOTAL CPC,0,0,TOTAL MOT,8,kg,60985,FALSE,8,kg,60985,FALSE,60985,FALSE,0,FALSE,155607.929,,155607.929,0,FALSE,TRUE
C,A,20170101,2017,52,2017,276,DEU,Germany,M,Import,688,SRB,Serbia,0,W00,World,H5,HS,TRUE,282300,Titanium oxides,6,TRUE,C00,TOTAL CPC,0,0,TOTAL MOT,8,kg,11000,FALSE,8,kg,11000,FALSE,11000,FALSE,0,FALSE,44724.334,,44724.334,0,FALSE,TRUE
C,A,20170101,2017,52,2017,276,DEU,Germany,M,Import,699,IND,India,0,W00,World,H5,HS,TRUE,282300,Titanium oxides,6,TRUE,C00,TOTAL CPC,0,0,TOTAL MOT,8,kg,88,FALSE,8,kg,88,FALSE,88,FALSE,0,FALSE,377.22,,377.22,0,FALSE,TRUE
C,A,20170101,2017,52,2017,276,DEU,Germany,M,Import,705,SVN,Slovenia,0,W00,World,H5,HS,TRUE,282300,Titanium oxides,6,TRUE,C00,TOTAL CPC,0,0,TOTAL MOT,8,kg,12000,FALSE,8,kg,12000,FALSE,12000,FALSE,0,FALSE,31921.429,,31921.429,0,FALSE,TRUE
C,A,20170101,2017,52,2017,276,DEU,Germany,M,Import,724,ESP,Spain,0,W00,World,H5,HS,TRUE,282300,Titanium oxides,6,TRUE,C00,TOTAL CPC,0,0,TOTAL MOT,8,kg,41892,FALSE,8,kg,41892,FALSE,41892,FALSE,0,FALSE,127737.667,,127737.667,0,FALSE,TRUE
C,A,20170101,2017,52,2017,276,DEU,Germany,M,Import,752,SWE,Sweden,0,W00,World,H5,HS,TRUE,282300,Titanium oxides,6,TRUE,C00,TOTAL CPC,0,0,TOTAL MOT,8,kg,42110,FALSE,8,kg,42110,FALSE,42110,FALSE,0,FALSE,94433.85,,94433.85,0,FALSE,TRUE
C,A,20170101,2017,52,2017,276,DEU,Germany,M,Import,757,CHE,Switzerland,0,W00,World,H5,HS,TRUE,282300,Titanium oxides,6,TRUE,C00,TOTAL CPC,0,0,TOTAL MOT,8,kg,152213.741,TRUE,-1,N/A,0,FALSE,152213.741,TRUE,0,FALSE,460976.871,,460976.871,6,FALSE,TRUE
C,A,20170101,2017,52,2017,276,DEU,Germany,M,Import,784,ARE,United Arab Emirates,0,W00,World,H5,HS,TRUE,282300,Titanium oxides,6,TRUE,C00,TOTAL CPC,0,0,TOTAL MOT,8,kg,60000,FALSE,8,kg,60000,FALSE,60000,FALSE,0,FALSE,211808.12,,211808.12,0,FALSE,TRUE
C,A,20170101,2017,52,2017,276,DEU,Germany,M,Import,792,TUR,Türkiye,0,W00,World,H5,HS,TRUE,282300,Titanium oxides,6,TRUE,C00,TOTAL CPC,0,0,TOTAL MOT,8,kg,3000,FALSE,8,kg,3000,FALSE,3000,FALSE,0,FALSE,12536.366,,12536.366,0,FALSE,TRUE
C,A,20170101,2017,52,2017,276,DEU,Germany,M,Import,804,UKR,Ukraine,0,W00,World,H5,HS,TRUE,282300,Titanium oxides,6,TRUE,C00,TOTAL CPC,0,0,TOTAL MOT,8,kg,998180,FALSE,8,kg,998180,FALSE,998180,FALSE,0,FALSE,2213499.893,,2213499.893,0,FALSE,TRUE
C,A,20170101,2017,52,2017,276,DEU,Germany,M,Import,826,GBR,United Kingdom,0,W00,World,H5,HS,TRUE,282300,Titanium oxides,6,TRUE,C00,TOTAL CPC,0,0,TOTAL MOT,8,kg,1328489.333,TRUE,-1,N/A,0,FALSE,1328489.333,TRUE,0,FALSE,3150813.508,,3150813.508,6,FALSE,TRUE
C,A,20170101,2017,52,2017,276,DEU,Germany,M,Import,842,USA,USA,0,W00,World,H5,HS,TRUE,282300,Titanium oxides,6,TRUE,C00,TOTAL CPC,0,0,TOTAL MOT,8,kg,164155.409,TRUE,-1,N/A,0,FALSE,164155.409,TRUE,0,FALSE,664813.67,,664813.67,6,FALSE,TRUE
C,A,20170101,2017,52,2017,276,DEU,Germany,M,Import,0,W00,World,0,W00,World,H5,HS,TRUE,282540,Nickel oxides and hydroxides,6,TRUE,C00,TOTAL CPC,0,0,TOTAL MOT,8,kg,591775.421,TRUE,-1,N/A,0,FALSE,591775.421,TRUE,0,FALSE,7995998.24,,7995998.24,6,FALSE,TRUE
C,A,20170101,2017,52,2017,276,DEU,Germany,M,Import,36,AUS,Australia,0,W00,World,H5,HS,TRUE,282540,Nickel oxides and hydroxides,6,TRUE,C00,TOTAL CPC,0,0,TOTAL MOT,8,kg,3000,FALSE,8,kg,3000,FALSE,3000,FALSE,0,FALSE,44437.466,,44437.466,0,FALSE,TRUE
C,A,20170101,2017,52,2017,276,DEU,Germany,M,Import,40,AUT,Austria,0,W00,World,H5,HS,TRUE,282540,Nickel oxides and hydroxides,6,TRUE,C00,TOTAL CPC,0,0,TOTAL MOT,8,kg,1,FALSE,8,kg,1,FALSE,1,FALSE,0,FALSE,282.351,,282.351,0,FALSE,TRUE
C,A,20170101,2017,52,2017,276,DEU,Germany,M,Import,56,BEL,Belgium,0,W00,World,H5,HS,TRUE,282540,Nickel oxides and hydroxides,6,TRUE,C00,TOTAL CPC,0,0,TOTAL MOT,8,kg,30700,FALSE,8,kg,30700,FALSE,30700,FALSE,0,FALSE,388070.56,,388070.56,0,FALSE,TRUE
C,A,20170101,2017,52,2017,276,DEU,Germany,M,Import,156,CHN,China,0,W00,World,H5,HS,TRUE,282540,Nickel oxides and hydroxides,6,TRUE,C00,TOTAL CPC,0,0,TOTAL MOT,8,kg,4052.58,TRUE,-1,N/A,0,FALSE,4052.58,TRUE,0,FALSE,95275.255,,95275.255,6,FALSE,TRUE
C,A,20170101,2017,52,2017,276,DEU,Germany,M,Import,192,CUB,Cuba,0,W00,World,H5,HS,TRUE,282540,Nickel oxides and hydroxides,6,TRUE,C00,TOTAL CPC,0,0,TOTAL MOT,8,kg,5006,FALSE,8,kg,5006,FALSE,5006,FALSE,0,FALSE,62609.55,,62609.55,0,FALSE,TRUE
C,A,20170101,2017,52,2017,276,DEU,Germany,M,Import,203,CZE,Czechia,0,W00,World,H5,HS,TRUE,282540,Nickel oxides and hydroxides,6,TRUE,C00,TOTAL CPC,0,0,TOTAL MOT,8,kg,421750,FALSE,8,kg,421750,FALSE,421750,FALSE,0,FALSE,5383114.563,,5383114.563,0,FALSE,TRUE
C,A,20170101,2017,52,2017,276,DEU,Germany,M,Import,246,FIN,Finland,0,W00,World,H5,HS,TRUE,282540,Nickel oxides and hydroxides,6,TRUE,C00,TOTAL CPC,0,0,TOTAL MOT,8,kg,9900,FALSE,8,kg,9900,FALSE,9900,FALSE,0,FALSE,114333.92,,114333.92,0,FALSE,TRUE
C,A,20170101,2017,52,2017,276,DEU,Germany,M,Import,251,FRA,France,0,W00,World,H5,HS,TRUE,282540,Nickel oxides and hydroxides,6,TRUE,C00,TOTAL CPC,0,0,TOTAL MOT,8,kg,214,FALSE,8,kg,214,FALSE,214,FALSE,0,FALSE,3389.337,,3389.337,0,FALSE,TRUE
C,A,20170101,2017,52,2017,276,DEU,Germany,M,Import,392,JPN,Japan,0,W00,World,H5,HS,TRUE,282540,Nickel oxides and hydroxides,6,TRUE,C00,TOTAL CPC,0,0,TOTAL MOT,8,kg,83246,FALSE,8,kg,83246,FALSE,83246,FALSE,0,FALSE,1352926.911,,1352926.911,0,FALSE,TRUE
C,A,20170101,2017,52,2017,276,DEU,Germany,M,Import,410,KOR,Rep. of Korea,0,W00,World,H5,HS,TRUE,282540,Nickel oxides and hydroxides,6,TRUE,C00,TOTAL CPC,0,0,TOTAL MOT,8,kg,693,FALSE,8,kg,693,FALSE,693,FALSE,0,FALSE,23790.861,,23790.861,0,FALSE,TRUE
C,A,20170101,2017,52,2017,276,DEU,Germany,M,Import,528,NLD,Netherlands,0,W00,World,H5,HS,TRUE,282540,Nickel oxides and hydroxides,6,TRUE,C00,TOTAL CPC,0,0,TOTAL MOT,8,kg,31150,FALSE,8,kg,31150,FALSE,31150,FALSE,0,FALSE,417924.053,,417924.053,0,FALSE,TRUE
C,A,20170101,2017,52,2017,276,DEU,Germany,M,Import,608,PHL,Philippines,0,W00,World,H5,HS,TRUE,282540,Nickel oxides and hydroxides,6,TRUE,C00,TOTAL CPC,0,0,TOTAL MOT,8,kg,1000,FALSE,8,kg,1000,FALSE,1000,FALSE,0,FALSE,6357.406,,6357.406,0,FALSE,TRUE
C,A,20170101,2017,52,2017,276,DEU,Germany,M,Import,724,ESP,Spain,0,W00,World,H5,HS,TRUE,282540,Nickel oxides and hydroxides,6,TRUE,C00,TOTAL CPC,0,0,TOTAL MOT,8,kg,160,FALSE,8,kg,160,FALSE,160,FALSE,0,FALSE,12712.553,,12712.553,0,FALSE,TRUE
C,A,20170101,2017,52,2017,276,DEU,Germany,M,Import,757,CHE,Switzerland,0,W00,World,H5,HS,TRUE,282540,Nickel oxides and hydroxides,6,TRUE,C00,TOTAL CPC,0,0,TOTAL MOT,8,kg,103.084,TRUE,-1,N/A,0,FALSE,103.084,TRUE,0,FALSE,72193.658,,72193.658,6,FALSE,TRUE
C,A,20170101,2017,52,2017,276,DEU,Germany,M,Import,792,TUR,Türkiye,0,W00,World,H5,HS,TRUE,282540,Nickel oxides and hydroxides,6,TRUE,C00,TOTAL CPC,0,0,TOTAL MOT,8,kg,500,FALSE,8,kg,500,FALSE,500,FALSE,0,FALSE,7679.936,,7679.936,0,FALSE,TRUE
C,A,20170101,2017,52,2017,276,DEU,Germany,M,Import,826,GBR,United Kingdom,0,W00,World,H5,HS,TRUE,282540,Nickel oxides and hydroxides,6,TRUE,C00,TOTAL CPC,0,0,TOTAL MOT,8,kg,184.94,TRUE,-1,N/A,0,FALSE,184.94,TRUE,0,FALSE,3724.769,,3724.769,6,FALSE,TRUE
C,A,20170101,2017,52,2017,276,DEU,Germany,M,Import,842,USA,USA,0,W00,World,H5,HS,TRUE,282540,Nickel oxides and hydroxides,6,TRUE,C00,TOTAL CPC,0,0,TOTAL MOT,8,kg,114.817,TRUE,-1,N/A,0,FALSE,114.817,TRUE,0,FALSE,7175.093,,7175.093,6,FALSE,TRUE
C,A,20170101,2017,52,2017,276,DEU,Germany,M,Import,0,W00,World,0,W00,World,H5,HS,TRUE,282550,Copper oxides and hydroxides,6,TRUE,C00,TOTAL CPC,0,0,TOTAL MOT,8,kg,1636266.115,TRUE,-1,N/A,0,FALSE,1636266.115,TRUE,0,FALSE,8049950.92,,8049950.92,6,FALSE,TRUE
C,A,20170101,2017,52,2017,276,DEU,Germany,M,Import,36,AUS,Australia,0,W00,World,H5,HS,TRUE,282550,Copper oxides and hydroxides,6,TRUE,C00,TOTAL CPC,0,0,TOTAL MOT,8,kg,677900,FALSE,8,kg,677900,FALSE,677900,FALSE,0,FALSE,3477462.65,,3477462.65,0,FALSE,TRUE
C,A,20170101,2017,52,2017,276,DEU,Germany,M,Import,40,AUT,Austria,0,W00,World,H5,HS,TRUE,282550,Copper oxides and hydroxides,6,TRUE,C00,TOTAL CPC,0,0,TOTAL MOT,8,kg,5000,FALSE,8,kg,5000,FALSE,5000,FALSE,0,FALSE,44855.345,,44855.345,0,FALSE,TRUE
C,A,20170101,2017,52,2017,276,DEU,Germany,M,Import,56,BEL,Belgium,0,W00,World,H5,HS,TRUE,282550,Copper oxides and hydroxides,6,TRUE,C00,TOTAL CPC,0,0,TOTAL MOT,8,kg,275783,FALSE,8,kg,275783,FALSE,275783,FALSE,0,FALSE,1713323.725,,1713323.725,0,FALSE,TRUE
C,A,20170101,2017,52,2017,276,DEU,Germany,M,Import,156,CHN,China,0,W00,World,H5,HS,TRUE,282550,Copper oxides and hydroxides,6,TRUE,C00,TOTAL CPC,0,0,TOTAL MOT,8,kg,11152.427,TRUE,-1,N/A,0,FALSE,11152.427,TRUE,0,FALSE,70368.544,,70368.544,6,FALSE,TRUE
C,A,20170101,2017,52,2017,276,DEU,Germany,M,Import,251,FRA,France,0,W00,World,H5,HS,TRUE,282550,Copper oxides and hydroxides,6,TRUE,C00,TOTAL CPC,0,0,TOTAL MOT,8,kg,281,FALSE,8,kg,281,FALSE,281,FALSE,0,FALSE,2514.05,,2514.05,0,FALSE,TRUE
C,A,20170101,2017,52,2017,276,DEU,Germany,M,Import,380,ITA,Italy,0,W00,World,H5,HS,TRUE,282550,Copper oxides and hydroxides,6,TRUE,C00,TOTAL CPC,0,0,TOTAL MOT,8,kg,167130,FALSE,8,kg,167130,FALSE,167130,FALSE,0,FALSE,1085365.842,,1085365.842,0,FALSE,TRUE
C,A,20170101,2017,52,2017,276,DEU,Germany,M,Import,392,JPN,Japan,0,W00,World,H5,HS,TRUE,282550,Copper oxides and hydroxides,6,TRUE,C00,TOTAL CPC,0,0,TOTAL MOT,8,kg,232,FALSE,8,kg,232,FALSE,232,FALSE,0,FALSE,5370.308,,5370.308,0,FALSE,TRUE
C,A,20170101,2017,52,2017,276,DEU,Germany,M,Import,410,KOR,Rep. of Korea,0,W00,World,H5,HS,TRUE,282550,Copper oxides and hydroxides,6,TRUE,C00,TOTAL CPC,0,0,TOTAL MOT,8,kg,20108,FALSE,8,kg,20108,FALSE,20108,FALSE,0,FALSE,124195.861,,124195.861,0,FALSE,TRUE
C,A,20170101,2017,52,2017,276,DEU,Germany,M,Import,490,S19,"Other Asia, nes",0,W00,World,H5,HS,TRUE,282550,Copper oxides and hydroxides,6,TRUE,C00,TOTAL CPC,0,0,TOTAL MOT,8,kg,74000,FALSE,8,kg,74000,FALSE,74000,FALSE,0,FALSE,526734.066,,526734.066,0,FALSE,TRUE
C,A,20170101,2017,52,2017,276,DEU,Germany,M,Import,528,NLD,Netherlands,0,W00,World,H5,HS,TRUE,282550,Copper oxides and hydroxides,6,TRUE,C00,TOTAL CPC,0,0,TOTAL MOT,8,kg,260649,FALSE,8,kg,260649,FALSE,260649,FALSE,0,FALSE,339935.431,,339935.431,0,FALSE,TRUE
C,A,20170101,2017,52,2017,276,DEU,Germany,M,Import,604,PER,Peru,0,W00,World,H5,HS,TRUE,282550,Copper oxides and hydroxides,6,TRUE,C00,TOTAL CPC,0,0,TOTAL MOT,8,kg,331,FALSE,8,kg,331,FALSE,331,FALSE,0,FALSE,2065.677,,2065.677,0,FALSE,TRUE
C,A,20170101,2017,52,2017,276,DEU,Germany,M,Import,642,ROU,Romania,0,W00,World,H5,HS,TRUE,282550,Copper oxides and hydroxides,6,TRUE,C00,TOTAL CPC,0,0,TOTAL MOT,8,kg,864,FALSE,8,kg,864,FALSE,864,FALSE,0,FALSE,5466.307,,5466.307,0,FALSE,TRUE
C,A,20170101,2017,52,2017,276,DEU,Germany,M,Import,699,IND,India,0,W00,World,H5,HS,TRUE,282550,Copper oxides and hydroxides,6,TRUE,C00,TOTAL CPC,0,0,TOTAL MOT,8,kg,10745,FALSE,8,kg,10745,FALSE,10745,FALSE,0,FALSE,57749.731,,57749.731,0,FALSE,TRUE
C,A,20170101,2017,52,2017,276,DEU,Germany,M,Import,724,ESP,Spain,0,W00,World,H5,HS,TRUE,282550,Copper oxides and hydroxides,6,TRUE,C00,TOTAL CPC,0,0,TOTAL MOT,8,kg,806,FALSE,8,kg,806,FALSE,806,FALSE,0,FALSE,5170.404,,5170.404,0,FALSE,TRUE
C,A,20170101,2017,52,2017,276,DEU,Germany,M,Import,757,CHE,Switzerland,0,W00,World,H5,HS,TRUE,282550,Copper oxides and hydroxides,6,TRUE,C00,TOTAL CPC,0,0,TOTAL MOT,8,kg,4822,FALSE,8,kg,4822,FALSE,4822,FALSE,0,FALSE,56893.644,,56893.644,0,FALSE,TRUE
C,A,20170101,2017,52,2017,276,DEU,Germany,M,Import,826,GBR,United Kingdom,0,W00,World,H5,HS,TRUE,282550,Copper oxides and hydroxides,6,TRUE,C00,TOTAL CPC,0,0,TOTAL MOT,8,kg,87205,FALSE,8,kg,87205,FALSE,87205,FALSE,0,FALSE,247989.655,,247989.655,0,FALSE,TRUE
C,A,20170101,2017,52,2017,276,DEU,Germany,M,Import,842,USA,USA,0,W00,World,H5,HS,TRUE,282550,Copper oxides and hydroxides,6,TRUE,C00,TOTAL CPC,0,0,TOTAL MOT,8,kg,39257.689,TRUE,-1,N/A,0,FALSE,39257.689,TRUE,0,FALSE,284489.681,,284489.681,6,FALSE,TRUE
C,A,20170101,2017,52,2017,276,DEU,Germany,M,Import,0,W00,World,0,W00,World,H5,HS,TRUE,282570,Molybdenum oxides and hydroxides,6,TRUE,C00,TOTAL CPC,0,0,TOTAL MOT,8,kg,2233822.971,TRUE,-1,N/A,0,FALSE,2233822.971,TRUE,0,FALSE,34445376.34,,34445376.34,6,FALSE,TRUE
C,A,20170101,2017,52,2017,276,DEU,Germany,M,Import,56,BEL,Belgium,0,W00,World,H5,HS,TRUE,282570,Molybdenum oxides and hydroxides,6,TRUE,C00,TOTAL CPC,0,0,TOTAL MOT,8,kg,47002,FALSE,8,kg,47002,FALSE,47002,FALSE,0,FALSE,589633.872,,589633.872,0,FALSE,TRUE
C,A,20170101,2017,52,2017,276,DEU,Germany,M,Import,152,CHL,Chile,0,W00,World,H5,HS,TRUE,282570,Molybdenum oxides and hydroxides,6,TRUE,C00,TOTAL CPC,0,0,TOTAL MOT,8,kg,1859930,FALSE,8,kg,1859930,FALSE,1859930,FALSE,0,FALSE,28600721.34,,28600721.34,0,FALSE,TRUE
C,A,20170101,2017,52,2017,276,DEU,Germany,M,Import,156,CHN,China,0,W00,World,H5,HS,TRUE,282570,Molybdenum oxides and hydroxides,6,TRUE,C00,TOTAL CPC,0,0,TOTAL MOT,8,kg,156288.971,TRUE,-1,N/A,0,FALSE,156288.971,TRUE,0,FALSE,2398589.742,,2398589.742,6,FALSE,TRUE
C,A,20170101,2017,52,2017,276,DEU,Germany,M,Import,380,ITA,Italy,0,W00,World,H5,HS,TRUE,282570,Molybdenum oxides and hydroxides,6,TRUE,C00,TOTAL CPC,0,0,TOTAL MOT,8,kg,1209,FALSE,8,kg,1209,FALSE,1209,FALSE,0,FALSE,33827.86,,33827.86,0,FALSE,TRUE
C,A,20170101,2017,52,2017,276,DEU,Germany,M,Import,528,NLD,Netherlands,0,W00,World,H5,HS,TRUE,282570,Molybdenum oxides and hydroxides,6,TRUE,C00,TOTAL CPC,0,0,TOTAL MOT,8,kg,98012,FALSE,8,kg,98012,FALSE,98012,FALSE,0,FALSE,1823581.631,,1823581.631,0,FALSE,TRUE
C,A,20170101,2017,52,2017,276,DEU,Germany,M,Import,616,POL,Poland,0,W00,World,H5,HS,TRUE,282570,Molybdenum oxides and hydroxides,6,TRUE,C00,TOTAL CPC,0,0,TOTAL MOT,8,kg,100,FALSE,8,kg,100,FALSE,100,FALSE,0,FALSE,1980.972,,1980.972,0,FALSE,TRUE
C,A,20170101,2017,52,2017,276,DEU,Germany,M,Import,702,SGP,Singapore,0,W00,World,H5,HS,TRUE,282570,Molybdenum oxides and hydroxides,6,TRUE,C00,TOTAL CPC,0,0,TOTAL MOT,8,kg,77,FALSE,8,kg,77,FALSE,77,FALSE,0,FALSE,46018.629,,46018.629,0,FALSE,TRUE
C,A,20170101,2017,52,2017,276,DEU,Germany,M,Import,752,SWE,Sweden,0,W00,World,H5,HS,TRUE,282570,Molybdenum oxides and hydroxides,6,TRUE,C00,TOTAL CPC,0,0,TOTAL MOT,8,kg,23000,FALSE,8,kg,23000,FALSE,23000,FALSE,0,FALSE,255551.004,,255551.004,0,FALSE,TRUE
C,A,20170101,2017,52,2017,276,DEU,Germany,M,Import,757,CHE,Switzerland,0,W00,World,H5,HS,TRUE,282570,Molybdenum oxides and hydroxides,6,TRUE,C00,TOTAL CPC,0,0,TOTAL MOT,8,kg,6,FALSE,8,kg,6,FALSE,6,FALSE,0,FALSE,13425.206,,13425.206,0,FALSE,TRUE
C,A,20170101,2017,52,2017,276,DEU,Germany,M,Import,826,GBR,United Kingdom,0,W00,World,H5,HS,TRUE,282570,Molybdenum oxides and hydroxides,6,TRUE,C00,TOTAL CPC,0,0,TOTAL MOT,8,kg,47625,FALSE,8,kg,47625,FALSE,47625,FALSE,0,FALSE,577885.828,,577885.828,0,FALSE,TRUE
C,A,20170101,2017,52,2017,276,DEU,Germany,M,Import,842,USA,USA,0,W00,World,H5,HS,TRUE,282570,Molybdenum oxides and hydroxides,6,TRUE,C00,TOTAL CPC,0,0,TOTAL MOT,8,kg,573,FALSE,8,kg,573,FALSE,573,FALSE,0,FALSE,104160.263,,104160.263,0,FALSE,TRUE
C,A,20170101,2017,52,2017,276,DEU,Germany,M,Import,0,W00,World,0,W00,World,H5,HS,TRUE,282580,Antimony oxides,6,TRUE,C00,TOTAL CPC,0,0,TOTAL MOT,-1,N/A,0,FALSE,-1,N/A,0,FALSE,,FALSE,0,FALSE,42795778.79,,42795778.79,0,FALSE,TRUE
C,A,20170101,2017,52,2017,276,DEU,Germany,M,Import,40,AUT,Austria,0,W00,World,H5,HS,TRUE,282580,Antimony oxides,6,TRUE,C00,TOTAL CPC,0,0,TOTAL MOT,8,kg,1551,FALSE,8,kg,1551,FALSE,1551,FALSE,0,FALSE,66201.049,,66201.049,0,FALSE,TRUE
C,A,20170101,2017,52,2017,276,DEU,Germany,M,Import,56,BEL,Belgium,0,W00,World,H5,HS,TRUE,282580,Antimony oxides,6,TRUE,C00,TOTAL CPC,0,0,TOTAL MOT,8,kg,1401940,FALSE,8,kg,1401940,FALSE,1401940,FALSE,0,FALSE,10592021.07,,10592021.07,0,FALSE,TRUE
C,A,20170101,2017,52,2017,276,DEU,Germany,M,Import,68,BOL,Bolivia (Plurinational State of),0,W00,World,H5,HS,TRUE,282580,Antimony oxides,6,TRUE,C00,TOTAL CPC,0,0,TOTAL MOT,8,kg,40000,FALSE,8,kg,40000,FALSE,40000,FALSE,0,FALSE,300391.666,,300391.666,0,FALSE,TRUE
C,A,20170101,2017,52,2017,276,DEU,Germany,M,Import,156,CHN,China,0,W00,World,H5,HS,TRUE,282580,Antimony oxides,6,TRUE,C00,TOTAL CPC,0,0,TOTAL MOT,8,kg,1131027.781,TRUE,-1,N/A,0,FALSE,1131027.781,TRUE,0,FALSE,8241397.046,,8241397.046,6,FALSE,TRUE
C,A,20170101,2017,52,2017,276,DEU,Germany,M,Import,251,FRA,France,0,W00,World,H5,HS,TRUE,282580,Antimony oxides,6,TRUE,C00,TOTAL CPC,0,0,TOTAL MOT,8,kg,2442795,FALSE,8,kg,2442795,FALSE,2442795,FALSE,0,FALSE,19008194.26,,19008194.26,0,FALSE,TRUE
C,A,20170101,2017,52,2017,276,DEU,Germany,M,Import,344,HKG,"China, Hong Kong SAR",0,W00,World,H5,HS,TRUE,282580,Antimony oxides,6,TRUE,C00,TOTAL CPC,0,0,TOTAL MOT,8,kg,20000,FALSE,8,kg,20000,FALSE,20000,FALSE,0,FALSE,161652.491,,161652.491,0,FALSE,TRUE
C,A,20170101,2017,52,2017,276,DEU,Germany,M,Import,380,ITA,Italy,0,W00,World,H5,HS,TRUE,282580,Antimony oxides,6,TRUE,C00,TOTAL CPC,0,0,TOTAL MOT,8,kg,25293,FALSE,8,kg,25293,FALSE,25293,FALSE,0,FALSE,211041.256,,211041.256,0,FALSE,TRUE
C,A,20170101,2017,52,2017,276,DEU,Germany,M,Import,392,JPN,Japan,0,W00,World,H5,HS,TRUE,282580,Antimony oxides,6,TRUE,C00,TOTAL CPC,0,0,TOTAL MOT,8,kg,6,FALSE,8,kg,6,FALSE,6,FALSE,0,FALSE,1481.776,,1481.776,0,FALSE,TRUE
C,A,20170101,2017,52,2017,276,DEU,Germany,M,Import,410,KOR,Rep. of Korea,0,W00,World,H5,HS,TRUE,282580,Antimony oxides,6,TRUE,C00,TOTAL CPC,0,0,TOTAL MOT,8,kg,434443,FALSE,8,kg,434443,FALSE,434443,FALSE,0,FALSE,3139482.214,,3139482.214,0,FALSE,TRUE
C,A,20170101,2017,52,2017,276,DEU,Germany,M,Import,442,LUX,Luxembourg,0,W00,World,H5,HS,TRUE,282580,Antimony oxides,6,TRUE,C00,TOTAL CPC,0,0,TOTAL MOT,-1,N/A,0,FALSE,8,kg,1,FALSE,,FALSE,0,FALSE,15990.079,,15990.079,0,FALSE,TRUE
C,A,20170101,2017,52,2017,276,DEU,Germany,M,Import,458,MYS,Malaysia,0,W00,World,H5,HS,TRUE,282580,Antimony oxides,6,TRUE,C00,TOTAL CPC,0,0,TOTAL MOT,8,kg,39,FALSE,8,kg,39,FALSE,39,FALSE,0,FALSE,455.149,,455.149,0,FALSE,TRUE
C,A,20170101,2017,52,2017,276,DEU,Germany,M,Import,528,NLD,Netherlands,0,W00,World,H5,HS,TRUE,282580,Antimony oxides,6,TRUE,C00,TOTAL CPC,0,0,TOTAL MOT,8,kg,10317,FALSE,8,kg,10317,FALSE,10317,FALSE,0,FALSE,79800.183,,79800.183,0,FALSE,TRUE
C,A,20170101,2017,52,2017,276,DEU,Germany,M,Import,724,ESP,Spain,0,W00,World,H5,HS,TRUE,282580,Antimony oxides,6,TRUE,C00,TOTAL CPC,0,0,TOTAL MOT,8,kg,42091,FALSE,8,kg,42091,FALSE,42091,FALSE,0,FALSE,385603.945,,385603.945,0,FALSE,TRUE
C,A,20170101,2017,52,2017,276,DEU,Germany,M,Import,757,CHE,Switzerland,0,W00,World,H5,HS,TRUE,282580,Antimony oxides,6,TRUE,C00,TOTAL CPC,0,0,TOTAL MOT,8,kg,2,FALSE,8,kg,2,FALSE,2,FALSE,0,FALSE,1480.647,,1480.647,0,FALSE,TRUE
C,A,20170101,2017,52,2017,276,DEU,Germany,M,Import,826,GBR,United Kingdom,0,W00,World,H5,HS,TRUE,282580,Antimony oxides,6,TRUE,C00,TOTAL CPC,0,0,TOTAL MOT,8,kg,14129,FALSE,8,kg,14129,FALSE,14129,FALSE,0,FALSE,139458.605,,139458.605,0,FALSE,TRUE
C,A,20170101,2017,52,2017,276,DEU,Germany,M,Import,842,USA,USA,0,W00,World,H5,HS,TRUE,282580,Antimony oxides,6,TRUE,C00,TOTAL CPC,0,0,TOTAL MOT,8,kg,58740,FALSE,8,kg,58740,FALSE,58740,FALSE,0,FALSE,451127.353,,451127.353,0,FALSE,TRUE
C,A,20170101,2017,52,2017,276,DEU,Germany,M,Import,0,W00,World,0,W00,World,H5,HS,TRUE,283691,Carbonates; lithium carbonate,6,TRUE,C00,TOTAL CPC,0,0,TOTAL MOT,8,kg,1881884.576,TRUE,-1,N/A,0,FALSE,1881884.576,TRUE,0,FALSE,19441160.82,,19441160.82,6,FALSE,TRUE
C,A,20170101,2017,52,2017,276,DEU,Germany,M,Import,32,ARG,Argentina,0,W00,World,H5,HS,TRUE,283691,Carbonates; lithium carbonate,6,TRUE,C00,TOTAL CPC,0,0,TOTAL MOT,8,kg,104991,FALSE,8,kg,104991,FALSE,104991,FALSE,0,FALSE,1719019.301,,1719019.301,0,FALSE,TRUE
C,A,20170101,2017,52,2017,276,DEU,Germany,M,Import,56,BEL,Belgium,0,W00,World,H5,HS,TRUE,283691,Carbonates; lithium carbonate,6,TRUE,C00,TOTAL CPC,0,0,TOTAL MOT,8,kg,209018,FALSE,8,kg,209018,FALSE,209018,FALSE,0,FALSE,2706685.061,,2706685.061,0,FALSE,TRUE
C,A,20170101,2017,52,2017,276,DEU,Germany,M,Import,152,CHL,Chile,0,W00,World,H5,HS,TRUE,283691,Carbonates; lithium carbonate,6,TRUE,C00,TOTAL CPC,0,0,TOTAL MOT,8,kg,1324189.749,TRUE,-1,N/A,0,FALSE,1324189.749,TRUE,0,FALSE,12205180.36,,12205180.36,6,FALSE,TRUE
C,A,20170101,2017,52,2017,276,DEU,Germany,M,Import,156,CHN,China,0,W00,World,H5,HS,TRUE,283691,Carbonates; lithium carbonate,6,TRUE,C00,TOTAL CPC,0,0,TOTAL MOT,8,kg,155438,FALSE,8,kg,155438,FALSE,155438,FALSE,0,FALSE,1640233.321,,1640233.321,0,FALSE,TRUE
C,A,20170101,2017,52,2017,276,DEU,Germany,M,Import,251,FRA,France,0,W00,World,H5,HS,TRUE,283691,Carbonates; lithium carbonate,6,TRUE,C00,TOTAL CPC,0,0,TOTAL MOT,8,kg,2164,FALSE,8,kg,2164,FALSE,2164,FALSE,0,FALSE,40983.753,,40983.753,0,FALSE,TRUE
C,A,20170101,2017,52,2017,276,DEU,Germany,M,Import,579,NOR,Norway,0,W00,World,H5,HS,TRUE,283691,Carbonates; lithium carbonate,6,TRUE,C00,TOTAL CPC,0,0,TOTAL MOT,8,kg,145,FALSE,8,kg,145,FALSE,145,FALSE,0,FALSE,708.135,,708.135,0,FALSE,TRUE
C,A,20170101,2017,52,2017,276,DEU,Germany,M,Import,699,IND,India,0,W00,World,H5,HS,TRUE,283691,Carbonates; lithium carbonate,6,TRUE,C00,TOTAL CPC,0,0,TOTAL MOT,8,kg,4480,FALSE,8,kg,4480,FALSE,4480,FALSE,0,FALSE,22414.119,,22414.119,0,FALSE,TRUE
C,A,20170101,2017,52,2017,276,DEU,Germany,M,Import,724,ESP,Spain,0,W00,World,H5,HS,TRUE,283691,Carbonates; lithium carbonate,6,TRUE,C00,TOTAL CPC,0,0,TOTAL MOT,8,kg,1084,FALSE,8,kg,1084,FALSE,1084,FALSE,0,FALSE,7293.681,,7293.681,0,FALSE,TRUE
C,A,20170101,2017,52,2017,276,DEU,Germany,M,Import,757,CHE,Switzerland,0,W00,World,H5,HS,TRUE,283691,Carbonates; lithium carbonate,6,TRUE,C00,TOTAL CPC,0,0,TOTAL MOT,8,kg,614.498,TRUE,-1,N/A,0,FALSE,614.498,TRUE,0,FALSE,3388.207,,3388.207,6,FALSE,TRUE
C,A,20170101,2017,52,2017,276,DEU,Germany,M,Import,826,GBR,United Kingdom,0,W00,World,H5,HS,TRUE,283691,Carbonates; lithium carbonate,6,TRUE,C00,TOTAL CPC,0,0,TOTAL MOT,8,kg,40588,FALSE,8,kg,40588,FALSE,40588,FALSE,0,FALSE,575445.19,,575445.19,0,FALSE,TRUE
C,A,20170101,2017,52,2017,276,DEU,Germany,M,Import,842,USA,USA,0,W00,World,H5,HS,TRUE,283691,Carbonates; lithium carbonate,6,TRUE,C00,TOTAL CPC,0,0,TOTAL MOT,8,kg,39172.328,TRUE,-1,N/A,0,FALSE,39172.328,TRUE,0,FALSE,519809.7,,519809.7,6,FALSE,TRUE
C,A,20170101,2017,52,2017,276,DEU,Germany,M,Import,0,W00,World,0,W00,World,H5,HS,TRUE,283692,Carbonates; strontium carbonate,6,TRUE,C00,TOTAL CPC,0,0,TOTAL MOT,-1,N/A,0,FALSE,-1,N/A,0,FALSE,,FALSE,0,FALSE,85160.327,,85160.327,0,FALSE,TRUE
C,A,20170101,2017,52,2017,276,DEU,Germany,M,Import,156,CHN,China,0,W00,World,H5,HS,TRUE,283692,Carbonates; strontium carbonate,6,TRUE,C00,TOTAL CPC,0,0,TOTAL MOT,8,kg,4217,FALSE,8,kg,4217,FALSE,4217,FALSE,0,FALSE,12989.257,,12989.257,0,FALSE,TRUE
C,A,20170101,2017,52,2017,276,DEU,Germany,M,Import,251,FRA,France,0,W00,World,H5,HS,TRUE,283692,Carbonates; strontium carbonate,6,TRUE,C00,TOTAL CPC,0,0,TOTAL MOT,8,kg,14200,FALSE,8,kg,14200,FALSE,14200,FALSE,0,FALSE,11793.22,,11793.22,0,FALSE,TRUE
C,A,20170101,2017,52,2017,276,DEU,Germany,M,Import,380,ITA,Italy,0,W00,World,H5,HS,TRUE,283692,Carbonates; strontium carbonate,6,TRUE,C00,TOTAL CPC,0,0,TOTAL MOT,8,kg,6089,FALSE,8,kg,6089,FALSE,6089,FALSE,0,FALSE,48371.174,,48371.174,0,FALSE,TRUE
C,A,20170101,2017,52,2017,276,DEU,Germany,M,Import,699,IND,India,0,W00,World,H5,HS,TRUE,283692,Carbonates; strontium carbonate,6,TRUE,C00,TOTAL CPC,0,0,TOTAL MOT,8,kg,30,FALSE,8,kg,30,FALSE,30,FALSE,0,FALSE,1058.25,,1058.25,0,FALSE,TRUE
C,A,20170101,2017,52,2017,276,DEU,Germany,M,Import,826,GBR,United Kingdom,0,W00,World,H5,HS,TRUE,283692,Carbonates; strontium carbonate,6,TRUE,C00,TOTAL CPC,0,0,TOTAL MOT,8,kg,125.249,TRUE,-1,N/A,0,FALSE,125.249,TRUE,0,FALSE,2004.689,,2004.689,6,FALSE,TRUE
C,A,20170101,2017,52,2017,276,DEU,Germany,M,Import,842,USA,USA,0,W00,World,H5,HS,TRUE,283692,Carbonates; strontium carbonate,6,TRUE,C00,TOTAL CPC,0,0,TOTAL MOT,-1,N/A,0,FALSE,-1,N/A,0,FALSE,,FALSE,0,FALSE,8943.737,,8943.737,0,FALSE,TRUE
C,A,20170101,2017,52,2017,276,DEU,Germany,M,Import,0,W00,World,0,W00,World,H5,HS,TRUE,284321,Silver compounds; silver nitrates,6,TRUE,C00,TOTAL CPC,0,0,TOTAL MOT,8,kg,64478.494,TRUE,-1,N/A,0,FALSE,64478.494,TRUE,0,FALSE,21808231.2,,21808231.2,6,FALSE,TRUE
C,A,20170101,2017,52,2017,276,DEU,Germany,M,Import,56,BEL,Belgium,0,W00,World,H5,HS,TRUE,284321,Silver compounds; silver nitrates,6,TRUE,C00,TOTAL CPC,0,0,TOTAL MOT,8,kg,8647.23,TRUE,-1,N/A,0,FALSE,8647.23,TRUE,0,FALSE,2966881.297,,2966881.297,6,FALSE,TRUE
C,A,20170101,2017,52,2017,276,DEU,Germany,M,Import,203,CZE,Czechia,0,W00,World,H5,HS,TRUE,284321,Silver compounds; silver nitrates,6,TRUE,C00,TOTAL CPC,0,0,TOTAL MOT,8,kg,772,FALSE,8,kg,772,FALSE,772,FALSE,0,FALSE,297817.758,,297817.758,0,FALSE,TRUE
C,A,20170101,2017,52,2017,276,DEU,Germany,M,Import,251,FRA,France,0,W00,World,H5,HS,TRUE,284321,Silver compounds; silver nitrates,6,TRUE,C00,TOTAL CPC,0,0,TOTAL MOT,8,kg,2952,FALSE,8,kg,2952,FALSE,2952,FALSE,0,FALSE,34371.102,,34371.102,0,FALSE,TRUE
C,A,20170101,2017,52,2017,276,DEU,Germany,M,Import,372,IRL,Ireland,0,W00,World,H5,HS,TRUE,284321,Silver compounds; silver nitrates,6,TRUE,C00,TOTAL CPC,0,0,TOTAL MOT,8,kg,4,FALSE,8,kg,4,FALSE,4,FALSE,0,FALSE,1734.762,,1734.762,0,FALSE,TRUE
C,A,20170101,2017,52,2017,276,DEU,Germany,M,Import,528,NLD,Netherlands,0,W00,World,H5,HS,TRUE,284321,Silver compounds; silver nitrates,6,TRUE,C00,TOTAL CPC,0,0,TOTAL MOT,8,kg,111.161,TRUE,-1,N/A,0,FALSE,111.161,TRUE,0,FALSE,69311.423,,69311.423,6,FALSE,TRUE
C,A,20170101,2017,52,2017,276,DEU,Germany,M,Import,616,POL,Poland,0,W00,World,H5,HS,TRUE,284321,Silver compounds; silver nitrates,6,TRUE,C00,TOTAL CPC,0,0,TOTAL MOT,8,kg,539.281,TRUE,-1,N/A,0,FALSE,539.281,TRUE,0,FALSE,65795.594,,65795.594,6,FALSE,TRUE
C,A,20170101,2017,52,2017,276,DEU,Germany,M,Import,724,ESP,Spain,0,W00,World,H5,HS,TRUE,284321,Silver compounds; silver nitrates,6,TRUE,C00,TOTAL CPC,0,0,TOTAL MOT,8,kg,320,FALSE,8,kg,320,FALSE,320,FALSE,0,FALSE,66290.272,,66290.272,0,FALSE,TRUE
C,A,20170101,2017,52,2017,276,DEU,Germany,M,Import,752,SWE,Sweden,0,W00,World,H5,HS,TRUE,284321,Silver compounds; silver nitrates,6,TRUE,C00,TOTAL CPC,0,0,TOTAL MOT,8,kg,52,FALSE,8,kg,52,FALSE,52,FALSE,0,FALSE,5653.788,,5653.788,0,FALSE,TRUE
C,A,20170101,2017,52,2017,276,DEU,Germany,M,Import,757,CHE,Switzerland,0,W00,World,H5,HS,TRUE,284321,Silver compounds; silver nitrates,6,TRUE,C00,TOTAL CPC,0,0,TOTAL MOT,8,kg,214.107,TRUE,-1,N/A,0,FALSE,214.107,TRUE,0,FALSE,285266.709,,285266.709,6,FALSE,TRUE
C,A,20170101,2017,52,2017,276,DEU,Germany,M,Import,807,MKD,North Macedonia,0,W00,World,H5,HS,TRUE,284321,Silver compounds; silver nitrates,6,TRUE,C00,TOTAL CPC,0,0,TOTAL MOT,8,kg,3040.661,TRUE,-1,N/A,0,FALSE,3040.661,TRUE,0,FALSE,1417410.139,,1417410.139,6,FALSE,TRUE
C,A,20170101,2017,52,2017,276,DEU,Germany,M,Import,826,GBR,United Kingdom,0,W00,World,H5,HS,TRUE,284321,Silver compounds; silver nitrates,6,TRUE,C00,TOTAL CPC,0,0,TOTAL MOT,8,kg,46998.053,TRUE,-1,N/A,0,FALSE,46998.053,TRUE,0,FALSE,16306232.36,,16306232.36,6,FALSE,TRUE
C,A,20170101,2017,52,2017,276,DEU,Germany,M,Import,842,USA,USA,0,W00,World,H5,HS,TRUE,284321,Silver compounds; silver nitrates,6,TRUE,C00,TOTAL CPC,0,0,TOTAL MOT,8,kg,828,FALSE,8,kg,828,FALSE,828,FALSE,0,FALSE,291465.999,,291465.999,0,FALSE,TRUE
C,A,20170101,2017,52,2017,276,DEU,Germany,M,Import,0,W00,World,0,W00,World,H5,HS,TRUE,284420,"Uranium; enriched in U235, plutonium, their compounds, alloys dispersions (including cermets), ceramic products and mixtures containing uranium enriched in U235, plutonium or compounds of these products",6,TRUE,C00,TOTAL CPC,0,0,TOTAL MOT,8,kg,476146.801,TRUE,38,gi F/S,15056740,FALSE,476146.801,TRUE,0,FALSE,355391452.8,,355391452.8,6,FALSE,TRUE
C,A,20170101,2017,52,2017,276,DEU,Germany,M,Import,40,AUT,Austria,0,W00,World,H5,HS,TRUE,284420,"Uranium; enriched in U235, plutonium, their compounds, alloys dispersions (including cermets), ceramic products and mixtures containing uranium enriched in U235, plutonium or compounds of these products",6,TRUE,C00,TOTAL CPC,0,0,TOTAL MOT,8,kg,18.037,TRUE,38,gi F/S,0,FALSE,18.037,TRUE,0,FALSE,13462.476,,13462.476,6,FALSE,TRUE
C,A,20170101,2017,52,2017,276,DEU,Germany,M,Import,251,FRA,France,0,W00,World,H5,HS,TRUE,284420,"Uranium; enriched in U235, plutonium, their compounds, alloys dispersions (including cermets), ceramic products and mixtures containing uranium enriched in U235, plutonium or compounds of these products",6,TRUE,C00,TOTAL CPC,0,0,TOTAL MOT,8,kg,166504,FALSE,38,gi F/S,4813660,FALSE,166504,FALSE,0,FALSE,88211271.88,,88211271.88,0,FALSE,TRUE
C,A,20170101,2017,52,2017,276,DEU,Germany,M,Import,528,NLD,Netherlands,0,W00,World,H5,HS,TRUE,284420,"Uranium; enriched in U235, plutonium, their compounds, alloys dispersions (including cermets), ceramic products and mixtures containing uranium enriched in U235, plutonium or compounds of these products",6,TRUE,C00,TOTAL CPC,0,0,TOTAL MOT,8,kg,39195,FALSE,38,gi F/S,1437030,FALSE,39195,FALSE,0,FALSE,28602307.02,,28602307.02,0,FALSE,TRUE
C,A,20170101,2017,52,2017,276,DEU,Germany,M,Import,579,NOR,Norway,0,W00,World,H5,HS,TRUE,284420,"Uranium; enriched in U235, plutonium, their compounds, alloys dispersions (including cermets), ceramic products and mixtures containing uranium enriched in U235, plutonium or compounds of these products",6,TRUE,C00,TOTAL CPC,0,0,TOTAL MOT,8,kg,0.008,TRUE,38,gi F/S,0,FALSE,0.008,TRUE,0,FALSE,5.647,,5.647,6,FALSE,TRUE
C,A,20170101,2017,52,2017,276,DEU,Germany,M,Import,643,RUS,Russian Federation,0,W00,World,H5,HS,TRUE,284420,"Uranium; enriched in U235, plutonium, their compounds, alloys dispersions (including cermets), ceramic products and mixtures containing uranium enriched in U235, plutonium or compounds of these products",6,TRUE,C00,TOTAL CPC,0,0,TOTAL MOT,8,kg,248229.221,TRUE,38,gi F/S,8489034,FALSE,248229.221,TRUE,0,FALSE,233074812.3,,233074812.3,6,FALSE,TRUE
C,A,20170101,2017,52,2017,276,DEU,Germany,M,Import,826,GBR,United Kingdom,0,W00,World,H5,HS,TRUE,284420,"Uranium; enriched in U235, plutonium, their compounds, alloys dispersions (including cermets), ceramic products and mixtures containing uranium enriched in U235, plutonium or compounds of these products",6,TRUE,C00,TOTAL CPC,0,0,TOTAL MOT,8,kg,22145,FALSE,38,gi F/S,315402,FALSE,22145,FALSE,0,FALSE,5281736.018,,5281736.018,0,FALSE,TRUE
C,A,20170101,2017,52,2017,276,DEU,Germany,M,Import,842,USA,USA,0,W00,World,H5,HS,TRUE,284420,"Uranium; enriched in U235, plutonium, their compounds, alloys dispersions (including cermets), ceramic products and mixtures containing uranium enriched in U235, plutonium or compounds of these products",6,TRUE,C00,TOTAL CPC,0,0,TOTAL MOT,8,kg,55.536,TRUE,38,gi F/S,1614,FALSE,55.536,TRUE,0,FALSE,207857.471,,207857.471,6,FALSE,TRUE
C,A,20170101,2017,52,2017,276,DEU,Germany,M,Import,0,W00,World,0,W00,World,H5,HS,TRUE,710610,Metals; silver powder,6,TRUE,C00,TOTAL CPC,0,0,TOTAL MOT,8,kg,45802.682,FALSE,15,g,45802682,FALSE,45798.42,FALSE,0,FALSE,18280483.04,,18280483.04,0,FALSE,TRUE
C,A,20170101,2017,52,2017,276,DEU,Germany,M,Import,32,ARG,Argentina,0,W00,World,H5,HS,TRUE,710610,Metals; silver powder,6,TRUE,C00,TOTAL CPC,0,0,TOTAL MOT,8,kg,241.58,FALSE,15,g,241580,FALSE,242,FALSE,0,FALSE,148886.856,,148886.856,0,FALSE,TRUE
C,A,20170101,2017,52,2017,276,DEU,Germany,M,Import,56,BEL,Belgium,0,W00,World,H5,HS,TRUE,710610,Metals; silver powder,6,TRUE,C00,TOTAL CPC,0,0,TOTAL MOT,8,kg,2,FALSE,15,g,2000,FALSE,2,FALSE,0,FALSE,903.522,,903.522,0,FALSE,TRUE
C,A,20170101,2017,52,2017,276,DEU,Germany,M,Import,124,CAN,Canada,0,W00,World,H5,HS,TRUE,710610,Metals; silver powder,6,TRUE,C00,TOTAL CPC,0,0,TOTAL MOT,8,kg,7908.2,FALSE,15,g,7908200,FALSE,7908,FALSE,0,FALSE,1885510.151,,1885510.151,0,FALSE,TRUE
C,A,20170101,2017,52,2017,276,DEU,Germany,M,Import,156,CHN,China,0,W00,World,H5,HS,TRUE,710610,Metals; silver powder,6,TRUE,C00,TOTAL CPC,0,0,TOTAL MOT,8,kg,10511.57,FALSE,15,g,10511570,FALSE,10511.4,FALSE,0,FALSE,695790.918,,695790.918,0,FALSE,TRUE
C,A,20170101,2017,52,2017,276,DEU,Germany,M,Import,191,HRV,Croatia,0,W00,World,H5,HS,TRUE,710610,Metals; silver powder,6,TRUE,C00,TOTAL CPC,0,0,TOTAL MOT,8,kg,1.494,FALSE,15,g,1494,FALSE,1,FALSE,0,FALSE,31.623,,31.623,0,FALSE,TRUE
C,A,20170101,2017,52,2017,276,DEU,Germany,M,Import,203,CZE,Czechia,0,W00,World,H5,HS,TRUE,710610,Metals; silver powder,6,TRUE,C00,TOTAL CPC,0,0,TOTAL MOT,8,kg,5,FALSE,15,g,5000,FALSE,5,FALSE,0,FALSE,3416.442,,3416.442,0,FALSE,TRUE
C,A,20170101,2017,52,2017,276,DEU,Germany,M,Import,251,FRA,France,0,W00,World,H5,HS,TRUE,710610,Metals; silver powder,6,TRUE,C00,TOTAL CPC,0,0,TOTAL MOT,8,kg,50.2,FALSE,15,g,50200,FALSE,50,FALSE,0,FALSE,31582.608,,31582.608,0,FALSE,TRUE
C,A,20170101,2017,52,2017,276,DEU,Germany,M,Import,376,ISR,Israel,0,W00,World,H5,HS,TRUE,710610,Metals; silver powder,6,TRUE,C00,TOTAL CPC,0,0,TOTAL MOT,8,kg,200,FALSE,15,g,200000,FALSE,200,FALSE,0,FALSE,120146.954,,120146.954,0,FALSE,TRUE
C,A,20170101,2017,52,2017,276,DEU,Germany,M,Import,380,ITA,Italy,0,W00,World,H5,HS,TRUE,710610,Metals; silver powder,6,TRUE,C00,TOTAL CPC,0,0,TOTAL MOT,8,kg,366.766,FALSE,15,g,366766,FALSE,367,FALSE,0,FALSE,136055.715,,136055.715,0,FALSE,TRUE
C,A,20170101,2017,52,2017,276,DEU,Germany,M,Import,392,JPN,Japan,0,W00,World,H5,HS,TRUE,710610,Metals; silver powder,6,TRUE,C00,TOTAL CPC,0,0,TOTAL MOT,8,kg,999.74,FALSE,15,g,999740,FALSE,1002,FALSE,0,FALSE,292750.13,,292750.13,0,FALSE,TRUE
C,A,20170101,2017,52,2017,276,DEU,Germany,M,Import,410,KOR,Rep. of Korea,0,W00,World,H5,HS,TRUE,710610,Metals; silver powder,6,TRUE,C00,TOTAL CPC,0,0,TOTAL MOT,8,kg,38.3,FALSE,15,g,38300,FALSE,38,FALSE,0,FALSE,20381.195,,20381.195,0,FALSE,TRUE
C,A,20170101,2017,52,2017,276,DEU,Germany,M,Import,528,NLD,Netherlands,0,W00,World,H5,HS,TRUE,710610,Metals; silver powder,6,TRUE,C00,TOTAL CPC,0,0,TOTAL MOT,8,kg,20,FALSE,15,g,20000,FALSE,20,FALSE,0,FALSE,5464.049,,5464.049,0,FALSE,TRUE
C,A,20170101,2017,52,2017,276,DEU,Germany,M,Import,642,ROU,Romania,0,W00,World,H5,HS,TRUE,710610,Metals; silver powder,6,TRUE,C00,TOTAL CPC,0,0,TOTAL MOT,8,kg,194.5,FALSE,15,g,194500,FALSE,195,FALSE,0,FALSE,37472.441,,37472.441,0,FALSE,TRUE
C,A,20170101,2017,52,2017,276,DEU,Germany,M,Import,702,SGP,Singapore,0,W00,World,H5,HS,TRUE,710610,Metals; silver powder,6,TRUE,C00,TOTAL CPC,0,0,TOTAL MOT,8,kg,36,FALSE,15,g,36000,FALSE,36,FALSE,0,FALSE,9893.565,,9893.565,0,FALSE,TRUE
C,A,20170101,2017,52,2017,276,DEU,Germany,M,Import,757,CHE,Switzerland,0,W00,World,H5,HS,TRUE,710610,Metals; silver powder,6,TRUE,C00,TOTAL CPC,0,0,TOTAL MOT,8,kg,28,FALSE,15,g,28000,FALSE,29,FALSE,0,FALSE,26714.884,,26714.884,0,FALSE,TRUE
C,A,20170101,2017,52,2017,276,DEU,Germany,M,Import,826,GBR,United Kingdom,0,W00,World,H5,HS,TRUE,710610,Metals; silver powder,6,TRUE,C00,TOTAL CPC,0,0,TOTAL MOT,8,kg,1372.877,FALSE,15,g,1372877,FALSE,1373,FALSE,0,FALSE,757574.875,,757574.875,0,FALSE,TRUE
C,A,20170101,2017,52,2017,276,DEU,Germany,M,Import,842,USA,USA,0,W00,World,H5,HS,TRUE,710610,Metals; silver powder,6,TRUE,C00,TOTAL CPC,0,0,TOTAL MOT,8,kg,23826.455,FALSE,15,g,23826455,FALSE,23819.02,FALSE,0,FALSE,14107907.12,,14107907.12,0,FALSE,TRUE
C,A,20170101,2017,52,2017,276,DEU,Germany,M,Import,0,W00,World,0,W00,World,H5,HS,TRUE,710811,"Metals; gold, non-monetary, powder",6,TRUE,C00,TOTAL CPC,0,0,TOTAL MOT,8,kg,62.032,FALSE,15,g,62032,FALSE,52.821,FALSE,0,FALSE,2126914.261,,2126914.261,0,FALSE,TRUE
C,A,20170101,2017,52,2017,276,DEU,Germany,M,Import,36,AUS,Australia,0,W00,World,H5,HS,TRUE,710811,"Metals; gold, non-monetary, powder",6,TRUE,C00,TOTAL CPC,0,0,TOTAL MOT,8,kg,0.244,FALSE,15,g,244,FALSE,0.244,FALSE,0,FALSE,7810.947,,7810.947,0,FALSE,TRUE
C,A,20170101,2017,52,2017,276,DEU,Germany,M,Import,40,AUT,Austria,0,W00,World,H5,HS,TRUE,710811,"Metals; gold, non-monetary, powder",6,TRUE,C00,TOTAL CPC,0,0,TOTAL MOT,8,kg,0.005,FALSE,15,g,5,FALSE,0.005,FALSE,0,FALSE,152.469,,152.469,0,FALSE,TRUE
C,A,20170101,2017,52,2017,276,DEU,Germany,M,Import,120,CMR,Cameroon,0,W00,World,H5,HS,TRUE,710811,"Metals; gold, non-monetary, powder",6,TRUE,C00,TOTAL CPC,0,0,TOTAL MOT,8,kg,0.2,FALSE,15,g,200,FALSE,0.2,FALSE,0,FALSE,6776.414,,6776.414,0,FALSE,TRUE
C,A,20170101,2017,52,2017,276,DEU,Germany,M,Import,203,CZE,Czechia,0,W00,World,H5,HS,TRUE,710811,"Metals; gold, non-monetary, powder",6,TRUE,C00,TOTAL CPC,0,0,TOTAL MOT,8,kg,0.031,FALSE,15,g,31,FALSE,0.031,FALSE,0,FALSE,734.112,,734.112,0,FALSE,TRUE
C,A,20170101,2017,52,2017,276,DEU,Germany,M,Import,251,FRA,France,0,W00,World,H5,HS,TRUE,710811,"Metals; gold, non-monetary, powder",6,TRUE,C00,TOTAL CPC,0,0,TOTAL MOT,8,kg,0.038,FALSE,15,g,38,FALSE,0.038,FALSE,0,FALSE,1844.314,,1844.314,0,FALSE,TRUE
C,A,20170101,2017,52,2017,276,DEU,Germany,M,Import,380,ITA,Italy,0,W00,World,H5,HS,TRUE,710811,"Metals; gold, non-monetary, powder",6,TRUE,C00,TOTAL CPC,0,0,TOTAL MOT,8,kg,38.476,FALSE,15,g,38476,FALSE,37.01,FALSE,0,FALSE,1526456.197,,1526456.197,0,FALSE,TRUE
C,A,20170101,2017,52,2017,276,DEU,Germany,M,Import,392,JPN,Japan,0,W00,World,H5,HS,TRUE,710811,"Metals; gold, non-monetary, powder",6,TRUE,C00,TOTAL CPC,0,0,TOTAL MOT,8,kg,4.967,FALSE,15,g,4967,FALSE,2.031,FALSE,0,FALSE,115180.971,,115180.971,0,FALSE,TRUE
C,A,20170101,2017,52,2017,276,DEU,Germany,M,Import,540,NCL,New Caledonia,0,W00,World,H5,HS,TRUE,710811,"Metals; gold, non-monetary, powder",6,TRUE,C00,TOTAL CPC,0,0,TOTAL MOT,8,kg,1.344,FALSE,15,g,1344,FALSE,1,FALSE,0,FALSE,43739.495,,43739.495,0,FALSE,TRUE
C,A,20170101,2017,52,2017,276,DEU,Germany,M,Import,694,SLE,Sierra Leone,0,W00,World,H5,HS,TRUE,710811,"Metals; gold, non-monetary, powder",6,TRUE,C00,TOTAL CPC,0,0,TOTAL MOT,8,kg,2,FALSE,15,g,2000,FALSE,2,FALSE,0,FALSE,52936.218,,52936.218,0,FALSE,TRUE
C,A,20170101,2017,52,2017,276,DEU,Germany,M,Import,757,CHE,Switzerland,0,W00,World,H5,HS,TRUE,710811,"Metals; gold, non-monetary, powder",6,TRUE,C00,TOTAL CPC,0,0,TOTAL MOT,8,kg,5.975,FALSE,15,g,5975,FALSE,5.004,FALSE,0,FALSE,153135.667,,153135.667,0,FALSE,TRUE
C,A,20170101,2017,52,2017,276,DEU,Germany,M,Import,826,GBR,United Kingdom,0,W00,World,H5,HS,TRUE,710811,"Metals; gold, non-monetary, powder",6,TRUE,C00,TOTAL CPC,0,0,TOTAL MOT,8,kg,3.306,FALSE,15,g,3306,FALSE,3.25,FALSE,0,FALSE,88416.394,,88416.394,0,FALSE,TRUE
C,A,20170101,2017,52,2017,276,DEU,Germany,M,Import,842,USA,USA,0,W00,World,H5,HS,TRUE,710811,"Metals; gold, non-monetary, powder",6,TRUE,C00,TOTAL CPC,0,0,TOTAL MOT,8,kg,5.446,FALSE,15,g,5446,FALSE,2.008,FALSE,0,FALSE,129731.062,,129731.062,0,FALSE,TRUE
C,A,20170101,2017,52,2017,276,DEU,Germany,M,Import,0,W00,World,0,W00,World,H5,HS,TRUE,710812,"Metals; gold, non-monetary, unwrought (but not powder)",6,TRUE,C00,TOTAL CPC,0,0,TOTAL MOT,8,kg,106781.988,FALSE,15,g,106781988,FALSE,106795.646,FALSE,0,FALSE,4165461899,,4165461899,0,FALSE,TRUE
C,A,20170101,2017,52,2017,276,DEU,Germany,M,Import,36,AUS,Australia,0,W00,World,H5,HS,TRUE,710812,"Metals; gold, non-monetary, unwrought (but not powder)",6,TRUE,C00,TOTAL CPC,0,0,TOTAL MOT,8,kg,412.245,FALSE,15,g,412245,FALSE,411.712,FALSE,0,FALSE,12972136.05,,12972136.05,0,FALSE,TRUE
C,A,20170101,2017,52,2017,276,DEU,Germany,M,Import,40,AUT,Austria,0,W00,World,H5,HS,TRUE,710812,"Metals; gold, non-monetary, unwrought (but not powder)",6,TRUE,C00,TOTAL CPC,0,0,TOTAL MOT,8,kg,3409.378,FALSE,15,g,3409378,FALSE,3410.01,FALSE,0,FALSE,140106321.4,,140106321.4,0,FALSE,TRUE
C,A,20170101,2017,52,2017,276,DEU,Germany,M,Import,100,BGR,Bulgaria,0,W00,World,H5,HS,TRUE,710812,"Metals; gold, non-monetary, unwrought (but not powder)",6,TRUE,C00,TOTAL CPC,0,0,TOTAL MOT,8,kg,31.52,FALSE,15,g,31520,FALSE,31,FALSE,0,FALSE,1126917.685,,1126917.685,0,FALSE,TRUE
C,A,20170101,2017,52,2017,276,DEU,Germany,M,Import,120,CMR,Cameroon,0,W00,World,H5,HS,TRUE,710812,"Metals; gold, non-monetary, unwrought (but not powder)",6,TRUE,C00,TOTAL CPC,0,0,TOTAL MOT,8,kg,1.429,FALSE,15,g,1429,FALSE,2,FALSE,0,FALSE,44571.865,,44571.865,0,FALSE,TRUE
C,A,20170101,2017,52,2017,276,DEU,Germany,M,Import,124,CAN,Canada,0,W00,World,H5,HS,TRUE,710812,"Metals; gold, non-monetary, unwrought (but not powder)",6,TRUE,C00,TOTAL CPC,0,0,TOTAL MOT,8,kg,1.008,FALSE,15,g,1008,FALSE,1.216,FALSE,0,FALSE,38440.339,,38440.339,0,FALSE,TRUE
C,A,20170101,2017,52,2017,276,DEU,Germany,M,Import,156,CHN,China,0,W00,World,H5,HS,TRUE,710812,"Metals; gold, non-monetary, unwrought (but not powder)",6,TRUE,C00,TOTAL CPC,0,0,TOTAL MOT,8,kg,0.116,FALSE,15,g,116,FALSE,0.116,FALSE,0,FALSE,4158.46,,4158.46,0,FALSE,TRUE
C,A,20170101,2017,52,2017,276,DEU,Germany,M,Import,170,COL,Colombia,0,W00,World,H5,HS,TRUE,710812,"Metals; gold, non-monetary, unwrought (but not powder)",6,TRUE,C00,TOTAL CPC,0,0,TOTAL MOT,8,kg,0.112,FALSE,15,g,112,FALSE,0.112,FALSE,0,FALSE,2874.329,,2874.329,0,FALSE,TRUE
C,A,20170101,2017,52,2017,276,DEU,Germany,M,Import,191,HRV,Croatia,0,W00,World,H5,HS,TRUE,710812,"Metals; gold, non-monetary, unwrought (but not powder)",6,TRUE,C00,TOTAL CPC,0,0,TOTAL MOT,8,kg,545.042,FALSE,15,g,545042,FALSE,546,FALSE,0,FALSE,16349982.02,,16349982.02,0,FALSE,TRUE
C,A,20170101,2017,52,2017,276,DEU,Germany,M,Import,196,CYP,Cyprus,0,W00,World,H5,HS,TRUE,710812,"Metals; gold, non-monetary, unwrought (but not powder)",6,TRUE,C00,TOTAL CPC,0,0,TOTAL MOT,8,kg,0.784,FALSE,15,g,784,FALSE,1.284,FALSE,0,FALSE,31419.974,,31419.974,0,FALSE,TRUE
C,A,20170101,2017,52,2017,276,DEU,Germany,M,Import,203,CZE,Czechia,0,W00,World,H5,HS,TRUE,710812,"Metals; gold, non-monetary, unwrought (but not powder)",6,TRUE,C00,TOTAL CPC,0,0,TOTAL MOT,8,kg,6264.868,FALSE,15,g,6264868,FALSE,6261.412,FALSE,0,FALSE,174330322.5,,174330322.5,0,FALSE,TRUE
C,A,20170101,2017,52,2017,276,DEU,Germany,M,Import,208,DNK,Denmark,0,W00,World,H5,HS,TRUE,710812,"Metals; gold, non-monetary, unwrought (but not powder)",6,TRUE,C00,TOTAL CPC,0,0,TOTAL MOT,8,kg,206.559,FALSE,15,g,206559,FALSE,206.211,FALSE,0,FALSE,8159875.653,,8159875.653,0,FALSE,TRUE
C,A,20170101,2017,52,2017,276,DEU,Germany,M,Import,233,EST,Estonia,0,W00,World,H5,HS,TRUE,710812,"Metals; gold, non-monetary, unwrought (but not powder)",6,TRUE,C00,TOTAL CPC,0,0,TOTAL MOT,8,kg,221.36,FALSE,15,g,221360,FALSE,221,FALSE,0,FALSE,9184887.362,,9184887.362,0,FALSE,TRUE
C,A,20170101,2017,52,2017,276,DEU,Germany,M,Import,246,FIN,Finland,0,W00,World,H5,HS,TRUE,710812,"Metals; gold, non-monetary, unwrought (but not powder)",6,TRUE,C00,TOTAL CPC,0,0,TOTAL MOT,8,kg,19.023,FALSE,15,g,19023,FALSE,19.199,FALSE,0,FALSE,770572.037,,770572.037,0,FALSE,TRUE
C,A,20170101,2017,52,2017,276,DEU,Germany,M,Import,251,FRA,France,0,W00,World,H5,HS,TRUE,710812,"Metals; gold, non-monetary, unwrought (but not powder)",6,TRUE,C00,TOTAL CPC,0,0,TOTAL MOT,8,kg,479.163,FALSE,15,g,479163,FALSE,479.073,FALSE,0,FALSE,14118478.32,,14118478.32,0,FALSE,TRUE
C,A,20170101,2017,52,2017,276,DEU,Germany,M,Import,270,GMB,Gambia,0,W00,World,H5,HS,TRUE,710812,"Metals; gold, non-monetary, unwrought (but not powder)",6,TRUE,C00,TOTAL CPC,0,0,TOTAL MOT,8,kg,0.934,FALSE,15,g,934,FALSE,1,FALSE,0,FALSE,20818.274,,20818.274,0,FALSE,TRUE
C,A,20170101,2017,52,2017,276,DEU,Germany,M,Import,288,GHA,Ghana,0,W00,World,H5,HS,TRUE,710812,"Metals; gold, non-monetary, unwrought (but not powder)",6,TRUE,C00,TOTAL CPC,0,0,TOTAL MOT,8,kg,1.48,FALSE,15,g,1480,FALSE,1,FALSE,0,FALSE,60156.488,,60156.488,0,FALSE,TRUE
C,A,20170101,2017,52,2017,276,DEU,Germany,M,Import,300,GRC,Greece,0,W00,World,H5,HS,TRUE,710812,"Metals; gold, non-monetary, unwrought (but not powder)",6,TRUE,C00,TOTAL CPC,0,0,TOTAL MOT,8,kg,23.905,FALSE,15,g,23905,FALSE,25,FALSE,0,FALSE,801457.804,,801457.804,0,FALSE,TRUE
C,A,20170101,2017,52,2017,276,DEU,Germany,M,Import,344,HKG,"China, Hong Kong SAR",0,W00,World,H5,HS,TRUE,710812,"Metals; gold, non-monetary, unwrought (but not powder)",6,TRUE,C00,TOTAL CPC,0,0,TOTAL MOT,8,kg,73.13,FALSE,15,g,73130,FALSE,73,FALSE,0,FALSE,3101446.201,,3101446.201,0,FALSE,TRUE
C,A,20170101,2017,52,2017,276,DEU,Germany,M,Import,348,HUN,Hungary,0,W00,World,H5,HS,TRUE,710812,"Metals; gold, non-monetary, unwrought (but not powder)",6,TRUE,C00,TOTAL CPC,0,0,TOTAL MOT,8,kg,22.578,FALSE,15,g,22578,FALSE,21,FALSE,0,FALSE,914498.558,,914498.558,0,FALSE,TRUE
C,A,20170101,2017,52,2017,276,DEU,Germany,M,Import,372,IRL,Ireland,0,W00,World,H5,HS,TRUE,710812,"Metals; gold, non-monetary, unwrought (but not powder)",6,TRUE,C00,TOTAL CPC,0,0,TOTAL MOT,8,kg,157,FALSE,15,g,157000,FALSE,157,FALSE,0,FALSE,5866449.083,,5866449.083,0,FALSE,TRUE
C,A,20170101,2017,52,2017,276,DEU,Germany,M,Import,376,ISR,Israel,0,W00,World,H5,HS,TRUE,710812,"Metals; gold, non-monetary, unwrought (but not powder)",6,TRUE,C00,TOTAL CPC,0,0,TOTAL MOT,8,kg,19.454,FALSE,15,g,19454,FALSE,19,FALSE,0,FALSE,838516.884,,838516.884,0,FALSE,TRUE
C,A,20170101,2017,52,2017,276,DEU,Germany,M,Import,380,ITA,Italy,0,W00,World,H5,HS,TRUE,710812,"Metals; gold, non-monetary, unwrought (but not powder)",6,TRUE,C00,TOTAL CPC,0,0,TOTAL MOT,8,kg,38.235,FALSE,15,g,38235,FALSE,37.241,FALSE,0,FALSE,1393070.388,,1393070.388,0,FALSE,TRUE
C,A,20170101,2017,52,2017,276,DEU,Germany,M,Import,392,JPN,Japan,0,W00,World,H5,HS,TRUE,710812,"Metals; gold, non-monetary, unwrought (but not powder)",6,TRUE,C00,TOTAL CPC,0,0,TOTAL MOT,8,kg,0.06,FALSE,15,g,60,FALSE,0.06,FALSE,0,FALSE,2573.908,,2573.908,0,FALSE,TRUE
C,A,20170101,2017,52,2017,276,DEU,Germany,M,Import,410,KOR,Rep. of Korea,0,W00,World,H5,HS,TRUE,710812,"Metals; gold, non-monetary, unwrought (but not powder)",6,TRUE,C00,TOTAL CPC,0,0,TOTAL MOT,8,kg,4.284,FALSE,15,g,4284,FALSE,4.284,FALSE,0,FALSE,197760.614,,197760.614,0,FALSE,TRUE
C,A,20170101,2017,52,2017,276,DEU,Germany,M,Import,428,LVA,Latvia,0,W00,World,H5,HS,TRUE,710812,"Metals; gold, non-monetary, unwrought (but not powder)",6,TRUE,C00,TOTAL CPC,0,0,TOTAL MOT,8,kg,169.115,FALSE,15,g,169115,FALSE,167,FALSE,0,FALSE,6751270.335,,6751270.335,0,FALSE,TRUE
C,A,20170101,2017,52,2017,276,DEU,Germany,M,Import,440,LTU,Lithuania,0,W00,World,H5,HS,TRUE,710812,"Metals; gold, non-monetary, unwrought (but not powder)",6,TRUE,C00,TOTAL CPC,0,0,TOTAL MOT,8,kg,44.357,FALSE,15,g,44357,FALSE,44,FALSE,0,FALSE,1800616.363,,1800616.363,0,FALSE,TRUE
C,A,20170101,2017,52,2017,276,DEU,Germany,M,Import,442,LUX,Luxembourg,0,W00,World,H5,HS,TRUE,710812,"Metals; gold, non-monetary, unwrought (but not powder)",6,TRUE,C00,TOTAL CPC,0,0,TOTAL MOT,8,kg,1194.667,FALSE,15,g,1194667,FALSE,1192,FALSE,0,FALSE,47412503.49,,47412503.49,0,FALSE,TRUE
C,A,20170101,2017,52,2017,276,DEU,Germany,M,Import,496,MNG,Mongolia,0,W00,World,H5,HS,TRUE,710812,"Metals; gold, non-monetary, unwrought (but not powder)",6,TRUE,C00,TOTAL CPC,0,0,TOTAL MOT,8,kg,2.083,FALSE,15,g,2083,FALSE,2,FALSE,0,FALSE,93103.414,,93103.414,0,FALSE,TRUE
C,A,20170101,2017,52,2017,276,DEU,Germany,M,Import,579,NOR,Norway,0,W00,World,H5,HS,TRUE,710812,"Metals; gold, non-monetary, unwrought (but not powder)",6,TRUE,C00,TOTAL CPC,0,0,TOTAL MOT,8,kg,179.387,FALSE,15,g,179387,FALSE,179,FALSE,0,FALSE,4187058.253,,4187058.253,0,FALSE,TRUE
C,A,20170101,2017,52,2017,276,DEU,Germany,M,Import,616,POL,Poland,0,W00,World,H5,HS,TRUE,710812,"Metals; gold, non-monetary, unwrought (but not powder)",6,TRUE,C00,TOTAL CPC,0,0,TOTAL MOT,8,kg,899.242,FALSE,15,g,899242,FALSE,898,FALSE,0,FALSE,30635327.28,,30635327.28,0,FALSE,TRUE
C,A,20170101,2017,52,2017,276,DEU,Germany,M,Import,620,PRT,Portugal,0,W00,World,H5,HS,TRUE,710812,"Metals; gold, non-monetary, unwrought (but not powder)",6,TRUE,C00,TOTAL CPC,0,0,TOTAL MOT,8,kg,239.629,FALSE,15,g,239629,FALSE,237,FALSE,0,FALSE,8630214.141,,8630214.141,0,FALSE,TRUE
C,A,20170101,2017,52,2017,276,DEU,Germany,M,Import,642,ROU,Romania,0,W00,World,H5,HS,TRUE,710812,"Metals; gold, non-monetary, unwrought (but not powder)",6,TRUE,C00,TOTAL CPC,0,0,TOTAL MOT,8,kg,403.556,FALSE,15,g,403556,FALSE,402,FALSE,0,FALSE,11157970.24,,11157970.24,0,FALSE,TRUE
C,A,20170101,2017,52,2017,276,DEU,Germany,M,Import,694,SLE,Sierra Leone,0,W00,World,H5,HS,TRUE,710812,"Metals; gold, non-monetary, unwrought (but not powder)",6,TRUE,C00,TOTAL CPC,0,0,TOTAL MOT,8,kg,1.3,FALSE,15,g,1300,FALSE,1,FALSE,0,FALSE,47624.639,,47624.639,0,FALSE,TRUE
C,A,20170101,2017,52,2017,276,DEU,Germany,M,Import,699,IND,India,0,W00,World,H5,HS,TRUE,710812,"Metals; gold, non-monetary, unwrought (but not powder)",6,TRUE,C00,TOTAL CPC,0,0,TOTAL MOT,8,kg,2.6,FALSE,15,g,2600,FALSE,3,FALSE,0,FALSE,90811.856,,90811.856,0,FALSE,TRUE
C,A,20170101,2017,52,2017,276,DEU,Germany,M,Import,702,SGP,Singapore,0,W00,World,H5,HS,TRUE,710812,"Metals; gold, non-monetary, unwrought (but not powder)",6,TRUE,C00,TOTAL CPC,0,0,TOTAL MOT,8,kg,0.022,FALSE,15,g,22,FALSE,0.022,FALSE,0,FALSE,854.958,,854.958,0,FALSE,TRUE
C,A,20170101,2017,52,2017,276,DEU,Germany,M,Import,703,SVK,Slovakia,0,W00,World,H5,HS,TRUE,710812,"Metals; gold, non-monetary, unwrought (but not powder)",6,TRUE,C00,TOTAL CPC,0,0,TOTAL MOT,8,kg,1814.86,FALSE,15,g,1814860,FALSE,1813,FALSE,0,FALSE,67675593.67,,67675593.67,0,FALSE,TRUE
C,A,20170101,2017,52,2017,276,DEU,Germany,M,Import,705,SVN,Slovenia,0,W00,World,H5,HS,TRUE,710812,"Metals; gold, non-monetary, unwrought (but not powder)",6,TRUE,C00,TOTAL CPC,0,0,TOTAL MOT,8,kg,5.966,FALSE,15,g,5966,FALSE,6.04,FALSE,0,FALSE,237044.616,,237044.616,0,FALSE,TRUE
C,A,20170101,2017,52,2017,276,DEU,Germany,M,Import,710,ZAF,South Africa,0,W00,World,H5,HS,TRUE,710812,"Metals; gold, non-monetary, unwrought (but not powder)",6,TRUE,C00,TOTAL CPC,0,0,TOTAL MOT,8,kg,228.184,FALSE,15,g,228184,FALSE,228,FALSE,0,FALSE,9060022.895,,9060022.895,0,FALSE,TRUE
C,A,20170101,2017,52,2017,276,DEU,Germany,M,Import,724,ESP,Spain,0,W00,World,H5,HS,TRUE,710812,"Metals; gold, non-monetary, unwrought (but not powder)",6,TRUE,C00,TOTAL CPC,0,0,TOTAL MOT,8,kg,53.865,FALSE,15,g,53865,FALSE,55,FALSE,0,FALSE,2211015.208,,2211015.208,0,FALSE,TRUE
C,A,20170101,2017,52,2017,276,DEU,Germany,M,Import,752,SWE,Sweden,0,W00,World,H5,HS,TRUE,710812,"Metals; gold, non-monetary, unwrought (but not powder)",6,TRUE,C00,TOTAL CPC,0,0,TOTAL MOT,8,kg,3395.831,FALSE,15,g,3395831,FALSE,3400.253,FALSE,0,FALSE,138540383.6,,138540383.6,0,FALSE,TRUE
C,A,20170101,2017,52,2017,276,DEU,Germany,M,Import,757,CHE,Switzerland,0,W00,World,H5,HS,TRUE,710812,"Metals; gold, non-monetary, unwrought (but not powder)",6,TRUE,C00,TOTAL CPC,0,0,TOTAL MOT,8,kg,51344.45,FALSE,15,g,51344450,FALSE,51365.919,FALSE,0,FALSE,2095337295,,2095337295,0,FALSE,TRUE
C,A,20170101,2017,52,2017,276,DEU,Germany,M,Import,764,THA,Thailand,0,W00,World,H5,HS,TRUE,710812,"Metals; gold, non-monetary, unwrought (but not powder)",6,TRUE,C00,TOTAL CPC,0,0,TOTAL MOT,8,kg,1073.248,FALSE,15,g,1073248,FALSE,1074,FALSE,0,FALSE,22651313.13,,22651313.13,0,FALSE,TRUE
C,A,20170101,2017,52,2017,276,DEU,Germany,M,Import,784,ARE,United Arab Emirates,0,W00,World,H5,HS,TRUE,710812,"Metals; gold, non-monetary, unwrought (but not powder)",6,TRUE,C00,TOTAL CPC,0,0,TOTAL MOT,8,kg,1726.858,FALSE,15,g,1726858,FALSE,1729,FALSE,0,FALSE,68222944.97,,68222944.97,0,FALSE,TRUE
C,A,20170101,2017,52,2017,276,DEU,Germany,M,Import,792,TUR,Türkiye,0,W00,World,H5,HS,TRUE,710812,"Metals; gold, non-monetary, unwrought (but not powder)",6,TRUE,C00,TOTAL CPC,0,0,TOTAL MOT,8,kg,1087.705,FALSE,15,g,1087705,FALSE,1083.045,FALSE,0,FALSE,44705532.69,,44705532.69,0,FALSE,TRUE
C,A,20170101,2017,52,2017,276,DEU,Germany,M,Import,800,UGA,Uganda,0,W00,World,H5,HS,TRUE,710812,"Metals; gold, non-monetary, unwrought (but not powder)",6,TRUE,C00,TOTAL CPC,0,0,TOTAL MOT,8,kg,2,FALSE,15,g,2000,FALSE,2,FALSE,0,FALSE,66570.364,,66570.364,0,FALSE,TRUE
C,A,20170101,2017,52,2017,276,DEU,Germany,M,Import,826,GBR,United Kingdom,0,W00,World,H5,HS,TRUE,710812,"Metals; gold, non-monetary, unwrought (but not powder)",6,TRUE,C00,TOTAL CPC,0,0,TOTAL MOT,8,kg,5576.167,FALSE,15,g,5576167,FALSE,5578,FALSE,0,FALSE,185319173.8,,185319173.8,0,FALSE,TRUE
C,A,20170101,2017,52,2017,276,DEU,Germany,M,Import,839,XX ,Special Categories,0,W00,World,H5,HS,TRUE,710812,"Metals; gold, non-monetary, unwrought (but not powder)",6,TRUE,C00,TOTAL CPC,0,0,TOTAL MOT,8,kg,25344.7,FALSE,15,g,25344700,FALSE,25351,FALSE,0,FALSE,1027744673,,1027744673,0,FALSE,TRUE
C,A,20170101,2017,52,2017,276,DEU,Germany,M,Import,842,USA,USA,0,W00,World,H5,HS,TRUE,710812,"Metals; gold, non-monetary, unwrought (but not powder)",6,TRUE,C00,TOTAL CPC,0,0,TOTAL MOT,8,kg,58.529,FALSE,15,g,58529,FALSE,56.437,FALSE,0,FALSE,2445274.718,,2445274.718,0,FALSE,TRUE
C,A,20170101,2017,52,2017,276,DEU,Germany,M,Import,0,W00,World,0,W00,World,H5,HS,TRUE,711011,"Metals; platinum, unwrought or in powder form",6,TRUE,C00,TOTAL CPC,0,0,TOTAL MOT,8,kg,53390.746,FALSE,15,g,53390746,FALSE,53379.544,FALSE,0,FALSE,1662435411,,1662435411,0,FALSE,TRUE
C,A,20170101,2017,52,2017,276,DEU,Germany,M,Import,32,ARG,Argentina,0,W00,World,H5,HS,TRUE,711011,"Metals; platinum, unwrought or in powder form",6,TRUE,C00,TOTAL CPC,0,0,TOTAL MOT,8,kg,17,FALSE,15,g,17000,FALSE,17,FALSE,0,FALSE,639917.124,,639917.124,0,FALSE,TRUE
C,A,20170101,2017,52,2017,276,DEU,Germany,M,Import,36,AUS,Australia,0,W00,World,H5,HS,TRUE,711011,"Metals; platinum, unwrought or in powder form",6,TRUE,C00,TOTAL CPC,0,0,TOTAL MOT,8,kg,0.072,FALSE,15,g,72,FALSE,0.072,FALSE,0,FALSE,2995.175,,2995.175,0,FALSE,TRUE
C,A,20170101,2017,52,2017,276,DEU,Germany,M,Import,40,AUT,Austria,0,W00,World,H5,HS,TRUE,711011,"Metals; platinum, unwrought or in powder form",6,TRUE,C00,TOTAL CPC,0,0,TOTAL MOT,8,kg,23.125,FALSE,15,g,23125,FALSE,23,FALSE,0,FALSE,748661.631,,748661.631,0,FALSE,TRUE
C,A,20170101,2017,52,2017,276,DEU,Germany,M,Import,56,BEL,Belgium,0,W00,World,H5,HS,TRUE,711011,"Metals; platinum, unwrought or in powder form",6,TRUE,C00,TOTAL CPC,0,0,TOTAL MOT,8,kg,3620.06,FALSE,15,g,3620060,FALSE,3620,FALSE,0,FALSE,113038906.1,,113038906.1,0,FALSE,TRUE
C,A,20170101,2017,52,2017,276,DEU,Germany,M,Import,76,BRA,Brazil,0,W00,World,H5,HS,TRUE,711011,"Metals; platinum, unwrought or in powder form",6,TRUE,C00,TOTAL CPC,0,0,TOTAL MOT,8,kg,19.878,FALSE,15,g,19878,FALSE,20,FALSE,0,FALSE,636033.109,,636033.109,0,FALSE,TRUE
C,A,20170101,2017,52,2017,276,DEU,Germany,M,Import,156,CHN,China,0,W00,World,H5,HS,TRUE,711011,"Metals; platinum, unwrought or in powder form",6,TRUE,C00,TOTAL CPC,0,0,TOTAL MOT,8,kg,28.386,FALSE,15,g,28386,FALSE,29.004,FALSE,0,FALSE,862535.884,,862535.884,0,FALSE,TRUE
C,A,20170101,2017,52,2017,276,DEU,Germany,M,Import,196,CYP,Cyprus,0,W00,World,H5,HS,TRUE,711011,"Metals; platinum, unwrought or in powder form",6,TRUE,C00,TOTAL CPC,0,0,TOTAL MOT,8,kg,2.457,FALSE,15,g,2457,FALSE,2,FALSE,0,FALSE,75248.692,,75248.692,0,FALSE,TRUE
C,A,20170101,2017,52,2017,276,DEU,Germany,M,Import,203,CZE,Czechia,0,W00,World,H5,HS,TRUE,711011,"Metals; platinum, unwrought or in powder form",6,TRUE,C00,TOTAL CPC,0,0,TOTAL MOT,8,kg,235.156,FALSE,15,g,235156,FALSE,232,FALSE,0,FALSE,7129379.566,,7129379.566,0,FALSE,TRUE
C,A,20170101,2017,52,2017,276,DEU,Germany,M,Import,208,DNK,Denmark,0,W00,World,H5,HS,TRUE,711011,"Metals; platinum, unwrought or in powder form",6,TRUE,C00,TOTAL CPC,0,0,TOTAL MOT,8,kg,4.84,FALSE,15,g,4840,FALSE,5,FALSE,0,FALSE,157076.152,,157076.152,0,FALSE,TRUE
C,A,20170101,2017,52,2017,276,DEU,Germany,M,Import,233,EST,Estonia,0,W00,World,H5,HS,TRUE,711011,"Metals; platinum, unwrought or in powder form",6,TRUE,C00,TOTAL CPC,0,0,TOTAL MOT,8,kg,42.79,FALSE,15,g,42790,FALSE,43,FALSE,0,FALSE,1434446.044,,1434446.044,0,FALSE,TRUE
C,A,20170101,2017,52,2017,276,DEU,Germany,M,Import,246,FIN,Finland,0,W00,World,H5,HS,TRUE,711011,"Metals; platinum, unwrought or in powder form",6,TRUE,C00,TOTAL CPC,0,0,TOTAL MOT,8,kg,14.123,FALSE,15,g,14123,FALSE,14,FALSE,0,FALSE,447577.642,,447577.642,0,FALSE,TRUE
C,A,20170101,2017,52,2017,276,DEU,Germany,M,Import,251,FRA,France,0,W00,World,H5,HS,TRUE,711011,"Metals; platinum, unwrought or in powder form",6,TRUE,C00,TOTAL CPC,0,0,TOTAL MOT,8,kg,125.988,FALSE,15,g,125988,FALSE,126,FALSE,0,FALSE,3576874.905,,3576874.905,0,FALSE,TRUE
C,A,20170101,2017,52,2017,276,DEU,Germany,M,Import,348,HUN,Hungary,0,W00,World,H5,HS,TRUE,711011,"Metals; platinum, unwrought or in powder form",6,TRUE,C00,TOTAL CPC,0,0,TOTAL MOT,8,kg,0.027,FALSE,15,g,27,FALSE,0.027,FALSE,0,FALSE,850.44,,850.44,0,FALSE,TRUE
C,A,20170101,2017,52,2017,276,DEU,Germany,M,Import,372,IRL,Ireland,0,W00,World,H5,HS,TRUE,711011,"Metals; platinum, unwrought or in powder form",6,TRUE,C00,TOTAL CPC,0,0,TOTAL MOT,8,kg,37.589,FALSE,15,g,37589,FALSE,38.2,FALSE,0,FALSE,1174983.92,,1174983.92,0,FALSE,TRUE
C,A,20170101,2017,52,2017,276,DEU,Germany,M,Import,380,ITA,Italy,0,W00,World,H5,HS,TRUE,711011,"Metals; platinum, unwrought or in powder form",6,TRUE,C00,TOTAL CPC,0,0,TOTAL MOT,8,kg,787.457,FALSE,15,g,787457,FALSE,790,FALSE,0,FALSE,23979663.12,,23979663.12,0,FALSE,TRUE
C,A,20170101,2017,52,2017,276,DEU,Germany,M,Import,392,JPN,Japan,0,W00,World,H5,HS,TRUE,711011,"Metals; platinum, unwrought or in powder form",6,TRUE,C00,TOTAL CPC,0,0,TOTAL MOT,8,kg,408.437,FALSE,15,g,408437,FALSE,409,FALSE,0,FALSE,13185682.32,,13185682.32,0,FALSE,TRUE
C,A,20170101,2017,52,2017,276,DEU,Germany,M,Import,410,KOR,Rep. of Korea,0,W00,World,H5,HS,TRUE,711011,"Metals; platinum, unwrought or in powder form",6,TRUE,C00,TOTAL CPC,0,0,TOTAL MOT,8,kg,48.979,FALSE,15,g,48979,FALSE,49,FALSE,0,FALSE,1505494.489,,1505494.489,0,FALSE,TRUE
C,A,20170101,2017,52,2017,276,DEU,Germany,M,Import,428,LVA,Latvia,0,W00,World,H5,HS,TRUE,711011,"Metals; platinum, unwrought or in powder form",6,TRUE,C00,TOTAL CPC,0,0,TOTAL MOT,8,kg,3,FALSE,15,g,3000,FALSE,3,FALSE,0,FALSE,77623.825,,77623.825,0,FALSE,TRUE
C,A,20170101,2017,52,2017,276,DEU,Germany,M,Import,440,LTU,Lithuania,0,W00,World,H5,HS,TRUE,711011,"Metals; platinum, unwrought or in powder form",6,TRUE,C00,TOTAL CPC,0,0,TOTAL MOT,8,kg,135.862,FALSE,15,g,135862,FALSE,137.002,FALSE,0,FALSE,3972262.863,,3972262.863,0,FALSE,TRUE
C,A,20170101,2017,52,2017,276,DEU,Germany,M,Import,442,LUX,Luxembourg,0,W00,World,H5,HS,TRUE,711011,"Metals; platinum, unwrought or in powder form",6,TRUE,C00,TOTAL CPC,0,0,TOTAL MOT,8,kg,9.428,FALSE,15,g,9428,FALSE,9.045,FALSE,0,FALSE,334855.379,,334855.379,0,FALSE,TRUE
C,A,20170101,2017,52,2017,276,DEU,Germany,M,Import,528,NLD,Netherlands,0,W00,World,H5,HS,TRUE,711011,"Metals; platinum, unwrought or in powder form",6,TRUE,C00,TOTAL CPC,0,0,TOTAL MOT,8,kg,107.915,FALSE,15,g,107915,FALSE,110,FALSE,0,FALSE,3472653.655,,3472653.655,0,FALSE,TRUE
C,A,20170101,2017,52,2017,276,DEU,Germany,M,Import,616,POL,Poland,0,W00,World,H5,HS,TRUE,711011,"Metals; platinum, unwrought or in powder form",6,TRUE,C00,TOTAL CPC,0,0,TOTAL MOT,8,kg,149.066,FALSE,15,g,149066,FALSE,149,FALSE,0,FALSE,4498400.604,,4498400.604,0,FALSE,TRUE
C,A,20170101,2017,52,2017,276,DEU,Germany,M,Import,620,PRT,Portugal,0,W00,World,H5,HS,TRUE,711011,"Metals; platinum, unwrought or in powder form",6,TRUE,C00,TOTAL CPC,0,0,TOTAL MOT,8,kg,1.7,FALSE,15,g,1700,FALSE,2,FALSE,0,FALSE,57805.072,,57805.072,0,FALSE,TRUE
C,A,20170101,2017,52,2017,276,DEU,Germany,M,Import,642,ROU,Romania,0,W00,World,H5,HS,TRUE,711011,"Metals; platinum, unwrought or in powder form",6,TRUE,C00,TOTAL CPC,0,0,TOTAL MOT,8,kg,35.707,FALSE,15,g,35707,FALSE,35,FALSE,0,FALSE,1028951.064,,1028951.064,0,FALSE,TRUE
C,A,20170101,2017,52,2017,276,DEU,Germany,M,Import,643,RUS,Russian Federation,0,W00,World,H5,HS,TRUE,711011,"Metals; platinum, unwrought or in powder form",6,TRUE,C00,TOTAL CPC,0,0,TOTAL MOT,8,kg,1347.704,FALSE,15,g,1347704,FALSE,1350,FALSE,0,FALSE,41970585.46,,41970585.46,0,FALSE,TRUE
C,A,20170101,2017,52,2017,276,DEU,Germany,M,Import,702,SGP,Singapore,0,W00,World,H5,HS,TRUE,711011,"Metals; platinum, unwrought or in powder form",6,TRUE,C00,TOTAL CPC,0,0,TOTAL MOT,8,kg,3.202,FALSE,15,g,3202,FALSE,3,FALSE,0,FALSE,99940.816,,99940.816,0,FALSE,TRUE
C,A,20170101,2017,52,2017,276,DEU,Germany,M,Import,703,SVK,Slovakia,0,W00,World,H5,HS,TRUE,711011,"Metals; platinum, unwrought or in powder form",6,TRUE,C00,TOTAL CPC,0,0,TOTAL MOT,8,kg,10.649,FALSE,15,g,10649,FALSE,7,FALSE,0,FALSE,318101.825,,318101.825,0,FALSE,TRUE
C,A,20170101,2017,52,2017,276,DEU,Germany,M,Import,710,ZAF,South Africa,0,W00,World,H5,HS,TRUE,711011,"Metals; platinum, unwrought or in powder form",6,TRUE,C00,TOTAL CPC,0,0,TOTAL MOT,8,kg,23083.05,FALSE,15,g,23083050,FALSE,23082,FALSE,0,FALSE,711392852.9,,711392852.9,0,FALSE,TRUE
C,A,20170101,2017,52,2017,276,DEU,Germany,M,Import,724,ESP,Spain,0,W00,World,H5,HS,TRUE,711011,"Metals; platinum, unwrought or in powder form",6,TRUE,C00,TOTAL CPC,0,0,TOTAL MOT,8,kg,6.069,FALSE,15,g,6069,FALSE,5.043,FALSE,0,FALSE,174283.727,,174283.727,0,FALSE,TRUE
C,A,20170101,2017,52,2017,276,DEU,Germany,M,Import,752,SWE,Sweden,0,W00,World,H5,HS,TRUE,711011,"Metals; platinum, unwrought or in powder form",6,TRUE,C00,TOTAL CPC,0,0,TOTAL MOT,8,kg,1,FALSE,15,g,1000,FALSE,1,FALSE,0,FALSE,29477.402,,29477.402,0,FALSE,TRUE
C,A,20170101,2017,52,2017,276,DEU,Germany,M,Import,757,CHE,Switzerland,0,W00,World,H5,HS,TRUE,711011,"Metals; platinum, unwrought or in powder form",6,TRUE,C00,TOTAL CPC,0,0,TOTAL MOT,8,kg,3417.13,FALSE,15,g,3417130,FALSE,3414,FALSE,0,FALSE,100606769,,100606769,0,FALSE,TRUE
C,A,20170101,2017,52,2017,276,DEU,Germany,M,Import,764,THA,Thailand,0,W00,World,H5,HS,TRUE,711011,"Metals; platinum, unwrought or in powder form",6,TRUE,C00,TOTAL CPC,0,0,TOTAL MOT,8,kg,1.266,FALSE,15,g,1266,FALSE,2,FALSE,0,FALSE,37984.061,,37984.061,0,FALSE,TRUE
C,A,20170101,2017,52,2017,276,DEU,Germany,M,Import,826,GBR,United Kingdom,0,W00,World,H5,HS,TRUE,711011,"Metals; platinum, unwrought or in powder form",6,TRUE,C00,TOTAL CPC,0,0,TOTAL MOT,8,kg,13676.724,FALSE,15,g,13676724,FALSE,13673.041,FALSE,0,FALSE,440552512.7,,440552512.7,0,FALSE,TRUE
C,A,20170101,2017,52,2017,276,DEU,Germany,M,Import,842,USA,USA,0,W00,World,H5,HS,TRUE,711011,"Metals; platinum, unwrought or in powder form",6,TRUE,C00,TOTAL CPC,0,0,TOTAL MOT,8,kg,5984.91,FALSE,15,g,5984910,FALSE,5980.11,FALSE,0,FALSE,185214024.1,,185214024.1,0,FALSE,TRUE
C,A,20170101,2017,52,2017,276,DEU,Germany,M,Import,0,W00,World,0,W00,World,H5,HS,TRUE,720280,Ferro-alloys; ferro-tungsten and ferro-silico-tungsten,6,TRUE,C00,TOTAL CPC,0,0,TOTAL MOT,8,kg,1974951.193,TRUE,-1,N/A,0,FALSE,1974951.193,TRUE,0,FALSE,43004082.37,,43004082.37,6,FALSE,TRUE
C,A,20170101,2017,52,2017,276,DEU,Germany,M,Import,40,AUT,Austria,0,W00,World,H5,HS,TRUE,720280,Ferro-alloys; ferro-tungsten and ferro-silico-tungsten,6,TRUE,C00,TOTAL CPC,0,0,TOTAL MOT,8,kg,16,FALSE,8,kg,16,FALSE,16,FALSE,0,FALSE,922.722,,922.722,0,FALSE,TRUE
C,A,20170101,2017,52,2017,276,DEU,Germany,M,Import,56,BEL,Belgium,0,W00,World,H5,HS,TRUE,720280,Ferro-alloys; ferro-tungsten and ferro-silico-tungsten,6,TRUE,C00,TOTAL CPC,0,0,TOTAL MOT,8,kg,1153,FALSE,8,kg,1153,FALSE,1153,FALSE,0,FALSE,23090.631,,23090.631,0,FALSE,TRUE
C,A,20170101,2017,52,2017,276,DEU,Germany,M,Import,76,BRA,Brazil,0,W00,World,H5,HS,TRUE,720280,Ferro-alloys; ferro-tungsten and ferro-silico-tungsten,6,TRUE,C00,TOTAL CPC,0,0,TOTAL MOT,8,kg,5232.193,TRUE,-1,N/A,0,FALSE,5232.193,TRUE,0,FALSE,96754.772,,96754.772,6,FALSE,TRUE
C,A,20170101,2017,52,2017,276,DEU,Germany,M,Import,156,CHN,China,0,W00,World,H5,HS,TRUE,720280,Ferro-alloys; ferro-tungsten and ferro-silico-tungsten,6,TRUE,C00,TOTAL CPC,0,0,TOTAL MOT,8,kg,619715,FALSE,8,kg,619715,FALSE,619715,FALSE,0,FALSE,14750079.66,,14750079.66,0,FALSE,TRUE
C,A,20170101,2017,52,2017,276,DEU,Germany,M,Import,203,CZE,Czechia,0,W00,World,H5,HS,TRUE,720280,Ferro-alloys; ferro-tungsten and ferro-silico-tungsten,6,TRUE,C00,TOTAL CPC,0,0,TOTAL MOT,8,kg,5317,FALSE,8,kg,5317,FALSE,5317,FALSE,0,FALSE,137945.205,,137945.205,0,FALSE,TRUE
C,A,20170101,2017,52,2017,276,DEU,Germany,M,Import,251,FRA,France,0,W00,World,H5,HS,TRUE,720280,Ferro-alloys; ferro-tungsten and ferro-silico-tungsten,6,TRUE,C00,TOTAL CPC,0,0,TOTAL MOT,8,kg,2831,FALSE,8,kg,2831,FALSE,2831,FALSE,0,FALSE,92580.5,,92580.5,0,FALSE,TRUE
C,A,20170101,2017,52,2017,276,DEU,Germany,M,Import,380,ITA,Italy,0,W00,World,H5,HS,TRUE,720280,Ferro-alloys; ferro-tungsten and ferro-silico-tungsten,6,TRUE,C00,TOTAL CPC,0,0,TOTAL MOT,8,kg,3000,FALSE,8,kg,3000,FALSE,3000,FALSE,0,FALSE,66039.545,,66039.545,0,FALSE,TRUE
C,A,20170101,2017,52,2017,276,DEU,Germany,M,Import,410,KOR,Rep. of Korea,0,W00,World,H5,HS,TRUE,720280,Ferro-alloys; ferro-tungsten and ferro-silico-tungsten,6,TRUE,C00,TOTAL CPC,0,0,TOTAL MOT,8,kg,96208,FALSE,8,kg,96208,FALSE,96208,FALSE,0,FALSE,1878192.753,,1878192.753,0,FALSE,TRUE
C,A,20170101,2017,52,2017,276,DEU,Germany,M,Import,528,NLD,Netherlands,0,W00,World,H5,HS,TRUE,720280,Ferro-alloys; ferro-tungsten and ferro-silico-tungsten,6,TRUE,C00,TOTAL CPC,0,0,TOTAL MOT,8,kg,66735,FALSE,8,kg,66735,FALSE,66735,FALSE,0,FALSE,880361.242,,880361.242,0,FALSE,TRUE
C,A,20170101,2017,52,2017,276,DEU,Germany,M,Import,616,POL,Poland,0,W00,World,H5,HS,TRUE,720280,Ferro-alloys; ferro-tungsten and ferro-silico-tungsten,6,TRUE,C00,TOTAL CPC,0,0,TOTAL MOT,8,kg,1225,FALSE,8,kg,1225,FALSE,1225,FALSE,0,FALSE,23155.007,,23155.007,0,FALSE,TRUE
C,A,20170101,2017,52,2017,276,DEU,Germany,M,Import,643,RUS,Russian Federation,0,W00,World,H5,HS,TRUE,720280,Ferro-alloys; ferro-tungsten and ferro-silico-tungsten,6,TRUE,C00,TOTAL CPC,0,0,TOTAL MOT,8,kg,961039,FALSE,8,kg,961039,FALSE,961039,FALSE,0,FALSE,20527517.15,,20527517.15,0,FALSE,TRUE
C,A,20170101,2017,52,2017,276,DEU,Germany,M,Import,688,SRB,Serbia,0,W00,World,H5,HS,TRUE,720280,Ferro-alloys; ferro-tungsten and ferro-silico-tungsten,6,TRUE,C00,TOTAL CPC,0,0,TOTAL MOT,8,kg,1904,FALSE,8,kg,1904,FALSE,1904,FALSE,0,FALSE,38787.066,,38787.066,0,FALSE,TRUE
C,A,20170101,2017,52,2017,276,DEU,Germany,M,Import,704,VNM,Viet Nam,0,W00,World,H5,HS,TRUE,720280,Ferro-alloys; ferro-tungsten and ferro-silico-tungsten,6,TRUE,C00,TOTAL CPC,0,0,TOTAL MOT,8,kg,180395,FALSE,8,kg,180395,FALSE,180395,FALSE,0,FALSE,3805093.242,,3805093.242,0,FALSE,TRUE
C,A,20170101,2017,52,2017,276,DEU,Germany,M,Import,705,SVN,Slovenia,0,W00,World,H5,HS,TRUE,720280,Ferro-alloys; ferro-tungsten and ferro-silico-tungsten,6,TRUE,C00,TOTAL CPC,0,0,TOTAL MOT,8,kg,96,FALSE,8,kg,96,FALSE,96,FALSE,0,FALSE,1616.175,,1616.175,0,FALSE,TRUE
C,A,20170101,2017,52,2017,276,DEU,Germany,M,Import,710,ZAF,South Africa,0,W00,World,H5,HS,TRUE,720280,Ferro-alloys; ferro-tungsten and ferro-silico-tungsten,6,TRUE,C00,TOTAL CPC,0,0,TOTAL MOT,8,kg,884,FALSE,8,kg,884,FALSE,884,FALSE,0,FALSE,16174.171,,16174.171,0,FALSE,TRUE
C,A,20170101,2017,52,2017,276,DEU,Germany,M,Import,757,CHE,Switzerland,0,W00,World,H5,HS,TRUE,720280,Ferro-alloys; ferro-tungsten and ferro-silico-tungsten,6,TRUE,C00,TOTAL CPC,0,0,TOTAL MOT,8,kg,18450,FALSE,8,kg,18450,FALSE,18450,FALSE,0,FALSE,425477.496,,425477.496,0,FALSE,TRUE
C,A,20170101,2017,52,2017,276,DEU,Germany,M,Import,764,THA,Thailand,0,W00,World,H5,HS,TRUE,720280,Ferro-alloys; ferro-tungsten and ferro-silico-tungsten,6,TRUE,C00,TOTAL CPC,0,0,TOTAL MOT,8,kg,1090,FALSE,8,kg,1090,FALSE,1090,FALSE,0,FALSE,25636.304,,25636.304,0,FALSE,TRUE
C,A,20170101,2017,52,2017,276,DEU,Germany,M,Import,792,TUR,Türkiye,0,W00,World,H5,HS,TRUE,720280,Ferro-alloys; ferro-tungsten and ferro-silico-tungsten,6,TRUE,C00,TOTAL CPC,0,0,TOTAL MOT,8,kg,60,FALSE,8,kg,60,FALSE,60,FALSE,0,FALSE,3044.869,,3044.869,0,FALSE,TRUE
C,A,20170101,2017,52,2017,276,DEU,Germany,M,Import,826,GBR,United Kingdom,0,W00,World,H5,HS,TRUE,720280,Ferro-alloys; ferro-tungsten and ferro-silico-tungsten,6,TRUE,C00,TOTAL CPC,0,0,TOTAL MOT,8,kg,934,FALSE,8,kg,934,FALSE,934,FALSE,0,FALSE,15233.379,,15233.379,0,FALSE,TRUE
C,A,20170101,2017,52,2017,276,DEU,Germany,M,Import,842,USA,USA,0,W00,World,H5,HS,TRUE,720280,Ferro-alloys; ferro-tungsten and ferro-silico-tungsten,6,TRUE,C00,TOTAL CPC,0,0,TOTAL MOT,8,kg,8667,FALSE,8,kg,8667,FALSE,8667,FALSE,0,FALSE,196380.484,,196380.484,0,FALSE,TRUE
C,A,20170101,2017,52,2017,276,DEU,Germany,M,Import,0,W00,World,0,W00,World,H5,HS,TRUE,720292,Ferro-alloys; ferro-vanadium,6,TRUE,C00,TOTAL CPC,0,0,TOTAL MOT,8,kg,5758656.509,TRUE,-1,N/A,0,FALSE,5758656.509,TRUE,0,FALSE,127690084,,127690084,6,FALSE,TRUE
C,A,20170101,2017,52,2017,276,DEU,Germany,M,Import,40,AUT,Austria,0,W00,World,H5,HS,TRUE,720292,Ferro-alloys; ferro-vanadium,6,TRUE,C00,TOTAL CPC,0,0,TOTAL MOT,8,kg,2884165,FALSE,8,kg,2884165,FALSE,2884165,FALSE,0,FALSE,63378521.46,,63378521.46,0,FALSE,TRUE
C,A,20170101,2017,52,2017,276,DEU,Germany,M,Import,56,BEL,Belgium,0,W00,World,H5,HS,TRUE,720292,Ferro-alloys; ferro-vanadium,6,TRUE,C00,TOTAL CPC,0,0,TOTAL MOT,8,kg,26000,FALSE,8,kg,26000,FALSE,26000,FALSE,0,FALSE,569710.085,,569710.085,0,FALSE,TRUE
C,A,20170101,2017,52,2017,276,DEU,Germany,M,Import,156,CHN,China,0,W00,World,H5,HS,TRUE,720292,Ferro-alloys; ferro-vanadium,6,TRUE,C00,TOTAL CPC,0,0,TOTAL MOT,8,kg,351891,FALSE,8,kg,351891,FALSE,351891,FALSE,0,FALSE,8587849.128,,8587849.128,0,FALSE,TRUE
C,A,20170101,2017,52,2017,276,DEU,Germany,M,Import,203,CZE,Czechia,0,W00,World,H5,HS,TRUE,720292,Ferro-alloys; ferro-vanadium,6,TRUE,C00,TOTAL CPC,0,0,TOTAL MOT,8,kg,932826,FALSE,8,kg,932826,FALSE,932826,FALSE,0,FALSE,19464856.82,,19464856.82,0,FALSE,TRUE
C,A,20170101,2017,52,2017,276,DEU,Germany,M,Import,251,FRA,France,0,W00,World,H5,HS,TRUE,720292,Ferro-alloys; ferro-vanadium,6,TRUE,C00,TOTAL CPC,0,0,TOTAL MOT,8,kg,7478,FALSE,8,kg,7478,FALSE,7478,FALSE,0,FALSE,221956.93,,221956.93,0,FALSE,TRUE
C,A,20170101,2017,52,2017,276,DEU,Germany,M,Import,380,ITA,Italy,0,W00,World,H5,HS,TRUE,720292,Ferro-alloys; ferro-vanadium,6,TRUE,C00,TOTAL CPC,0,0,TOTAL MOT,8,kg,7000,FALSE,8,kg,7000,FALSE,7000,FALSE,0,FALSE,165398.718,,165398.718,0,FALSE,TRUE
C,A,20170101,2017,52,2017,276,DEU,Germany,M,Import,410,KOR,Rep. of Korea,0,W00,World,H5,HS,TRUE,720292,Ferro-alloys; ferro-vanadium,6,TRUE,C00,TOTAL CPC,0,0,TOTAL MOT,8,kg,662816,FALSE,8,kg,662816,FALSE,662816,FALSE,0,FALSE,15280973.31,,15280973.31,0,FALSE,TRUE
C,A,20170101,2017,52,2017,276,DEU,Germany,M,Import,442,LUX,Luxembourg,0,W00,World,H5,HS,TRUE,720292,Ferro-alloys; ferro-vanadium,6,TRUE,C00,TOTAL CPC,0,0,TOTAL MOT,8,kg,25000,FALSE,8,kg,25000,FALSE,25000,FALSE,0,FALSE,554186.449,,554186.449,0,FALSE,TRUE
C,A,20170101,2017,52,2017,276,DEU,Germany,M,Import,528,NLD,Netherlands,0,W00,World,H5,HS,TRUE,720292,Ferro-alloys; ferro-vanadium,6,TRUE,C00,TOTAL CPC,0,0,TOTAL MOT,8,kg,285998,FALSE,8,kg,285998,FALSE,285998,FALSE,0,FALSE,6266909.188,,6266909.188,0,FALSE,TRUE
C,A,20170101,2017,52,2017,276,DEU,Germany,M,Import,579,NOR,Norway,0,W00,World,H5,HS,TRUE,720292,Ferro-alloys; ferro-vanadium,6,TRUE,C00,TOTAL CPC,0,0,TOTAL MOT,8,kg,3000,FALSE,8,kg,3000,FALSE,3000,FALSE,0,FALSE,66478.882,,66478.882,0,FALSE,TRUE
C,A,20170101,2017,52,2017,276,DEU,Germany,M,Import,642,ROU,Romania,0,W00,World,H5,HS,TRUE,720292,Ferro-alloys; ferro-vanadium,6,TRUE,C00,TOTAL CPC,0,0,TOTAL MOT,8,kg,1973,FALSE,8,kg,1973,FALSE,1973,FALSE,0,FALSE,37262.372,,37262.372,0,FALSE,TRUE
C,A,20170101,2017,52,2017,276,DEU,Germany,M,Import,643,RUS,Russian Federation,0,W00,World,H5,HS,TRUE,720292,Ferro-alloys; ferro-vanadium,6,TRUE,C00,TOTAL CPC,0,0,TOTAL MOT,8,kg,1020,FALSE,8,kg,1020,FALSE,1020,FALSE,0,FALSE,17568.983,,17568.983,0,FALSE,TRUE
C,A,20170101,2017,52,2017,276,DEU,Germany,M,Import,699,IND,India,0,W00,World,H5,HS,TRUE,720292,Ferro-alloys; ferro-vanadium,6,TRUE,C00,TOTAL CPC,0,0,TOTAL MOT,8,kg,5940,FALSE,8,kg,5940,FALSE,5940,FALSE,0,FALSE,112093.185,,112093.185,0,FALSE,TRUE
C,A,20170101,2017,52,2017,276,DEU,Germany,M,Import,703,SVK,Slovakia,0,W00,World,H5,HS,TRUE,720292,Ferro-alloys; ferro-vanadium,6,TRUE,C00,TOTAL CPC,0,0,TOTAL MOT,8,kg,1269,FALSE,8,kg,1269,FALSE,1269,FALSE,0,FALSE,19354.568,,19354.568,0,FALSE,TRUE
C,A,20170101,2017,52,2017,276,DEU,Germany,M,Import,705,SVN,Slovenia,0,W00,World,H5,HS,TRUE,720292,Ferro-alloys; ferro-vanadium,6,TRUE,C00,TOTAL CPC,0,0,TOTAL MOT,8,kg,332,FALSE,8,kg,332,FALSE,332,FALSE,0,FALSE,5648.141,,5648.141,0,FALSE,TRUE
C,A,20170101,2017,52,2017,276,DEU,Germany,M,Import,710,ZAF,South Africa,0,W00,World,H5,HS,TRUE,720292,Ferro-alloys; ferro-vanadium,6,TRUE,C00,TOTAL CPC,0,0,TOTAL MOT,8,kg,487677,FALSE,8,kg,487677,FALSE,487677,FALSE,0,FALSE,11590271.59,,11590271.59,0,FALSE,TRUE
C,A,20170101,2017,52,2017,276,DEU,Germany,M,Import,752,SWE,Sweden,0,W00,World,H5,HS,TRUE,720292,Ferro-alloys; ferro-vanadium,6,TRUE,C00,TOTAL CPC,0,0,TOTAL MOT,8,kg,1000,FALSE,8,kg,1000,FALSE,1000,FALSE,0,FALSE,26573.708,,26573.708,0,FALSE,TRUE
C,A,20170101,2017,52,2017,276,DEU,Germany,M,Import,757,CHE,Switzerland,0,W00,World,H5,HS,TRUE,720292,Ferro-alloys; ferro-vanadium,6,TRUE,C00,TOTAL CPC,0,0,TOTAL MOT,8,kg,188,FALSE,8,kg,188,FALSE,188,FALSE,0,FALSE,1520.176,,1520.176,0,FALSE,TRUE
C,A,20170101,2017,52,2017,276,DEU,Germany,M,Import,792,TUR,Türkiye,0,W00,World,H5,HS,TRUE,720292,Ferro-alloys; ferro-vanadium,6,TRUE,C00,TOTAL CPC,0,0,TOTAL MOT,8,kg,1002.509,TRUE,-1,N/A,0,FALSE,1002.509,TRUE,0,FALSE,27331.537,,27331.537,6,FALSE,TRUE
C,A,20170101,2017,52,2017,276,DEU,Germany,M,Import,826,GBR,United Kingdom,0,W00,World,H5,HS,TRUE,720292,Ferro-alloys; ferro-vanadium,6,TRUE,C00,TOTAL CPC,0,0,TOTAL MOT,8,kg,72081,FALSE,8,kg,72081,FALSE,72081,FALSE,0,FALSE,1295618.776,,1295618.776,0,FALSE,TRUE
C,A,20170101,2017,52,2017,276,DEU,Germany,M,Import,0,W00,World,0,W00,World,H5,HS,TRUE,720293,Ferro-alloys; ferro-niobium,6,TRUE,C00,TOTAL CPC,0,0,TOTAL MOT,8,kg,7356086,FALSE,8,kg,7356086,FALSE,7356086,FALSE,0,FALSE,153120562.7,,153120562.7,0,FALSE,TRUE
C,A,20170101,2017,52,2017,276,DEU,Germany,M,Import,40,AUT,Austria,0,W00,World,H5,HS,TRUE,720293,Ferro-alloys; ferro-niobium,6,TRUE,C00,TOTAL CPC,0,0,TOTAL MOT,8,kg,762,FALSE,8,kg,762,FALSE,762,FALSE,0,FALSE,16432.804,,16432.804,0,FALSE,TRUE
C,A,20170101,2017,52,2017,276,DEU,Germany,M,Import,56,BEL,Belgium,0,W00,World,H5,HS,TRUE,720293,Ferro-alloys; ferro-niobium,6,TRUE,C00,TOTAL CPC,0,0,TOTAL MOT,8,kg,27763,FALSE,8,kg,27763,FALSE,27763,FALSE,0,FALSE,639490.21,,639490.21,0,FALSE,TRUE
C,A,20170101,2017,52,2017,276,DEU,Germany,M,Import,76,BRA,Brazil,0,W00,World,H5,HS,TRUE,720293,Ferro-alloys; ferro-niobium,6,TRUE,C00,TOTAL CPC,0,0,TOTAL MOT,8,kg,4186991,FALSE,8,kg,4186991,FALSE,4186991,FALSE,0,FALSE,85529066.61,,85529066.61,0,FALSE,TRUE
C,A,20170101,2017,52,2017,276,DEU,Germany,M,Import,124,CAN,Canada,0,W00,World,H5,HS,TRUE,720293,Ferro-alloys; ferro-niobium,6,TRUE,C00,TOTAL CPC,0,0,TOTAL MOT,8,kg,1149647,FALSE,8,kg,1149647,FALSE,1149647,FALSE,0,FALSE,23894580.72,,23894580.72,0,FALSE,TRUE
C,A,20170101,2017,52,2017,276,DEU,Germany,M,Import,203,CZE,Czechia,0,W00,World,H5,HS,TRUE,720293,Ferro-alloys; ferro-niobium,6,TRUE,C00,TOTAL CPC,0,0,TOTAL MOT,8,kg,250,FALSE,8,kg,250,FALSE,250,FALSE,0,FALSE,5848.045,,5848.045,0,FALSE,TRUE
C,A,20170101,2017,52,2017,276,DEU,Germany,M,Import,246,FIN,Finland,0,W00,World,H5,HS,TRUE,720293,Ferro-alloys; ferro-niobium,6,TRUE,C00,TOTAL CPC,0,0,TOTAL MOT,8,kg,538,FALSE,8,kg,538,FALSE,538,FALSE,0,FALSE,11261.271,,11261.271,0,FALSE,TRUE
C,A,20170101,2017,52,2017,276,DEU,Germany,M,Import,251,FRA,France,0,W00,World,H5,HS,TRUE,720293,Ferro-alloys; ferro-niobium,6,TRUE,C00,TOTAL CPC,0,0,TOTAL MOT,8,kg,13817,FALSE,8,kg,13817,FALSE,13817,FALSE,0,FALSE,337381.852,,337381.852,0,FALSE,TRUE
C,A,20170101,2017,52,2017,276,DEU,Germany,M,Import,442,LUX,Luxembourg,0,W00,World,H5,HS,TRUE,720293,Ferro-alloys; ferro-niobium,6,TRUE,C00,TOTAL CPC,0,0,TOTAL MOT,8,kg,3000,FALSE,8,kg,3000,FALSE,3000,FALSE,0,FALSE,72884.853,,72884.853,0,FALSE,TRUE
C,A,20170101,2017,52,2017,276,DEU,Germany,M,Import,528,NLD,Netherlands,0,W00,World,H5,HS,TRUE,720293,Ferro-alloys; ferro-niobium,6,TRUE,C00,TOTAL CPC,0,0,TOTAL MOT,8,kg,1877830,FALSE,8,kg,1877830,FALSE,1877830,FALSE,0,FALSE,40828541.69,,40828541.69,0,FALSE,TRUE
C,A,20170101,2017,52,2017,276,DEU,Germany,M,Import,642,ROU,Romania,0,W00,World,H5,HS,TRUE,720293,Ferro-alloys; ferro-niobium,6,TRUE,C00,TOTAL CPC,0,0,TOTAL MOT,8,kg,2705,FALSE,8,kg,2705,FALSE,2705,FALSE,0,FALSE,53271.651,,53271.651,0,FALSE,TRUE
C,A,20170101,2017,52,2017,276,DEU,Germany,M,Import,643,RUS,Russian Federation,0,W00,World,H5,HS,TRUE,720293,Ferro-alloys; ferro-niobium,6,TRUE,C00,TOTAL CPC,0,0,TOTAL MOT,8,kg,6000,FALSE,8,kg,6000,FALSE,6000,FALSE,0,FALSE,231527.486,,231527.486,0,FALSE,TRUE
C,A,20170101,2017,52,2017,276,DEU,Germany,M,Import,705,SVN,Slovenia,0,W00,World,H5,HS,TRUE,720293,Ferro-alloys; ferro-niobium,6,TRUE,C00,TOTAL CPC,0,0,TOTAL MOT,8,kg,1802,FALSE,8,kg,1802,FALSE,1802,FALSE,0,FALSE,30289.442,,30289.442,0,FALSE,TRUE
C,A,20170101,2017,52,2017,276,DEU,Germany,M,Import,710,ZAF,South Africa,0,W00,World,H5,HS,TRUE,720293,Ferro-alloys; ferro-niobium,6,TRUE,C00,TOTAL CPC,0,0,TOTAL MOT,8,kg,4363,FALSE,8,kg,4363,FALSE,4363,FALSE,0,FALSE,72087.494,,72087.494,0,FALSE,TRUE
C,A,20170101,2017,52,2017,276,DEU,Germany,M,Import,724,ESP,Spain,0,W00,World,H5,HS,TRUE,720293,Ferro-alloys; ferro-niobium,6,TRUE,C00,TOTAL CPC,0,0,TOTAL MOT,8,kg,70,FALSE,8,kg,70,FALSE,70,FALSE,0,FALSE,830.111,,830.111,0,FALSE,TRUE
C,A,20170101,2017,52,2017,276,DEU,Germany,M,Import,752,SWE,Sweden,0,W00,World,H5,HS,TRUE,720293,Ferro-alloys; ferro-niobium,6,TRUE,C00,TOTAL CPC,0,0,TOTAL MOT,8,kg,10000,FALSE,8,kg,10000,FALSE,10000,FALSE,0,FALSE,197088.619,,197088.619,0,FALSE,TRUE
C,A,20170101,2017,52,2017,276,DEU,Germany,M,Import,780,TTO,Trinidad and Tobago,0,W00,World,H5,HS,TRUE,720293,Ferro-alloys; ferro-niobium,6,TRUE,C00,TOTAL CPC,0,0,TOTAL MOT,8,kg,870,FALSE,8,kg,870,FALSE,870,FALSE,0,FALSE,5346.591,,5346.591,0,FALSE,TRUE
C,A,20170101,2017,52,2017,276,DEU,Germany,M,Import,826,GBR,United Kingdom,0,W00,World,H5,HS,TRUE,720293,Ferro-alloys; ferro-niobium,6,TRUE,C00,TOTAL CPC,0,0,TOTAL MOT,8,kg,69678,FALSE,8,kg,69678,FALSE,69678,FALSE,0,FALSE,1194633.263,,1194633.263,0,FALSE,TRUE
C,A,20170101,2017,52,2017,276,DEU,Germany,M,Import,0,W00,World,0,W00,World,H5,HS,TRUE,760110,"Aluminium; unwrought, (not alloyed)",6,TRUE,C00,TOTAL CPC,0,0,TOTAL MOT,8,kg,733618056.7,TRUE,-1,N/A,0,FALSE,733618056.7,TRUE,0,FALSE,1526969882,,1526969882,6,FALSE,TRUE
C,A,20170101,2017,52,2017,276,DEU,Germany,M,Import,31,AZE,Azerbaijan,0,W00,World,H5,HS,TRUE,760110,"Aluminium; unwrought, (not alloyed)",6,TRUE,C00,TOTAL CPC,0,0,TOTAL MOT,8,kg,6113,FALSE,8,kg,6113,FALSE,6113,FALSE,0,FALSE,12233.686,,12233.686,0,FALSE,TRUE
C,A,20170101,2017,52,2017,276,DEU,Germany,M,Import,40,AUT,Austria,0,W00,World,H5,HS,TRUE,760110,"Aluminium; unwrought, (not alloyed)",6,TRUE,C00,TOTAL CPC,0,0,TOTAL MOT,8,kg,1312852,FALSE,8,kg,1312852,FALSE,1312852,FALSE,0,FALSE,2657972.808,,2657972.808,0,FALSE,TRUE
C,A,20170101,2017,52,2017,276,DEU,Germany,M,Import,44,BHS,Bahamas,0,W00,World,H5,HS,TRUE,760110,"Aluminium; unwrought, (not alloyed)",6,TRUE,C00,TOTAL CPC,0,0,TOTAL MOT,8,kg,25000,FALSE,8,kg,25000,FALSE,25000,FALSE,0,FALSE,52047.379,,52047.379,0,FALSE,TRUE
C,A,20170101,2017,52,2017,276,DEU,Germany,M,Import,56,BEL,Belgium,0,W00,World,H5,HS,TRUE,760110,"Aluminium; unwrought, (not alloyed)",6,TRUE,C00,TOTAL CPC,0,0,TOTAL MOT,8,kg,1648960,FALSE,8,kg,1648960,FALSE,1648960,FALSE,0,FALSE,3470293.204,,3470293.204,0,FALSE,TRUE
C,A,20170101,2017,52,2017,276,DEU,Germany,M,Import,76,BRA,Brazil,0,W00,World,H5,HS,TRUE,760110,"Aluminium; unwrought, (not alloyed)",6,TRUE,C00,TOTAL CPC,0,0,TOTAL MOT,8,kg,6501625,FALSE,8,kg,6501625,FALSE,6501625,FALSE,0,FALSE,12589296.88,,12589296.88,0,FALSE,TRUE
C,A,20170101,2017,52,2017,276,DEU,Germany,M,Import,120,CMR,Cameroon,0,W00,World,H5,HS,TRUE,760110,"Aluminium; unwrought, (not alloyed)",6,TRUE,C00,TOTAL CPC,0,0,TOTAL MOT,8,kg,686475,FALSE,8,kg,686475,FALSE,686475,FALSE,0,FALSE,1417096.165,,1417096.165,0,FALSE,TRUE
C,A,20170101,2017,52,2017,276,DEU,Germany,M,Import,124,CAN,Canada,0,W00,World,H5,HS,TRUE,760110,"Aluminium; unwrought, (not alloyed)",6,TRUE,C00,TOTAL CPC,0,0,TOTAL MOT,8,kg,10683704,FALSE,8,kg,10683704,FALSE,10683704,FALSE,0,FALSE,22031534.38,,22031534.38,0,FALSE,TRUE
C,A,20170101,2017,52,2017,276,DEU,Germany,M,Import,156,CHN,China,0,W00,World,H5,HS,TRUE,760110,"Aluminium; unwrought, (not alloyed)",6,TRUE,C00,TOTAL CPC,0,0,TOTAL MOT,8,kg,29460.252,TRUE,-1,N/A,0,FALSE,29460.252,TRUE,0,FALSE,141867.62,,141867.62,6,FALSE,TRUE
C,A,20170101,2017,52,2017,276,DEU,Germany,M,Import,203,CZE,Czechia,0,W00,World,H5,HS,TRUE,760110,"Aluminium; unwrought, (not alloyed)",6,TRUE,C00,TOTAL CPC,0,0,TOTAL MOT,8,kg,23694,FALSE,8,kg,23694,FALSE,23694,FALSE,0,FALSE,42799.832,,42799.832,0,FALSE,TRUE
C,A,20170101,2017,52,2017,276,DEU,Germany,M,Import,208,DNK,Denmark,0,W00,World,H5,HS,TRUE,760110,"Aluminium; unwrought, (not alloyed)",6,TRUE,C00,TOTAL CPC,0,0,TOTAL MOT,8,kg,35070,FALSE,8,kg,35070,FALSE,35070,FALSE,0,FALSE,44207.068,,44207.068,0,FALSE,TRUE
C,A,20170101,2017,52,2017,276,DEU,Germany,M,Import,251,FRA,France,0,W00,World,H5,HS,TRUE,760110,"Aluminium; unwrought, (not alloyed)",6,TRUE,C00,TOTAL CPC,0,0,TOTAL MOT,8,kg,57826331,FALSE,8,kg,57826331,FALSE,57826331,FALSE,0,FALSE,125529643.4,,125529643.4,0,FALSE,TRUE
C,A,20170101,2017,52,2017,276,DEU,Germany,M,Import,288,GHA,Ghana,0,W00,World,H5,HS,TRUE,760110,"Aluminium; unwrought, (not alloyed)",6,TRUE,C00,TOTAL CPC,0,0,TOTAL MOT,8,kg,150440,FALSE,8,kg,150440,FALSE,150440,FALSE,0,FALSE,324855.651,,324855.651,0,FALSE,TRUE
C,A,20170101,2017,52,2017,276,DEU,Germany,M,Import,348,HUN,Hungary,0,W00,World,H5,HS,TRUE,760110,"Aluminium; unwrought, (not alloyed)",6,TRUE,C00,TOTAL CPC,0,0,TOTAL MOT,8,kg,153231,FALSE,8,kg,153231,FALSE,153231,FALSE,0,FALSE,298674.974,,298674.974,0,FALSE,TRUE
C,A,20170101,2017,52,2017,276,DEU,Germany,M,Import,352,ISL,Iceland,0,W00,World,H5,HS,TRUE,760110,"Aluminium; unwrought, (not alloyed)",6,TRUE,C00,TOTAL CPC,0,0,TOTAL MOT,8,kg,59749333,FALSE,8,kg,59749333,FALSE,59749333,FALSE,0,FALSE,121032370,,121032370,0,FALSE,TRUE
C,A,20170101,2017,52,2017,276,DEU,Germany,M,Import,376,ISR,Israel,0,W00,World,H5,HS,TRUE,760110,"Aluminium; unwrought, (not alloyed)",6,TRUE,C00,TOTAL CPC,0,0,TOTAL MOT,8,kg,50076,FALSE,8,kg,50076,FALSE,50076,FALSE,0,FALSE,101377.416,,101377.416,0,FALSE,TRUE
C,A,20170101,2017,52,2017,276,DEU,Germany,M,Import,380,ITA,Italy,0,W00,World,H5,HS,TRUE,760110,"Aluminium; unwrought, (not alloyed)",6,TRUE,C00,TOTAL CPC,0,0,TOTAL MOT,8,kg,2165940,FALSE,8,kg,2165940,FALSE,2165940,FALSE,0,FALSE,4280900.296,,4280900.296,0,FALSE,TRUE
C,A,20170101,2017,52,2017,276,DEU,Germany,M,Import,392,JPN,Japan,0,W00,World,H5,HS,TRUE,760110,"Aluminium; unwrought, (not alloyed)",6,TRUE,C00,TOTAL CPC,0,0,TOTAL MOT,8,kg,819,FALSE,8,kg,819,FALSE,819,FALSE,0,FALSE,1171.19,,1171.19,0,FALSE,TRUE
C,A,20170101,2017,52,2017,276,DEU,Germany,M,Import,398,KAZ,Kazakhstan,0,W00,World,H5,HS,TRUE,760110,"Aluminium; unwrought, (not alloyed)",6,TRUE,C00,TOTAL CPC,0,0,TOTAL MOT,8,kg,734983,FALSE,8,kg,734983,FALSE,734983,FALSE,0,FALSE,1495132.222,,1495132.222,0,FALSE,TRUE
C,A,20170101,2017,52,2017,276,DEU,Germany,M,Import,490,S19,"Other Asia, nes",0,W00,World,H5,HS,TRUE,760110,"Aluminium; unwrought, (not alloyed)",6,TRUE,C00,TOTAL CPC,0,0,TOTAL MOT,8,kg,324,FALSE,8,kg,324,FALSE,324,FALSE,0,FALSE,579.383,,579.383,0,FALSE,TRUE
C,A,20170101,2017,52,2017,276,DEU,Germany,M,Import,508,MOZ,Mozambique,0,W00,World,H5,HS,TRUE,760110,"Aluminium; unwrought, (not alloyed)",6,TRUE,C00,TOTAL CPC,0,0,TOTAL MOT,8,kg,48593946,FALSE,8,kg,48593946,FALSE,48593946,FALSE,0,FALSE,98520983.01,,98520983.01,0,FALSE,TRUE
C,A,20170101,2017,52,2017,276,DEU,Germany,M,Import,528,NLD,Netherlands,0,W00,World,H5,HS,TRUE,760110,"Aluminium; unwrought, (not alloyed)",6,TRUE,C00,TOTAL CPC,0,0,TOTAL MOT,8,kg,224630000,FALSE,8,kg,224630000,FALSE,224630000,FALSE,0,FALSE,467887762.4,,467887762.4,0,FALSE,TRUE
C,A,20170101,2017,52,2017,276,DEU,Germany,M,Import,554,NZL,New Zealand,0,W00,World,H5,HS,TRUE,760110,"Aluminium; unwrought, (not alloyed)",6,TRUE,C00,TOTAL CPC,0,0,TOTAL MOT,8,kg,295585,FALSE,8,kg,295585,FALSE,295585,FALSE,0,FALSE,749273.767,,749273.767,0,FALSE,TRUE
C,A,20170101,2017,52,2017,276,DEU,Germany,M,Import,579,NOR,Norway,0,W00,World,H5,HS,TRUE,760110,"Aluminium; unwrought, (not alloyed)",6,TRUE,C00,TOTAL CPC,0,0,TOTAL MOT,8,kg,18901376.54,TRUE,-1,N/A,0,FALSE,18901376.54,TRUE,0,FALSE,47295949.17,,47295949.17,6,FALSE,TRUE
C,A,20170101,2017,52,2017,276,DEU,Germany,M,Import,616,POL,Poland,0,W00,World,H5,HS,TRUE,760110,"Aluminium; unwrought, (not alloyed)",6,TRUE,C00,TOTAL CPC,0,0,TOTAL MOT,8,kg,1954951,FALSE,8,kg,1954951,FALSE,1954951,FALSE,0,FALSE,4401439.152,,4401439.152,0,FALSE,TRUE
C,A,20170101,2017,52,2017,276,DEU,Germany,M,Import,643,RUS,Russian Federation,0,W00,World,H5,HS,TRUE,760110,"Aluminium; unwrought, (not alloyed)",6,TRUE,C00,TOTAL CPC,0,0,TOTAL MOT,8,kg,222663056,FALSE,8,kg,222663056,FALSE,222663056,FALSE,0,FALSE,453067890.2,,453067890.2,0,FALSE,TRUE
C,A,20170101,2017,52,2017,276,DEU,Germany,M,Import,682,SAU,Saudi Arabia,0,W00,World,H5,HS,TRUE,760110,"Aluminium; unwrought, (not alloyed)",6,TRUE,C00,TOTAL CPC,0,0,TOTAL MOT,8,kg,523096,FALSE,8,kg,523096,FALSE,523096,FALSE,0,FALSE,975774.283,,975774.283,0,FALSE,TRUE
C,A,20170101,2017,52,2017,276,DEU,Germany,M,Import,699,IND,India,0,W00,World,H5,HS,TRUE,760110,"Aluminium; unwrought, (not alloyed)",6,TRUE,C00,TOTAL CPC,0,0,TOTAL MOT,8,kg,4642630,FALSE,8,kg,4642630,FALSE,4642630,FALSE,0,FALSE,9277720.849,,9277720.849,0,FALSE,TRUE
C,A,20170101,2017,52,2017,276,DEU,Germany,M,Import,705,SVN,Slovenia,0,W00,World,H5,HS,TRUE,760110,"Aluminium; unwrought, (not alloyed)",6,TRUE,C00,TOTAL CPC,0,0,TOTAL MOT,8,kg,9330,FALSE,8,kg,9330,FALSE,9330,FALSE,0,FALSE,22584.659,,22584.659,0,FALSE,TRUE
C,A,20170101,2017,52,2017,276,DEU,Germany,M,Import,710,ZAF,South Africa,0,W00,World,H5,HS,TRUE,760110,"Aluminium; unwrought, (not alloyed)",6,TRUE,C00,TOTAL CPC,0,0,TOTAL MOT,8,kg,25449420,FALSE,8,kg,25449420,FALSE,25449420,FALSE,0,FALSE,52923929.46,,52923929.46,0,FALSE,TRUE
C,A,20170101,2017,52,2017,276,DEU,Germany,M,Import,724,ESP,Spain,0,W00,World,H5,HS,TRUE,760110,"Aluminium; unwrought, (not alloyed)",6,TRUE,C00,TOTAL CPC,0,0,TOTAL MOT,8,kg,641428,FALSE,8,kg,641428,FALSE,641428,FALSE,0,FALSE,980208.317,,980208.317,0,FALSE,TRUE
C,A,20170101,2017,52,2017,276,DEU,Germany,M,Import,752,SWE,Sweden,0,W00,World,H5,HS,TRUE,760110,"Aluminium; unwrought, (not alloyed)",6,TRUE,C00,TOTAL CPC,0,0,TOTAL MOT,8,kg,790479,FALSE,8,kg,790479,FALSE,790479,FALSE,0,FALSE,1499360.704,,1499360.704,0,FALSE,TRUE
C,A,20170101,2017,52,2017,276,DEU,Germany,M,Import,757,CHE,Switzerland,0,W00,World,H5,HS,TRUE,760110,"Aluminium; unwrought, (not alloyed)",6,TRUE,C00,TOTAL CPC,0,0,TOTAL MOT,8,kg,256923,FALSE,8,kg,256923,FALSE,256923,FALSE,0,FALSE,1433702.898,,1433702.898,0,FALSE,TRUE
C,A,20170101,2017,52,2017,276,DEU,Germany,M,Import,764,THA,Thailand,0,W00,World,H5,HS,TRUE,760110,"Aluminium; unwrought, (not alloyed)",6,TRUE,C00,TOTAL CPC,0,0,TOTAL MOT,8,kg,1229,FALSE,8,kg,1229,FALSE,1229,FALSE,0,FALSE,2305.11,,2305.11,0,FALSE,TRUE
C,A,20170101,2017,52,2017,276,DEU,Germany,M,Import,784,ARE,United Arab Emirates,0,W00,World,H5,HS,TRUE,760110,"Aluminium; unwrought, (not alloyed)",6,TRUE,C00,TOTAL CPC,0,0,TOTAL MOT,8,kg,34188039.02,TRUE,-1,N/A,0,FALSE,34188039.02,TRUE,0,FALSE,73851513.68,,73851513.68,6,FALSE,TRUE
C,A,20170101,2017,52,2017,276,DEU,Germany,M,Import,826,GBR,United Kingdom,0,W00,World,H5,HS,TRUE,760110,"Aluminium; unwrought, (not alloyed)",6,TRUE,C00,TOTAL CPC,0,0,TOTAL MOT,8,kg,8238761,FALSE,8,kg,8238761,FALSE,8238761,FALSE,0,FALSE,18447915.82,,18447915.82,0,FALSE,TRUE
C,A,20170101,2017,52,2017,276,DEU,Germany,M,Import,842,USA,USA,0,W00,World,H5,HS,TRUE,760110,"Aluminium; unwrought, (not alloyed)",6,TRUE,C00,TOTAL CPC,0,0,TOTAL MOT,8,kg,53376.837,TRUE,-1,N/A,0,FALSE,53376.837,TRUE,0,FALSE,107514.588,,107514.588,6,FALSE,TRUE
C,A,20170101,2017,52,2017,276,DEU,Germany,M,Import,0,W00,World,0,W00,World,H5,HS,TRUE,790111,"Zinc; unwrought, (not alloyed), containing by weight 99.99% or more of zinc",6,TRUE,C00,TOTAL CPC,0,0,TOTAL MOT,8,kg,292883161,FALSE,8,kg,292883161,FALSE,292883161,FALSE,0,FALSE,892391553.2,,892391553.2,0,FALSE,TRUE
C,A,20170101,2017,52,2017,276,DEU,Germany,M,Import,40,AUT,Austria,0,W00,World,H5,HS,TRUE,790111,"Zinc; unwrought, (not alloyed), containing by weight 99.99% or more of zinc",6,TRUE,C00,TOTAL CPC,0,0,TOTAL MOT,8,kg,6489776,FALSE,8,kg,6489776,FALSE,6489776,FALSE,0,FALSE,19665065.97,,19665065.97,0,FALSE,TRUE
C,A,20170101,2017,52,2017,276,DEU,Germany,M,Import,56,BEL,Belgium,0,W00,World,H5,HS,TRUE,790111,"Zinc; unwrought, (not alloyed), containing by weight 99.99% or more of zinc",6,TRUE,C00,TOTAL CPC,0,0,TOTAL MOT,8,kg,58924565,FALSE,8,kg,58924565,FALSE,58924565,FALSE,0,FALSE,178975274.3,,178975274.3,0,FALSE,TRUE
C,A,20170101,2017,52,2017,276,DEU,Germany,M,Import,156,CHN,China,0,W00,World,H5,HS,TRUE,790111,"Zinc; unwrought, (not alloyed), containing by weight 99.99% or more of zinc",6,TRUE,C00,TOTAL CPC,0,0,TOTAL MOT,8,kg,4752,FALSE,8,kg,4752,FALSE,4752,FALSE,0,FALSE,15836.48,,15836.48,0,FALSE,TRUE
C,A,20170101,2017,52,2017,276,DEU,Germany,M,Import,203,CZE,Czechia,0,W00,World,H5,HS,TRUE,790111,"Zinc; unwrought, (not alloyed), containing by weight 99.99% or more of zinc",6,TRUE,C00,TOTAL CPC,0,0,TOTAL MOT,8,kg,146515,FALSE,8,kg,146515,FALSE,146515,FALSE,0,FALSE,386725.442,,386725.442,0,FALSE,TRUE
C,A,20170101,2017,52,2017,276,DEU,Germany,M,Import,246,FIN,Finland,0,W00,World,H5,HS,TRUE,790111,"Zinc; unwrought, (not alloyed), containing by weight 99.99% or more of zinc",6,TRUE,C00,TOTAL CPC,0,0,TOTAL MOT,8,kg,85883752,FALSE,8,kg,85883752,FALSE,85883752,FALSE,0,FALSE,263999223.6,,263999223.6,0,FALSE,TRUE
C,A,20170101,2017,52,2017,276,DEU,Germany,M,Import,251,FRA,France,0,W00,World,H5,HS,TRUE,790111,"Zinc; unwrought, (not alloyed), containing by weight 99.99% or more of zinc",6,TRUE,C00,TOTAL CPC,0,0,TOTAL MOT,8,kg,324705,FALSE,8,kg,324705,FALSE,324705,FALSE,0,FALSE,1048382.432,,1048382.432,0,FALSE,TRUE
C,A,20170101,2017,52,2017,276,DEU,Germany,M,Import,380,ITA,Italy,0,W00,World,H5,HS,TRUE,790111,"Zinc; unwrought, (not alloyed), containing by weight 99.99% or more of zinc",6,TRUE,C00,TOTAL CPC,0,0,TOTAL MOT,8,kg,148242,FALSE,8,kg,148242,FALSE,148242,FALSE,0,FALSE,461595.784,,461595.784,0,FALSE,TRUE
C,A,20170101,2017,52,2017,276,DEU,Germany,M,Import,392,JPN,Japan,0,W00,World,H5,HS,TRUE,790111,"Zinc; unwrought, (not alloyed), containing by weight 99.99% or more of zinc",6,TRUE,C00,TOTAL CPC,0,0,TOTAL MOT,8,kg,1038,FALSE,8,kg,1038,FALSE,1038,FALSE,0,FALSE,2499.367,,2499.367,0,FALSE,TRUE
C,A,20170101,2017,52,2017,276,DEU,Germany,M,Import,398,KAZ,Kazakhstan,0,W00,World,H5,HS,TRUE,790111,"Zinc; unwrought, (not alloyed), containing by weight 99.99% or more of zinc",6,TRUE,C00,TOTAL CPC,0,0,TOTAL MOT,8,kg,4132420,FALSE,8,kg,4132420,FALSE,4132420,FALSE,0,FALSE,12067552.51,,12067552.51,0,FALSE,TRUE
C,A,20170101,2017,52,2017,276,DEU,Germany,M,Import,442,LUX,Luxembourg,0,W00,World,H5,HS,TRUE,790111,"Zinc; unwrought, (not alloyed), containing by weight 99.99% or more of zinc",6,TRUE,C00,TOTAL CPC,0,0,TOTAL MOT,8,kg,2276380,FALSE,8,kg,2276380,FALSE,2276380,FALSE,0,FALSE,7230043.2,,7230043.2,0,FALSE,TRUE
C,A,20170101,2017,52,2017,276,DEU,Germany,M,Import,484,MEX,Mexico,0,W00,World,H5,HS,TRUE,790111,"Zinc; unwrought, (not alloyed), containing by weight 99.99% or more of zinc",6,TRUE,C00,TOTAL CPC,0,0,TOTAL MOT,8,kg,8938620,FALSE,8,kg,8938620,FALSE,8938620,FALSE,0,FALSE,27116263.1,,27116263.1,0,FALSE,TRUE
C,A,20170101,2017,52,2017,276,DEU,Germany,M,Import,516,NAM,Namibia,0,W00,World,H5,HS,TRUE,790111,"Zinc; unwrought, (not alloyed), containing by weight 99.99% or more of zinc",6,TRUE,C00,TOTAL CPC,0,0,TOTAL MOT,8,kg,5060982,FALSE,8,kg,5060982,FALSE,5060982,FALSE,0,FALSE,15955990,,15955990,0,FALSE,TRUE
C,A,20170101,2017,52,2017,276,DEU,Germany,M,Import,528,NLD,Netherlands,0,W00,World,H5,HS,TRUE,790111,"Zinc; unwrought, (not alloyed), containing by weight 99.99% or more of zinc",6,TRUE,C00,TOTAL CPC,0,0,TOTAL MOT,8,kg,37643893,FALSE,8,kg,37643893,FALSE,37643893,FALSE,0,FALSE,114539823.1,,114539823.1,0,FALSE,TRUE
C,A,20170101,2017,52,2017,276,DEU,Germany,M,Import,579,NOR,Norway,0,W00,World,H5,HS,TRUE,790111,"Zinc; unwrought, (not alloyed), containing by weight 99.99% or more of zinc",6,TRUE,C00,TOTAL CPC,0,0,TOTAL MOT,8,kg,16659800,FALSE,8,kg,16659800,FALSE,16659800,FALSE,0,FALSE,49885490.36,,49885490.36,0,FALSE,TRUE
C,A,20170101,2017,52,2017,276,DEU,Germany,M,Import,604,PER,Peru,0,W00,World,H5,HS,TRUE,790111,"Zinc; unwrought, (not alloyed), containing by weight 99.99% or more of zinc",6,TRUE,C00,TOTAL CPC,0,0,TOTAL MOT,8,kg,4505425,FALSE,8,kg,4505425,FALSE,4505425,FALSE,0,FALSE,14174598.33,,14174598.33,0,FALSE,TRUE
C,A,20170101,2017,52,2017,276,DEU,Germany,M,Import,616,POL,Poland,0,W00,World,H5,HS,TRUE,790111,"Zinc; unwrought, (not alloyed), containing by weight 99.99% or more of zinc",6,TRUE,C00,TOTAL CPC,0,0,TOTAL MOT,8,kg,2094659,FALSE,8,kg,2094659,FALSE,2094659,FALSE,0,FALSE,6523832.415,,6523832.415,0,FALSE,TRUE
C,A,20170101,2017,52,2017,276,DEU,Germany,M,Import,643,RUS,Russian Federation,0,W00,World,H5,HS,TRUE,790111,"Zinc; unwrought, (not alloyed), containing by weight 99.99% or more of zinc",6,TRUE,C00,TOTAL CPC,0,0,TOTAL MOT,8,kg,703,FALSE,8,kg,703,FALSE,703,FALSE,0,FALSE,4798.831,,4798.831,0,FALSE,TRUE
C,A,20170101,2017,52,2017,276,DEU,Germany,M,Import,705,SVN,Slovenia,0,W00,World,H5,HS,TRUE,790111,"Zinc; unwrought, (not alloyed), containing by weight 99.99% or more of zinc",6,TRUE,C00,TOTAL CPC,0,0,TOTAL MOT,8,kg,264000,FALSE,8,kg,264000,FALSE,264000,FALSE,0,FALSE,891721.9,,891721.9,0,FALSE,TRUE
C,A,20170101,2017,52,2017,276,DEU,Germany,M,Import,724,ESP,Spain,0,W00,World,H5,HS,TRUE,790111,"Zinc; unwrought, (not alloyed), containing by weight 99.99% or more of zinc",6,TRUE,C00,TOTAL CPC,0,0,TOTAL MOT,8,kg,48300442,FALSE,8,kg,48300442,FALSE,48300442,FALSE,0,FALSE,144805824.5,,144805824.5,0,FALSE,TRUE
C,A,20170101,2017,52,2017,276,DEU,Germany,M,Import,752,SWE,Sweden,0,W00,World,H5,HS,TRUE,790111,"Zinc; unwrought, (not alloyed), containing by weight 99.99% or more of zinc",6,TRUE,C00,TOTAL CPC,0,0,TOTAL MOT,8,kg,5714610,FALSE,8,kg,5714610,FALSE,5714610,FALSE,0,FALSE,17698421.82,,17698421.82,0,FALSE,TRUE
C,A,20170101,2017,52,2017,276,DEU,Germany,M,Import,757,CHE,Switzerland,0,W00,World,H5,HS,TRUE,790111,"Zinc; unwrought, (not alloyed), containing by weight 99.99% or more of zinc",6,TRUE,C00,TOTAL CPC,0,0,TOTAL MOT,8,kg,10841,FALSE,8,kg,10841,FALSE,10841,FALSE,0,FALSE,44097.516,,44097.516,0,FALSE,TRUE
C,A,20170101,2017,52,2017,276,DEU,Germany,M,Import,826,GBR,United Kingdom,0,W00,World,H5,HS,TRUE,790111,"Zinc; unwrought, (not alloyed), containing by weight 99.99% or more of zinc",6,TRUE,C00,TOTAL CPC,0,0,TOTAL MOT,8,kg,5353543,FALSE,8,kg,5353543,FALSE,5353543,FALSE,0,FALSE,16888517.21,,16888517.21,0,FALSE,TRUE
C,A,20170101,2017,52,2017,276,DEU,Germany,M,Import,842,USA,USA,0,W00,World,H5,HS,TRUE,790111,"Zinc; unwrought, (not alloyed), containing by weight 99.99% or more of zinc",6,TRUE,C00,TOTAL CPC,0,0,TOTAL MOT,8,kg,3498,FALSE,8,kg,3498,FALSE,3498,FALSE,0,FALSE,9974.882,,9974.882,0,FALSE,TRUE
C,A,20170101,2017,52,2017,276,DEU,Germany,M,Import,0,W00,World,0,W00,World,H5,HS,TRUE,810320,"Tantalum; unwrought, including bars and rods obtained simply by sintering, powders",6,TRUE,C00,TOTAL CPC,0,0,TOTAL MOT,8,kg,46970.505,TRUE,-1,N/A,0,FALSE,46970.505,TRUE,0,FALSE,8345483.897,,8345483.897,6,FALSE,TRUE
C,A,20170101,2017,52,2017,276,DEU,Germany,M,Import,40,AUT,Austria,0,W00,World,H5,HS,TRUE,810320,"Tantalum; unwrought, including bars and rods obtained simply by sintering, powders",6,TRUE,C00,TOTAL CPC,0,0,TOTAL MOT,8,kg,150,FALSE,8,kg,150,FALSE,150,FALSE,0,FALSE,43550.885,,43550.885,0,FALSE,TRUE
C,A,20170101,2017,52,2017,276,DEU,Germany,M,Import,156,CHN,China,0,W00,World,H5,HS,TRUE,810320,"Tantalum; unwrought, including bars and rods obtained simply by sintering, powders",6,TRUE,C00,TOTAL CPC,0,0,TOTAL MOT,8,kg,2694,FALSE,8,kg,2694,FALSE,2694,FALSE,0,FALSE,718202.779,,718202.779,0,FALSE,TRUE
C,A,20170101,2017,52,2017,276,DEU,Germany,M,Import,203,CZE,Czechia,0,W00,World,H5,HS,TRUE,810320,"Tantalum; unwrought, including bars and rods obtained simply by sintering, powders",6,TRUE,C00,TOTAL CPC,0,0,TOTAL MOT,8,kg,470,FALSE,8,kg,470,FALSE,470,FALSE,0,FALSE,47773.72,,47773.72,0,FALSE,TRUE
C,A,20170101,2017,52,2017,276,DEU,Germany,M,Import,233,EST,Estonia,0,W00,World,H5,HS,TRUE,810320,"Tantalum; unwrought, including bars and rods obtained simply by sintering, powders",6,TRUE,C00,TOTAL CPC,0,0,TOTAL MOT,8,kg,1119.744,TRUE,-1,N/A,0,FALSE,1119.744,TRUE,0,FALSE,330520.733,,330520.733,6,FALSE,TRUE
C,A,20170101,2017,52,2017,276,DEU,Germany,M,Import,348,HUN,Hungary,0,W00,World,H5,HS,TRUE,810320,"Tantalum; unwrought, including bars and rods obtained simply by sintering, powders",6,TRUE,C00,TOTAL CPC,0,0,TOTAL MOT,8,kg,5,FALSE,8,kg,5,FALSE,5,FALSE,0,FALSE,575.995,,575.995,0,FALSE,TRUE
C,A,20170101,2017,52,2017,276,DEU,Germany,M,Import,376,ISR,Israel,0,W00,World,H5,HS,TRUE,810320,"Tantalum; unwrought, including bars and rods obtained simply by sintering, powders",6,TRUE,C00,TOTAL CPC,0,0,TOTAL MOT,8,kg,81,FALSE,8,kg,81,FALSE,81,FALSE,0,FALSE,6513.263,,6513.263,0,FALSE,TRUE
C,A,20170101,2017,52,2017,276,DEU,Germany,M,Import,392,JPN,Japan,0,W00,World,H5,HS,TRUE,810320,"Tantalum; unwrought, including bars and rods obtained simply by sintering, powders",6,TRUE,C00,TOTAL CPC,0,0,TOTAL MOT,8,kg,1787,FALSE,8,kg,1787,FALSE,1787,FALSE,0,FALSE,469491.436,,469491.436,0,FALSE,TRUE
C,A,20170101,2017,52,2017,276,DEU,Germany,M,Import,398,KAZ,Kazakhstan,0,W00,World,H5,HS,TRUE,810320,"Tantalum; unwrought, including bars and rods obtained simply by sintering, powders",6,TRUE,C00,TOTAL CPC,0,0,TOTAL MOT,8,kg,3015,FALSE,8,kg,3015,FALSE,3015,FALSE,0,FALSE,985003.759,,985003.759,0,FALSE,TRUE
C,A,20170101,2017,52,2017,276,DEU,Germany,M,Import,410,KOR,Rep. of Korea,0,W00,World,H5,HS,TRUE,810320,"Tantalum; unwrought, including bars and rods obtained simply by sintering, powders",6,TRUE,C00,TOTAL CPC,0,0,TOTAL MOT,8,kg,2524,FALSE,8,kg,2524,FALSE,2524,FALSE,0,FALSE,256515.513,,256515.513,0,FALSE,TRUE
C,A,20170101,2017,52,2017,276,DEU,Germany,M,Import,643,RUS,Russian Federation,0,W00,World,H5,HS,TRUE,810320,"Tantalum; unwrought, including bars and rods obtained simply by sintering, powders",6,TRUE,C00,TOTAL CPC,0,0,TOTAL MOT,8,kg,3.801,TRUE,-1,N/A,0,FALSE,3.801,TRUE,0,FALSE,675.383,,675.383,6,FALSE,TRUE
C,A,20170101,2017,52,2017,276,DEU,Germany,M,Import,757,CHE,Switzerland,0,W00,World,H5,HS,TRUE,810320,"Tantalum; unwrought, including bars and rods obtained simply by sintering, powders",6,TRUE,C00,TOTAL CPC,0,0,TOTAL MOT,8,kg,550,FALSE,8,kg,550,FALSE,550,FALSE,0,FALSE,92744.264,,92744.264,0,FALSE,TRUE
C,A,20170101,2017,52,2017,276,DEU,Germany,M,Import,764,THA,Thailand,0,W00,World,H5,HS,TRUE,810320,"Tantalum; unwrought, including bars and rods obtained simply by sintering, powders",6,TRUE,C00,TOTAL CPC,0,0,TOTAL MOT,8,kg,17056,FALSE,8,kg,17056,FALSE,17056,FALSE,0,FALSE,1113884.381,,1113884.381,0,FALSE,TRUE
C,A,20170101,2017,52,2017,276,DEU,Germany,M,Import,826,GBR,United Kingdom,0,W00,World,H5,HS,TRUE,810320,"Tantalum; unwrought, including bars and rods obtained simply by sintering, powders",6,TRUE,C00,TOTAL CPC,0,0,TOTAL MOT,8,kg,103,FALSE,8,kg,103,FALSE,103,FALSE,0,FALSE,30469.017,,30469.017,0,FALSE,TRUE
C,A,20170101,2017,52,2017,276,DEU,Germany,M,Import,842,USA,USA,0,W00,World,H5,HS,TRUE,810320,"Tantalum; unwrought, including bars and rods obtained simply by sintering, powders",6,TRUE,C00,TOTAL CPC,0,0,TOTAL MOT,8,kg,17411.96,TRUE,-1,N/A,0,FALSE,17411.96,TRUE,0,FALSE,4249562.769,,4249562.769,6,FALSE,TRUE
C,A,20170101,2017,52,2017,276,DEU,Germany,M,Import,0,W00,World,0,W00,World,H5,HS,TRUE,810411,"Magnesium; unwrought, containing at least 99.8% by weight of magnesium",6,TRUE,C00,TOTAL CPC,0,0,TOTAL MOT,8,kg,27773428.05,TRUE,-1,N/A,0,FALSE,27773428.05,TRUE,0,FALSE,65317179.03,,65317179.03,6,FALSE,TRUE
C,A,20170101,2017,52,2017,276,DEU,Germany,M,Import,40,AUT,Austria,0,W00,World,H5,HS,TRUE,810411,"Magnesium; unwrought, containing at least 99.8% by weight of magnesium",6,TRUE,C00,TOTAL CPC,0,0,TOTAL MOT,8,kg,1600266,FALSE,8,kg,1600266,FALSE,1600266,FALSE,0,FALSE,4706138.359,,4706138.359,0,FALSE,TRUE
C,A,20170101,2017,52,2017,276,DEU,Germany,M,Import,156,CHN,China,0,W00,World,H5,HS,TRUE,810411,"Magnesium; unwrought, containing at least 99.8% by weight of magnesium",6,TRUE,C00,TOTAL CPC,0,0,TOTAL MOT,8,kg,21057469,FALSE,8,kg,21057469,FALSE,21057469,FALSE,0,FALSE,46890453.06,,46890453.06,0,FALSE,TRUE
C,A,20170101,2017,52,2017,276,DEU,Germany,M,Import,203,CZE,Czechia,0,W00,World,H5,HS,TRUE,810411,"Magnesium; unwrought, containing at least 99.8% by weight of magnesium",6,TRUE,C00,TOTAL CPC,0,0,TOTAL MOT,8,kg,757300,FALSE,8,kg,757300,FALSE,757300,FALSE,0,FALSE,1603796.541,,1603796.541,0,FALSE,TRUE
C,A,20170101,2017,52,2017,276,DEU,Germany,M,Import,208,DNK,Denmark,0,W00,World,H5,HS,TRUE,810411,"Magnesium; unwrought, containing at least 99.8% by weight of magnesium",6,TRUE,C00,TOTAL CPC,0,0,TOTAL MOT,8,kg,1230,FALSE,8,kg,1230,FALSE,1230,FALSE,0,FALSE,1598.104,,1598.104,0,FALSE,TRUE
C,A,20170101,2017,52,2017,276,DEU,Germany,M,Import,251,FRA,France,0,W00,World,H5,HS,TRUE,810411,"Magnesium; unwrought, containing at least 99.8% by weight of magnesium",6,TRUE,C00,TOTAL CPC,0,0,TOTAL MOT,8,kg,297106,FALSE,8,kg,297106,FALSE,297106,FALSE,0,FALSE,699430.982,,699430.982,0,FALSE,TRUE
C,A,20170101,2017,52,2017,276,DEU,Germany,M,Import,344,HKG,"China, Hong Kong SAR",0,W00,World,H5,HS,TRUE,810411,"Magnesium; unwrought, containing at least 99.8% by weight of magnesium",6,TRUE,C00,TOTAL CPC,0,0,TOTAL MOT,8,kg,23708,FALSE,8,kg,23708,FALSE,23708,FALSE,0,FALSE,14460.868,,14460.868,0,FALSE,TRUE
C,A,20170101,2017,52,2017,276,DEU,Germany,M,Import,348,HUN,Hungary,0,W00,World,H5,HS,TRUE,810411,"Magnesium; unwrought, containing at least 99.8% by weight of magnesium",6,TRUE,C00,TOTAL CPC,0,0,TOTAL MOT,8,kg,5469,FALSE,8,kg,5469,FALSE,5469,FALSE,0,FALSE,18737.915,,18737.915,0,FALSE,TRUE
C,A,20170101,2017,52,2017,276,DEU,Germany,M,Import,376,ISR,Israel,0,W00,World,H5,HS,TRUE,810411,"Magnesium; unwrought, containing at least 99.8% by weight of magnesium",6,TRUE,C00,TOTAL CPC,0,0,TOTAL MOT,8,kg,71106,FALSE,8,kg,71106,FALSE,71106,FALSE,0,FALSE,484442.464,,484442.464,0,FALSE,TRUE
C,A,20170101,2017,52,2017,276,DEU,Germany,M,Import,380,ITA,Italy,0,W00,World,H5,HS,TRUE,810411,"Magnesium; unwrought, containing at least 99.8% by weight of magnesium",6,TRUE,C00,TOTAL CPC,0,0,TOTAL MOT,8,kg,970,FALSE,8,kg,970,FALSE,970,FALSE,0,FALSE,4162.977,,4162.977,0,FALSE,TRUE
C,A,20170101,2017,52,2017,276,DEU,Germany,M,Import,528,NLD,Netherlands,0,W00,World,H5,HS,TRUE,810411,"Magnesium; unwrought, containing at least 99.8% by weight of magnesium",6,TRUE,C00,TOTAL CPC,0,0,TOTAL MOT,8,kg,3258770,FALSE,8,kg,3258770,FALSE,3258770,FALSE,0,FALSE,9043900.676,,9043900.676,0,FALSE,TRUE
C,A,20170101,2017,52,2017,276,DEU,Germany,M,Import,616,POL,Poland,0,W00,World,H5,HS,TRUE,810411,"Magnesium; unwrought, containing at least 99.8% by weight of magnesium",6,TRUE,C00,TOTAL CPC,0,0,TOTAL MOT,8,kg,964,FALSE,8,kg,964,FALSE,964,FALSE,0,FALSE,3367.878,,3367.878,0,FALSE,TRUE
C,A,20170101,2017,52,2017,276,DEU,Germany,M,Import,703,SVK,Slovakia,0,W00,World,H5,HS,TRUE,810411,"Magnesium; unwrought, containing at least 99.8% by weight of magnesium",6,TRUE,C00,TOTAL CPC,0,0,TOTAL MOT,8,kg,45,FALSE,8,kg,45,FALSE,45,FALSE,0,FALSE,100.517,,100.517,0,FALSE,TRUE
C,A,20170101,2017,52,2017,276,DEU,Germany,M,Import,705,SVN,Slovenia,0,W00,World,H5,HS,TRUE,810411,"Magnesium; unwrought, containing at least 99.8% by weight of magnesium",6,TRUE,C00,TOTAL CPC,0,0,TOTAL MOT,8,kg,24536,FALSE,8,kg,24536,FALSE,24536,FALSE,0,FALSE,54554.652,,54554.652,0,FALSE,TRUE
C,A,20170101,2017,52,2017,276,DEU,Germany,M,Import,752,SWE,Sweden,0,W00,World,H5,HS,TRUE,810411,"Magnesium; unwrought, containing at least 99.8% by weight of magnesium",6,TRUE,C00,TOTAL CPC,0,0,TOTAL MOT,8,kg,95939,FALSE,8,kg,95939,FALSE,95939,FALSE,0,FALSE,232738.205,,232738.205,0,FALSE,TRUE
C,A,20170101,2017,52,2017,276,DEU,Germany,M,Import,757,CHE,Switzerland,0,W00,World,H5,HS,TRUE,810411,"Magnesium; unwrought, containing at least 99.8% by weight of magnesium",6,TRUE,C00,TOTAL CPC,0,0,TOTAL MOT,8,kg,15096,FALSE,8,kg,15096,FALSE,15096,FALSE,0,FALSE,36031.324,,36031.324,0,FALSE,TRUE
C,A,20170101,2017,52,2017,276,DEU,Germany,M,Import,826,GBR,United Kingdom,0,W00,World,H5,HS,TRUE,810411,"Magnesium; unwrought, containing at least 99.8% by weight of magnesium",6,TRUE,C00,TOTAL CPC,0,0,TOTAL MOT,8,kg,362657.046,TRUE,-1,N/A,0,FALSE,362657.046,TRUE,0,FALSE,976817.851,,976817.851,6,FALSE,TRUE
C,A,20170101,2017,52,2017,276,DEU,Germany,M,Import,842,USA,USA,0,W00,World,H5,HS,TRUE,810411,"Magnesium; unwrought, containing at least 99.8% by weight of magnesium",6,TRUE,C00,TOTAL CPC,0,0,TOTAL MOT,8,kg,200797,FALSE,8,kg,200797,FALSE,200797,FALSE,0,FALSE,546446.654,,546446.654,0,FALSE,TRUE
C,A,20170101,2017,52,2017,276,DEU,Germany,M,Import,0,W00,World,0,W00,World,H5,HS,TRUE,810520,"Cobalt; mattes and other intermediate products of cobalt metallurgy, unwrought cobalt, powders",6,TRUE,C00,TOTAL CPC,0,0,TOTAL MOT,8,kg,3078905.063,TRUE,-1,N/A,0,FALSE,3078905.063,TRUE,0,FALSE,165100123.5,,165100123.5,6,FALSE,TRUE
C,A,20170101,2017,52,2017,276,DEU,Germany,M,Import,36,AUS,Australia,0,W00,World,H5,HS,TRUE,810520,"Cobalt; mattes and other intermediate products of cobalt metallurgy, unwrought cobalt, powders",6,TRUE,C00,TOTAL CPC,0,0,TOTAL MOT,8,kg,2000,FALSE,8,kg,2000,FALSE,2000,FALSE,0,FALSE,130186.211,,130186.211,0,FALSE,TRUE
C,A,20170101,2017,52,2017,276,DEU,Germany,M,Import,40,AUT,Austria,0,W00,World,H5,HS,TRUE,810520,"Cobalt; mattes and other intermediate products of cobalt metallurgy, unwrought cobalt, powders",6,TRUE,C00,TOTAL CPC,0,0,TOTAL MOT,8,kg,2614,FALSE,8,kg,2614,FALSE,2614,FALSE,0,FALSE,58246.668,,58246.668,0,FALSE,TRUE
C,A,20170101,2017,52,2017,276,DEU,Germany,M,Import,56,BEL,Belgium,0,W00,World,H5,HS,TRUE,810520,"Cobalt; mattes and other intermediate products of cobalt metallurgy, unwrought cobalt, powders",6,TRUE,C00,TOTAL CPC,0,0,TOTAL MOT,8,kg,661822,FALSE,8,kg,661822,FALSE,661822,FALSE,0,FALSE,35381295.15,,35381295.15,0,FALSE,TRUE
C,A,20170101,2017,52,2017,276,DEU,Germany,M,Import,76,BRA,Brazil,0,W00,World,H5,HS,TRUE,810520,"Cobalt; mattes and other intermediate products of cobalt metallurgy, unwrought cobalt, powders",6,TRUE,C00,TOTAL CPC,0,0,TOTAL MOT,8,kg,6750,FALSE,8,kg,6750,FALSE,6750,FALSE,0,FALSE,324056.034,,324056.034,0,FALSE,TRUE
C,A,20170101,2017,52,2017,276,DEU,Germany,M,Import,124,CAN,Canada,0,W00,World,H5,HS,TRUE,810520,"Cobalt; mattes and other intermediate products of cobalt metallurgy, unwrought cobalt, powders",6,TRUE,C00,TOTAL CPC,0,0,TOTAL MOT,8,kg,310996,FALSE,8,kg,310996,FALSE,310996,FALSE,0,FALSE,18483277.4,,18483277.4,0,FALSE,TRUE
C,A,20170101,2017,52,2017,276,DEU,Germany,M,Import,156,CHN,China,0,W00,World,H5,HS,TRUE,810520,"Cobalt; mattes and other intermediate products of cobalt metallurgy, unwrought cobalt, powders",6,TRUE,C00,TOTAL CPC,0,0,TOTAL MOT,8,kg,154620,FALSE,8,kg,154620,FALSE,154620,FALSE,0,FALSE,8037707.069,,8037707.069,0,FALSE,TRUE
C,A,20170101,2017,52,2017,276,DEU,Germany,M,Import,180,COD,Dem. Rep. of the Congo,0,W00,World,H5,HS,TRUE,810520,"Cobalt; mattes and other intermediate products of cobalt metallurgy, unwrought cobalt, powders",6,TRUE,C00,TOTAL CPC,0,0,TOTAL MOT,8,kg,1020,FALSE,8,kg,1020,FALSE,1020,FALSE,0,FALSE,55751.819,,55751.819,0,FALSE,TRUE
C,A,20170101,2017,52,2017,276,DEU,Germany,M,Import,203,CZE,Czechia,0,W00,World,H5,HS,TRUE,810520,"Cobalt; mattes and other intermediate products of cobalt metallurgy, unwrought cobalt, powders",6,TRUE,C00,TOTAL CPC,0,0,TOTAL MOT,8,kg,224,FALSE,8,kg,224,FALSE,224,FALSE,0,FALSE,7616.69,,7616.69,0,FALSE,TRUE
C,A,20170101,2017,52,2017,276,DEU,Germany,M,Import,246,FIN,Finland,0,W00,World,H5,HS,TRUE,810520,"Cobalt; mattes and other intermediate products of cobalt metallurgy, unwrought cobalt, powders",6,TRUE,C00,TOTAL CPC,0,0,TOTAL MOT,8,kg,444537,FALSE,8,kg,444537,FALSE,444537,FALSE,0,FALSE,29260606.3,,29260606.3,0,FALSE,TRUE
C,A,20170101,2017,52,2017,276,DEU,Germany,M,Import,251,FRA,France,0,W00,World,H5,HS,TRUE,810520,"Cobalt; mattes and other intermediate products of cobalt metallurgy, unwrought cobalt, powders",6,TRUE,C00,TOTAL CPC,0,0,TOTAL MOT,8,kg,22985,FALSE,8,kg,22985,FALSE,22985,FALSE,0,FALSE,1240496.034,,1240496.034,0,FALSE,TRUE
C,A,20170101,2017,52,2017,276,DEU,Germany,M,Import,360,IDN,Indonesia,0,W00,World,H5,HS,TRUE,810520,"Cobalt; mattes and other intermediate products of cobalt metallurgy, unwrought cobalt, powders",6,TRUE,C00,TOTAL CPC,0,0,TOTAL MOT,8,kg,5,FALSE,8,kg,5,FALSE,5,FALSE,0,FALSE,701.359,,701.359,0,FALSE,TRUE
C,A,20170101,2017,52,2017,276,DEU,Germany,M,Import,372,IRL,Ireland,0,W00,World,H5,HS,TRUE,810520,"Cobalt; mattes and other intermediate products of cobalt metallurgy, unwrought cobalt, powders",6,TRUE,C00,TOTAL CPC,0,0,TOTAL MOT,8,kg,12306,FALSE,8,kg,12306,FALSE,12306,FALSE,0,FALSE,499622.762,,499622.762,0,FALSE,TRUE
C,A,20170101,2017,52,2017,276,DEU,Germany,M,Import,380,ITA,Italy,0,W00,World,H5,HS,TRUE,810520,"Cobalt; mattes and other intermediate products of cobalt metallurgy, unwrought cobalt, powders",6,TRUE,C00,TOTAL CPC,0,0,TOTAL MOT,8,kg,3838,FALSE,8,kg,3838,FALSE,3838,FALSE,0,FALSE,165666.387,,165666.387,0,FALSE,TRUE
C,A,20170101,2017,52,2017,276,DEU,Germany,M,Import,392,JPN,Japan,0,W00,World,H5,HS,TRUE,810520,"Cobalt; mattes and other intermediate products of cobalt metallurgy, unwrought cobalt, powders",6,TRUE,C00,TOTAL CPC,0,0,TOTAL MOT,8,kg,50318,FALSE,8,kg,50318,FALSE,50318,FALSE,0,FALSE,2993378.206,,2993378.206,0,FALSE,TRUE
C,A,20170101,2017,52,2017,276,DEU,Germany,M,Import,428,LVA,Latvia,0,W00,World,H5,HS,TRUE,810520,"Cobalt; mattes and other intermediate products of cobalt metallurgy, unwrought cobalt, powders",6,TRUE,C00,TOTAL CPC,0,0,TOTAL MOT,8,kg,1844,FALSE,8,kg,1844,FALSE,1844,FALSE,0,FALSE,50393.934,,50393.934,0,FALSE,TRUE
C,A,20170101,2017,52,2017,276,DEU,Germany,M,Import,442,LUX,Luxembourg,0,W00,World,H5,HS,TRUE,810520,"Cobalt; mattes and other intermediate products of cobalt metallurgy, unwrought cobalt, powders",6,TRUE,C00,TOTAL CPC,0,0,TOTAL MOT,8,kg,20000,FALSE,8,kg,20000,FALSE,20000,FALSE,0,FALSE,1161944.97,,1161944.97,0,FALSE,TRUE
C,A,20170101,2017,52,2017,276,DEU,Germany,M,Import,450,MDG,Madagascar,0,W00,World,H5,HS,TRUE,810520,"Cobalt; mattes and other intermediate products of cobalt metallurgy, unwrought cobalt, powders",6,TRUE,C00,TOTAL CPC,0,0,TOTAL MOT,8,kg,280551,FALSE,8,kg,280551,FALSE,280551,FALSE,0,FALSE,14092263.77,,14092263.77,0,FALSE,TRUE
C,A,20170101,2017,52,2017,276,DEU,Germany,M,Import,484,MEX,Mexico,0,W00,World,H5,HS,TRUE,810520,"Cobalt; mattes and other intermediate products of cobalt metallurgy, unwrought cobalt, powders",6,TRUE,C00,TOTAL CPC,0,0,TOTAL MOT,8,kg,2000,FALSE,8,kg,2000,FALSE,2000,FALSE,0,FALSE,128490.978,,128490.978,0,FALSE,TRUE
C,A,20170101,2017,52,2017,276,DEU,Germany,M,Import,490,S19,"Other Asia, nes",0,W00,World,H5,HS,TRUE,810520,"Cobalt; mattes and other intermediate products of cobalt metallurgy, unwrought cobalt, powders",6,TRUE,C00,TOTAL CPC,0,0,TOTAL MOT,8,kg,72,FALSE,8,kg,72,FALSE,72,FALSE,0,FALSE,10785.793,,10785.793,0,FALSE,TRUE
C,A,20170101,2017,52,2017,276,DEU,Germany,M,Import,504,MAR,Morocco,0,W00,World,H5,HS,TRUE,810520,"Cobalt; mattes and other intermediate products of cobalt metallurgy, unwrought cobalt, powders",6,TRUE,C00,TOTAL CPC,0,0,TOTAL MOT,8,kg,5750,FALSE,8,kg,5750,FALSE,5750,FALSE,0,FALSE,273558.195,,273558.195,0,FALSE,TRUE
C,A,20170101,2017,52,2017,276,DEU,Germany,M,Import,528,NLD,Netherlands,0,W00,World,H5,HS,TRUE,810520,"Cobalt; mattes and other intermediate products of cobalt metallurgy, unwrought cobalt, powders",6,TRUE,C00,TOTAL CPC,0,0,TOTAL MOT,8,kg,38769,FALSE,8,kg,38769,FALSE,38769,FALSE,0,FALSE,2291826.206,,2291826.206,0,FALSE,TRUE
C,A,20170101,2017,52,2017,276,DEU,Germany,M,Import,579,NOR,Norway,0,W00,World,H5,HS,TRUE,810520,"Cobalt; mattes and other intermediate products of cobalt metallurgy, unwrought cobalt, powders",6,TRUE,C00,TOTAL CPC,0,0,TOTAL MOT,8,kg,112000,FALSE,8,kg,112000,FALSE,112000,FALSE,0,FALSE,4927724.845,,4927724.845,0,FALSE,TRUE
C,A,20170101,2017,52,2017,276,DEU,Germany,M,Import,616,POL,Poland,0,W00,World,H5,HS,TRUE,810520,"Cobalt; mattes and other intermediate products of cobalt metallurgy, unwrought cobalt, powders",6,TRUE,C00,TOTAL CPC,0,0,TOTAL MOT,8,kg,1564,FALSE,8,kg,1564,FALSE,1564,FALSE,0,FALSE,55336.199,,55336.199,0,FALSE,TRUE
C,A,20170101,2017,52,2017,276,DEU,Germany,M,Import,643,RUS,Russian Federation,0,W00,World,H5,HS,TRUE,810520,"Cobalt; mattes and other intermediate products of cobalt metallurgy, unwrought cobalt, powders",6,TRUE,C00,TOTAL CPC,0,0,TOTAL MOT,8,kg,39832,FALSE,8,kg,39832,FALSE,39832,FALSE,0,FALSE,2127503.809,,2127503.809,0,FALSE,TRUE
C,A,20170101,2017,52,2017,276,DEU,Germany,M,Import,710,ZAF,South Africa,0,W00,World,H5,HS,TRUE,810520,"Cobalt; mattes and other intermediate products of cobalt metallurgy, unwrought cobalt, powders",6,TRUE,C00,TOTAL CPC,0,0,TOTAL MOT,8,kg,85400,FALSE,8,kg,85400,FALSE,85400,FALSE,0,FALSE,5325620.076,,5325620.076,0,FALSE,TRUE
C,A,20170101,2017,52,2017,276,DEU,Germany,M,Import,752,SWE,Sweden,0,W00,World,H5,HS,TRUE,810520,"Cobalt; mattes and other intermediate products of cobalt metallurgy, unwrought cobalt, powders",6,TRUE,C00,TOTAL CPC,0,0,TOTAL MOT,8,kg,8202,FALSE,8,kg,8202,FALSE,8202,FALSE,0,FALSE,395006.22,,395006.22,0,FALSE,TRUE
C,A,20170101,2017,52,2017,276,DEU,Germany,M,Import,757,CHE,Switzerland,0,W00,World,H5,HS,TRUE,810520,"Cobalt; mattes and other intermediate products of cobalt metallurgy, unwrought cobalt, powders",6,TRUE,C00,TOTAL CPC,0,0,TOTAL MOT,8,kg,3820,FALSE,8,kg,3820,FALSE,3820,FALSE,0,FALSE,206455.883,,206455.883,0,FALSE,TRUE
C,A,20170101,2017,52,2017,276,DEU,Germany,M,Import,792,TUR,Türkiye,0,W00,World,H5,HS,TRUE,810520,"Cobalt; mattes and other intermediate products of cobalt metallurgy, unwrought cobalt, powders",6,TRUE,C00,TOTAL CPC,0,0,TOTAL MOT,8,kg,246,FALSE,8,kg,246,FALSE,246,FALSE,0,FALSE,6261.407,,6261.407,0,FALSE,TRUE
C,A,20170101,2017,52,2017,276,DEU,Germany,M,Import,800,UGA,Uganda,0,W00,World,H5,HS,TRUE,810520,"Cobalt; mattes and other intermediate products of cobalt metallurgy, unwrought cobalt, powders",6,TRUE,C00,TOTAL CPC,0,0,TOTAL MOT,8,kg,250,FALSE,8,kg,250,FALSE,250,FALSE,0,FALSE,14682.231,,14682.231,0,FALSE,TRUE
C,A,20170101,2017,52,2017,276,DEU,Germany,M,Import,826,GBR,United Kingdom,0,W00,World,H5,HS,TRUE,810520,"Cobalt; mattes and other intermediate products of cobalt metallurgy, unwrought cobalt, powders",6,TRUE,C00,TOTAL CPC,0,0,TOTAL MOT,8,kg,341528,FALSE,8,kg,341528,FALSE,341528,FALSE,0,FALSE,17273211.99,,17273211.99,0,FALSE,TRUE
C,A,20170101,2017,52,2017,276,DEU,Germany,M,Import,842,USA,USA,0,W00,World,H5,HS,TRUE,810520,"Cobalt; mattes and other intermediate products of cobalt metallurgy, unwrought cobalt, powders",6,TRUE,C00,TOTAL CPC,0,0,TOTAL MOT,8,kg,409042.063,TRUE,-1,N/A,0,FALSE,409042.063,TRUE,0,FALSE,17909079.07,,17909079.07,6,FALSE,TRUE
C,A,20170101,2017,52,2017,276,DEU,Germany,M,Import,894,ZMB,Zambia,0,W00,World,H5,HS,TRUE,810520,"Cobalt; mattes and other intermediate products of cobalt metallurgy, unwrought cobalt, powders",6,TRUE,C00,TOTAL CPC,0,0,TOTAL MOT,8,kg,54000,FALSE,8,kg,54000,FALSE,54000,FALSE,0,FALSE,2211369.84,,2211369.84,0,FALSE,TRUE
C,A,20170101,2017,52,2017,276,DEU,Germany,M,Import,0,W00,World,0,W00,World,H5,HS,TRUE,810600,"Bismuth; articles thereof, including waste and scrap",6,TRUE,C00,TOTAL CPC,0,0,TOTAL MOT,8,kg,2208692.409,TRUE,-1,N/A,0,FALSE,2208692.409,TRUE,0,FALSE,22026759.27,,22026759.27,6,FALSE,TRUE
C,A,20170101,2017,52,2017,276,DEU,Germany,M,Import,40,AUT,Austria,0,W00,World,H5,HS,TRUE,810600,"Bismuth; articles thereof, including waste and scrap",6,TRUE,C00,TOTAL CPC,0,0,TOTAL MOT,8,kg,989,FALSE,8,kg,989,FALSE,989,FALSE,0,FALSE,11464.563,,11464.563,0,FALSE,TRUE
C,A,20170101,2017,52,2017,276,DEU,Germany,M,Import,56,BEL,Belgium,0,W00,World,H5,HS,TRUE,810600,"Bismuth; articles thereof, including waste and scrap",6,TRUE,C00,TOTAL CPC,0,0,TOTAL MOT,8,kg,542744,FALSE,8,kg,542744,FALSE,542744,FALSE,0,FALSE,5567044.515,,5567044.515,0,FALSE,TRUE
C,A,20170101,2017,52,2017,276,DEU,Germany,M,Import,124,CAN,Canada,0,W00,World,H5,HS,TRUE,810600,"Bismuth; articles thereof, including waste and scrap",6,TRUE,C00,TOTAL CPC,0,0,TOTAL MOT,8,kg,26,FALSE,8,kg,26,FALSE,26,FALSE,0,FALSE,4501.798,,4501.798,0,FALSE,TRUE
C,A,20170101,2017,52,2017,276,DEU,Germany,M,Import,156,CHN,China,0,W00,World,H5,HS,TRUE,810600,"Bismuth; articles thereof, including waste and scrap",6,TRUE,C00,TOTAL CPC,0,0,TOTAL MOT,8,kg,1564495.246,TRUE,-1,N/A,0,FALSE,1564495.246,TRUE,0,FALSE,13948648.96,,13948648.96,6,FALSE,TRUE
C,A,20170101,2017,52,2017,276,DEU,Germany,M,Import,251,FRA,France,0,W00,World,H5,HS,TRUE,810600,"Bismuth; articles thereof, including waste and scrap",6,TRUE,C00,TOTAL CPC,0,0,TOTAL MOT,8,kg,5235,FALSE,8,kg,5235,FALSE,5235,FALSE,0,FALSE,87255.368,,87255.368,0,FALSE,TRUE
C,A,20170101,2017,52,2017,276,DEU,Germany,M,Import,380,ITA,Italy,0,W00,World,H5,HS,TRUE,810600,"Bismuth; articles thereof, including waste and scrap",6,TRUE,C00,TOTAL CPC,0,0,TOTAL MOT,8,kg,15,FALSE,8,kg,15,FALSE,15,FALSE,0,FALSE,151.34,,151.34,0,FALSE,TRUE
C,A,20170101,2017,52,2017,276,DEU,Germany,M,Import,392,JPN,Japan,0,W00,World,H5,HS,TRUE,810600,"Bismuth; articles thereof, including waste and scrap",6,TRUE,C00,TOTAL CPC,0,0,TOTAL MOT,8,kg,29,FALSE,8,kg,29,FALSE,29,FALSE,0,FALSE,3381.431,,3381.431,0,FALSE,TRUE
C,A,20170101,2017,52,2017,276,DEU,Germany,M,Import,410,KOR,Rep. of Korea,0,W00,World,H5,HS,TRUE,810600,"Bismuth; articles thereof, including waste and scrap",6,TRUE,C00,TOTAL CPC,0,0,TOTAL MOT,8,kg,10010,FALSE,8,kg,10010,FALSE,10010,FALSE,0,FALSE,107744.986,,107744.986,0,FALSE,TRUE
C,A,20170101,2017,52,2017,276,DEU,Germany,M,Import,484,MEX,Mexico,0,W00,World,H5,HS,TRUE,810600,"Bismuth; articles thereof, including waste and scrap",6,TRUE,C00,TOTAL CPC,0,0,TOTAL MOT,8,kg,6,FALSE,8,kg,6,FALSE,6,FALSE,0,FALSE,110.681,,110.681,0,FALSE,TRUE
C,A,20170101,2017,52,2017,276,DEU,Germany,M,Import,490,S19,"Other Asia, nes",0,W00,World,H5,HS,TRUE,810600,"Bismuth; articles thereof, including waste and scrap",6,TRUE,C00,TOTAL CPC,0,0,TOTAL MOT,8,kg,1,FALSE,8,kg,1,FALSE,1,FALSE,0,FALSE,1190.39,,1190.39,0,FALSE,TRUE
C,A,20170101,2017,52,2017,276,DEU,Germany,M,Import,528,NLD,Netherlands,0,W00,World,H5,HS,TRUE,810600,"Bismuth; articles thereof, including waste and scrap",6,TRUE,C00,TOTAL CPC,0,0,TOTAL MOT,8,kg,5244,FALSE,8,kg,5244,FALSE,5244,FALSE,0,FALSE,102885.168,,102885.168,0,FALSE,TRUE
C,A,20170101,2017,52,2017,276,DEU,Germany,M,Import,604,PER,Peru,0,W00,World,H5,HS,TRUE,810600,"Bismuth; articles thereof, including waste and scrap",6,TRUE,C00,TOTAL CPC,0,0,TOTAL MOT,8,kg,63,FALSE,8,kg,63,FALSE,63,FALSE,0,FALSE,4360.623,,4360.623,0,FALSE,TRUE
C,A,20170101,2017,52,2017,276,DEU,Germany,M,Import,688,SRB,Serbia,0,W00,World,H5,HS,TRUE,810600,"Bismuth; articles thereof, including waste and scrap",6,TRUE,C00,TOTAL CPC,0,0,TOTAL MOT,8,kg,14,FALSE,8,kg,14,FALSE,14,FALSE,0,FALSE,557.925,,557.925,0,FALSE,TRUE
C,A,20170101,2017,52,2017,276,DEU,Germany,M,Import,757,CHE,Switzerland,0,W00,World,H5,HS,TRUE,810600,"Bismuth; articles thereof, including waste and scrap",6,TRUE,C00,TOTAL CPC,0,0,TOTAL MOT,8,kg,7051,FALSE,8,kg,7051,FALSE,7051,FALSE,0,FALSE,85755.522,,85755.522,0,FALSE,TRUE
C,A,20170101,2017,52,2017,276,DEU,Germany,M,Import,792,TUR,Türkiye,0,W00,World,H5,HS,TRUE,810600,"Bismuth; articles thereof, including waste and scrap",6,TRUE,C00,TOTAL CPC,0,0,TOTAL MOT,8,kg,3146.203,TRUE,-1,N/A,0,FALSE,3146.203,TRUE,0,FALSE,471327.844,,471327.844,6,FALSE,TRUE
C,A,20170101,2017,52,2017,276,DEU,Germany,M,Import,826,GBR,United Kingdom,0,W00,World,H5,HS,TRUE,810600,"Bismuth; articles thereof, including waste and scrap",6,TRUE,C00,TOTAL CPC,0,0,TOTAL MOT,8,kg,66187.96,TRUE,-1,N/A,0,FALSE,66187.96,TRUE,0,FALSE,1439594.99,,1439594.99,6,FALSE,TRUE
C,A,20170101,2017,52,2017,276,DEU,Germany,M,Import,842,USA,USA,0,W00,World,H5,HS,TRUE,810600,"Bismuth; articles thereof, including waste and scrap",6,TRUE,C00,TOTAL CPC,0,0,TOTAL MOT,8,kg,3436,FALSE,8,kg,3436,FALSE,3436,FALSE,0,FALSE,190783.166,,190783.166,0,FALSE,TRUE
C,A,20170101,2017,52,2017,276,DEU,Germany,M,Import,0,W00,World,0,W00,World,H5,HS,TRUE,810720,"Cadmium; unwrought, powders",6,TRUE,C00,TOTAL CPC,0,0,TOTAL MOT,-1,N/A,0,FALSE,-1,N/A,0,FALSE,,FALSE,0,FALSE,124307.672,,124307.672,0,FALSE,TRUE
C,A,20170101,2017,52,2017,276,DEU,Germany,M,Import,56,BEL,Belgium,0,W00,World,H5,HS,TRUE,810720,"Cadmium; unwrought, powders",6,TRUE,C00,TOTAL CPC,0,0,TOTAL MOT,8,kg,3500,FALSE,8,kg,3500,FALSE,3500,FALSE,0,FALSE,48473.95,,48473.95,0,FALSE,TRUE
C,A,20170101,2017,52,2017,276,DEU,Germany,M,Import,124,CAN,Canada,0,W00,World,H5,HS,TRUE,810720,"Cadmium; unwrought, powders",6,TRUE,C00,TOTAL CPC,0,0,TOTAL MOT,8,kg,100,FALSE,8,kg,100,FALSE,100,FALSE,0,FALSE,7805.3,,7805.3,0,FALSE,TRUE
C,A,20170101,2017,52,2017,276,DEU,Germany,M,Import,156,CHN,China,0,W00,World,H5,HS,TRUE,810720,"Cadmium; unwrought, powders",6,TRUE,C00,TOTAL CPC,0,0,TOTAL MOT,-1,N/A,0,FALSE,-1,N/A,0,FALSE,,FALSE,0,FALSE,31153.435,,31153.435,0,FALSE,TRUE
C,A,20170101,2017,52,2017,276,DEU,Germany,M,Import,251,FRA,France,0,W00,World,H5,HS,TRUE,810720,"Cadmium; unwrought, powders",6,TRUE,C00,TOTAL CPC,0,0,TOTAL MOT,-1,N/A,0,FALSE,8,kg,1,FALSE,,FALSE,0,FALSE,511.619,,511.619,0,FALSE,TRUE
C,A,20170101,2017,52,2017,276,DEU,Germany,M,Import,392,JPN,Japan,0,W00,World,H5,HS,TRUE,810720,"Cadmium; unwrought, powders",6,TRUE,C00,TOTAL CPC,0,0,TOTAL MOT,8,kg,67.083,TRUE,-1,N/A,0,FALSE,67.083,TRUE,0,FALSE,873.028,,873.028,6,FALSE,TRUE
C,A,20170101,2017,52,2017,276,DEU,Germany,M,Import,643,RUS,Russian Federation,0,W00,World,H5,HS,TRUE,810720,"Cadmium; unwrought, powders",6,TRUE,C00,TOTAL CPC,0,0,TOTAL MOT,8,kg,2429,FALSE,8,kg,2429,FALSE,2429,FALSE,0,FALSE,23918.483,,23918.483,0,FALSE,TRUE
C,A,20170101,2017,52,2017,276,DEU,Germany,M,Import,757,CHE,Switzerland,0,W00,World,H5,HS,TRUE,810720,"Cadmium; unwrought, powders",6,TRUE,C00,TOTAL CPC,0,0,TOTAL MOT,-1,N/A,0,FALSE,8,kg,3,FALSE,,FALSE,0,FALSE,2625.861,,2625.861,0,FALSE,TRUE
C,A,20170101,2017,52,2017,276,DEU,Germany,M,Import,842,USA,USA,0,W00,World,H5,HS,TRUE,810720,"Cadmium; unwrought, powders",6,TRUE,C00,TOTAL CPC,0,0,TOTAL MOT,8,kg,842,FALSE,8,kg,842,FALSE,842,FALSE,0,FALSE,8945.996,,8945.996,0,FALSE,TRUE
C,A,20170101,2017,52,2017,276,DEU,Germany,M,Import,0,W00,World,0,W00,World,H5,HS,TRUE,810790,"Cadmium; other than unwrought, n.e.c. in heading no. 8107",6,TRUE,C00,TOTAL CPC,0,0,TOTAL MOT,8,kg,341.226,TRUE,-1,N/A,0,FALSE,341.226,TRUE,0,FALSE,113260.987,,113260.987,6,FALSE,TRUE
C,A,20170101,2017,52,2017,276,DEU,Germany,M,Import,156,CHN,China,0,W00,World,H5,HS,TRUE,810790,"Cadmium; other than unwrought, n.e.c. in heading no. 8107",6,TRUE,C00,TOTAL CPC,0,0,TOTAL MOT,8,kg,1,FALSE,8,kg,1,FALSE,1,FALSE,0,FALSE,787.193,,787.193,0,FALSE,TRUE
C,A,20170101,2017,52,2017,276,DEU,Germany,M,Import,251,FRA,France,0,W00,World,H5,HS,TRUE,810790,"Cadmium; other than unwrought, n.e.c. in heading no. 8107",6,TRUE,C00,TOTAL CPC,0,0,TOTAL MOT,8,kg,60,FALSE,8,kg,60,FALSE,60,FALSE,0,FALSE,7482.291,,7482.291,0,FALSE,TRUE
C,A,20170101,2017,52,2017,276,DEU,Germany,M,Import,392,JPN,Japan,0,W00,World,H5,HS,TRUE,810790,"Cadmium; other than unwrought, n.e.c. in heading no. 8107",6,TRUE,C00,TOTAL CPC,0,0,TOTAL MOT,8,kg,2,FALSE,8,kg,2,FALSE,2,FALSE,0,FALSE,2070.195,,2070.195,0,FALSE,TRUE
C,A,20170101,2017,52,2017,276,DEU,Germany,M,Import,757,CHE,Switzerland,0,W00,World,H5,HS,TRUE,810790,"Cadmium; other than unwrought, n.e.c. in heading no. 8107",6,TRUE,C00,TOTAL CPC,0,0,TOTAL MOT,8,kg,152,FALSE,8,kg,152,FALSE,152,FALSE,0,FALSE,8997.949,,8997.949,0,FALSE,TRUE
C,A,20170101,2017,52,2017,276,DEU,Germany,M,Import,826,GBR,United Kingdom,0,W00,World,H5,HS,TRUE,810790,"Cadmium; other than unwrought, n.e.c. in heading no. 8107",6,TRUE,C00,TOTAL CPC,0,0,TOTAL MOT,8,kg,17.201,TRUE,-1,N/A,0,FALSE,17.201,TRUE,0,FALSE,5436.943,,5436.943,6,FALSE,TRUE
C,A,20170101,2017,52,2017,276,DEU,Germany,M,Import,842,USA,USA,0,W00,World,H5,HS,TRUE,810790,"Cadmium; other than unwrought, n.e.c. in heading no. 8107",6,TRUE,C00,TOTAL CPC,0,0,TOTAL MOT,8,kg,109.025,TRUE,-1,N/A,0,FALSE,109.025,TRUE,0,FALSE,88486.417,,88486.417,6,FALSE,TRUE
C,A,20170101,2017,52,2017,276,DEU,Germany,M,Import,0,W00,World,0,W00,World,H5,HS,TRUE,810820,"Titanium; unwrought, powders",6,TRUE,C00,TOTAL CPC,0,0,TOTAL MOT,8,kg,3381116.389,TRUE,-1,N/A,0,FALSE,3381116.389,TRUE,0,FALSE,35717825.43,,35717825.43,6,FALSE,TRUE
C,A,20170101,2017,52,2017,276,DEU,Germany,M,Import,40,AUT,Austria,0,W00,World,H5,HS,TRUE,810820,"Titanium; unwrought, powders",6,TRUE,C00,TOTAL CPC,0,0,TOTAL MOT,8,kg,1080,FALSE,8,kg,1080,FALSE,1080,FALSE,0,FALSE,12512.649,,12512.649,0,FALSE,TRUE
C,A,20170101,2017,52,2017,276,DEU,Germany,M,Import,56,BEL,Belgium,0,W00,World,H5,HS,TRUE,810820,"Titanium; unwrought, powders",6,TRUE,C00,TOTAL CPC,0,0,TOTAL MOT,8,kg,225054,FALSE,8,kg,225054,FALSE,225054,FALSE,0,FALSE,1523965.864,,1523965.864,0,FALSE,TRUE
C,A,20170101,2017,52,2017,276,DEU,Germany,M,Import,124,CAN,Canada,0,W00,World,H5,HS,TRUE,810820,"Titanium; unwrought, powders",6,TRUE,C00,TOTAL CPC,0,0,TOTAL MOT,8,kg,89385,FALSE,8,kg,89385,FALSE,89385,FALSE,0,FALSE,5388164.121,,5388164.121,0,FALSE,TRUE
C,A,20170101,2017,52,2017,276,DEU,Germany,M,Import,156,CHN,China,0,W00,World,H5,HS,TRUE,810820,"Titanium; unwrought, powders",6,TRUE,C00,TOTAL CPC,0,0,TOTAL MOT,8,kg,441095,FALSE,8,kg,441095,FALSE,441095,FALSE,0,FALSE,4779097.752,,4779097.752,0,FALSE,TRUE
C,A,20170101,2017,52,2017,276,DEU,Germany,M,Import,196,CYP,Cyprus,0,W00,World,H5,HS,TRUE,810820,"Titanium; unwrought, powders",6,TRUE,C00,TOTAL CPC,0,0,TOTAL MOT,8,kg,80000,FALSE,8,kg,80000,FALSE,80000,FALSE,0,FALSE,515102.351,,515102.351,0,FALSE,TRUE
C,A,20170101,2017,52,2017,276,DEU,Germany,M,Import,246,FIN,Finland,0,W00,World,H5,HS,TRUE,810820,"Titanium; unwrought, powders",6,TRUE,C00,TOTAL CPC,0,0,TOTAL MOT,8,kg,6797,FALSE,8,kg,6797,FALSE,6797,FALSE,0,FALSE,46827.281,,46827.281,0,FALSE,TRUE
C,A,20170101,2017,52,2017,276,DEU,Germany,M,Import,251,FRA,France,0,W00,World,H5,HS,TRUE,810820,"Titanium; unwrought, powders",6,TRUE,C00,TOTAL CPC,0,0,TOTAL MOT,8,kg,18722,FALSE,8,kg,18722,FALSE,18722,FALSE,0,FALSE,740244.195,,740244.195,0,FALSE,TRUE
C,A,20170101,2017,52,2017,276,DEU,Germany,M,Import,376,ISR,Israel,0,W00,World,H5,HS,TRUE,810820,"Titanium; unwrought, powders",6,TRUE,C00,TOTAL CPC,0,0,TOTAL MOT,8,kg,116,FALSE,8,kg,116,FALSE,116,FALSE,0,FALSE,988.227,,988.227,0,FALSE,TRUE
C,A,20170101,2017,52,2017,276,DEU,Germany,M,Import,380,ITA,Italy,0,W00,World,H5,HS,TRUE,810820,"Titanium; unwrought, powders",6,TRUE,C00,TOTAL CPC,0,0,TOTAL MOT,8,kg,1243,FALSE,8,kg,1243,FALSE,1243,FALSE,0,FALSE,17397.314,,17397.314,0,FALSE,TRUE
C,A,20170101,2017,52,2017,276,DEU,Germany,M,Import,392,JPN,Japan,0,W00,World,H5,HS,TRUE,810820,"Titanium; unwrought, powders",6,TRUE,C00,TOTAL CPC,0,0,TOTAL MOT,8,kg,352858,FALSE,8,kg,352858,FALSE,352858,FALSE,0,FALSE,3636580.762,,3636580.762,0,FALSE,TRUE
C,A,20170101,2017,52,2017,276,DEU,Germany,M,Import,410,KOR,Rep. of Korea,0,W00,World,H5,HS,TRUE,810820,"Titanium; unwrought, powders",6,TRUE,C00,TOTAL CPC,0,0,TOTAL MOT,8,kg,173,FALSE,8,kg,173,FALSE,173,FALSE,0,FALSE,20700.816,,20700.816,0,FALSE,TRUE
C,A,20170101,2017,52,2017,276,DEU,Germany,M,Import,442,LUX,Luxembourg,0,W00,World,H5,HS,TRUE,810820,"Titanium; unwrought, powders",6,TRUE,C00,TOTAL CPC,0,0,TOTAL MOT,8,kg,52,FALSE,8,kg,52,FALSE,52,FALSE,0,FALSE,1303.33,,1303.33,0,FALSE,TRUE
C,A,20170101,2017,52,2017,276,DEU,Germany,M,Import,528,NLD,Netherlands,0,W00,World,H5,HS,TRUE,810820,"Titanium; unwrought, powders",6,TRUE,C00,TOTAL CPC,0,0,TOTAL MOT,8,kg,368005,FALSE,8,kg,368005,FALSE,368005,FALSE,0,FALSE,2658861.648,,2658861.648,0,FALSE,TRUE
C,A,20170101,2017,52,2017,276,DEU,Germany,M,Import,642,ROU,Romania,0,W00,World,H5,HS,TRUE,810820,"Titanium; unwrought, powders",6,TRUE,C00,TOTAL CPC,0,0,TOTAL MOT,8,kg,3487,FALSE,8,kg,3487,FALSE,3487,FALSE,0,FALSE,48654.654,,48654.654,0,FALSE,TRUE
C,A,20170101,2017,52,2017,276,DEU,Germany,M,Import,643,RUS,Russian Federation,0,W00,World,H5,HS,TRUE,810820,"Titanium; unwrought, powders",6,TRUE,C00,TOTAL CPC,0,0,TOTAL MOT,8,kg,801339,FALSE,8,kg,801339,FALSE,801339,FALSE,0,FALSE,5799777.073,,5799777.073,0,FALSE,TRUE
C,A,20170101,2017,52,2017,276,DEU,Germany,M,Import,702,SGP,Singapore,0,W00,World,H5,HS,TRUE,810820,"Titanium; unwrought, powders",6,TRUE,C00,TOTAL CPC,0,0,TOTAL MOT,8,kg,71,FALSE,8,kg,71,FALSE,71,FALSE,0,FALSE,767.994,,767.994,0,FALSE,TRUE
C,A,20170101,2017,52,2017,276,DEU,Germany,M,Import,724,ESP,Spain,0,W00,World,H5,HS,TRUE,810820,"Titanium; unwrought, powders",6,TRUE,C00,TOTAL CPC,0,0,TOTAL MOT,8,kg,71837,FALSE,8,kg,71837,FALSE,71837,FALSE,0,FALSE,479633.469,,479633.469,0,FALSE,TRUE
C,A,20170101,2017,52,2017,276,DEU,Germany,M,Import,752,SWE,Sweden,0,W00,World,H5,HS,TRUE,810820,"Titanium; unwrought, powders",6,TRUE,C00,TOTAL CPC,0,0,TOTAL MOT,8,kg,6776,FALSE,8,kg,6776,FALSE,6776,FALSE,0,FALSE,229750.936,,229750.936,0,FALSE,TRUE
C,A,20170101,2017,52,2017,276,DEU,Germany,M,Import,757,CHE,Switzerland,0,W00,World,H5,HS,TRUE,810820,"Titanium; unwrought, powders",6,TRUE,C00,TOTAL CPC,0,0,TOTAL MOT,8,kg,358,FALSE,8,kg,358,FALSE,358,FALSE,0,FALSE,22336.191,,22336.191,0,FALSE,TRUE
C,A,20170101,2017,52,2017,276,DEU,Germany,M,Import,792,TUR,Türkiye,0,W00,World,H5,HS,TRUE,810820,"Titanium; unwrought, powders",6,TRUE,C00,TOTAL CPC,0,0,TOTAL MOT,8,kg,55,FALSE,8,kg,55,FALSE,55,FALSE,0,FALSE,4513.092,,4513.092,0,FALSE,TRUE
C,A,20170101,2017,52,2017,276,DEU,Germany,M,Import,804,UKR,Ukraine,0,W00,World,H5,HS,TRUE,810820,"Titanium; unwrought, powders",6,TRUE,C00,TOTAL CPC,0,0,TOTAL MOT,8,kg,654317,FALSE,8,kg,654317,FALSE,654317,FALSE,0,FALSE,4342832.204,,4342832.204,0,FALSE,TRUE
C,A,20170101,2017,52,2017,276,DEU,Germany,M,Import,826,GBR,United Kingdom,0,W00,World,H5,HS,TRUE,810820,"Titanium; unwrought, powders",6,TRUE,C00,TOTAL CPC,0,0,TOTAL MOT,8,kg,198268,FALSE,8,kg,198268,FALSE,198268,FALSE,0,FALSE,3405803.199,,3405803.199,0,FALSE,TRUE
C,A,20170101,2017,52,2017,276,DEU,Germany,M,Import,842,USA,USA,0,W00,World,H5,HS,TRUE,810820,"Titanium; unwrought, powders",6,TRUE,C00,TOTAL CPC,0,0,TOTAL MOT,8,kg,60028.389,TRUE,-1,N/A,0,FALSE,60028.389,TRUE,0,FALSE,2042010.308,,2042010.308,6,FALSE,TRUE
C,A,20170101,2017,52,2017,276,DEU,Germany,M,Import,0,W00,World,0,W00,World,H5,HS,TRUE,810920,"Zirconium; unwrought, powders",6,TRUE,C00,TOTAL CPC,0,0,TOTAL MOT,8,kg,278794.328,TRUE,-1,N/A,0,FALSE,278794.328,TRUE,0,FALSE,7002204.342,,7002204.342,6,FALSE,TRUE
C,A,20170101,2017,52,2017,276,DEU,Germany,M,Import,56,BEL,Belgium,0,W00,World,H5,HS,TRUE,810920,"Zirconium; unwrought, powders",6,TRUE,C00,TOTAL CPC,0,0,TOTAL MOT,8,kg,190,FALSE,8,kg,190,FALSE,190,FALSE,0,FALSE,8922.279,,8922.279,0,FALSE,TRUE
C,A,20170101,2017,52,2017,276,DEU,Germany,M,Import,124,CAN,Canada,0,W00,World,H5,HS,TRUE,810920,"Zirconium; unwrought, powders",6,TRUE,C00,TOTAL CPC,0,0,TOTAL MOT,8,kg,2669,FALSE,8,kg,2669,FALSE,2669,FALSE,0,FALSE,54004.633,,54004.633,0,FALSE,TRUE
C,A,20170101,2017,52,2017,276,DEU,Germany,M,Import,156,CHN,China,0,W00,World,H5,HS,TRUE,810920,"Zirconium; unwrought, powders",6,TRUE,C00,TOTAL CPC,0,0,TOTAL MOT,8,kg,101166,FALSE,8,kg,101166,FALSE,101166,FALSE,0,FALSE,2039440.918,,2039440.918,0,FALSE,TRUE
C,A,20170101,2017,52,2017,276,DEU,Germany,M,Import,251,FRA,France,0,W00,World,H5,HS,TRUE,810920,"Zirconium; unwrought, powders",6,TRUE,C00,TOTAL CPC,0,0,TOTAL MOT,8,kg,17368,FALSE,8,kg,17368,FALSE,17368,FALSE,0,FALSE,435723.434,,435723.434,0,FALSE,TRUE
C,A,20170101,2017,52,2017,276,DEU,Germany,M,Import,360,IDN,Indonesia,0,W00,World,H5,HS,TRUE,810920,"Zirconium; unwrought, powders",6,TRUE,C00,TOTAL CPC,0,0,TOTAL MOT,8,kg,1,FALSE,8,kg,1,FALSE,1,FALSE,0,FALSE,302.68,,302.68,0,FALSE,TRUE
C,A,20170101,2017,52,2017,276,DEU,Germany,M,Import,392,JPN,Japan,0,W00,World,H5,HS,TRUE,810920,"Zirconium; unwrought, powders",6,TRUE,C00,TOTAL CPC,0,0,TOTAL MOT,8,kg,131,FALSE,8,kg,131,FALSE,131,FALSE,0,FALSE,3888.532,,3888.532,0,FALSE,TRUE
C,A,20170101,2017,52,2017,276,DEU,Germany,M,Import,410,KOR,Rep. of Korea,0,W00,World,H5,HS,TRUE,810920,"Zirconium; unwrought, powders",6,TRUE,C00,TOTAL CPC,0,0,TOTAL MOT,8,kg,1787,FALSE,8,kg,1787,FALSE,1787,FALSE,0,FALSE,218333.807,,218333.807,0,FALSE,TRUE
C,A,20170101,2017,52,2017,276,DEU,Germany,M,Import,579,NOR,Norway,0,W00,World,H5,HS,TRUE,810920,"Zirconium; unwrought, powders",6,TRUE,C00,TOTAL CPC,0,0,TOTAL MOT,8,kg,4,FALSE,8,kg,4,FALSE,4,FALSE,0,FALSE,7135.564,,7135.564,0,FALSE,TRUE
C,A,20170101,2017,52,2017,276,DEU,Germany,M,Import,643,RUS,Russian Federation,0,W00,World,H5,HS,TRUE,810920,"Zirconium; unwrought, powders",6,TRUE,C00,TOTAL CPC,0,0,TOTAL MOT,8,kg,250,FALSE,8,kg,250,FALSE,250,FALSE,0,FALSE,41461.49,,41461.49,0,FALSE,TRUE
C,A,20170101,2017,52,2017,276,DEU,Germany,M,Import,699,IND,India,0,W00,World,H5,HS,TRUE,810920,"Zirconium; unwrought, powders",6,TRUE,C00,TOTAL CPC,0,0,TOTAL MOT,8,kg,4,FALSE,8,kg,4,FALSE,4,FALSE,0,FALSE,825.593,,825.593,0,FALSE,TRUE
C,A,20170101,2017,52,2017,276,DEU,Germany,M,Import,724,ESP,Spain,0,W00,World,H5,HS,TRUE,810920,"Zirconium; unwrought, powders",6,TRUE,C00,TOTAL CPC,0,0,TOTAL MOT,8,kg,5101,FALSE,8,kg,5101,FALSE,5101,FALSE,0,FALSE,118112.9,,118112.9,0,FALSE,TRUE
C,A,20170101,2017,52,2017,276,DEU,Germany,M,Import,752,SWE,Sweden,0,W00,World,H5,HS,TRUE,810920,"Zirconium; unwrought, powders",6,TRUE,C00,TOTAL CPC,0,0,TOTAL MOT,8,kg,81710,FALSE,8,kg,81710,FALSE,81710,FALSE,0,FALSE,2338296.596,,2338296.596,0,FALSE,TRUE
C,A,20170101,2017,52,2017,276,DEU,Germany,M,Import,757,CHE,Switzerland,0,W00,World,H5,HS,TRUE,810920,"Zirconium; unwrought, powders",6,TRUE,C00,TOTAL CPC,0,0,TOTAL MOT,8,kg,18,FALSE,8,kg,18,FALSE,18,FALSE,0,FALSE,1460.317,,1460.317,0,FALSE,TRUE
C,A,20170101,2017,52,2017,276,DEU,Germany,M,Import,826,GBR,United Kingdom,0,W00,World,H5,HS,TRUE,810920,"Zirconium; unwrought, powders",6,TRUE,C00,TOTAL CPC,0,0,TOTAL MOT,8,kg,3211,FALSE,8,kg,3211,FALSE,3211,FALSE,0,FALSE,54949.943,,54949.943,0,FALSE,TRUE
C,A,20170101,2017,52,2017,276,DEU,Germany,M,Import,842,USA,USA,0,W00,World,H5,HS,TRUE,810920,"Zirconium; unwrought, powders",6,TRUE,C00,TOTAL CPC,0,0,TOTAL MOT,8,kg,65184.328,TRUE,-1,N/A,0,FALSE,65184.328,TRUE,0,FALSE,1679345.654,,1679345.654,6,FALSE,TRUE
C,A,20170101,2017,52,2017,276,DEU,Germany,M,Import,0,W00,World,0,W00,World,H5,HS,TRUE,811292,"Gallium, germanium, hafnium, indium, niobium (columbium), rhenium and vanadium; articles thereof, unwrought, including waste and scrap, powders",6,TRUE,C00,TOTAL CPC,0,0,TOTAL MOT,8,kg,545915.85,TRUE,-1,N/A,0,FALSE,545915.85,TRUE,0,FALSE,60173165.72,,60173165.72,6,FALSE,TRUE
C,A,20170101,2017,52,2017,276,DEU,Germany,M,Import,40,AUT,Austria,0,W00,World,H5,HS,TRUE,811292,"Gallium, germanium, hafnium, indium, niobium (columbium), rhenium and vanadium; articles thereof, unwrought, including waste and scrap, powders",6,TRUE,C00,TOTAL CPC,0,0,TOTAL MOT,8,kg,510.603,TRUE,-1,N/A,0,FALSE,510.603,TRUE,0,FALSE,48209.67,,48209.67,6,FALSE,TRUE
C,A,20170101,2017,52,2017,276,DEU,Germany,M,Import,56,BEL,Belgium,0,W00,World,H5,HS,TRUE,811292,"Gallium, germanium, hafnium, indium, niobium (columbium), rhenium and vanadium; articles thereof, unwrought, including waste and scrap, powders",6,TRUE,C00,TOTAL CPC,0,0,TOTAL MOT,8,kg,4794.031,TRUE,-1,N/A,0,FALSE,4794.031,TRUE,0,FALSE,613551.226,,613551.226,6,FALSE,TRUE
C,A,20170101,2017,52,2017,276,DEU,Germany,M,Import,76,BRA,Brazil,0,W00,World,H5,HS,TRUE,811292,"Gallium, germanium, hafnium, indium, niobium (columbium), rhenium and vanadium; articles thereof, unwrought, including waste and scrap, powders",6,TRUE,C00,TOTAL CPC,0,0,TOTAL MOT,8,kg,310159,FALSE,8,kg,310159,FALSE,310159,FALSE,0,FALSE,14543085.05,,14543085.05,0,FALSE,TRUE
C,A,20170101,2017,52,2017,276,DEU,Germany,M,Import,100,BGR,Bulgaria,0,W00,World,H5,HS,TRUE,811292,"Gallium, germanium, hafnium, indium, niobium (columbium), rhenium and vanadium; articles thereof, unwrought, including waste and scrap, powders",6,TRUE,C00,TOTAL CPC,0,0,TOTAL MOT,8,kg,622,FALSE,8,kg,622,FALSE,622,FALSE,0,FALSE,7727.371,,7727.371,0,FALSE,TRUE
C,A,20170101,2017,52,2017,276,DEU,Germany,M,Import,124,CAN,Canada,0,W00,World,H5,HS,TRUE,811292,"Gallium, germanium, hafnium, indium, niobium (columbium), rhenium and vanadium; articles thereof, unwrought, including waste and scrap, powders",6,TRUE,C00,TOTAL CPC,0,0,TOTAL MOT,8,kg,745,FALSE,8,kg,745,FALSE,745,FALSE,0,FALSE,678723.389,,678723.389,0,FALSE,TRUE
C,A,20170101,2017,52,2017,276,DEU,Germany,M,Import,156,CHN,China,0,W00,World,H5,HS,TRUE,811292,"Gallium, germanium, hafnium, indium, niobium (columbium), rhenium and vanadium; articles thereof, unwrought, including waste and scrap, powders",6,TRUE,C00,TOTAL CPC,0,0,TOTAL MOT,8,kg,27601,FALSE,8,kg,27601,FALSE,27601,FALSE,0,FALSE,6602166.634,,6602166.634,0,FALSE,TRUE
C,A,20170101,2017,52,2017,276,DEU,Germany,M,Import,203,CZE,Czechia,0,W00,World,H5,HS,TRUE,811292,"Gallium, germanium, hafnium, indium, niobium (columbium), rhenium and vanadium; articles thereof, unwrought, including waste and scrap, powders",6,TRUE,C00,TOTAL CPC,0,0,TOTAL MOT,8,kg,16016,FALSE,8,kg,16016,FALSE,16016,FALSE,0,FALSE,242836.192,,242836.192,0,FALSE,TRUE
C,A,20170101,2017,52,2017,276,DEU,Germany,M,Import,208,DNK,Denmark,0,W00,World,H5,HS,TRUE,811292,"Gallium, germanium, hafnium, indium, niobium (columbium), rhenium and vanadium; articles thereof, unwrought, including waste and scrap, powders",6,TRUE,C00,TOTAL CPC,0,0,TOTAL MOT,8,kg,110,FALSE,8,kg,110,FALSE,110,FALSE,0,FALSE,20249.055,,20249.055,0,FALSE,TRUE
C,A,20170101,2017,52,2017,276,DEU,Germany,M,Import,233,EST,Estonia,0,W00,World,H5,HS,TRUE,811292,"Gallium, germanium, hafnium, indium, niobium (columbium), rhenium and vanadium; articles thereof, unwrought, including waste and scrap, powders",6,TRUE,C00,TOTAL CPC,0,0,TOTAL MOT,8,kg,19098,FALSE,8,kg,19098,FALSE,19098,FALSE,0,FALSE,1837631.396,,1837631.396,0,FALSE,TRUE
C,A,20170101,2017,52,2017,276,DEU,Germany,M,Import,251,FRA,France,0,W00,World,H5,HS,TRUE,811292,"Gallium, germanium, hafnium, indium, niobium (columbium), rhenium and vanadium; articles thereof, unwrought, including waste and scrap, powders",6,TRUE,C00,TOTAL CPC,0,0,TOTAL MOT,8,kg,13053,FALSE,8,kg,13053,FALSE,13053,FALSE,0,FALSE,7338239.947,,7338239.947,0,FALSE,TRUE
C,A,20170101,2017,52,2017,276,DEU,Germany,M,Import,344,HKG,"China, Hong Kong SAR",0,W00,World,H5,HS,TRUE,811292,"Gallium, germanium, hafnium, indium, niobium (columbium), rhenium and vanadium; articles thereof, unwrought, including waste and scrap, powders",6,TRUE,C00,TOTAL CPC,0,0,TOTAL MOT,8,kg,2000,FALSE,8,kg,2000,FALSE,2000,FALSE,0,FALSE,358772.733,,358772.733,0,FALSE,TRUE
C,A,20170101,2017,52,2017,276,DEU,Germany,M,Import,348,HUN,Hungary,0,W00,World,H5,HS,TRUE,811292,"Gallium, germanium, hafnium, indium, niobium (columbium), rhenium and vanadium; articles thereof, unwrought, including waste and scrap, powders",6,TRUE,C00,TOTAL CPC,0,0,TOTAL MOT,8,kg,515,FALSE,8,kg,515,FALSE,515,FALSE,0,FALSE,6156.372,,6156.372,0,FALSE,TRUE
C,A,20170101,2017,52,2017,276,DEU,Germany,M,Import,376,ISR,Israel,0,W00,World,H5,HS,TRUE,811292,"Gallium, germanium, hafnium, indium, niobium (columbium), rhenium and vanadium; articles thereof, unwrought, including waste and scrap, powders",6,TRUE,C00,TOTAL CPC,0,0,TOTAL MOT,8,kg,23,FALSE,8,kg,23,FALSE,23,FALSE,0,FALSE,4405.799,,4405.799,0,FALSE,TRUE
C,A,20170101,2017,52,2017,276,DEU,Germany,M,Import,380,ITA,Italy,0,W00,World,H5,HS,TRUE,811292,"Gallium, germanium, hafnium, indium, niobium (columbium), rhenium and vanadium; articles thereof, unwrought, including waste and scrap, powders",6,TRUE,C00,TOTAL CPC,0,0,TOTAL MOT,8,kg,23,FALSE,8,kg,23,FALSE,23,FALSE,0,FALSE,133.269,,133.269,0,FALSE,TRUE
C,A,20170101,2017,52,2017,276,DEU,Germany,M,Import,392,JPN,Japan,0,W00,World,H5,HS,TRUE,811292,"Gallium, germanium, hafnium, indium, niobium (columbium), rhenium and vanadium; articles thereof, unwrought, including waste and scrap, powders",6,TRUE,C00,TOTAL CPC,0,0,TOTAL MOT,8,kg,4242.918,TRUE,-1,N/A,0,FALSE,4242.918,TRUE,0,FALSE,411758.645,,411758.645,6,FALSE,TRUE
C,A,20170101,2017,52,2017,276,DEU,Germany,M,Import,410,KOR,Rep. of Korea,0,W00,World,H5,HS,TRUE,811292,"Gallium, germanium, hafnium, indium, niobium (columbium), rhenium and vanadium; articles thereof, unwrought, including waste and scrap, powders",6,TRUE,C00,TOTAL CPC,0,0,TOTAL MOT,8,kg,153,FALSE,8,kg,153,FALSE,153,FALSE,0,FALSE,8947.126,,8947.126,0,FALSE,TRUE
C,A,20170101,2017,52,2017,276,DEU,Germany,M,Import,440,LTU,Lithuania,0,W00,World,H5,HS,TRUE,811292,"Gallium, germanium, hafnium, indium, niobium (columbium), rhenium and vanadium; articles thereof, unwrought, including waste and scrap, powders",6,TRUE,C00,TOTAL CPC,0,0,TOTAL MOT,8,kg,1815,FALSE,8,kg,1815,FALSE,1815,FALSE,0,FALSE,41206.245,,41206.245,0,FALSE,TRUE
C,A,20170101,2017,52,2017,276,DEU,Germany,M,Import,442,LUX,Luxembourg,0,W00,World,H5,HS,TRUE,811292,"Gallium, germanium, hafnium, indium, niobium (columbium), rhenium and vanadium; articles thereof, unwrought, including waste and scrap, powders",6,TRUE,C00,TOTAL CPC,0,0,TOTAL MOT,8,kg,1443,FALSE,8,kg,1443,FALSE,1443,FALSE,0,FALSE,316841.411,,316841.411,0,FALSE,TRUE
C,A,20170101,2017,52,2017,276,DEU,Germany,M,Import,490,S19,"Other Asia, nes",0,W00,World,H5,HS,TRUE,811292,"Gallium, germanium, hafnium, indium, niobium (columbium), rhenium and vanadium; articles thereof, unwrought, including waste and scrap, powders",6,TRUE,C00,TOTAL CPC,0,0,TOTAL MOT,8,kg,14169,FALSE,8,kg,14169,FALSE,14169,FALSE,0,FALSE,2359608.419,,2359608.419,0,FALSE,TRUE
C,A,20170101,2017,52,2017,276,DEU,Germany,M,Import,528,NLD,Netherlands,0,W00,World,H5,HS,TRUE,811292,"Gallium, germanium, hafnium, indium, niobium (columbium), rhenium and vanadium; articles thereof, unwrought, including waste and scrap, powders",6,TRUE,C00,TOTAL CPC,0,0,TOTAL MOT,8,kg,6745.804,TRUE,-1,N/A,0,FALSE,6745.804,TRUE,0,FALSE,239316.974,,239316.974,6,FALSE,TRUE
C,A,20170101,2017,52,2017,276,DEU,Germany,M,Import,616,POL,Poland,0,W00,World,H5,HS,TRUE,811292,"Gallium, germanium, hafnium, indium, niobium (columbium), rhenium and vanadium; articles thereof, unwrought, including waste and scrap, powders",6,TRUE,C00,TOTAL CPC,0,0,TOTAL MOT,8,kg,3171,FALSE,8,kg,3171,FALSE,3171,FALSE,0,FALSE,83573.517,,83573.517,0,FALSE,TRUE
C,A,20170101,2017,52,2017,276,DEU,Germany,M,Import,642,ROU,Romania,0,W00,World,H5,HS,TRUE,811292,"Gallium, germanium, hafnium, indium, niobium (columbium), rhenium and vanadium; articles thereof, unwrought, including waste and scrap, powders",6,TRUE,C00,TOTAL CPC,0,0,TOTAL MOT,8,kg,31,FALSE,8,kg,31,FALSE,31,FALSE,0,FALSE,393.032,,393.032,0,FALSE,TRUE
C,A,20170101,2017,52,2017,276,DEU,Germany,M,Import,643,RUS,Russian Federation,0,W00,World,H5,HS,TRUE,811292,"Gallium, germanium, hafnium, indium, niobium (columbium), rhenium and vanadium; articles thereof, unwrought, including waste and scrap, powders",6,TRUE,C00,TOTAL CPC,0,0,TOTAL MOT,8,kg,36666.01,TRUE,-1,N/A,0,FALSE,36666.01,TRUE,0,FALSE,3177415.452,,3177415.452,6,FALSE,TRUE
C,A,20170101,2017,52,2017,276,DEU,Germany,M,Import,702,SGP,Singapore,0,W00,World,H5,HS,TRUE,811292,"Gallium, germanium, hafnium, indium, niobium (columbium), rhenium and vanadium; articles thereof, unwrought, including waste and scrap, powders",6,TRUE,C00,TOTAL CPC,0,0,TOTAL MOT,8,kg,118,FALSE,8,kg,118,FALSE,118,FALSE,0,FALSE,1663.61,,1663.61,0,FALSE,TRUE
C,A,20170101,2017,52,2017,276,DEU,Germany,M,Import,703,SVK,Slovakia,0,W00,World,H5,HS,TRUE,811292,"Gallium, germanium, hafnium, indium, niobium (columbium), rhenium and vanadium; articles thereof, unwrought, including waste and scrap, powders",6,TRUE,C00,TOTAL CPC,0,0,TOTAL MOT,8,kg,16081,FALSE,8,kg,16081,FALSE,16081,FALSE,0,FALSE,2265951.598,,2265951.598,0,FALSE,TRUE
C,A,20170101,2017,52,2017,276,DEU,Germany,M,Import,710,ZAF,South Africa,0,W00,World,H5,HS,TRUE,811292,"Gallium, germanium, hafnium, indium, niobium (columbium), rhenium and vanadium; articles thereof, unwrought, including waste and scrap, powders",6,TRUE,C00,TOTAL CPC,0,0,TOTAL MOT,8,kg,1627,FALSE,8,kg,1627,FALSE,1627,FALSE,0,FALSE,52457.352,,52457.352,0,FALSE,TRUE
C,A,20170101,2017,52,2017,276,DEU,Germany,M,Import,757,CHE,Switzerland,0,W00,World,H5,HS,TRUE,811292,"Gallium, germanium, hafnium, indium, niobium (columbium), rhenium and vanadium; articles thereof, unwrought, including waste and scrap, powders",6,TRUE,C00,TOTAL CPC,0,0,TOTAL MOT,8,kg,5566,FALSE,8,kg,5566,FALSE,5566,FALSE,0,FALSE,1032124.685,,1032124.685,0,FALSE,TRUE
C,A,20170101,2017,52,2017,276,DEU,Germany,M,Import,804,UKR,Ukraine,0,W00,World,H5,HS,TRUE,811292,"Gallium, germanium, hafnium, indium, niobium (columbium), rhenium and vanadium; articles thereof, unwrought, including waste and scrap, powders",6,TRUE,C00,TOTAL CPC,0,0,TOTAL MOT,8,kg,10530,FALSE,8,kg,10530,FALSE,10530,FALSE,0,FALSE,3907382.085,,3907382.085,0,FALSE,TRUE
C,A,20170101,2017,52,2017,276,DEU,Germany,M,Import,826,GBR,United Kingdom,0,W00,World,H5,HS,TRUE,811292,"Gallium, germanium, hafnium, indium, niobium (columbium), rhenium and vanadium; articles thereof, unwrought, including waste and scrap, powders",6,TRUE,C00,TOTAL CPC,0,0,TOTAL MOT,8,kg,12982.347,TRUE,-1,N/A,0,FALSE,12982.347,TRUE,0,FALSE,3074333.768,,3074333.768,6,FALSE,TRUE
C,A,20170101,2017,52,2017,276,DEU,Germany,M,Import,842,USA,USA,0,W00,World,H5,HS,TRUE,811292,"Gallium, germanium, hafnium, indium, niobium (columbium), rhenium and vanadium; articles thereof, unwrought, including waste and scrap, powders",6,TRUE,C00,TOTAL CPC,0,0,TOTAL MOT,8,kg,35305.137,TRUE,-1,N/A,0,FALSE,35305.137,TRUE,0,FALSE,10898303.7,,10898303.7,6,FALSE,TRUE
