typeCode,freqCode,refPeriodId,refYear,refMonth,Period,reporterCode,reporterISO,reporterDesc,flowCode,flowDesc,partnerCode,PartnerISO,PartnerDesc,partner2Code,partner2ISO,partner2Desc,classificationCode,classificationSearchCode,isOriginalClassification,cmdCode,cmdDesc,aggrLevel,isLeaf,customsCode,customsDesc,mosCode,motCode,motDesc,qtyUnitCode,qtyUnitAbbr,qty,isQtyEstimated,altQtyUnitCode,altQtyUnitAbbr,altQty,isAltQtyEstimated,NetWgt,isNetWgtEstimated,grossWgt,isGrossWgtEstimated,cifvalue,fobvalue,primaryValue,legacyEstimationFlag,isReported,isAggregate
C,A,20240101,2024,52,2024,276,DEU,Germany,M,Import,0,W00,World,0,W00,World,H6,HS,TRUE,710811,"Metals; gold, non-monetary, powder",6,TRUE,C00,TOTAL CPC,0,0,TOTAL MOT,8,kg,67.529,FALSE,8,kg,67.529,FALSE,76.835,FALSE,0,FALSE,4049640.778,,4049640.778,0,FALSE,TRUE
C,A,20240101,2024,52,2024,276,DEU,Germany,M,Import,40,AUT,Austria,0,W00,World,H6,HS,TRUE,710811,"Metals; gold, non-monetary, powder",6,TRUE,C00,TOTAL CPC,0,0,TOTAL MOT,8,kg,2.03,FALSE,8,kg,2.03,FALSE,2,FALSE,0,FALSE,175140.78,,175140.78,0,FALSE,TRUE
C,A,20240101,2024,52,2024,276,DEU,Germany,M,Import,251,FRA,France,0,W00,World,H6,HS,TRUE,710811,"Metals; gold, non-monetary, powder",6,TRUE,C00,TOTAL CPC,0,0,TOTAL MOT,8,kg,0.035,FALSE,8,kg,0.035,FALSE,0.035,FALSE,0,FALSE,2575.677,,2575.677,0,FALSE,TRUE
C,A,20240101,2024,52,2024,276,DEU,Germany,M,Import,380,ITA,Italy,0,W00,World,H6,HS,TRUE,710811,"Metals; gold, non-monetary, powder",6,TRUE,C00,TOTAL CPC,0,0,TOTAL MOT,8,kg,20.431,FALSE,8,kg,20.431,FALSE,21.485,FALSE,0,FALSE,1502902.144,,1502902.144,0,FALSE,TRUE
C,A,20240101,2024,52,2024,276,DEU,Germany,M,Import,392,JPN,Japan,0,W00,World,H6,HS,TRUE,710811,"Metals; gold, non-monetary, powder",6,TRUE,C00,TOTAL CPC,0,0,TOTAL MOT,8,kg,4.328,FALSE,8,kg,4.328,FALSE,5.068,FALSE,0,FALSE,42964.971,,42964.971,0,FALSE,TRUE
C,A,20240101,2024,52,2024,276,DEU,Germany,M,Import,757,CHE,Switzerland,0,W00,World,H6,HS,TRUE,710811,"Metals; gold, non-monetary, powder",6,TRUE,C00,TOTAL CPC,0,0,TOTAL MOT,8,kg,32.542,FALSE,8,kg,32.542,FALSE,39.659,FALSE,0,FALSE,1943375.353,,1943375.353,0,FALSE,TRUE
C,A,20240101,2024,52,2024,276,DEU,Germany,M,Import,792,TUR,Türkiye,0,W00,World,H6,HS,TRUE,710811,"Metals; gold, non-monetary, powder",6,TRUE,C00,TOTAL CPC,0,0,TOTAL MOT,8,kg,0.178,FALSE,8,kg,0.178,FALSE,0.178,FALSE,0,FALSE,9139.566,,9139.566,0,FALSE,TRUE
C,A,20240101,2024,52,2024,276,DEU,Germany,M,Import,826,GBR,United Kingdom,0,W00,World,H6,HS,TRUE,710811,"Metals; gold, non-monetary, powder",6,TRUE,C00,TOTAL CPC,0,0,TOTAL MOT,8,kg,4.73,FALSE,8,kg,4.73,FALSE,5.11,FALSE,0,FALSE,257412.589,,257412.589,0,FALSE,TRUE
C,A,20240101,2024,52,2024,276,DEU,Germany,M,Import,842,USA,USA,0,W00,World,H6,HS,TRUE,710811,"Metals; gold, non-monetary, powder",6,TRUE,C00,TOTAL CPC,0,0,TOTAL MOT,8,kg,3.255,FALSE,8,kg,3.255,FALSE,3.3,FALSE,0,FALSE,116129.699,,116129.699,0,FALSE,TRUE
C,A,20240101,2024,52,2024,276,DEU,Germany,M,Import,0,W00,World,0,W00,World,H6,HS,TRUE,710812,"Metals; gold, non-monetary, unwrought (but not powder)",6,TRUE,C00,TOTAL CPC,0,0,TOTAL MOT,8,kg,60644.13,FALSE,8,kg,60644.13,FALSE,60666.46,FALSE,0,FALSE,4217954195,,4217954195,0,FALSE,TRUE
C,A,20240101,2024,52,2024,276,DEU,Germany,M,Import,36,AUS,Australia,0,W00,World,H6,HS,TRUE,710812,"Metals; gold, non-monetary, unwrought (but not powder)",6,TRUE,C00,TOTAL CPC,0,0,TOTAL MOT,8,kg,510.465,FALSE,8,kg,510.465,FALSE,507.12,FALSE,0,FALSE,33677710.16,,33677710.16,0,FALSE,TRUE
C,A,20240101,2024,52,2024,276,DEU,Germany,M,Import,76,BRA,Brazil,0,W00,World,H6,HS,TRUE,710812,"Metals; gold, non-monetary, unwrought (but not powder)",6,TRUE,C00,TOTAL CPC,0,0,TOTAL MOT,8,kg,158.724,FALSE,8,kg,158.724,FALSE,159,FALSE,0,FALSE,13621242.25,,13621242.25,0,FALSE,TRUE
C,A,20240101,2024,52,2024,276,DEU,Germany,M,Import,100,BGR,Bulgaria,0,W00,World,H6,HS,TRUE,710812,"Metals; gold, non-monetary, unwrought (but not powder)",6,TRUE,C00,TOTAL CPC,0,0,TOTAL MOT,8,kg,0.456,FALSE,8,kg,0.456,FALSE,0.456,FALSE,0,FALSE,41441.36,,41441.36,0,FALSE,TRUE
C,A,20240101,2024,52,2024,276,DEU,Germany,M,Import,124,CAN,Canada,0,W00,World,H6,HS,TRUE,710812,"Metals; gold, non-monetary, unwrought (but not powder)",6,TRUE,C00,TOTAL CPC,0,0,TOTAL MOT,8,kg,433.336,FALSE,8,kg,433.336,FALSE,433.373,FALSE,0,FALSE,25310965.85,,25310965.85,0,FALSE,TRUE
C,A,20240101,2024,52,2024,276,DEU,Germany,M,Import,156,CHN,China,0,W00,World,H6,HS,TRUE,710812,"Metals; gold, non-monetary, unwrought (but not powder)",6,TRUE,C00,TOTAL CPC,0,0,TOTAL MOT,8,kg,0.96,FALSE,8,kg,0.96,FALSE,1.166,FALSE,0,FALSE,97317.199,,97317.199,0,FALSE,TRUE
C,A,20240101,2024,52,2024,276,DEU,Germany,M,Import,191,HRV,Croatia,0,W00,World,H6,HS,TRUE,710812,"Metals; gold, non-monetary, unwrought (but not powder)",6,TRUE,C00,TOTAL CPC,0,0,TOTAL MOT,8,kg,19.338,FALSE,8,kg,19.338,FALSE,19.341,FALSE,0,FALSE,1397537.265,,1397537.265,0,FALSE,TRUE
C,A,20240101,2024,52,2024,276,DEU,Germany,M,Import,196,CYP,Cyprus,0,W00,World,H6,HS,TRUE,710812,"Metals; gold, non-monetary, unwrought (but not powder)",6,TRUE,C00,TOTAL CPC,0,0,TOTAL MOT,8,kg,0.488,FALSE,8,kg,0.488,FALSE,0.488,FALSE,0,FALSE,26836.079,,26836.079,0,FALSE,TRUE
C,A,20240101,2024,52,2024,276,DEU,Germany,M,Import,203,CZE,Czechia,0,W00,World,H6,HS,TRUE,710812,"Metals; gold, non-monetary, unwrought (but not powder)",6,TRUE,C00,TOTAL CPC,0,0,TOTAL MOT,8,kg,172.738,FALSE,8,kg,172.738,FALSE,177,FALSE,0,FALSE,10557486.28,,10557486.28,0,FALSE,TRUE
C,A,20240101,2024,52,2024,276,DEU,Germany,M,Import,208,DNK,Denmark,0,W00,World,H6,HS,TRUE,710812,"Metals; gold, non-monetary, unwrought (but not powder)",6,TRUE,C00,TOTAL CPC,0,0,TOTAL MOT,8,kg,682.396,FALSE,8,kg,682.396,FALSE,683,FALSE,0,FALSE,35377000.85,,35377000.85,0,FALSE,TRUE
C,A,20240101,2024,52,2024,276,DEU,Germany,M,Import,233,EST,Estonia,0,W00,World,H6,HS,TRUE,710812,"Metals; gold, non-monetary, unwrought (but not powder)",6,TRUE,C00,TOTAL CPC,0,0,TOTAL MOT,8,kg,11.881,FALSE,8,kg,11.881,FALSE,12.234,FALSE,0,FALSE,867972.676,,867972.676,0,FALSE,TRUE
C,A,20240101,2024,52,2024,276,DEU,Germany,M,Import,246,FIN,Finland,0,W00,World,H6,HS,TRUE,710812,"Metals; gold, non-monetary, unwrought (but not powder)",6,TRUE,C00,TOTAL CPC,0,0,TOTAL MOT,8,kg,87.863,FALSE,8,kg,87.863,FALSE,90,FALSE,0,FALSE,5325156.143,,5325156.143,0,FALSE,TRUE
C,A,20240101,2024,52,2024,276,DEU,Germany,M,Import,251,FRA,France,0,W00,World,H6,HS,TRUE,710812,"Metals; gold, non-monetary, unwrought (but not powder)",6,TRUE,C00,TOTAL CPC,0,0,TOTAL MOT,8,kg,4552.935,FALSE,8,kg,4552.935,FALSE,4555.06,FALSE,0,FALSE,244208987.3,,244208987.3,0,FALSE,TRUE
C,A,20240101,2024,52,2024,276,DEU,Germany,M,Import,292,GIB,Gibraltar,0,W00,World,H6,HS,TRUE,710812,"Metals; gold, non-monetary, unwrought (but not powder)",6,TRUE,C00,TOTAL CPC,0,0,TOTAL MOT,8,kg,0.019,FALSE,8,kg,0.019,FALSE,0.019,FALSE,0,FALSE,1145.327,,1145.327,0,FALSE,TRUE
C,A,20240101,2024,52,2024,276,DEU,Germany,M,Import,300,GRC,Greece,0,W00,World,H6,HS,TRUE,710812,"Metals; gold, non-monetary, unwrought (but not powder)",6,TRUE,C00,TOTAL CPC,0,0,TOTAL MOT,8,kg,52.025,FALSE,8,kg,52.025,FALSE,44.857,FALSE,0,FALSE,2350623.588,,2350623.588,0,FALSE,TRUE
C,A,20240101,2024,52,2024,276,DEU,Germany,M,Import,344,HKG,"China, Hong Kong SAR",0,W00,World,H6,HS,TRUE,710812,"Metals; gold, non-monetary, unwrought (but not powder)",6,TRUE,C00,TOTAL CPC,0,0,TOTAL MOT,8,kg,12.465,FALSE,8,kg,12.465,FALSE,12,FALSE,0,FALSE,936829.59,,936829.59,0,FALSE,TRUE
C,A,20240101,2024,52,2024,276,DEU,Germany,M,Import,348,HUN,Hungary,0,W00,World,H6,HS,TRUE,710812,"Metals; gold, non-monetary, unwrought (but not powder)",6,TRUE,C00,TOTAL CPC,0,0,TOTAL MOT,8,kg,17.069,FALSE,8,kg,17.069,FALSE,15.482,FALSE,0,FALSE,803620.577,,803620.577,0,FALSE,TRUE
C,A,20240101,2024,52,2024,276,DEU,Germany,M,Import,372,IRL,Ireland,0,W00,World,H6,HS,TRUE,710812,"Metals; gold, non-monetary, unwrought (but not powder)",6,TRUE,C00,TOTAL CPC,0,0,TOTAL MOT,8,kg,141.011,FALSE,8,kg,141.011,FALSE,142,FALSE,0,FALSE,10503508.14,,10503508.14,0,FALSE,TRUE
C,A,20240101,2024,52,2024,276,DEU,Germany,M,Import,376,ISR,Israel,0,W00,World,H6,HS,TRUE,710812,"Metals; gold, non-monetary, unwrought (but not powder)",6,TRUE,C00,TOTAL CPC,0,0,TOTAL MOT,8,kg,0.009,FALSE,8,kg,0.009,FALSE,0.009,FALSE,0,FALSE,957.758,,957.758,0,FALSE,TRUE
C,A,20240101,2024,52,2024,276,DEU,Germany,M,Import,380,ITA,Italy,0,W00,World,H6,HS,TRUE,710812,"Metals; gold, non-monetary, unwrought (but not powder)",6,TRUE,C00,TOTAL CPC,0,0,TOTAL MOT,8,kg,129.808,FALSE,8,kg,129.808,FALSE,130.25,FALSE,0,FALSE,7956650.051,,7956650.051,0,FALSE,TRUE
C,A,20240101,2024,52,2024,276,DEU,Germany,M,Import,392,JPN,Japan,0,W00,World,H6,HS,TRUE,710812,"Metals; gold, non-monetary, unwrought (but not powder)",6,TRUE,C00,TOTAL CPC,0,0,TOTAL MOT,8,kg,0.114,FALSE,8,kg,0.114,FALSE,0.114,FALSE,0,FALSE,13747.072,,13747.072,0,FALSE,TRUE
C,A,20240101,2024,52,2024,276,DEU,Germany,M,Import,410,KOR,Rep. of Korea,0,W00,World,H6,HS,TRUE,710812,"Metals; gold, non-monetary, unwrought (but not powder)",6,TRUE,C00,TOTAL CPC,0,0,TOTAL MOT,8,kg,0.326,FALSE,8,kg,0.326,FALSE,0.326,FALSE,0,FALSE,24748.712,,24748.712,0,FALSE,TRUE
C,A,20240101,2024,52,2024,276,DEU,Germany,M,Import,428,LVA,Latvia,0,W00,World,H6,HS,TRUE,710812,"Metals; gold, non-monetary, unwrought (but not powder)",6,TRUE,C00,TOTAL CPC,0,0,TOTAL MOT,8,kg,0.13,FALSE,8,kg,0.13,FALSE,0.13,FALSE,0,FALSE,9079.837,,9079.837,0,FALSE,TRUE
C,A,20240101,2024,52,2024,276,DEU,Germany,M,Import,440,LTU,Lithuania,0,W00,World,H6,HS,TRUE,710812,"Metals; gold, non-monetary, unwrought (but not powder)",6,TRUE,C00,TOTAL CPC,0,0,TOTAL MOT,8,kg,26.543,FALSE,8,kg,26.543,FALSE,26.39,FALSE,0,FALSE,1701590.771,,1701590.771,0,FALSE,TRUE
C,A,20240101,2024,52,2024,276,DEU,Germany,M,Import,442,LUX,Luxembourg,0,W00,World,H6,HS,TRUE,710812,"Metals; gold, non-monetary, unwrought (but not powder)",6,TRUE,C00,TOTAL CPC,0,0,TOTAL MOT,8,kg,454.084,FALSE,8,kg,454.084,FALSE,453.24,FALSE,0,FALSE,31606735.07,,31606735.07,0,FALSE,TRUE
C,A,20240101,2024,52,2024,276,DEU,Germany,M,Import,528,NLD,Netherlands,0,W00,World,H6,HS,TRUE,710812,"Metals; gold, non-monetary, unwrought (but not powder)",6,TRUE,C00,TOTAL CPC,0,0,TOTAL MOT,8,kg,7271.596,FALSE,8,kg,7271.596,FALSE,7268.096,FALSE,0,FALSE,418458492.6,,418458492.6,0,FALSE,TRUE
C,A,20240101,2024,52,2024,276,DEU,Germany,M,Import,579,NOR,Norway,0,W00,World,H6,HS,TRUE,710812,"Metals; gold, non-monetary, unwrought (but not powder)",6,TRUE,C00,TOTAL CPC,0,0,TOTAL MOT,8,kg,1.687,FALSE,8,kg,1.687,FALSE,1.3,FALSE,0,FALSE,109283.932,,109283.932,0,FALSE,TRUE
C,A,20240101,2024,52,2024,276,DEU,Germany,M,Import,616,POL,Poland,0,W00,World,H6,HS,TRUE,710812,"Metals; gold, non-monetary, unwrought (but not powder)",6,TRUE,C00,TOTAL CPC,0,0,TOTAL MOT,8,kg,381.843,FALSE,8,kg,381.843,FALSE,382.021,FALSE,0,FALSE,17264795.84,,17264795.84,0,FALSE,TRUE
C,A,20240101,2024,52,2024,276,DEU,Germany,M,Import,620,PRT,Portugal,0,W00,World,H6,HS,TRUE,710812,"Metals; gold, non-monetary, unwrought (but not powder)",6,TRUE,C00,TOTAL CPC,0,0,TOTAL MOT,8,kg,838.658,FALSE,8,kg,838.658,FALSE,842,FALSE,0,FALSE,62405597.29,,62405597.29,0,FALSE,TRUE
C,A,20240101,2024,52,2024,276,DEU,Germany,M,Import,642,ROU,Romania,0,W00,World,H6,HS,TRUE,710812,"Metals; gold, non-monetary, unwrought (but not powder)",6,TRUE,C00,TOTAL CPC,0,0,TOTAL MOT,8,kg,35.362,FALSE,8,kg,35.362,FALSE,36.062,FALSE,0,FALSE,2626126.692,,2626126.692,0,FALSE,TRUE
C,A,20240101,2024,52,2024,276,DEU,Germany,M,Import,682,SAU,Saudi Arabia,0,W00,World,H6,HS,TRUE,710812,"Metals; gold, non-monetary, unwrought (but not powder)",6,TRUE,C00,TOTAL CPC,0,0,TOTAL MOT,8,kg,0.05,FALSE,8,kg,0.05,FALSE,0.05,FALSE,0,FALSE,3143.625,,3143.625,0,FALSE,TRUE
C,A,20240101,2024,52,2024,276,DEU,Germany,M,Import,702,SGP,Singapore,0,W00,World,H6,HS,TRUE,710812,"Metals; gold, non-monetary, unwrought (but not powder)",6,TRUE,C00,TOTAL CPC,0,0,TOTAL MOT,8,kg,0.1,FALSE,8,kg,0.1,FALSE,0.1,FALSE,0,FALSE,8227.914,,8227.914,0,FALSE,TRUE
C,A,20240101,2024,52,2024,276,DEU,Germany,M,Import,703,SVK,Slovakia,0,W00,World,H6,HS,TRUE,710812,"Metals; gold, non-monetary, unwrought (but not powder)",6,TRUE,C00,TOTAL CPC,0,0,TOTAL MOT,8,kg,0.387,FALSE,8,kg,0.387,FALSE,0.387,FALSE,0,FALSE,30235.385,,30235.385,0,FALSE,TRUE
C,A,20240101,2024,52,2024,276,DEU,Germany,M,Import,705,SVN,Slovenia,0,W00,World,H6,HS,TRUE,710812,"Metals; gold, non-monetary, unwrought (but not powder)",6,TRUE,C00,TOTAL CPC,0,0,TOTAL MOT,8,kg,67.083,FALSE,8,kg,67.083,FALSE,68,FALSE,0,FALSE,4791213.533,,4791213.533,0,FALSE,TRUE
C,A,20240101,2024,52,2024,276,DEU,Germany,M,Import,710,ZAF,South Africa,0,W00,World,H6,HS,TRUE,710812,"Metals; gold, non-monetary, unwrought (but not powder)",6,TRUE,C00,TOTAL CPC,0,0,TOTAL MOT,8,kg,19.71,FALSE,8,kg,19.71,FALSE,19.336,FALSE,0,FALSE,1452262.537,,1452262.537,0,FALSE,TRUE
C,A,20240101,2024,52,2024,276,DEU,Germany,M,Import,724,ESP,Spain,0,W00,World,H6,HS,TRUE,710812,"Metals; gold, non-monetary, unwrought (but not powder)",6,TRUE,C00,TOTAL CPC,0,0,TOTAL MOT,8,kg,35.264,FALSE,8,kg,35.264,FALSE,37.118,FALSE,0,FALSE,2770172.829,,2770172.829,0,FALSE,TRUE
C,A,20240101,2024,52,2024,276,DEU,Germany,M,Import,752,SWE,Sweden,0,W00,World,H6,HS,TRUE,710812,"Metals; gold, non-monetary, unwrought (but not powder)",6,TRUE,C00,TOTAL CPC,0,0,TOTAL MOT,8,kg,546.857,FALSE,8,kg,546.857,FALSE,548,FALSE,0,FALSE,35838690.38,,35838690.38,0,FALSE,TRUE
C,A,20240101,2024,52,2024,276,DEU,Germany,M,Import,757,CHE,Switzerland,0,W00,World,H6,HS,TRUE,710812,"Metals; gold, non-monetary, unwrought (but not powder)",6,TRUE,C00,TOTAL CPC,0,0,TOTAL MOT,8,kg,25289.933,FALSE,8,kg,25289.933,FALSE,25320.149,FALSE,0,FALSE,1864918768,,1864918768,0,FALSE,TRUE
C,A,20240101,2024,52,2024,276,DEU,Germany,M,Import,764,THA,Thailand,0,W00,World,H6,HS,TRUE,710812,"Metals; gold, non-monetary, unwrought (but not powder)",6,TRUE,C00,TOTAL CPC,0,0,TOTAL MOT,8,kg,463.318,FALSE,8,kg,463.318,FALSE,463,FALSE,0,FALSE,21065363.01,,21065363.01,0,FALSE,TRUE
C,A,20240101,2024,52,2024,276,DEU,Germany,M,Import,784,ARE,United Arab Emirates,0,W00,World,H6,HS,TRUE,710812,"Metals; gold, non-monetary, unwrought (but not powder)",6,TRUE,C00,TOTAL CPC,0,0,TOTAL MOT,8,kg,206.732,FALSE,8,kg,206.732,FALSE,208.198,FALSE,0,FALSE,17168718.27,,17168718.27,0,FALSE,TRUE
C,A,20240101,2024,52,2024,276,DEU,Germany,M,Import,792,TUR,Türkiye,0,W00,World,H6,HS,TRUE,710812,"Metals; gold, non-monetary, unwrought (but not powder)",6,TRUE,C00,TOTAL CPC,0,0,TOTAL MOT,8,kg,11.741,FALSE,8,kg,11.741,FALSE,14,FALSE,0,FALSE,895691.066,,895691.066,0,FALSE,TRUE
C,A,20240101,2024,52,2024,276,DEU,Germany,M,Import,826,GBR,United Kingdom,0,W00,World,H6,HS,TRUE,710812,"Metals; gold, non-monetary, unwrought (but not powder)",6,TRUE,C00,TOTAL CPC,0,0,TOTAL MOT,8,kg,1422.933,FALSE,8,kg,1422.933,FALSE,1412.353,FALSE,0,FALSE,109362216.3,,109362216.3,0,FALSE,TRUE
C,A,20240101,2024,52,2024,276,DEU,Germany,M,Import,842,USA,USA,0,W00,World,H6,HS,TRUE,710812,"Metals; gold, non-monetary, unwrought (but not powder)",6,TRUE,C00,TOTAL CPC,0,0,TOTAL MOT,8,kg,1965.793,FALSE,8,kg,1965.793,FALSE,1966.235,FALSE,0,FALSE,144823191.7,,144823191.7,0,FALSE,TRUE
C,A,20240101,2024,52,2024,276,DEU,Germany,M,Import,899,_X ,"Areas, nes",0,W00,World,H6,HS,TRUE,710812,"Metals; gold, non-monetary, unwrought (but not powder)",6,TRUE,C00,TOTAL CPC,0,0,TOTAL MOT,8,kg,14619.9,FALSE,8,kg,14619.9,FALSE,14617,FALSE,0,FALSE,1087543115,,1087543115,0,FALSE,TRUE
C,A,20240101,2024,52,2024,276,DEU,Germany,M,Import,0,W00,World,0,W00,World,H6,HS,TRUE,711011,"Metals; platinum, unwrought or in powder form",6,TRUE,C00,TOTAL CPC,0,0,TOTAL MOT,8,kg,33370.923,TRUE,8,kg,33370.923,FALSE,33390.635,TRUE,0,FALSE,1016238513,,1016238513,6,FALSE,TRUE
C,A,20240101,2024,52,2024,276,DEU,Germany,M,Import,40,AUT,Austria,0,W00,World,H6,HS,TRUE,711011,"Metals; platinum, unwrought or in powder form",6,TRUE,C00,TOTAL CPC,0,0,TOTAL MOT,8,kg,856.39,FALSE,8,kg,856.39,FALSE,854.478,FALSE,0,FALSE,26640599.76,,26640599.76,0,FALSE,TRUE
C,A,20240101,2024,52,2024,276,DEU,Germany,M,Import,124,CAN,Canada,0,W00,World,H6,HS,TRUE,711011,"Metals; platinum, unwrought or in powder form",6,TRUE,C00,TOTAL CPC,0,0,TOTAL MOT,8,kg,467.092,FALSE,8,kg,467.092,FALSE,467,FALSE,0,FALSE,8423050.83,,8423050.83,0,FALSE,TRUE
C,A,20240101,2024,52,2024,276,DEU,Germany,M,Import,156,CHN,China,0,W00,World,H6,HS,TRUE,711011,"Metals; platinum, unwrought or in powder form",6,TRUE,C00,TOTAL CPC,0,0,TOTAL MOT,8,kg,0.005,TRUE,8,kg,0.005,FALSE,0.005,TRUE,0,FALSE,1242.78,,1242.78,6,FALSE,TRUE
C,A,20240101,2024,52,2024,276,DEU,Germany,M,Import,203,CZE,Czechia,0,W00,World,H6,HS,TRUE,711011,"Metals; platinum, unwrought or in powder form",6,TRUE,C00,TOTAL CPC,0,0,TOTAL MOT,8,kg,18.047,FALSE,8,kg,18.047,FALSE,18.021,FALSE,0,FALSE,539141.118,,539141.118,0,FALSE,TRUE
C,A,20240101,2024,52,2024,276,DEU,Germany,M,Import,208,DNK,Denmark,0,W00,World,H6,HS,TRUE,711011,"Metals; platinum, unwrought or in powder form",6,TRUE,C00,TOTAL CPC,0,0,TOTAL MOT,8,kg,0.331,FALSE,8,kg,0.331,FALSE,0.331,FALSE,0,FALSE,9708.562,,9708.562,0,FALSE,TRUE
C,A,20240101,2024,52,2024,276,DEU,Germany,M,Import,233,EST,Estonia,0,W00,World,H6,HS,TRUE,711011,"Metals; platinum, unwrought or in powder form",6,TRUE,C00,TOTAL CPC,0,0,TOTAL MOT,8,kg,0.052,FALSE,8,kg,0.052,FALSE,0.052,FALSE,0,FALSE,1433.493,,1433.493,0,FALSE,TRUE
C,A,20240101,2024,52,2024,276,DEU,Germany,M,Import,246,FIN,Finland,0,W00,World,H6,HS,TRUE,711011,"Metals; platinum, unwrought or in powder form",6,TRUE,C00,TOTAL CPC,0,0,TOTAL MOT,8,kg,3.877,FALSE,8,kg,3.877,FALSE,4.02,FALSE,0,FALSE,115397.234,,115397.234,0,FALSE,TRUE
C,A,20240101,2024,52,2024,276,DEU,Germany,M,Import,251,FRA,France,0,W00,World,H6,HS,TRUE,711011,"Metals; platinum, unwrought or in powder form",6,TRUE,C00,TOTAL CPC,0,0,TOTAL MOT,8,kg,302.769,FALSE,8,kg,302.769,FALSE,301.295,FALSE,0,FALSE,12019524.44,,12019524.44,0,FALSE,TRUE
C,A,20240101,2024,52,2024,276,DEU,Germany,M,Import,300,GRC,Greece,0,W00,World,H6,HS,TRUE,711011,"Metals; platinum, unwrought or in powder form",6,TRUE,C00,TOTAL CPC,0,0,TOTAL MOT,8,kg,0.091,FALSE,8,kg,0.091,FALSE,0.091,FALSE,0,FALSE,2724.475,,2724.475,0,FALSE,TRUE
C,A,20240101,2024,52,2024,276,DEU,Germany,M,Import,348,HUN,Hungary,0,W00,World,H6,HS,TRUE,711011,"Metals; platinum, unwrought or in powder form",6,TRUE,C00,TOTAL CPC,0,0,TOTAL MOT,8,kg,21.228,FALSE,8,kg,21.228,FALSE,22.077,FALSE,0,FALSE,640838.435,,640838.435,0,FALSE,TRUE
C,A,20240101,2024,52,2024,276,DEU,Germany,M,Import,372,IRL,Ireland,0,W00,World,H6,HS,TRUE,711011,"Metals; platinum, unwrought or in powder form",6,TRUE,C00,TOTAL CPC,0,0,TOTAL MOT,8,kg,4.915,FALSE,8,kg,4.915,FALSE,5.142,FALSE,0,FALSE,145305.683,,145305.683,0,FALSE,TRUE
C,A,20240101,2024,52,2024,276,DEU,Germany,M,Import,380,ITA,Italy,0,W00,World,H6,HS,TRUE,711011,"Metals; platinum, unwrought or in powder form",6,TRUE,C00,TOTAL CPC,0,0,TOTAL MOT,8,kg,3437.419,FALSE,8,kg,3437.419,FALSE,3440,FALSE,0,FALSE,104146765.3,,104146765.3,0,FALSE,TRUE
C,A,20240101,2024,52,2024,276,DEU,Germany,M,Import,392,JPN,Japan,0,W00,World,H6,HS,TRUE,711011,"Metals; platinum, unwrought or in powder form",6,TRUE,C00,TOTAL CPC,0,0,TOTAL MOT,8,kg,1304.64,FALSE,8,kg,1304.64,FALSE,1304.46,FALSE,0,FALSE,40671683.74,,40671683.74,0,FALSE,TRUE
C,A,20240101,2024,52,2024,276,DEU,Germany,M,Import,410,KOR,Rep. of Korea,0,W00,World,H6,HS,TRUE,711011,"Metals; platinum, unwrought or in powder form",6,TRUE,C00,TOTAL CPC,0,0,TOTAL MOT,8,kg,306.27,FALSE,8,kg,306.27,FALSE,306,FALSE,0,FALSE,8886522.799,,8886522.799,0,FALSE,TRUE
C,A,20240101,2024,52,2024,276,DEU,Germany,M,Import,428,LVA,Latvia,0,W00,World,H6,HS,TRUE,711011,"Metals; platinum, unwrought or in powder form",6,TRUE,C00,TOTAL CPC,0,0,TOTAL MOT,8,kg,1.06,FALSE,8,kg,1.06,FALSE,1.17,FALSE,0,FALSE,30942.701,,30942.701,0,FALSE,TRUE
C,A,20240101,2024,52,2024,276,DEU,Germany,M,Import,440,LTU,Lithuania,0,W00,World,H6,HS,TRUE,711011,"Metals; platinum, unwrought or in powder form",6,TRUE,C00,TOTAL CPC,0,0,TOTAL MOT,8,kg,77.04,FALSE,8,kg,77.04,FALSE,76.32,FALSE,0,FALSE,2283949.398,,2283949.398,0,FALSE,TRUE
C,A,20240101,2024,52,2024,276,DEU,Germany,M,Import,442,LUX,Luxembourg,0,W00,World,H6,HS,TRUE,711011,"Metals; platinum, unwrought or in powder form",6,TRUE,C00,TOTAL CPC,0,0,TOTAL MOT,8,kg,2.124,FALSE,8,kg,2.124,FALSE,2.124,FALSE,0,FALSE,55116.129,,55116.129,0,FALSE,TRUE
C,A,20240101,2024,52,2024,276,DEU,Germany,M,Import,579,NOR,Norway,0,W00,World,H6,HS,TRUE,711011,"Metals; platinum, unwrought or in powder form",6,TRUE,C00,TOTAL CPC,0,0,TOTAL MOT,8,kg,0.004,FALSE,8,kg,0.004,FALSE,0.004,FALSE,0,FALSE,137.272,,137.272,0,FALSE,TRUE
C,A,20240101,2024,52,2024,276,DEU,Germany,M,Import,616,POL,Poland,0,W00,World,H6,HS,TRUE,711011,"Metals; platinum, unwrought or in powder form",6,TRUE,C00,TOTAL CPC,0,0,TOTAL MOT,8,kg,114.253,FALSE,8,kg,114.253,FALSE,113,FALSE,0,FALSE,3924660.727,,3924660.727,0,FALSE,TRUE
C,A,20240101,2024,52,2024,276,DEU,Germany,M,Import,620,PRT,Portugal,0,W00,World,H6,HS,TRUE,711011,"Metals; platinum, unwrought or in powder form",6,TRUE,C00,TOTAL CPC,0,0,TOTAL MOT,8,kg,0.421,FALSE,8,kg,0.421,FALSE,0.421,FALSE,0,FALSE,11452.226,,11452.226,0,FALSE,TRUE
C,A,20240101,2024,52,2024,276,DEU,Germany,M,Import,705,SVN,Slovenia,0,W00,World,H6,HS,TRUE,711011,"Metals; platinum, unwrought or in powder form",6,TRUE,C00,TOTAL CPC,0,0,TOTAL MOT,8,kg,0.495,FALSE,8,kg,0.495,FALSE,0.495,FALSE,0,FALSE,13896.918,,13896.918,0,FALSE,TRUE
C,A,20240101,2024,52,2024,276,DEU,Germany,M,Import,710,ZAF,South Africa,0,W00,World,H6,HS,TRUE,711011,"Metals; platinum, unwrought or in powder form",6,TRUE,C00,TOTAL CPC,0,0,TOTAL MOT,8,kg,13739.645,FALSE,8,kg,13739.645,FALSE,13753,FALSE,0,FALSE,419344701.5,,419344701.5,0,FALSE,TRUE
C,A,20240101,2024,52,2024,276,DEU,Germany,M,Import,724,ESP,Spain,0,W00,World,H6,HS,TRUE,711011,"Metals; platinum, unwrought or in powder form",6,TRUE,C00,TOTAL CPC,0,0,TOTAL MOT,8,kg,9.736,FALSE,8,kg,9.736,FALSE,8.566,FALSE,0,FALSE,279150.756,,279150.756,0,FALSE,TRUE
C,A,20240101,2024,52,2024,276,DEU,Germany,M,Import,752,SWE,Sweden,0,W00,World,H6,HS,TRUE,711011,"Metals; platinum, unwrought or in powder form",6,TRUE,C00,TOTAL CPC,0,0,TOTAL MOT,8,kg,0.052,FALSE,8,kg,0.052,FALSE,0.052,FALSE,0,FALSE,1503.701,,1503.701,0,FALSE,TRUE
C,A,20240101,2024,52,2024,276,DEU,Germany,M,Import,757,CHE,Switzerland,0,W00,World,H6,HS,TRUE,711011,"Metals; platinum, unwrought or in powder form",6,TRUE,C00,TOTAL CPC,0,0,TOTAL MOT,8,kg,1078.753,FALSE,8,kg,1078.753,FALSE,1086,FALSE,0,FALSE,32985373.91,,32985373.91,0,FALSE,TRUE
C,A,20240101,2024,52,2024,276,DEU,Germany,M,Import,784,ARE,United Arab Emirates,0,W00,World,H6,HS,TRUE,711011,"Metals; platinum, unwrought or in powder form",6,TRUE,C00,TOTAL CPC,0,0,TOTAL MOT,8,kg,14.523,FALSE,8,kg,14.523,FALSE,15,FALSE,0,FALSE,235870.375,,235870.375,0,FALSE,TRUE
C,A,20240101,2024,52,2024,276,DEU,Germany,M,Import,792,TUR,Türkiye,0,W00,World,H6,HS,TRUE,711011,"Metals; platinum, unwrought or in powder form",6,TRUE,C00,TOTAL CPC,0,0,TOTAL MOT,8,kg,2.89,FALSE,8,kg,2.89,FALSE,3,FALSE,0,FALSE,96949.395,,96949.395,0,FALSE,TRUE
C,A,20240101,2024,52,2024,276,DEU,Germany,M,Import,818,EGY,Egypt,0,W00,World,H6,HS,TRUE,711011,"Metals; platinum, unwrought or in powder form",6,TRUE,C00,TOTAL CPC,0,0,TOTAL MOT,8,kg,0.915,FALSE,8,kg,0.915,FALSE,1,FALSE,0,FALSE,29195.893,,29195.893,0,FALSE,TRUE
C,A,20240101,2024,52,2024,276,DEU,Germany,M,Import,826,GBR,United Kingdom,0,W00,World,H6,HS,TRUE,711011,"Metals; platinum, unwrought or in powder form",6,TRUE,C00,TOTAL CPC,0,0,TOTAL MOT,8,kg,973.348,FALSE,8,kg,973.348,FALSE,972.433,FALSE,0,FALSE,30071960.76,,30071960.76,0,FALSE,TRUE
C,A,20240101,2024,52,2024,276,DEU,Germany,M,Import,842,USA,USA,0,W00,World,H6,HS,TRUE,711011,"Metals; platinum, unwrought or in powder form",6,TRUE,C00,TOTAL CPC,0,0,TOTAL MOT,8,kg,1765.448,FALSE,8,kg,1765.448,FALSE,1764.078,FALSE,0,FALSE,53343804.82,,53343804.82,0,FALSE,TRUE
C,A,20240101,2024,52,2024,276,DEU,Germany,M,Import,899,_X ,"Areas, nes",0,W00,World,H6,HS,TRUE,711011,"Metals; platinum, unwrought or in powder form",6,TRUE,C00,TOTAL CPC,0,0,TOTAL MOT,8,kg,8867.09,FALSE,8,kg,8867.09,FALSE,8871,FALSE,0,FALSE,271285907.5,,271285907.5,0,FALSE,TRUE
C,A,20240101,2024,52,2024,276,DEU,Germany,M,Import,0,W00,World,0,W00,World,H6,HS,TRUE,720280,Ferro-alloys; ferro-tungsten and ferro-silico-tungsten,6,TRUE,C00,TOTAL CPC,0,0,TOTAL MOT,8,kg,537324,FALSE,8,kg,537324,FALSE,537324,FALSE,0,FALSE,16048902.46,,16048902.46,0,FALSE,TRUE
C,A,20240101,2024,52,2024,276,DEU,Germany,M,Import,56,BEL,Belgium,0,W00,World,H6,HS,TRUE,720280,Ferro-alloys; ferro-tungsten and ferro-silico-tungsten,6,TRUE,C00,TOTAL CPC,0,0,TOTAL MOT,8,kg,6874,FALSE,8,kg,6874,FALSE,6874,FALSE,0,FALSE,193239.677,,193239.677,0,FALSE,TRUE
C,A,20240101,2024,52,2024,276,DEU,Germany,M,Import,156,CHN,China,0,W00,World,H6,HS,TRUE,720280,Ferro-alloys; ferro-tungsten and ferro-silico-tungsten,6,TRUE,C00,TOTAL CPC,0,0,TOTAL MOT,8,kg,424210,FALSE,8,kg,424210,FALSE,424210,FALSE,0,FALSE,12514888.49,,12514888.49,0,FALSE,TRUE
C,A,20240101,2024,52,2024,276,DEU,Germany,M,Import,208,DNK,Denmark,0,W00,World,H6,HS,TRUE,720280,Ferro-alloys; ferro-tungsten and ferro-silico-tungsten,6,TRUE,C00,TOTAL CPC,0,0,TOTAL MOT,8,kg,1385,FALSE,8,kg,1385,FALSE,1385,FALSE,0,FALSE,39108.791,,39108.791,0,FALSE,TRUE
C,A,20240101,2024,52,2024,276,DEU,Germany,M,Import,233,EST,Estonia,0,W00,World,H6,HS,TRUE,720280,Ferro-alloys; ferro-tungsten and ferro-silico-tungsten,6,TRUE,C00,TOTAL CPC,0,0,TOTAL MOT,8,kg,2000,FALSE,8,kg,2000,FALSE,2000,FALSE,0,FALSE,64705.233,,64705.233,0,FALSE,TRUE
C,A,20240101,2024,52,2024,276,DEU,Germany,M,Import,251,FRA,France,0,W00,World,H6,HS,TRUE,720280,Ferro-alloys; ferro-tungsten and ferro-silico-tungsten,6,TRUE,C00,TOTAL CPC,0,0,TOTAL MOT,8,kg,1096,FALSE,8,kg,1096,FALSE,1096,FALSE,0,FALSE,33508.947,,33508.947,0,FALSE,TRUE
C,A,20240101,2024,52,2024,276,DEU,Germany,M,Import,528,NLD,Netherlands,0,W00,World,H6,HS,TRUE,720280,Ferro-alloys; ferro-tungsten and ferro-silico-tungsten,6,TRUE,C00,TOTAL CPC,0,0,TOTAL MOT,8,kg,49481,FALSE,8,kg,49481,FALSE,49481,FALSE,0,FALSE,1581680.339,,1581680.339,0,FALSE,TRUE
C,A,20240101,2024,52,2024,276,DEU,Germany,M,Import,704,VNM,Viet Nam,0,W00,World,H6,HS,TRUE,720280,Ferro-alloys; ferro-tungsten and ferro-silico-tungsten,6,TRUE,C00,TOTAL CPC,0,0,TOTAL MOT,8,kg,52278,FALSE,8,kg,52278,FALSE,52278,FALSE,0,FALSE,1621770.988,,1621770.988,0,FALSE,TRUE
C,A,20240101,2024,52,2024,276,DEU,Germany,M,Import,0,W00,World,0,W00,World,H6,HS,TRUE,720292,Ferro-alloys; ferro-vanadium,6,TRUE,C00,TOTAL CPC,0,0,TOTAL MOT,8,kg,3703408.476,TRUE,-1,N/A,0,FALSE,3703408.476,TRUE,0,FALSE,67828483.49,,67828483.49,6,FALSE,TRUE
C,A,20240101,2024,52,2024,276,DEU,Germany,M,Import,40,AUT,Austria,0,W00,World,H6,HS,TRUE,720292,Ferro-alloys; ferro-vanadium,6,TRUE,C00,TOTAL CPC,0,0,TOTAL MOT,8,kg,1954445,FALSE,8,kg,1954445,FALSE,1954445,FALSE,0,FALSE,35318771.48,,35318771.48,0,FALSE,TRUE
C,A,20240101,2024,52,2024,276,DEU,Germany,M,Import,156,CHN,China,0,W00,World,H6,HS,TRUE,720292,Ferro-alloys; ferro-vanadium,6,TRUE,C00,TOTAL CPC,0,0,TOTAL MOT,8,kg,168075,FALSE,8,kg,168075,FALSE,168075,FALSE,0,FALSE,3379905.094,,3379905.094,0,FALSE,TRUE
C,A,20240101,2024,52,2024,276,DEU,Germany,M,Import,203,CZE,Czechia,0,W00,World,H6,HS,TRUE,720292,Ferro-alloys; ferro-vanadium,6,TRUE,C00,TOTAL CPC,0,0,TOTAL MOT,8,kg,362247,FALSE,8,kg,362247,FALSE,362247,FALSE,0,FALSE,6423888.708,,6423888.708,0,FALSE,TRUE
C,A,20240101,2024,52,2024,276,DEU,Germany,M,Import,246,FIN,Finland,0,W00,World,H6,HS,TRUE,720292,Ferro-alloys; ferro-vanadium,6,TRUE,C00,TOTAL CPC,0,0,TOTAL MOT,8,kg,218,FALSE,8,kg,218,FALSE,218,FALSE,0,FALSE,4877.858,,4877.858,0,FALSE,TRUE
C,A,20240101,2024,52,2024,276,DEU,Germany,M,Import,251,FRA,France,0,W00,World,H6,HS,TRUE,720292,Ferro-alloys; ferro-vanadium,6,TRUE,C00,TOTAL CPC,0,0,TOTAL MOT,8,kg,7220,FALSE,8,kg,7220,FALSE,7220,FALSE,0,FALSE,156508.514,,156508.514,0,FALSE,TRUE
C,A,20240101,2024,52,2024,276,DEU,Germany,M,Import,380,ITA,Italy,0,W00,World,H6,HS,TRUE,720292,Ferro-alloys; ferro-vanadium,6,TRUE,C00,TOTAL CPC,0,0,TOTAL MOT,8,kg,8000,FALSE,8,kg,8000,FALSE,8000,FALSE,0,FALSE,175730.733,,175730.733,0,FALSE,TRUE
C,A,20240101,2024,52,2024,276,DEU,Germany,M,Import,392,JPN,Japan,0,W00,World,H6,HS,TRUE,720292,Ferro-alloys; ferro-vanadium,6,TRUE,C00,TOTAL CPC,0,0,TOTAL MOT,8,kg,15179,FALSE,8,kg,15179,FALSE,15179,FALSE,0,FALSE,231964.945,,231964.945,0,FALSE,TRUE
C,A,20240101,2024,52,2024,276,DEU,Germany,M,Import,410,KOR,Rep. of Korea,0,W00,World,H6,HS,TRUE,720292,Ferro-alloys; ferro-vanadium,6,TRUE,C00,TOTAL CPC,0,0,TOTAL MOT,8,kg,459635.476,TRUE,-1,N/A,0,FALSE,459635.476,TRUE,0,FALSE,9171393.905,,9171393.905,6,FALSE,TRUE
C,A,20240101,2024,52,2024,276,DEU,Germany,M,Import,428,LVA,Latvia,0,W00,World,H6,HS,TRUE,720292,Ferro-alloys; ferro-vanadium,6,TRUE,C00,TOTAL CPC,0,0,TOTAL MOT,8,kg,237000,FALSE,8,kg,237000,FALSE,237000,FALSE,0,FALSE,3327516.584,,3327516.584,0,FALSE,TRUE
C,A,20240101,2024,52,2024,276,DEU,Germany,M,Import,442,LUX,Luxembourg,0,W00,World,H6,HS,TRUE,720292,Ferro-alloys; ferro-vanadium,6,TRUE,C00,TOTAL CPC,0,0,TOTAL MOT,8,kg,13000,FALSE,8,kg,13000,FALSE,13000,FALSE,0,FALSE,280807.447,,280807.447,0,FALSE,TRUE
C,A,20240101,2024,52,2024,276,DEU,Germany,M,Import,458,MYS,Malaysia,0,W00,World,H6,HS,TRUE,720292,Ferro-alloys; ferro-vanadium,6,TRUE,C00,TOTAL CPC,0,0,TOTAL MOT,8,kg,631,FALSE,8,kg,631,FALSE,631,FALSE,0,FALSE,15204.666,,15204.666,0,FALSE,TRUE
C,A,20240101,2024,52,2024,276,DEU,Germany,M,Import,528,NLD,Netherlands,0,W00,World,H6,HS,TRUE,720292,Ferro-alloys; ferro-vanadium,6,TRUE,C00,TOTAL CPC,0,0,TOTAL MOT,8,kg,266730,FALSE,8,kg,266730,FALSE,266730,FALSE,0,FALSE,5086444.979,,5086444.979,0,FALSE,TRUE
C,A,20240101,2024,52,2024,276,DEU,Germany,M,Import,616,POL,Poland,0,W00,World,H6,HS,TRUE,720292,Ferro-alloys; ferro-vanadium,6,TRUE,C00,TOTAL CPC,0,0,TOTAL MOT,8,kg,898,FALSE,8,kg,898,FALSE,898,FALSE,0,FALSE,17755.194,,17755.194,0,FALSE,TRUE
C,A,20240101,2024,52,2024,276,DEU,Germany,M,Import,682,SAU,Saudi Arabia,0,W00,World,H6,HS,TRUE,720292,Ferro-alloys; ferro-vanadium,6,TRUE,C00,TOTAL CPC,0,0,TOTAL MOT,8,kg,20000,FALSE,8,kg,20000,FALSE,20000,FALSE,0,FALSE,389858.75,,389858.75,0,FALSE,TRUE
C,A,20240101,2024,52,2024,276,DEU,Germany,M,Import,705,SVN,Slovenia,0,W00,World,H6,HS,TRUE,720292,Ferro-alloys; ferro-vanadium,6,TRUE,C00,TOTAL CPC,0,0,TOTAL MOT,8,kg,860,FALSE,8,kg,860,FALSE,860,FALSE,0,FALSE,14921.74,,14921.74,0,FALSE,TRUE
C,A,20240101,2024,52,2024,276,DEU,Germany,M,Import,710,ZAF,South Africa,0,W00,World,H6,HS,TRUE,720292,Ferro-alloys; ferro-vanadium,6,TRUE,C00,TOTAL CPC,0,0,TOTAL MOT,8,kg,189020,FALSE,8,kg,189020,FALSE,189020,FALSE,0,FALSE,3825765.428,,3825765.428,0,FALSE,TRUE
C,A,20240101,2024,52,2024,276,DEU,Germany,M,Import,752,SWE,Sweden,0,W00,World,H6,HS,TRUE,720292,Ferro-alloys; ferro-vanadium,6,TRUE,C00,TOTAL CPC,0,0,TOTAL MOT,8,kg,250,FALSE,8,kg,250,FALSE,250,FALSE,0,FALSE,7167.465,,7167.465,0,FALSE,TRUE
C,A,20240101,2024,52,2024,276,DEU,Germany,M,Import,0,W00,World,0,W00,World,H6,HS,TRUE,720293,Ferro-alloys; ferro-niobium,6,TRUE,C00,TOTAL CPC,0,0,TOTAL MOT,8,kg,5225137,FALSE,8,kg,5225137,FALSE,5225137,FALSE,0,FALSE,156173916.2,,156173916.2,0,FALSE,TRUE
C,A,20240101,2024,52,2024,276,DEU,Germany,M,Import,40,AUT,Austria,0,W00,World,H6,HS,TRUE,720293,Ferro-alloys; ferro-niobium,6,TRUE,C00,TOTAL CPC,0,0,TOTAL MOT,8,kg,166,FALSE,8,kg,166,FALSE,166,FALSE,0,FALSE,3841.51,,3841.51,0,FALSE,TRUE
C,A,20240101,2024,52,2024,276,DEU,Germany,M,Import,56,BEL,Belgium,0,W00,World,H6,HS,TRUE,720293,Ferro-alloys; ferro-niobium,6,TRUE,C00,TOTAL CPC,0,0,TOTAL MOT,8,kg,101,FALSE,8,kg,101,FALSE,101,FALSE,0,FALSE,8110.552,,8110.552,0,FALSE,TRUE
C,A,20240101,2024,52,2024,276,DEU,Germany,M,Import,76,BRA,Brazil,0,W00,World,H6,HS,TRUE,720293,Ferro-alloys; ferro-niobium,6,TRUE,C00,TOTAL CPC,0,0,TOTAL MOT,8,kg,2042548,FALSE,8,kg,2042548,FALSE,2042548,FALSE,0,FALSE,58972827.95,,58972827.95,0,FALSE,TRUE
C,A,20240101,2024,52,2024,276,DEU,Germany,M,Import,124,CAN,Canada,0,W00,World,H6,HS,TRUE,720293,Ferro-alloys; ferro-niobium,6,TRUE,C00,TOTAL CPC,0,0,TOTAL MOT,8,kg,895466,FALSE,8,kg,895466,FALSE,895466,FALSE,0,FALSE,27530696.23,,27530696.23,0,FALSE,TRUE
C,A,20240101,2024,52,2024,276,DEU,Germany,M,Import,156,CHN,China,0,W00,World,H6,HS,TRUE,720293,Ferro-alloys; ferro-niobium,6,TRUE,C00,TOTAL CPC,0,0,TOTAL MOT,8,kg,1000,FALSE,8,kg,1000,FALSE,1000,FALSE,0,FALSE,28840.664,,28840.664,0,FALSE,TRUE
C,A,20240101,2024,52,2024,276,DEU,Germany,M,Import,251,FRA,France,0,W00,World,H6,HS,TRUE,720293,Ferro-alloys; ferro-niobium,6,TRUE,C00,TOTAL CPC,0,0,TOTAL MOT,8,kg,331,FALSE,8,kg,331,FALSE,331,FALSE,0,FALSE,16020.961,,16020.961,0,FALSE,TRUE
C,A,20240101,2024,52,2024,276,DEU,Germany,M,Import,380,ITA,Italy,0,W00,World,H6,HS,TRUE,720293,Ferro-alloys; ferro-niobium,6,TRUE,C00,TOTAL CPC,0,0,TOTAL MOT,8,kg,1000,FALSE,8,kg,1000,FALSE,1000,FALSE,0,FALSE,29612.947,,29612.947,0,FALSE,TRUE
C,A,20240101,2024,52,2024,276,DEU,Germany,M,Import,528,NLD,Netherlands,0,W00,World,H6,HS,TRUE,720293,Ferro-alloys; ferro-niobium,6,TRUE,C00,TOTAL CPC,0,0,TOTAL MOT,8,kg,2276290,FALSE,8,kg,2276290,FALSE,2276290,FALSE,0,FALSE,69383644.21,,69383644.21,0,FALSE,TRUE
C,A,20240101,2024,52,2024,276,DEU,Germany,M,Import,616,POL,Poland,0,W00,World,H6,HS,TRUE,720293,Ferro-alloys; ferro-niobium,6,TRUE,C00,TOTAL CPC,0,0,TOTAL MOT,8,kg,985,FALSE,8,kg,985,FALSE,985,FALSE,0,FALSE,20580.265,,20580.265,0,FALSE,TRUE
C,A,20240101,2024,52,2024,276,DEU,Germany,M,Import,710,ZAF,South Africa,0,W00,World,H6,HS,TRUE,720293,Ferro-alloys; ferro-niobium,6,TRUE,C00,TOTAL CPC,0,0,TOTAL MOT,8,kg,6000,FALSE,8,kg,6000,FALSE,6000,FALSE,0,FALSE,165209.02,,165209.02,0,FALSE,TRUE
C,A,20240101,2024,52,2024,276,DEU,Germany,M,Import,752,SWE,Sweden,0,W00,World,H6,HS,TRUE,720293,Ferro-alloys; ferro-niobium,6,TRUE,C00,TOTAL CPC,0,0,TOTAL MOT,8,kg,250,FALSE,8,kg,250,FALSE,250,FALSE,0,FALSE,8615.628,,8615.628,0,FALSE,TRUE
C,A,20240101,2024,52,2024,276,DEU,Germany,M,Import,757,CHE,Switzerland,0,W00,World,H6,HS,TRUE,720293,Ferro-alloys; ferro-niobium,6,TRUE,C00,TOTAL CPC,0,0,TOTAL MOT,8,kg,1000,FALSE,8,kg,1000,FALSE,1000,FALSE,0,FALSE,5916.302,,5916.302,0,FALSE,TRUE
C,A,20240101,2024,52,2024,276,DEU,Germany,M,Import,0,W00,World,0,W00,World,H6,HS,TRUE,760110,"Aluminium; unwrought, (not alloyed)",6,TRUE,C00,TOTAL CPC,0,0,TOTAL MOT,8,kg,757536917,TRUE,-1,N/A,0,FALSE,757536917,TRUE,0,FALSE,1993158394,,1993158394,6,FALSE,TRUE
C,A,20240101,2024,52,2024,276,DEU,Germany,M,Import,32,ARG,Argentina,0,W00,World,H6,HS,TRUE,760110,"Aluminium; unwrought, (not alloyed)",6,TRUE,C00,TOTAL CPC,0,0,TOTAL MOT,8,kg,14911290,FALSE,8,kg,14911290,FALSE,14911290,FALSE,0,FALSE,39097058.74,,39097058.74,0,FALSE,TRUE
C,A,20240101,2024,52,2024,276,DEU,Germany,M,Import,36,AUS,Australia,0,W00,World,H6,HS,TRUE,760110,"Aluminium; unwrought, (not alloyed)",6,TRUE,C00,TOTAL CPC,0,0,TOTAL MOT,8,kg,2660436,FALSE,8,kg,2660436,FALSE,2660436,FALSE,0,FALSE,7108735.798,,7108735.798,0,FALSE,TRUE
C,A,20240101,2024,52,2024,276,DEU,Germany,M,Import,40,AUT,Austria,0,W00,World,H6,HS,TRUE,760110,"Aluminium; unwrought, (not alloyed)",6,TRUE,C00,TOTAL CPC,0,0,TOTAL MOT,8,kg,1556710,FALSE,8,kg,1556710,FALSE,1556710,FALSE,0,FALSE,4177275.097,,4177275.097,0,FALSE,TRUE
C,A,20240101,2024,52,2024,276,DEU,Germany,M,Import,48,BHR,Bahrain,0,W00,World,H6,HS,TRUE,760110,"Aluminium; unwrought, (not alloyed)",6,TRUE,C00,TOTAL CPC,0,0,TOTAL MOT,8,kg,28420718,FALSE,8,kg,28420718,FALSE,28420718,FALSE,0,FALSE,78449374.59,,78449374.59,0,FALSE,TRUE
C,A,20240101,2024,52,2024,276,DEU,Germany,M,Import,56,BEL,Belgium,0,W00,World,H6,HS,TRUE,760110,"Aluminium; unwrought, (not alloyed)",6,TRUE,C00,TOTAL CPC,0,0,TOTAL MOT,8,kg,24489,FALSE,8,kg,24489,FALSE,24489,FALSE,0,FALSE,51772.36,,51772.36,0,FALSE,TRUE
C,A,20240101,2024,52,2024,276,DEU,Germany,M,Import,70,BIH,Bosnia Herzegovina,0,W00,World,H6,HS,TRUE,760110,"Aluminium; unwrought, (not alloyed)",6,TRUE,C00,TOTAL CPC,0,0,TOTAL MOT,8,kg,3644,FALSE,8,kg,3644,FALSE,3644,FALSE,0,FALSE,9292.555,,9292.555,0,FALSE,TRUE
C,A,20240101,2024,52,2024,276,DEU,Germany,M,Import,76,BRA,Brazil,0,W00,World,H6,HS,TRUE,760110,"Aluminium; unwrought, (not alloyed)",6,TRUE,C00,TOTAL CPC,0,0,TOTAL MOT,8,kg,20161744,FALSE,8,kg,20161744,FALSE,20161744,FALSE,0,FALSE,54122648.39,,54122648.39,0,FALSE,TRUE
C,A,20240101,2024,52,2024,276,DEU,Germany,M,Import,120,CMR,Cameroon,0,W00,World,H6,HS,TRUE,760110,"Aluminium; unwrought, (not alloyed)",6,TRUE,C00,TOTAL CPC,0,0,TOTAL MOT,8,kg,2039723,FALSE,8,kg,2039723,FALSE,2039723,FALSE,0,FALSE,4819031.47,,4819031.47,0,FALSE,TRUE
C,A,20240101,2024,52,2024,276,DEU,Germany,M,Import,124,CAN,Canada,0,W00,World,H6,HS,TRUE,760110,"Aluminium; unwrought, (not alloyed)",6,TRUE,C00,TOTAL CPC,0,0,TOTAL MOT,8,kg,34608278,FALSE,8,kg,34608278,FALSE,34608278,FALSE,0,FALSE,92742832.85,,92742832.85,0,FALSE,TRUE
C,A,20240101,2024,52,2024,276,DEU,Germany,M,Import,156,CHN,China,0,W00,World,H6,HS,TRUE,760110,"Aluminium; unwrought, (not alloyed)",6,TRUE,C00,TOTAL CPC,0,0,TOTAL MOT,8,kg,1305367.355,TRUE,-1,N/A,0,FALSE,1305367.355,TRUE,0,FALSE,4139736.023,,4139736.023,6,FALSE,TRUE
C,A,20240101,2024,52,2024,276,DEU,Germany,M,Import,180,COD,Dem. Rep. of the Congo,0,W00,World,H6,HS,TRUE,760110,"Aluminium; unwrought, (not alloyed)",6,TRUE,C00,TOTAL CPC,0,0,TOTAL MOT,8,kg,197580,FALSE,8,kg,197580,FALSE,197580,FALSE,0,FALSE,567127.764,,567127.764,0,FALSE,TRUE
C,A,20240101,2024,52,2024,276,DEU,Germany,M,Import,203,CZE,Czechia,0,W00,World,H6,HS,TRUE,760110,"Aluminium; unwrought, (not alloyed)",6,TRUE,C00,TOTAL CPC,0,0,TOTAL MOT,8,kg,5324,FALSE,8,kg,5324,FALSE,5324,FALSE,0,FALSE,15234.007,,15234.007,0,FALSE,TRUE
C,A,20240101,2024,52,2024,276,DEU,Germany,M,Import,251,FRA,France,0,W00,World,H6,HS,TRUE,760110,"Aluminium; unwrought, (not alloyed)",6,TRUE,C00,TOTAL CPC,0,0,TOTAL MOT,8,kg,34268712,FALSE,8,kg,34268712,FALSE,34268712,FALSE,0,FALSE,97102993.57,,97102993.57,0,FALSE,TRUE
C,A,20240101,2024,52,2024,276,DEU,Germany,M,Import,288,GHA,Ghana,0,W00,World,H6,HS,TRUE,760110,"Aluminium; unwrought, (not alloyed)",6,TRUE,C00,TOTAL CPC,0,0,TOTAL MOT,8,kg,98732,FALSE,8,kg,98732,FALSE,98732,FALSE,0,FALSE,279492.364,,279492.364,0,FALSE,TRUE
C,A,20240101,2024,52,2024,276,DEU,Germany,M,Import,300,GRC,Greece,0,W00,World,H6,HS,TRUE,760110,"Aluminium; unwrought, (not alloyed)",6,TRUE,C00,TOTAL CPC,0,0,TOTAL MOT,8,kg,448490,FALSE,8,kg,448490,FALSE,448490,FALSE,0,FALSE,1274611.049,,1274611.049,0,FALSE,TRUE
C,A,20240101,2024,52,2024,276,DEU,Germany,M,Import,348,HUN,Hungary,0,W00,World,H6,HS,TRUE,760110,"Aluminium; unwrought, (not alloyed)",6,TRUE,C00,TOTAL CPC,0,0,TOTAL MOT,8,kg,161279,FALSE,8,kg,161279,FALSE,161279,FALSE,0,FALSE,614255.942,,614255.942,0,FALSE,TRUE
C,A,20240101,2024,52,2024,276,DEU,Germany,M,Import,352,ISL,Iceland,0,W00,World,H6,HS,TRUE,760110,"Aluminium; unwrought, (not alloyed)",6,TRUE,C00,TOTAL CPC,0,0,TOTAL MOT,8,kg,89741583,FALSE,8,kg,89741583,FALSE,89741583,FALSE,0,FALSE,237584293.2,,237584293.2,0,FALSE,TRUE
C,A,20240101,2024,52,2024,276,DEU,Germany,M,Import,360,IDN,Indonesia,0,W00,World,H6,HS,TRUE,760110,"Aluminium; unwrought, (not alloyed)",6,TRUE,C00,TOTAL CPC,0,0,TOTAL MOT,8,kg,3487230,FALSE,8,kg,3487230,FALSE,3487230,FALSE,0,FALSE,8908321.743,,8908321.743,0,FALSE,TRUE
C,A,20240101,2024,52,2024,276,DEU,Germany,M,Import,380,ITA,Italy,0,W00,World,H6,HS,TRUE,760110,"Aluminium; unwrought, (not alloyed)",6,TRUE,C00,TOTAL CPC,0,0,TOTAL MOT,8,kg,2558812,FALSE,8,kg,2558812,FALSE,2558812,FALSE,0,FALSE,7137871.962,,7137871.962,0,FALSE,TRUE
C,A,20240101,2024,52,2024,276,DEU,Germany,M,Import,392,JPN,Japan,0,W00,World,H6,HS,TRUE,760110,"Aluminium; unwrought, (not alloyed)",6,TRUE,C00,TOTAL CPC,0,0,TOTAL MOT,8,kg,432,FALSE,8,kg,432,FALSE,432,FALSE,0,FALSE,4854.805,,4854.805,0,FALSE,TRUE
C,A,20240101,2024,52,2024,276,DEU,Germany,M,Import,398,KAZ,Kazakhstan,0,W00,World,H6,HS,TRUE,760110,"Aluminium; unwrought, (not alloyed)",6,TRUE,C00,TOTAL CPC,0,0,TOTAL MOT,8,kg,1648653,FALSE,8,kg,1648653,FALSE,1648653,FALSE,0,FALSE,4502028.325,,4502028.325,0,FALSE,TRUE
C,A,20240101,2024,52,2024,276,DEU,Germany,M,Import,442,LUX,Luxembourg,0,W00,World,H6,HS,TRUE,760110,"Aluminium; unwrought, (not alloyed)",6,TRUE,C00,TOTAL CPC,0,0,TOTAL MOT,8,kg,528820,FALSE,8,kg,528820,FALSE,528820,FALSE,0,FALSE,1186891.337,,1186891.337,0,FALSE,TRUE
C,A,20240101,2024,52,2024,276,DEU,Germany,M,Import,458,MYS,Malaysia,0,W00,World,H6,HS,TRUE,760110,"Aluminium; unwrought, (not alloyed)",6,TRUE,C00,TOTAL CPC,0,0,TOTAL MOT,8,kg,23131400,FALSE,8,kg,23131400,FALSE,23131400,FALSE,0,FALSE,62803493.24,,62803493.24,0,FALSE,TRUE
C,A,20240101,2024,52,2024,276,DEU,Germany,M,Import,490,S19,"Other Asia, nes",0,W00,World,H6,HS,TRUE,760110,"Aluminium; unwrought, (not alloyed)",6,TRUE,C00,TOTAL CPC,0,0,TOTAL MOT,8,kg,1895,FALSE,8,kg,1895,FALSE,1895,FALSE,0,FALSE,4806.603,,4806.603,0,FALSE,TRUE
C,A,20240101,2024,52,2024,276,DEU,Germany,M,Import,504,MAR,Morocco,0,W00,World,H6,HS,TRUE,760110,"Aluminium; unwrought, (not alloyed)",6,TRUE,C00,TOTAL CPC,0,0,TOTAL MOT,8,kg,161215,FALSE,8,kg,161215,FALSE,161215,FALSE,0,FALSE,361676.152,,361676.152,0,FALSE,TRUE
C,A,20240101,2024,52,2024,276,DEU,Germany,M,Import,508,MOZ,Mozambique,0,W00,World,H6,HS,TRUE,760110,"Aluminium; unwrought, (not alloyed)",6,TRUE,C00,TOTAL CPC,0,0,TOTAL MOT,8,kg,47090600,FALSE,8,kg,47090600,FALSE,47090600,FALSE,0,FALSE,120680573,,120680573,0,FALSE,TRUE
C,A,20240101,2024,52,2024,276,DEU,Germany,M,Import,512,OMN,Oman,0,W00,World,H6,HS,TRUE,760110,"Aluminium; unwrought, (not alloyed)",6,TRUE,C00,TOTAL CPC,0,0,TOTAL MOT,8,kg,2499487,FALSE,8,kg,2499487,FALSE,2499487,FALSE,0,FALSE,6606906.364,,6606906.364,0,FALSE,TRUE
C,A,20240101,2024,52,2024,276,DEU,Germany,M,Import,528,NLD,Netherlands,0,W00,World,H6,HS,TRUE,760110,"Aluminium; unwrought, (not alloyed)",6,TRUE,C00,TOTAL CPC,0,0,TOTAL MOT,8,kg,275143989,FALSE,8,kg,275143989,FALSE,275143989,FALSE,0,FALSE,709750131,,709750131,0,FALSE,TRUE
C,A,20240101,2024,52,2024,276,DEU,Germany,M,Import,554,NZL,New Zealand,0,W00,World,H6,HS,TRUE,760110,"Aluminium; unwrought, (not alloyed)",6,TRUE,C00,TOTAL CPC,0,0,TOTAL MOT,8,kg,7978752,FALSE,8,kg,7978752,FALSE,7978752,FALSE,0,FALSE,21343859.9,,21343859.9,0,FALSE,TRUE
C,A,20240101,2024,52,2024,276,DEU,Germany,M,Import,579,NOR,Norway,0,W00,World,H6,HS,TRUE,760110,"Aluminium; unwrought, (not alloyed)",6,TRUE,C00,TOTAL CPC,0,0,TOTAL MOT,8,kg,23207855,FALSE,8,kg,23207855,FALSE,23207855,FALSE,0,FALSE,71925043.92,,71925043.92,0,FALSE,TRUE
C,A,20240101,2024,52,2024,276,DEU,Germany,M,Import,616,POL,Poland,0,W00,World,H6,HS,TRUE,760110,"Aluminium; unwrought, (not alloyed)",6,TRUE,C00,TOTAL CPC,0,0,TOTAL MOT,8,kg,1536550,FALSE,8,kg,1536550,FALSE,1536550,FALSE,0,FALSE,3906057.802,,3906057.802,0,FALSE,TRUE
C,A,20240101,2024,52,2024,276,DEU,Germany,M,Import,634,QAT,Qatar,0,W00,World,H6,HS,TRUE,760110,"Aluminium; unwrought, (not alloyed)",6,TRUE,C00,TOTAL CPC,0,0,TOTAL MOT,8,kg,173912,FALSE,8,kg,173912,FALSE,173912,FALSE,0,FALSE,413826.795,,413826.795,0,FALSE,TRUE
C,A,20240101,2024,52,2024,276,DEU,Germany,M,Import,643,RUS,Russian Federation,0,W00,World,H6,HS,TRUE,760110,"Aluminium; unwrought, (not alloyed)",6,TRUE,C00,TOTAL CPC,0,0,TOTAL MOT,8,kg,18634328.33,TRUE,-1,N/A,0,FALSE,18634328.33,TRUE,0,FALSE,42893262.57,,42893262.57,6,FALSE,TRUE
C,A,20240101,2024,52,2024,276,DEU,Germany,M,Import,682,SAU,Saudi Arabia,0,W00,World,H6,HS,TRUE,760110,"Aluminium; unwrought, (not alloyed)",6,TRUE,C00,TOTAL CPC,0,0,TOTAL MOT,8,kg,1993688,FALSE,8,kg,1993688,FALSE,1993688,FALSE,0,FALSE,5232742.999,,5232742.999,0,FALSE,TRUE
C,A,20240101,2024,52,2024,276,DEU,Germany,M,Import,699,IND,India,0,W00,World,H6,HS,TRUE,760110,"Aluminium; unwrought, (not alloyed)",6,TRUE,C00,TOTAL CPC,0,0,TOTAL MOT,8,kg,26664473,FALSE,8,kg,26664473,FALSE,26664473,FALSE,0,FALSE,67285523.92,,67285523.92,0,FALSE,TRUE
C,A,20240101,2024,52,2024,276,DEU,Germany,M,Import,703,SVK,Slovakia,0,W00,World,H6,HS,TRUE,760110,"Aluminium; unwrought, (not alloyed)",6,TRUE,C00,TOTAL CPC,0,0,TOTAL MOT,8,kg,23605,FALSE,8,kg,23605,FALSE,23605,FALSE,0,FALSE,62188.238,,62188.238,0,FALSE,TRUE
C,A,20240101,2024,52,2024,276,DEU,Germany,M,Import,705,SVN,Slovenia,0,W00,World,H6,HS,TRUE,760110,"Aluminium; unwrought, (not alloyed)",6,TRUE,C00,TOTAL CPC,0,0,TOTAL MOT,8,kg,95,FALSE,8,kg,95,FALSE,95,FALSE,0,FALSE,4102.431,,4102.431,0,FALSE,TRUE
C,A,20240101,2024,52,2024,276,DEU,Germany,M,Import,710,ZAF,South Africa,0,W00,World,H6,HS,TRUE,760110,"Aluminium; unwrought, (not alloyed)",6,TRUE,C00,TOTAL CPC,0,0,TOTAL MOT,8,kg,28846064,FALSE,8,kg,28846064,FALSE,28846064,FALSE,0,FALSE,74551182.14,,74551182.14,0,FALSE,TRUE
C,A,20240101,2024,52,2024,276,DEU,Germany,M,Import,724,ESP,Spain,0,W00,World,H6,HS,TRUE,760110,"Aluminium; unwrought, (not alloyed)",6,TRUE,C00,TOTAL CPC,0,0,TOTAL MOT,8,kg,728083,FALSE,8,kg,728083,FALSE,728083,FALSE,0,FALSE,1601480.985,,1601480.985,0,FALSE,TRUE
C,A,20240101,2024,52,2024,276,DEU,Germany,M,Import,757,CHE,Switzerland,0,W00,World,H6,HS,TRUE,760110,"Aluminium; unwrought, (not alloyed)",6,TRUE,C00,TOTAL CPC,0,0,TOTAL MOT,8,kg,1526.372,TRUE,-1,N/A,0,FALSE,1526.372,TRUE,0,FALSE,8563.234,,8563.234,6,FALSE,TRUE
C,A,20240101,2024,52,2024,276,DEU,Germany,M,Import,784,ARE,United Arab Emirates,0,W00,World,H6,HS,TRUE,760110,"Aluminium; unwrought, (not alloyed)",6,TRUE,C00,TOTAL CPC,0,0,TOTAL MOT,8,kg,60580955,FALSE,8,kg,60580955,FALSE,60580955,FALSE,0,FALSE,158947928.5,,158947928.5,0,FALSE,TRUE
C,A,20240101,2024,52,2024,276,DEU,Germany,M,Import,792,TUR,Türkiye,0,W00,World,H6,HS,TRUE,760110,"Aluminium; unwrought, (not alloyed)",6,TRUE,C00,TOTAL CPC,0,0,TOTAL MOT,8,kg,7414.666,TRUE,-1,N/A,0,FALSE,7414.666,TRUE,0,FALSE,30760.371,,30760.371,6,FALSE,TRUE
C,A,20240101,2024,52,2024,276,DEU,Germany,M,Import,807,MKD,North Macedonia,0,W00,World,H6,HS,TRUE,760110,"Aluminium; unwrought, (not alloyed)",6,TRUE,C00,TOTAL CPC,0,0,TOTAL MOT,8,kg,890,FALSE,8,kg,890,FALSE,890,FALSE,0,FALSE,890.694,,890.694,0,FALSE,TRUE
C,A,20240101,2024,52,2024,276,DEU,Germany,M,Import,826,GBR,United Kingdom,0,W00,World,H6,HS,TRUE,760110,"Aluminium; unwrought, (not alloyed)",6,TRUE,C00,TOTAL CPC,0,0,TOTAL MOT,8,kg,244251.398,TRUE,-1,N/A,0,FALSE,244251.398,TRUE,0,FALSE,673981.673,,673981.673,6,FALSE,TRUE
C,A,20240101,2024,52,2024,276,DEU,Germany,M,Import,842,USA,USA,0,W00,World,H6,HS,TRUE,760110,"Aluminium; unwrought, (not alloyed)",6,TRUE,C00,TOTAL CPC,0,0,TOTAL MOT,8,kg,47841.849,TRUE,-1,N/A,0,FALSE,47841.849,TRUE,0,FALSE,173677.946,,173677.946,6,FALSE,TRUE
C,A,20240101,2024,52,2024,276,DEU,Germany,M,Import,0,W00,World,0,W00,World,H6,HS,TRUE,790111,"Zinc; unwrought, (not alloyed), containing by weight 99.99% or more of zinc",6,TRUE,C00,TOTAL CPC,0,0,TOTAL MOT,8,kg,221952184.1,TRUE,-1,N/A,0,FALSE,221952184.1,TRUE,0,FALSE,624631729.9,,624631729.9,6,FALSE,TRUE
C,A,20240101,2024,52,2024,276,DEU,Germany,M,Import,40,AUT,Austria,0,W00,World,H6,HS,TRUE,790111,"Zinc; unwrought, (not alloyed), containing by weight 99.99% or more of zinc",6,TRUE,C00,TOTAL CPC,0,0,TOTAL MOT,8,kg,602220,FALSE,8,kg,602220,FALSE,602220,FALSE,0,FALSE,1835556.35,,1835556.35,0,FALSE,TRUE
C,A,20240101,2024,52,2024,276,DEU,Germany,M,Import,56,BEL,Belgium,0,W00,World,H6,HS,TRUE,790111,"Zinc; unwrought, (not alloyed), containing by weight 99.99% or more of zinc",6,TRUE,C00,TOTAL CPC,0,0,TOTAL MOT,8,kg,22238121,FALSE,8,kg,22238121,FALSE,22238121,FALSE,0,FALSE,65421236.93,,65421236.93,0,FALSE,TRUE
C,A,20240101,2024,52,2024,276,DEU,Germany,M,Import,100,BGR,Bulgaria,0,W00,World,H6,HS,TRUE,790111,"Zinc; unwrought, (not alloyed), containing by weight 99.99% or more of zinc",6,TRUE,C00,TOTAL CPC,0,0,TOTAL MOT,8,kg,1470429,FALSE,8,kg,1470429,FALSE,1470429,FALSE,0,FALSE,4457451.723,,4457451.723,0,FALSE,TRUE
C,A,20240101,2024,52,2024,276,DEU,Germany,M,Import,156,CHN,China,0,W00,World,H6,HS,TRUE,790111,"Zinc; unwrought, (not alloyed), containing by weight 99.99% or more of zinc",6,TRUE,C00,TOTAL CPC,0,0,TOTAL MOT,8,kg,27,FALSE,8,kg,27,FALSE,27,FALSE,0,FALSE,267.208,,267.208,0,FALSE,TRUE
C,A,20240101,2024,52,2024,276,DEU,Germany,M,Import,208,DNK,Denmark,0,W00,World,H6,HS,TRUE,790111,"Zinc; unwrought, (not alloyed), containing by weight 99.99% or more of zinc",6,TRUE,C00,TOTAL CPC,0,0,TOTAL MOT,8,kg,118680,FALSE,8,kg,118680,FALSE,118680,FALSE,0,FALSE,761914.104,,761914.104,0,FALSE,TRUE
C,A,20240101,2024,52,2024,276,DEU,Germany,M,Import,246,FIN,Finland,0,W00,World,H6,HS,TRUE,790111,"Zinc; unwrought, (not alloyed), containing by weight 99.99% or more of zinc",6,TRUE,C00,TOTAL CPC,0,0,TOTAL MOT,8,kg,91124997,FALSE,8,kg,91124997,FALSE,91124997,FALSE,0,FALSE,264447469,,264447469,0,FALSE,TRUE
C,A,20240101,2024,52,2024,276,DEU,Germany,M,Import,251,FRA,France,0,W00,World,H6,HS,TRUE,790111,"Zinc; unwrought, (not alloyed), containing by weight 99.99% or more of zinc",6,TRUE,C00,TOTAL CPC,0,0,TOTAL MOT,8,kg,230609,FALSE,8,kg,230609,FALSE,230609,FALSE,0,FALSE,696917.561,,696917.561,0,FALSE,TRUE
C,A,20240101,2024,52,2024,276,DEU,Germany,M,Import,380,ITA,Italy,0,W00,World,H6,HS,TRUE,790111,"Zinc; unwrought, (not alloyed), containing by weight 99.99% or more of zinc",6,TRUE,C00,TOTAL CPC,0,0,TOTAL MOT,8,kg,180352,FALSE,8,kg,180352,FALSE,180352,FALSE,0,FALSE,572967.571,,572967.571,0,FALSE,TRUE
C,A,20240101,2024,52,2024,276,DEU,Germany,M,Import,392,JPN,Japan,0,W00,World,H6,HS,TRUE,790111,"Zinc; unwrought, (not alloyed), containing by weight 99.99% or more of zinc",6,TRUE,C00,TOTAL CPC,0,0,TOTAL MOT,8,kg,228796,FALSE,8,kg,228796,FALSE,228796,FALSE,0,FALSE,595133.271,,595133.271,0,FALSE,TRUE
C,A,20240101,2024,52,2024,276,DEU,Germany,M,Import,398,KAZ,Kazakhstan,0,W00,World,H6,HS,TRUE,790111,"Zinc; unwrought, (not alloyed), containing by weight 99.99% or more of zinc",6,TRUE,C00,TOTAL CPC,0,0,TOTAL MOT,8,kg,143172,FALSE,8,kg,143172,FALSE,143172,FALSE,0,FALSE,437822.085,,437822.085,0,FALSE,TRUE
C,A,20240101,2024,52,2024,276,DEU,Germany,M,Import,410,KOR,Rep. of Korea,0,W00,World,H6,HS,TRUE,790111,"Zinc; unwrought, (not alloyed), containing by weight 99.99% or more of zinc",6,TRUE,C00,TOTAL CPC,0,0,TOTAL MOT,8,kg,48450,FALSE,8,kg,48450,FALSE,48450,FALSE,0,FALSE,150507.334,,150507.334,0,FALSE,TRUE
C,A,20240101,2024,52,2024,276,DEU,Germany,M,Import,442,LUX,Luxembourg,0,W00,World,H6,HS,TRUE,790111,"Zinc; unwrought, (not alloyed), containing by weight 99.99% or more of zinc",6,TRUE,C00,TOTAL CPC,0,0,TOTAL MOT,8,kg,494222,FALSE,8,kg,494222,FALSE,494222,FALSE,0,FALSE,1495999.792,,1495999.792,0,FALSE,TRUE
C,A,20240101,2024,52,2024,276,DEU,Germany,M,Import,484,MEX,Mexico,0,W00,World,H6,HS,TRUE,790111,"Zinc; unwrought, (not alloyed), containing by weight 99.99% or more of zinc",6,TRUE,C00,TOTAL CPC,0,0,TOTAL MOT,8,kg,3833640,FALSE,8,kg,3833640,FALSE,3833640,FALSE,0,FALSE,10409969.58,,10409969.58,0,FALSE,TRUE
C,A,20240101,2024,52,2024,276,DEU,Germany,M,Import,528,NLD,Netherlands,0,W00,World,H6,HS,TRUE,790111,"Zinc; unwrought, (not alloyed), containing by weight 99.99% or more of zinc",6,TRUE,C00,TOTAL CPC,0,0,TOTAL MOT,8,kg,10666424,FALSE,8,kg,10666424,FALSE,10666424,FALSE,0,FALSE,29854109.64,,29854109.64,0,FALSE,TRUE
C,A,20240101,2024,52,2024,276,DEU,Germany,M,Import,579,NOR,Norway,0,W00,World,H6,HS,TRUE,790111,"Zinc; unwrought, (not alloyed), containing by weight 99.99% or more of zinc",6,TRUE,C00,TOTAL CPC,0,0,TOTAL MOT,8,kg,9631717,FALSE,8,kg,9631717,FALSE,9631717,FALSE,0,FALSE,27822077.78,,27822077.78,0,FALSE,TRUE
C,A,20240101,2024,52,2024,276,DEU,Germany,M,Import,604,PER,Peru,0,W00,World,H6,HS,TRUE,790111,"Zinc; unwrought, (not alloyed), containing by weight 99.99% or more of zinc",6,TRUE,C00,TOTAL CPC,0,0,TOTAL MOT,8,kg,4991633,FALSE,8,kg,4991633,FALSE,4991633,FALSE,0,FALSE,15223839.22,,15223839.22,0,FALSE,TRUE
C,A,20240101,2024,52,2024,276,DEU,Germany,M,Import,616,POL,Poland,0,W00,World,H6,HS,TRUE,790111,"Zinc; unwrought, (not alloyed), containing by weight 99.99% or more of zinc",6,TRUE,C00,TOTAL CPC,0,0,TOTAL MOT,8,kg,9602911,FALSE,8,kg,9602911,FALSE,9602911,FALSE,0,FALSE,28120219.17,,28120219.17,0,FALSE,TRUE
C,A,20240101,2024,52,2024,276,DEU,Germany,M,Import,620,PRT,Portugal,0,W00,World,H6,HS,TRUE,790111,"Zinc; unwrought, (not alloyed), containing by weight 99.99% or more of zinc",6,TRUE,C00,TOTAL CPC,0,0,TOTAL MOT,8,kg,49137,FALSE,8,kg,49137,FALSE,49137,FALSE,0,FALSE,190517.297,,190517.297,0,FALSE,TRUE
C,A,20240101,2024,52,2024,276,DEU,Germany,M,Import,699,IND,India,0,W00,World,H6,HS,TRUE,790111,"Zinc; unwrought, (not alloyed), containing by weight 99.99% or more of zinc",6,TRUE,C00,TOTAL CPC,0,0,TOTAL MOT,8,kg,250067,FALSE,8,kg,250067,FALSE,250067,FALSE,0,FALSE,761450.943,,761450.943,0,FALSE,TRUE
C,A,20240101,2024,52,2024,276,DEU,Germany,M,Import,702,SGP,Singapore,0,W00,World,H6,HS,TRUE,790111,"Zinc; unwrought, (not alloyed), containing by weight 99.99% or more of zinc",6,TRUE,C00,TOTAL CPC,0,0,TOTAL MOT,8,kg,2167364,FALSE,8,kg,2167364,FALSE,2167364,FALSE,0,FALSE,6493129.145,,6493129.145,0,FALSE,TRUE
C,A,20240101,2024,52,2024,276,DEU,Germany,M,Import,724,ESP,Spain,0,W00,World,H6,HS,TRUE,790111,"Zinc; unwrought, (not alloyed), containing by weight 99.99% or more of zinc",6,TRUE,C00,TOTAL CPC,0,0,TOTAL MOT,8,kg,55957467,FALSE,8,kg,55957467,FALSE,55957467,FALSE,0,FALSE,143934144.2,,143934144.2,0,FALSE,TRUE
C,A,20240101,2024,52,2024,276,DEU,Germany,M,Import,752,SWE,Sweden,0,W00,World,H6,HS,TRUE,790111,"Zinc; unwrought, (not alloyed), containing by weight 99.99% or more of zinc",6,TRUE,C00,TOTAL CPC,0,0,TOTAL MOT,8,kg,7917340,FALSE,8,kg,7917340,FALSE,7917340,FALSE,0,FALSE,20934022.36,,20934022.36,0,FALSE,TRUE
C,A,20240101,2024,52,2024,276,DEU,Germany,M,Import,757,CHE,Switzerland,0,W00,World,H6,HS,TRUE,790111,"Zinc; unwrought, (not alloyed), containing by weight 99.99% or more of zinc",6,TRUE,C00,TOTAL CPC,0,0,TOTAL MOT,8,kg,479.58,TRUE,-1,N/A,0,FALSE,479.58,TRUE,0,FALSE,1349.663,,1349.663,6,FALSE,TRUE
C,A,20240101,2024,52,2024,276,DEU,Germany,M,Import,842,USA,USA,0,W00,World,H6,HS,TRUE,790111,"Zinc; unwrought, (not alloyed), containing by weight 99.99% or more of zinc",6,TRUE,C00,TOTAL CPC,0,0,TOTAL MOT,8,kg,3929.533,TRUE,-1,N/A,0,FALSE,3929.533,TRUE,0,FALSE,13658.003,,13658.003,6,FALSE,TRUE
C,A,20240101,2024,52,2024,276,DEU,Germany,M,Import,0,W00,World,0,W00,World,H6,HS,TRUE,810320,"Tantalum; unwrought, including bars and rods obtained simply by sintering, powders",6,TRUE,C00,TOTAL CPC,0,0,TOTAL MOT,8,kg,18030.113,TRUE,-1,N/A,0,FALSE,18030.113,TRUE,0,FALSE,5932062.29,,5932062.29,6,FALSE,TRUE
C,A,20240101,2024,52,2024,276,DEU,Germany,M,Import,40,AUT,Austria,0,W00,World,H6,HS,TRUE,810320,"Tantalum; unwrought, including bars and rods obtained simply by sintering, powders",6,TRUE,C00,TOTAL CPC,0,0,TOTAL MOT,8,kg,120,FALSE,8,kg,120,FALSE,120,FALSE,0,FALSE,26164.391,,26164.391,0,FALSE,TRUE
C,A,20240101,2024,52,2024,276,DEU,Germany,M,Import,124,CAN,Canada,0,W00,World,H6,HS,TRUE,810320,"Tantalum; unwrought, including bars and rods obtained simply by sintering, powders",6,TRUE,C00,TOTAL CPC,0,0,TOTAL MOT,8,kg,160,FALSE,8,kg,160,FALSE,160,FALSE,0,FALSE,271106.22,,271106.22,0,FALSE,TRUE
C,A,20240101,2024,52,2024,276,DEU,Germany,M,Import,156,CHN,China,0,W00,World,H6,HS,TRUE,810320,"Tantalum; unwrought, including bars and rods obtained simply by sintering, powders",6,TRUE,C00,TOTAL CPC,0,0,TOTAL MOT,8,kg,1050.568,TRUE,-1,N/A,0,FALSE,1050.568,TRUE,0,FALSE,400864.581,,400864.581,6,FALSE,TRUE
C,A,20240101,2024,52,2024,276,DEU,Germany,M,Import,233,EST,Estonia,0,W00,World,H6,HS,TRUE,810320,"Tantalum; unwrought, including bars and rods obtained simply by sintering, powders",6,TRUE,C00,TOTAL CPC,0,0,TOTAL MOT,8,kg,7011,FALSE,8,kg,7011,FALSE,7011,FALSE,0,FALSE,2474995.872,,2474995.872,0,FALSE,TRUE
C,A,20240101,2024,52,2024,276,DEU,Germany,M,Import,251,FRA,France,0,W00,World,H6,HS,TRUE,810320,"Tantalum; unwrought, including bars and rods obtained simply by sintering, powders",6,TRUE,C00,TOTAL CPC,0,0,TOTAL MOT,8,kg,4,FALSE,8,kg,4,FALSE,4,FALSE,0,FALSE,7963.85,,7963.85,0,FALSE,TRUE
C,A,20240101,2024,52,2024,276,DEU,Germany,M,Import,757,CHE,Switzerland,0,W00,World,H6,HS,TRUE,810320,"Tantalum; unwrought, including bars and rods obtained simply by sintering, powders",6,TRUE,C00,TOTAL CPC,0,0,TOTAL MOT,8,kg,55,FALSE,8,kg,55,FALSE,55,FALSE,0,FALSE,3985.069,,3985.069,0,FALSE,TRUE
C,A,20240101,2024,52,2024,276,DEU,Germany,M,Import,764,THA,Thailand,0,W00,World,H6,HS,TRUE,810320,"Tantalum; unwrought, including bars and rods obtained simply by sintering, powders",6,TRUE,C00,TOTAL CPC,0,0,TOTAL MOT,8,kg,1043.185,TRUE,-1,N/A,0,FALSE,1043.185,TRUE,0,FALSE,367102.049,,367102.049,6,FALSE,TRUE
C,A,20240101,2024,52,2024,276,DEU,Germany,M,Import,826,GBR,United Kingdom,0,W00,World,H6,HS,TRUE,810320,"Tantalum; unwrought, including bars and rods obtained simply by sintering, powders",6,TRUE,C00,TOTAL CPC,0,0,TOTAL MOT,8,kg,1907.762,TRUE,-1,N/A,0,FALSE,1907.762,TRUE,0,FALSE,844378.723,,844378.723,6,FALSE,TRUE
C,A,20240101,2024,52,2024,276,DEU,Germany,M,Import,842,USA,USA,0,W00,World,H6,HS,TRUE,810320,"Tantalum; unwrought, including bars and rods obtained simply by sintering, powders",6,TRUE,C00,TOTAL CPC,0,0,TOTAL MOT,8,kg,6678.599,TRUE,-1,N/A,0,FALSE,6678.599,TRUE,0,FALSE,1535501.535,,1535501.535,6,FALSE,TRUE
C,A,20240101,2024,52,2024,276,DEU,Germany,M,Import,0,W00,World,0,W00,World,H6,HS,TRUE,810411,"Magnesium; unwrought, containing at least 99.8% by weight of magnesium",6,TRUE,C00,TOTAL CPC,0,0,TOTAL MOT,8,kg,17447821.83,TRUE,-1,N/A,0,FALSE,17447821.83,TRUE,0,FALSE,55122377.73,,55122377.73,6,FALSE,TRUE
C,A,20240101,2024,52,2024,276,DEU,Germany,M,Import,40,AUT,Austria,0,W00,World,H6,HS,TRUE,810411,"Magnesium; unwrought, containing at least 99.8% by weight of magnesium",6,TRUE,C00,TOTAL CPC,0,0,TOTAL MOT,8,kg,742401,FALSE,8,kg,742401,FALSE,742401,FALSE,0,FALSE,3022554.57,,3022554.57,0,FALSE,TRUE
C,A,20240101,2024,52,2024,276,DEU,Germany,M,Import,56,BEL,Belgium,0,W00,World,H6,HS,TRUE,810411,"Magnesium; unwrought, containing at least 99.8% by weight of magnesium",6,TRUE,C00,TOTAL CPC,0,0,TOTAL MOT,8,kg,24000,FALSE,8,kg,24000,FALSE,24000,FALSE,0,FALSE,75195.51,,75195.51,0,FALSE,TRUE
C,A,20240101,2024,52,2024,276,DEU,Germany,M,Import,156,CHN,China,0,W00,World,H6,HS,TRUE,810411,"Magnesium; unwrought, containing at least 99.8% by weight of magnesium",6,TRUE,C00,TOTAL CPC,0,0,TOTAL MOT,8,kg,14621932.83,TRUE,-1,N/A,0,FALSE,14621932.83,TRUE,0,FALSE,45510049.55,,45510049.55,6,FALSE,TRUE
C,A,20240101,2024,52,2024,276,DEU,Germany,M,Import,251,FRA,France,0,W00,World,H6,HS,TRUE,810411,"Magnesium; unwrought, containing at least 99.8% by weight of magnesium",6,TRUE,C00,TOTAL CPC,0,0,TOTAL MOT,8,kg,105908,FALSE,8,kg,105908,FALSE,105908,FALSE,0,FALSE,323314.496,,323314.496,0,FALSE,TRUE
C,A,20240101,2024,52,2024,276,DEU,Germany,M,Import,344,HKG,"China, Hong Kong SAR",0,W00,World,H6,HS,TRUE,810411,"Magnesium; unwrought, containing at least 99.8% by weight of magnesium",6,TRUE,C00,TOTAL CPC,0,0,TOTAL MOT,8,kg,100160,FALSE,8,kg,100160,FALSE,100160,FALSE,0,FALSE,258329.48,,258329.48,0,FALSE,TRUE
C,A,20240101,2024,52,2024,276,DEU,Germany,M,Import,376,ISR,Israel,0,W00,World,H6,HS,TRUE,810411,"Magnesium; unwrought, containing at least 99.8% by weight of magnesium",6,TRUE,C00,TOTAL CPC,0,0,TOTAL MOT,8,kg,145677,FALSE,8,kg,145677,FALSE,145677,FALSE,0,FALSE,484066.904,,484066.904,0,FALSE,TRUE
C,A,20240101,2024,52,2024,276,DEU,Germany,M,Import,380,ITA,Italy,0,W00,World,H6,HS,TRUE,810411,"Magnesium; unwrought, containing at least 99.8% by weight of magnesium",6,TRUE,C00,TOTAL CPC,0,0,TOTAL MOT,8,kg,154763,FALSE,8,kg,154763,FALSE,154763,FALSE,0,FALSE,478709.119,,478709.119,0,FALSE,TRUE
C,A,20240101,2024,52,2024,276,DEU,Germany,M,Import,528,NLD,Netherlands,0,W00,World,H6,HS,TRUE,810411,"Magnesium; unwrought, containing at least 99.8% by weight of magnesium",6,TRUE,C00,TOTAL CPC,0,0,TOTAL MOT,8,kg,1539115,FALSE,8,kg,1539115,FALSE,1539115,FALSE,0,FALSE,4924876.276,,4924876.276,0,FALSE,TRUE
C,A,20240101,2024,52,2024,276,DEU,Germany,M,Import,616,POL,Poland,0,W00,World,H6,HS,TRUE,810411,"Magnesium; unwrought, containing at least 99.8% by weight of magnesium",6,TRUE,C00,TOTAL CPC,0,0,TOTAL MOT,8,kg,520,FALSE,8,kg,520,FALSE,520,FALSE,0,FALSE,2854.411,,2854.411,0,FALSE,TRUE
C,A,20240101,2024,52,2024,276,DEU,Germany,M,Import,703,SVK,Slovakia,0,W00,World,H6,HS,TRUE,810411,"Magnesium; unwrought, containing at least 99.8% by weight of magnesium",6,TRUE,C00,TOTAL CPC,0,0,TOTAL MOT,8,kg,823,FALSE,8,kg,823,FALSE,823,FALSE,0,FALSE,3009.497,,3009.497,0,FALSE,TRUE
C,A,20240101,2024,52,2024,276,DEU,Germany,M,Import,724,ESP,Spain,0,W00,World,H6,HS,TRUE,810411,"Magnesium; unwrought, containing at least 99.8% by weight of magnesium",6,TRUE,C00,TOTAL CPC,0,0,TOTAL MOT,8,kg,2000,FALSE,8,kg,2000,FALSE,2000,FALSE,0,FALSE,7291.114,,7291.114,0,FALSE,TRUE
C,A,20240101,2024,52,2024,276,DEU,Germany,M,Import,757,CHE,Switzerland,0,W00,World,H6,HS,TRUE,810411,"Magnesium; unwrought, containing at least 99.8% by weight of magnesium",6,TRUE,C00,TOTAL CPC,0,0,TOTAL MOT,8,kg,10350,FALSE,8,kg,10350,FALSE,10350,FALSE,0,FALSE,29608.756,,29608.756,0,FALSE,TRUE
C,A,20240101,2024,52,2024,276,DEU,Germany,M,Import,842,USA,USA,0,W00,World,H6,HS,TRUE,810411,"Magnesium; unwrought, containing at least 99.8% by weight of magnesium",6,TRUE,C00,TOTAL CPC,0,0,TOTAL MOT,8,kg,172,FALSE,8,kg,172,FALSE,172,FALSE,0,FALSE,2518.044,,2518.044,0,FALSE,TRUE
C,A,20240101,2024,52,2024,276,DEU,Germany,M,Import,0,W00,World,0,W00,World,H6,HS,TRUE,810520,"Cobalt; mattes and other intermediate products of cobalt metallurgy, unwrought cobalt, powders",6,TRUE,C00,TOTAL CPC,0,0,TOTAL MOT,8,kg,2024796.034,TRUE,-1,N/A,0,FALSE,2024796.034,TRUE,0,FALSE,76831828.64,,76831828.64,6,FALSE,TRUE
C,A,20240101,2024,52,2024,276,DEU,Germany,M,Import,40,AUT,Austria,0,W00,World,H6,HS,TRUE,810520,"Cobalt; mattes and other intermediate products of cobalt metallurgy, unwrought cobalt, powders",6,TRUE,C00,TOTAL CPC,0,0,TOTAL MOT,8,kg,1343,FALSE,8,kg,1343,FALSE,1343,FALSE,0,FALSE,106988.038,,106988.038,0,FALSE,TRUE
C,A,20240101,2024,52,2024,276,DEU,Germany,M,Import,56,BEL,Belgium,0,W00,World,H6,HS,TRUE,810520,"Cobalt; mattes and other intermediate products of cobalt metallurgy, unwrought cobalt, powders",6,TRUE,C00,TOTAL CPC,0,0,TOTAL MOT,8,kg,303532,FALSE,8,kg,303532,FALSE,303532,FALSE,0,FALSE,13102412.09,,13102412.09,0,FALSE,TRUE
C,A,20240101,2024,52,2024,276,DEU,Germany,M,Import,124,CAN,Canada,0,W00,World,H6,HS,TRUE,810520,"Cobalt; mattes and other intermediate products of cobalt metallurgy, unwrought cobalt, powders",6,TRUE,C00,TOTAL CPC,0,0,TOTAL MOT,8,kg,386662,FALSE,8,kg,386662,FALSE,386662,FALSE,0,FALSE,12127062.61,,12127062.61,0,FALSE,TRUE
C,A,20240101,2024,52,2024,276,DEU,Germany,M,Import,156,CHN,China,0,W00,World,H6,HS,TRUE,810520,"Cobalt; mattes and other intermediate products of cobalt metallurgy, unwrought cobalt, powders",6,TRUE,C00,TOTAL CPC,0,0,TOTAL MOT,8,kg,199760.747,TRUE,-1,N/A,0,FALSE,199760.747,TRUE,0,FALSE,5498236.801,,5498236.801,6,FALSE,TRUE
C,A,20240101,2024,52,2024,276,DEU,Germany,M,Import,246,FIN,Finland,0,W00,World,H6,HS,TRUE,810520,"Cobalt; mattes and other intermediate products of cobalt metallurgy, unwrought cobalt, powders",6,TRUE,C00,TOTAL CPC,0,0,TOTAL MOT,8,kg,135144,FALSE,8,kg,135144,FALSE,135144,FALSE,0,FALSE,5505755.304,,5505755.304,0,FALSE,TRUE
C,A,20240101,2024,52,2024,276,DEU,Germany,M,Import,251,FRA,France,0,W00,World,H6,HS,TRUE,810520,"Cobalt; mattes and other intermediate products of cobalt metallurgy, unwrought cobalt, powders",6,TRUE,C00,TOTAL CPC,0,0,TOTAL MOT,8,kg,11451,FALSE,8,kg,11451,FALSE,11451,FALSE,0,FALSE,630933.92,,630933.92,0,FALSE,TRUE
C,A,20240101,2024,52,2024,276,DEU,Germany,M,Import,344,HKG,"China, Hong Kong SAR",0,W00,World,H6,HS,TRUE,810520,"Cobalt; mattes and other intermediate products of cobalt metallurgy, unwrought cobalt, powders",6,TRUE,C00,TOTAL CPC,0,0,TOTAL MOT,8,kg,100,FALSE,8,kg,100,FALSE,100,FALSE,0,FALSE,3707.382,,3707.382,0,FALSE,TRUE
C,A,20240101,2024,52,2024,276,DEU,Germany,M,Import,372,IRL,Ireland,0,W00,World,H6,HS,TRUE,810520,"Cobalt; mattes and other intermediate products of cobalt metallurgy, unwrought cobalt, powders",6,TRUE,C00,TOTAL CPC,0,0,TOTAL MOT,8,kg,10365,FALSE,8,kg,10365,FALSE,10365,FALSE,0,FALSE,492849.144,,492849.144,0,FALSE,TRUE
C,A,20240101,2024,52,2024,276,DEU,Germany,M,Import,380,ITA,Italy,0,W00,World,H6,HS,TRUE,810520,"Cobalt; mattes and other intermediate products of cobalt metallurgy, unwrought cobalt, powders",6,TRUE,C00,TOTAL CPC,0,0,TOTAL MOT,8,kg,151,FALSE,8,kg,151,FALSE,151,FALSE,0,FALSE,5547.45,,5547.45,0,FALSE,TRUE
C,A,20240101,2024,52,2024,276,DEU,Germany,M,Import,392,JPN,Japan,0,W00,World,H6,HS,TRUE,810520,"Cobalt; mattes and other intermediate products of cobalt metallurgy, unwrought cobalt, powders",6,TRUE,C00,TOTAL CPC,0,0,TOTAL MOT,8,kg,68050,FALSE,8,kg,68050,FALSE,68050,FALSE,0,FALSE,1680291.664,,1680291.664,0,FALSE,TRUE
C,A,20240101,2024,52,2024,276,DEU,Germany,M,Import,422,LBN,Lebanon,0,W00,World,H6,HS,TRUE,810520,"Cobalt; mattes and other intermediate products of cobalt metallurgy, unwrought cobalt, powders",6,TRUE,C00,TOTAL CPC,0,0,TOTAL MOT,8,kg,193,FALSE,8,kg,193,FALSE,193,FALSE,0,FALSE,33620.021,,33620.021,0,FALSE,TRUE
C,A,20240101,2024,52,2024,276,DEU,Germany,M,Import,442,LUX,Luxembourg,0,W00,World,H6,HS,TRUE,810520,"Cobalt; mattes and other intermediate products of cobalt metallurgy, unwrought cobalt, powders",6,TRUE,C00,TOTAL CPC,0,0,TOTAL MOT,8,kg,17000,FALSE,8,kg,17000,FALSE,17000,FALSE,0,FALSE,524750.651,,524750.651,0,FALSE,TRUE
C,A,20240101,2024,52,2024,276,DEU,Germany,M,Import,450,MDG,Madagascar,0,W00,World,H6,HS,TRUE,810520,"Cobalt; mattes and other intermediate products of cobalt metallurgy, unwrought cobalt, powders",6,TRUE,C00,TOTAL CPC,0,0,TOTAL MOT,8,kg,48561,FALSE,8,kg,48561,FALSE,48561,FALSE,0,FALSE,1388175.55,,1388175.55,0,FALSE,TRUE
C,A,20240101,2024,52,2024,276,DEU,Germany,M,Import,504,MAR,Morocco,0,W00,World,H6,HS,TRUE,810520,"Cobalt; mattes and other intermediate products of cobalt metallurgy, unwrought cobalt, powders",6,TRUE,C00,TOTAL CPC,0,0,TOTAL MOT,8,kg,6000,FALSE,8,kg,6000,FALSE,6000,FALSE,0,FALSE,171651.356,,171651.356,0,FALSE,TRUE
C,A,20240101,2024,52,2024,276,DEU,Germany,M,Import,528,NLD,Netherlands,0,W00,World,H6,HS,TRUE,810520,"Cobalt; mattes and other intermediate products of cobalt metallurgy, unwrought cobalt, powders",6,TRUE,C00,TOTAL CPC,0,0,TOTAL MOT,8,kg,181108,FALSE,8,kg,181108,FALSE,181108,FALSE,0,FALSE,5919961.429,,5919961.429,0,FALSE,TRUE
C,A,20240101,2024,52,2024,276,DEU,Germany,M,Import,579,NOR,Norway,0,W00,World,H6,HS,TRUE,810520,"Cobalt; mattes and other intermediate products of cobalt metallurgy, unwrought cobalt, powders",6,TRUE,C00,TOTAL CPC,0,0,TOTAL MOT,8,kg,129545,FALSE,8,kg,129545,FALSE,129545,FALSE,0,FALSE,3519180.256,,3519180.256,0,FALSE,TRUE
C,A,20240101,2024,52,2024,276,DEU,Germany,M,Import,620,PRT,Portugal,0,W00,World,H6,HS,TRUE,810520,"Cobalt; mattes and other intermediate products of cobalt metallurgy, unwrought cobalt, powders",6,TRUE,C00,TOTAL CPC,0,0,TOTAL MOT,8,kg,250,FALSE,8,kg,250,FALSE,250,FALSE,0,FALSE,10609.734,,10609.734,0,FALSE,TRUE
C,A,20240101,2024,52,2024,276,DEU,Germany,M,Import,643,RUS,Russian Federation,0,W00,World,H6,HS,TRUE,810520,"Cobalt; mattes and other intermediate products of cobalt metallurgy, unwrought cobalt, powders",6,TRUE,C00,TOTAL CPC,0,0,TOTAL MOT,8,kg,15,FALSE,8,kg,15,FALSE,15,FALSE,0,FALSE,2366.102,,2366.102,0,FALSE,TRUE
C,A,20240101,2024,52,2024,276,DEU,Germany,M,Import,699,IND,India,0,W00,World,H6,HS,TRUE,810520,"Cobalt; mattes and other intermediate products of cobalt metallurgy, unwrought cobalt, powders",6,TRUE,C00,TOTAL CPC,0,0,TOTAL MOT,8,kg,32,FALSE,8,kg,32,FALSE,32,FALSE,0,FALSE,4657.804,,4657.804,0,FALSE,TRUE
C,A,20240101,2024,52,2024,276,DEU,Germany,M,Import,705,SVN,Slovenia,0,W00,World,H6,HS,TRUE,810520,"Cobalt; mattes and other intermediate products of cobalt metallurgy, unwrought cobalt, powders",6,TRUE,C00,TOTAL CPC,0,0,TOTAL MOT,8,kg,96,FALSE,8,kg,96,FALSE,96,FALSE,0,FALSE,1909.228,,1909.228,0,FALSE,TRUE
C,A,20240101,2024,52,2024,276,DEU,Germany,M,Import,710,ZAF,South Africa,0,W00,World,H6,HS,TRUE,810520,"Cobalt; mattes and other intermediate products of cobalt metallurgy, unwrought cobalt, powders",6,TRUE,C00,TOTAL CPC,0,0,TOTAL MOT,8,kg,91527,FALSE,8,kg,91527,FALSE,91527,FALSE,0,FALSE,3471077.554,,3471077.554,0,FALSE,TRUE
C,A,20240101,2024,52,2024,276,DEU,Germany,M,Import,752,SWE,Sweden,0,W00,World,H6,HS,TRUE,810520,"Cobalt; mattes and other intermediate products of cobalt metallurgy, unwrought cobalt, powders",6,TRUE,C00,TOTAL CPC,0,0,TOTAL MOT,8,kg,68,FALSE,8,kg,68,FALSE,68,FALSE,0,FALSE,1414.631,,1414.631,0,FALSE,TRUE
C,A,20240101,2024,52,2024,276,DEU,Germany,M,Import,757,CHE,Switzerland,0,W00,World,H6,HS,TRUE,810520,"Cobalt; mattes and other intermediate products of cobalt metallurgy, unwrought cobalt, powders",6,TRUE,C00,TOTAL CPC,0,0,TOTAL MOT,8,kg,66007,FALSE,8,kg,66007,FALSE,66007,FALSE,0,FALSE,2555646.619,,2555646.619,0,FALSE,TRUE
C,A,20240101,2024,52,2024,276,DEU,Germany,M,Import,792,TUR,Türkiye,0,W00,World,H6,HS,TRUE,810520,"Cobalt; mattes and other intermediate products of cobalt metallurgy, unwrought cobalt, powders",6,TRUE,C00,TOTAL CPC,0,0,TOTAL MOT,8,kg,231.48,TRUE,-1,N/A,0,FALSE,231.48,TRUE,0,FALSE,19707.385,,19707.385,6,FALSE,TRUE
C,A,20240101,2024,52,2024,276,DEU,Germany,M,Import,826,GBR,United Kingdom,0,W00,World,H6,HS,TRUE,810520,"Cobalt; mattes and other intermediate products of cobalt metallurgy, unwrought cobalt, powders",6,TRUE,C00,TOTAL CPC,0,0,TOTAL MOT,8,kg,188048.884,TRUE,-1,N/A,0,FALSE,188048.884,TRUE,0,FALSE,7220609.028,,7220609.028,6,FALSE,TRUE
C,A,20240101,2024,52,2024,276,DEU,Germany,M,Import,842,USA,USA,0,W00,World,H6,HS,TRUE,810520,"Cobalt; mattes and other intermediate products of cobalt metallurgy, unwrought cobalt, powders",6,TRUE,C00,TOTAL CPC,0,0,TOTAL MOT,8,kg,179554.924,TRUE,-1,N/A,0,FALSE,179554.924,TRUE,0,FALSE,12832706.88,,12832706.88,6,FALSE,TRUE
C,A,20240101,2024,52,2024,276,DEU,Germany,M,Import,0,W00,World,0,W00,World,H6,HS,TRUE,810820,"Titanium; unwrought, powders",6,TRUE,C00,TOTAL CPC,0,0,TOTAL MOT,8,kg,2664076.888,TRUE,-1,N/A,0,FALSE,2664076.888,TRUE,0,FALSE,35835906.18,,35835906.18,6,FALSE,TRUE
C,A,20240101,2024,52,2024,276,DEU,Germany,M,Import,40,AUT,Austria,0,W00,World,H6,HS,TRUE,810820,"Titanium; unwrought, powders",6,TRUE,C00,TOTAL CPC,0,0,TOTAL MOT,8,kg,62.825,TRUE,-1,N/A,0,FALSE,62.825,TRUE,0,FALSE,1022.726,,1022.726,6,FALSE,TRUE
C,A,20240101,2024,52,2024,276,DEU,Germany,M,Import,56,BEL,Belgium,0,W00,World,H6,HS,TRUE,810820,"Titanium; unwrought, powders",6,TRUE,C00,TOTAL CPC,0,0,TOTAL MOT,8,kg,235079,FALSE,8,kg,235079,FALSE,235079,FALSE,0,FALSE,1334854.43,,1334854.43,0,FALSE,TRUE
C,A,20240101,2024,52,2024,276,DEU,Germany,M,Import,76,BRA,Brazil,0,W00,World,H6,HS,TRUE,810820,"Titanium; unwrought, powders",6,TRUE,C00,TOTAL CPC,0,0,TOTAL MOT,8,kg,45.026,TRUE,-1,N/A,0,FALSE,45.026,TRUE,0,FALSE,605.672,,605.672,6,FALSE,TRUE
C,A,20240101,2024,52,2024,276,DEU,Germany,M,Import,124,CAN,Canada,0,W00,World,H6,HS,TRUE,810820,"Titanium; unwrought, powders",6,TRUE,C00,TOTAL CPC,0,0,TOTAL MOT,8,kg,77402.645,TRUE,-1,N/A,0,FALSE,77402.645,TRUE,0,FALSE,7256682.125,,7256682.125,6,FALSE,TRUE
C,A,20240101,2024,52,2024,276,DEU,Germany,M,Import,156,CHN,China,0,W00,World,H6,HS,TRUE,810820,"Titanium; unwrought, powders",6,TRUE,C00,TOTAL CPC,0,0,TOTAL MOT,8,kg,591688.259,TRUE,-1,N/A,0,FALSE,591688.259,TRUE,0,FALSE,5560639.853,,5560639.853,6,FALSE,TRUE
C,A,20240101,2024,52,2024,276,DEU,Germany,M,Import,233,EST,Estonia,0,W00,World,H6,HS,TRUE,810820,"Titanium; unwrought, powders",6,TRUE,C00,TOTAL CPC,0,0,TOTAL MOT,8,kg,157000,FALSE,8,kg,157000,FALSE,157000,FALSE,0,FALSE,1055954.116,,1055954.116,0,FALSE,TRUE
C,A,20240101,2024,52,2024,276,DEU,Germany,M,Import,246,FIN,Finland,0,W00,World,H6,HS,TRUE,810820,"Titanium; unwrought, powders",6,TRUE,C00,TOTAL CPC,0,0,TOTAL MOT,8,kg,31200,FALSE,8,kg,31200,FALSE,31200,FALSE,0,FALSE,4540136.395,,4540136.395,0,FALSE,TRUE
C,A,20240101,2024,52,2024,276,DEU,Germany,M,Import,251,FRA,France,0,W00,World,H6,HS,TRUE,810820,"Titanium; unwrought, powders",6,TRUE,C00,TOTAL CPC,0,0,TOTAL MOT,8,kg,42620,FALSE,8,kg,42620,FALSE,42620,FALSE,0,FALSE,539854.721,,539854.721,0,FALSE,TRUE
C,A,20240101,2024,52,2024,276,DEU,Germany,M,Import,352,ISL,Iceland,0,W00,World,H6,HS,TRUE,810820,"Titanium; unwrought, powders",6,TRUE,C00,TOTAL CPC,0,0,TOTAL MOT,8,kg,20,FALSE,8,kg,20,FALSE,20,FALSE,0,FALSE,2334.665,,2334.665,0,FALSE,TRUE
C,A,20240101,2024,52,2024,276,DEU,Germany,M,Import,376,ISR,Israel,0,W00,World,H6,HS,TRUE,810820,"Titanium; unwrought, powders",6,TRUE,C00,TOTAL CPC,0,0,TOTAL MOT,8,kg,79,FALSE,8,kg,79,FALSE,79,FALSE,0,FALSE,14346.457,,14346.457,0,FALSE,TRUE
C,A,20240101,2024,52,2024,276,DEU,Germany,M,Import,380,ITA,Italy,0,W00,World,H6,HS,TRUE,810820,"Titanium; unwrought, powders",6,TRUE,C00,TOTAL CPC,0,0,TOTAL MOT,8,kg,896,FALSE,8,kg,896,FALSE,896,FALSE,0,FALSE,15660.492,,15660.492,0,FALSE,TRUE
C,A,20240101,2024,52,2024,276,DEU,Germany,M,Import,392,JPN,Japan,0,W00,World,H6,HS,TRUE,810820,"Titanium; unwrought, powders",6,TRUE,C00,TOTAL CPC,0,0,TOTAL MOT,8,kg,709497.214,TRUE,-1,N/A,0,FALSE,709497.214,TRUE,0,FALSE,7338696.158,,7338696.158,6,FALSE,TRUE
C,A,20240101,2024,52,2024,276,DEU,Germany,M,Import,398,KAZ,Kazakhstan,0,W00,World,H6,HS,TRUE,810820,"Titanium; unwrought, powders",6,TRUE,C00,TOTAL CPC,0,0,TOTAL MOT,8,kg,303799,FALSE,8,kg,303799,FALSE,303799,FALSE,0,FALSE,1699230.956,,1699230.956,0,FALSE,TRUE
C,A,20240101,2024,52,2024,276,DEU,Germany,M,Import,410,KOR,Rep. of Korea,0,W00,World,H6,HS,TRUE,810820,"Titanium; unwrought, powders",6,TRUE,C00,TOTAL CPC,0,0,TOTAL MOT,8,kg,2472,FALSE,8,kg,2472,FALSE,2472,FALSE,0,FALSE,237664.337,,237664.337,0,FALSE,TRUE
C,A,20240101,2024,52,2024,276,DEU,Germany,M,Import,490,S19,"Other Asia, nes",0,W00,World,H6,HS,TRUE,810820,"Titanium; unwrought, powders",6,TRUE,C00,TOTAL CPC,0,0,TOTAL MOT,8,kg,1590,FALSE,8,kg,1590,FALSE,1590,FALSE,0,FALSE,53784.28,,53784.28,0,FALSE,TRUE
C,A,20240101,2024,52,2024,276,DEU,Germany,M,Import,528,NLD,Netherlands,0,W00,World,H6,HS,TRUE,810820,"Titanium; unwrought, powders",6,TRUE,C00,TOTAL CPC,0,0,TOTAL MOT,8,kg,10020,FALSE,8,kg,10020,FALSE,10020,FALSE,0,FALSE,44777.794,,44777.794,0,FALSE,TRUE
C,A,20240101,2024,52,2024,276,DEU,Germany,M,Import,616,POL,Poland,0,W00,World,H6,HS,TRUE,810820,"Titanium; unwrought, powders",6,TRUE,C00,TOTAL CPC,0,0,TOTAL MOT,8,kg,7193,FALSE,8,kg,7193,FALSE,7193,FALSE,0,FALSE,47511.7,,47511.7,0,FALSE,TRUE
C,A,20240101,2024,52,2024,276,DEU,Germany,M,Import,643,RUS,Russian Federation,0,W00,World,H6,HS,TRUE,810820,"Titanium; unwrought, powders",6,TRUE,C00,TOTAL CPC,0,0,TOTAL MOT,8,kg,193329,FALSE,8,kg,193329,FALSE,193329,FALSE,0,FALSE,1583841.057,,1583841.057,0,FALSE,TRUE
C,A,20240101,2024,52,2024,276,DEU,Germany,M,Import,682,SAU,Saudi Arabia,0,W00,World,H6,HS,TRUE,810820,"Titanium; unwrought, powders",6,TRUE,C00,TOTAL CPC,0,0,TOTAL MOT,8,kg,90000,FALSE,8,kg,90000,FALSE,90000,FALSE,0,FALSE,1069077.703,,1069077.703,0,FALSE,TRUE
C,A,20240101,2024,52,2024,276,DEU,Germany,M,Import,702,SGP,Singapore,0,W00,World,H6,HS,TRUE,810820,"Titanium; unwrought, powders",6,TRUE,C00,TOTAL CPC,0,0,TOTAL MOT,8,kg,15000,FALSE,8,kg,15000,FALSE,15000,FALSE,0,FALSE,141651.742,,141651.742,0,FALSE,TRUE
C,A,20240101,2024,52,2024,276,DEU,Germany,M,Import,705,SVN,Slovenia,0,W00,World,H6,HS,TRUE,810820,"Titanium; unwrought, powders",6,TRUE,C00,TOTAL CPC,0,0,TOTAL MOT,8,kg,50280,FALSE,8,kg,50280,FALSE,50280,FALSE,0,FALSE,133826.212,,133826.212,0,FALSE,TRUE
C,A,20240101,2024,52,2024,276,DEU,Germany,M,Import,724,ESP,Spain,0,W00,World,H6,HS,TRUE,810820,"Titanium; unwrought, powders",6,TRUE,C00,TOTAL CPC,0,0,TOTAL MOT,8,kg,10950,FALSE,8,kg,10950,FALSE,10950,FALSE,0,FALSE,121267.43,,121267.43,0,FALSE,TRUE
C,A,20240101,2024,52,2024,276,DEU,Germany,M,Import,752,SWE,Sweden,0,W00,World,H6,HS,TRUE,810820,"Titanium; unwrought, powders",6,TRUE,C00,TOTAL CPC,0,0,TOTAL MOT,8,kg,94669,FALSE,8,kg,94669,FALSE,94669,FALSE,0,FALSE,632147.36,,632147.36,0,FALSE,TRUE
C,A,20240101,2024,52,2024,276,DEU,Germany,M,Import,757,CHE,Switzerland,0,W00,World,H6,HS,TRUE,810820,"Titanium; unwrought, powders",6,TRUE,C00,TOTAL CPC,0,0,TOTAL MOT,8,kg,42,FALSE,8,kg,42,FALSE,42,FALSE,0,FALSE,1743.664,,1743.664,0,FALSE,TRUE
C,A,20240101,2024,52,2024,276,DEU,Germany,M,Import,792,TUR,Türkiye,0,W00,World,H6,HS,TRUE,810820,"Titanium; unwrought, powders",6,TRUE,C00,TOTAL CPC,0,0,TOTAL MOT,8,kg,36.901,TRUE,-1,N/A,0,FALSE,36.901,TRUE,0,FALSE,1289.934,,1289.934,6,FALSE,TRUE
C,A,20240101,2024,52,2024,276,DEU,Germany,M,Import,826,GBR,United Kingdom,0,W00,World,H6,HS,TRUE,810820,"Titanium; unwrought, powders",6,TRUE,C00,TOTAL CPC,0,0,TOTAL MOT,8,kg,7191.191,TRUE,-1,N/A,0,FALSE,7191.191,TRUE,0,FALSE,171905.989,,171905.989,6,FALSE,TRUE
C,A,20240101,2024,52,2024,276,DEU,Germany,M,Import,842,USA,USA,0,W00,World,H6,HS,TRUE,810820,"Titanium; unwrought, powders",6,TRUE,C00,TOTAL CPC,0,0,TOTAL MOT,8,kg,31914.826,TRUE,-1,N/A,0,FALSE,31914.826,TRUE,0,FALSE,2235398.206,,2235398.206,6,FALSE,TRUE
C,A,20240101,2024,52,2024,276,DEU,Germany,M,Import,0,W00,World,0,W00,World,H6,HS,TRUE,811292,"Gallium, germanium, indium, niobium (columbium) and vanadium; articles thereof, unwrought, including waste and scrap, powders",6,TRUE,C00,TOTAL CPC,0,0,TOTAL MOT,8,kg,302668.116,TRUE,-1,N/A,0,FALSE,302668.116,TRUE,0,FALSE,61673953.15,,61673953.15,6,FALSE,TRUE
C,A,20240101,2024,52,2024,276,DEU,Germany,M,Import,40,AUT,Austria,0,W00,World,H6,HS,TRUE,811292,"Gallium, germanium, indium, niobium (columbium) and vanadium; articles thereof, unwrought, including waste and scrap, powders",6,TRUE,C00,TOTAL CPC,0,0,TOTAL MOT,8,kg,231,FALSE,8,kg,231,FALSE,231,FALSE,0,FALSE,7534.221,,7534.221,0,FALSE,TRUE
C,A,20240101,2024,52,2024,276,DEU,Germany,M,Import,56,BEL,Belgium,0,W00,World,H6,HS,TRUE,811292,"Gallium, germanium, indium, niobium (columbium) and vanadium; articles thereof, unwrought, including waste and scrap, powders",6,TRUE,C00,TOTAL CPC,0,0,TOTAL MOT,8,kg,19551.556,TRUE,-1,N/A,0,FALSE,19551.556,TRUE,0,FALSE,3164007.217,,3164007.217,6,FALSE,TRUE
C,A,20240101,2024,52,2024,276,DEU,Germany,M,Import,76,BRA,Brazil,0,W00,World,H6,HS,TRUE,811292,"Gallium, germanium, indium, niobium (columbium) and vanadium; articles thereof, unwrought, including waste and scrap, powders",6,TRUE,C00,TOTAL CPC,0,0,TOTAL MOT,8,kg,58748,FALSE,8,kg,58748,FALSE,58748,FALSE,0,FALSE,3019534.595,,3019534.595,0,FALSE,TRUE
C,A,20240101,2024,52,2024,276,DEU,Germany,M,Import,124,CAN,Canada,0,W00,World,H6,HS,TRUE,811292,"Gallium, germanium, indium, niobium (columbium) and vanadium; articles thereof, unwrought, including waste and scrap, powders",6,TRUE,C00,TOTAL CPC,0,0,TOTAL MOT,8,kg,13552.599,TRUE,-1,N/A,0,FALSE,13552.599,TRUE,0,FALSE,2108790.804,,2108790.804,6,FALSE,TRUE
C,A,20240101,2024,52,2024,276,DEU,Germany,M,Import,156,CHN,China,0,W00,World,H6,HS,TRUE,811292,"Gallium, germanium, indium, niobium (columbium) and vanadium; articles thereof, unwrought, including waste and scrap, powders",6,TRUE,C00,TOTAL CPC,0,0,TOTAL MOT,8,kg,98331.02,TRUE,-1,N/A,0,FALSE,98331.02,TRUE,0,FALSE,28741939.13,,28741939.13,6,FALSE,TRUE
C,A,20240101,2024,52,2024,276,DEU,Germany,M,Import,203,CZE,Czechia,0,W00,World,H6,HS,TRUE,811292,"Gallium, germanium, indium, niobium (columbium) and vanadium; articles thereof, unwrought, including waste and scrap, powders",6,TRUE,C00,TOTAL CPC,0,0,TOTAL MOT,8,kg,68,FALSE,8,kg,68,FALSE,68,FALSE,0,FALSE,708.363,,708.363,0,FALSE,TRUE
C,A,20240101,2024,52,2024,276,DEU,Germany,M,Import,208,DNK,Denmark,0,W00,World,H6,HS,TRUE,811292,"Gallium, germanium, indium, niobium (columbium) and vanadium; articles thereof, unwrought, including waste and scrap, powders",6,TRUE,C00,TOTAL CPC,0,0,TOTAL MOT,8,kg,1157.384,TRUE,-1,N/A,0,FALSE,1157.384,TRUE,0,FALSE,22092.349,,22092.349,6,FALSE,TRUE
C,A,20240101,2024,52,2024,276,DEU,Germany,M,Import,251,FRA,France,0,W00,World,H6,HS,TRUE,811292,"Gallium, germanium, indium, niobium (columbium) and vanadium; articles thereof, unwrought, including waste and scrap, powders",6,TRUE,C00,TOTAL CPC,0,0,TOTAL MOT,8,kg,443.885,TRUE,-1,N/A,0,FALSE,443.885,TRUE,0,FALSE,80798.498,,80798.498,6,FALSE,TRUE
C,A,20240101,2024,52,2024,276,DEU,Germany,M,Import,348,HUN,Hungary,0,W00,World,H6,HS,TRUE,811292,"Gallium, germanium, indium, niobium (columbium) and vanadium; articles thereof, unwrought, including waste and scrap, powders",6,TRUE,C00,TOTAL CPC,0,0,TOTAL MOT,8,kg,445,FALSE,8,kg,445,FALSE,445,FALSE,0,FALSE,15427.864,,15427.864,0,FALSE,TRUE
C,A,20240101,2024,52,2024,276,DEU,Germany,M,Import,380,ITA,Italy,0,W00,World,H6,HS,TRUE,811292,"Gallium, germanium, indium, niobium (columbium) and vanadium; articles thereof, unwrought, including waste and scrap, powders",6,TRUE,C00,TOTAL CPC,0,0,TOTAL MOT,8,kg,2948,FALSE,8,kg,2948,FALSE,2948,FALSE,0,FALSE,24381.955,,24381.955,0,FALSE,TRUE
C,A,20240101,2024,52,2024,276,DEU,Germany,M,Import,392,JPN,Japan,0,W00,World,H6,HS,TRUE,811292,"Gallium, germanium, indium, niobium (columbium) and vanadium; articles thereof, unwrought, including waste and scrap, powders",6,TRUE,C00,TOTAL CPC,0,0,TOTAL MOT,8,kg,5123.552,TRUE,-1,N/A,0,FALSE,5123.552,TRUE,0,FALSE,1250610.52,,1250610.52,6,FALSE,TRUE
C,A,20240101,2024,52,2024,276,DEU,Germany,M,Import,398,KAZ,Kazakhstan,0,W00,World,H6,HS,TRUE,811292,"Gallium, germanium, indium, niobium (columbium) and vanadium; articles thereof, unwrought, including waste and scrap, powders",6,TRUE,C00,TOTAL CPC,0,0,TOTAL MOT,8,kg,550,FALSE,8,kg,550,FALSE,550,FALSE,0,FALSE,199811.949,,199811.949,0,FALSE,TRUE
C,A,20240101,2024,52,2024,276,DEU,Germany,M,Import,410,KOR,Rep. of Korea,0,W00,World,H6,HS,TRUE,811292,"Gallium, germanium, indium, niobium (columbium) and vanadium; articles thereof, unwrought, including waste and scrap, powders",6,TRUE,C00,TOTAL CPC,0,0,TOTAL MOT,8,kg,4880,FALSE,8,kg,4880,FALSE,4880,FALSE,0,FALSE,3213542.364,,3213542.364,0,FALSE,TRUE
C,A,20240101,2024,52,2024,276,DEU,Germany,M,Import,490,S19,"Other Asia, nes",0,W00,World,H6,HS,TRUE,811292,"Gallium, germanium, indium, niobium (columbium) and vanadium; articles thereof, unwrought, including waste and scrap, powders",6,TRUE,C00,TOTAL CPC,0,0,TOTAL MOT,8,kg,9209,FALSE,8,kg,9209,FALSE,9209,FALSE,0,FALSE,4828928.65,,4828928.65,0,FALSE,TRUE
C,A,20240101,2024,52,2024,276,DEU,Germany,M,Import,528,NLD,Netherlands,0,W00,World,H6,HS,TRUE,811292,"Gallium, germanium, indium, niobium (columbium) and vanadium; articles thereof, unwrought, including waste and scrap, powders",6,TRUE,C00,TOTAL CPC,0,0,TOTAL MOT,8,kg,136,FALSE,8,kg,136,FALSE,136,FALSE,0,FALSE,53544.317,,53544.317,0,FALSE,TRUE
C,A,20240101,2024,52,2024,276,DEU,Germany,M,Import,642,ROU,Romania,0,W00,World,H6,HS,TRUE,811292,"Gallium, germanium, indium, niobium (columbium) and vanadium; articles thereof, unwrought, including waste and scrap, powders",6,TRUE,C00,TOTAL CPC,0,0,TOTAL MOT,8,kg,68,FALSE,8,kg,68,FALSE,68,FALSE,0,FALSE,64637.121,,64637.121,0,FALSE,TRUE
C,A,20240101,2024,52,2024,276,DEU,Germany,M,Import,643,RUS,Russian Federation,0,W00,World,H6,HS,TRUE,811292,"Gallium, germanium, indium, niobium (columbium) and vanadium; articles thereof, unwrought, including waste and scrap, powders",6,TRUE,C00,TOTAL CPC,0,0,TOTAL MOT,8,kg,2772,FALSE,8,kg,2772,FALSE,2772,FALSE,0,FALSE,139342.226,,139342.226,0,FALSE,TRUE
C,A,20240101,2024,52,2024,276,DEU,Germany,M,Import,699,IND,India,0,W00,World,H6,HS,TRUE,811292,"Gallium, germanium, indium, niobium (columbium) and vanadium; articles thereof, unwrought, including waste and scrap, powders",6,TRUE,C00,TOTAL CPC,0,0,TOTAL MOT,8,kg,45,FALSE,8,kg,45,FALSE,45,FALSE,0,FALSE,1779.292,,1779.292,0,FALSE,TRUE
C,A,20240101,2024,52,2024,276,DEU,Germany,M,Import,703,SVK,Slovakia,0,W00,World,H6,HS,TRUE,811292,"Gallium, germanium, indium, niobium (columbium) and vanadium; articles thereof, unwrought, including waste and scrap, powders",6,TRUE,C00,TOTAL CPC,0,0,TOTAL MOT,8,kg,16866.735,TRUE,-1,N/A,0,FALSE,16866.735,TRUE,0,FALSE,1959475.952,,1959475.952,6,FALSE,TRUE
C,A,20240101,2024,52,2024,276,DEU,Germany,M,Import,710,ZAF,South Africa,0,W00,World,H6,HS,TRUE,811292,"Gallium, germanium, indium, niobium (columbium) and vanadium; articles thereof, unwrought, including waste and scrap, powders",6,TRUE,C00,TOTAL CPC,0,0,TOTAL MOT,8,kg,23114,FALSE,8,kg,23114,FALSE,23114,FALSE,0,FALSE,583722.96,,583722.96,0,FALSE,TRUE
C,A,20240101,2024,52,2024,276,DEU,Germany,M,Import,724,ESP,Spain,0,W00,World,H6,HS,TRUE,811292,"Gallium, germanium, indium, niobium (columbium) and vanadium; articles thereof, unwrought, including waste and scrap, powders",6,TRUE,C00,TOTAL CPC,0,0,TOTAL MOT,8,kg,1793,FALSE,8,kg,1793,FALSE,1793,FALSE,0,FALSE,54458.064,,54458.064,0,FALSE,TRUE
C,A,20240101,2024,52,2024,276,DEU,Germany,M,Import,752,SWE,Sweden,0,W00,World,H6,HS,TRUE,811292,"Gallium, germanium, indium, niobium (columbium) and vanadium; articles thereof, unwrought, including waste and scrap, powders",6,TRUE,C00,TOTAL CPC,0,0,TOTAL MOT,8,kg,169,FALSE,8,kg,169,FALSE,169,FALSE,0,FALSE,2287.511,,2287.511,0,FALSE,TRUE
C,A,20240101,2024,52,2024,276,DEU,Germany,M,Import,757,CHE,Switzerland,0,W00,World,H6,HS,TRUE,811292,"Gallium, germanium, indium, niobium (columbium) and vanadium; articles thereof, unwrought, including waste and scrap, powders",6,TRUE,C00,TOTAL CPC,0,0,TOTAL MOT,8,kg,264,FALSE,8,kg,264,FALSE,264,FALSE,0,FALSE,273835.934,,273835.934,0,FALSE,TRUE
C,A,20240101,2024,52,2024,276,DEU,Germany,M,Import,792,TUR,Türkiye,0,W00,World,H6,HS,TRUE,811292,"Gallium, germanium, indium, niobium (columbium) and vanadium; articles thereof, unwrought, including waste and scrap, powders",6,TRUE,C00,TOTAL CPC,0,0,TOTAL MOT,8,kg,0.473,TRUE,-1,N/A,0,FALSE,0.473,TRUE,0,FALSE,96.404,,96.404,6,FALSE,TRUE
C,A,20240101,2024,52,2024,276,DEU,Germany,M,Import,826,GBR,United Kingdom,0,W00,World,H6,HS,TRUE,811292,"Gallium, germanium, indium, niobium (columbium) and vanadium; articles thereof, unwrought, including waste and scrap, powders",6,TRUE,C00,TOTAL CPC,0,0,TOTAL MOT,8,kg,1712.737,TRUE,-1,N/A,0,FALSE,1712.737,TRUE,0,FALSE,509603.618,,509603.618,6,FALSE,TRUE
C,A,20240101,2024,52,2024,276,DEU,Germany,M,Import,842,USA,USA,0,W00,World,H6,HS,TRUE,811292,"Gallium, germanium, indium, niobium (columbium) and vanadium; articles thereof, unwrought, including waste and scrap, powders",6,TRUE,C00,TOTAL CPC,0,0,TOTAL MOT,8,kg,40488.174,TRUE,-1,N/A,0,FALSE,40488.174,TRUE,0,FALSE,11353061.27,,11353061.27,6,FALSE,TRUE
C,A,20240101,2024,52,2024,276,DEU,Germany,M,Import,0,W00,World,0,W00,World,H6,HS,TRUE,271129,"Petroleum gases and other gaseous hydrocarbons; in gaseous state, other than natural gas",6,TRUE,C00,TOTAL CPC,0,0,TOTAL MOT,8,kg,5889320,FALSE,8,kg,5889320,FALSE,5889320,FALSE,0,FALSE,5604357.198,,5604357.198,0,FALSE,TRUE
C,A,20240101,2024,52,2024,276,DEU,Germany,M,Import,899,_X ,"Areas, nes",0,W00,World,H6,HS,TRUE,271129,"Petroleum gases and other gaseous hydrocarbons; in gaseous state, other than natural gas",6,TRUE,C00,TOTAL CPC,0,0,TOTAL MOT,8,kg,5889320,FALSE,8,kg,5889320,FALSE,5889320,FALSE,0,FALSE,5604357.198,,5604357.198,0,FALSE,TRUE
C,A,20240101,2024,52,2024,276,DEU,Germany,M,Import,0,W00,World,0,W00,World,H6,HS,TRUE,280470,Phosphorus,6,TRUE,C00,TOTAL CPC,0,0,TOTAL MOT,8,kg,24701171.16,TRUE,-1,N/A,0,FALSE,24701171.16,TRUE,0,FALSE,91137636.1,,91137636.1,6,FALSE,TRUE
C,A,20240101,2024,52,2024,276,DEU,Germany,M,Import,40,AUT,Austria,0,W00,World,H6,HS,TRUE,280470,Phosphorus,6,TRUE,C00,TOTAL CPC,0,0,TOTAL MOT,8,kg,10,FALSE,8,kg,10,FALSE,10,FALSE,0,FALSE,3669.658,,3669.658,0,FALSE,TRUE
C,A,20240101,2024,52,2024,276,DEU,Germany,M,Import,56,BEL,Belgium,0,W00,World,H6,HS,TRUE,280470,Phosphorus,6,TRUE,C00,TOTAL CPC,0,0,TOTAL MOT,8,kg,61.272,TRUE,-1,N/A,0,FALSE,61.272,TRUE,0,FALSE,661.209,,661.209,6,FALSE,TRUE
C,A,20240101,2024,52,2024,276,DEU,Germany,M,Import,156,CHN,China,0,W00,World,H6,HS,TRUE,280470,Phosphorus,6,TRUE,C00,TOTAL CPC,0,0,TOTAL MOT,8,kg,316064.212,TRUE,-1,N/A,0,FALSE,316064.212,TRUE,0,FALSE,1685745.853,,1685745.853,6,FALSE,TRUE
C,A,20240101,2024,52,2024,276,DEU,Germany,M,Import,380,ITA,Italy,0,W00,World,H6,HS,TRUE,280470,Phosphorus,6,TRUE,C00,TOTAL CPC,0,0,TOTAL MOT,8,kg,542400,FALSE,8,kg,542400,FALSE,542400,FALSE,0,FALSE,4522322.52,,4522322.52,0,FALSE,TRUE
C,A,20240101,2024,52,2024,276,DEU,Germany,M,Import,392,JPN,Japan,0,W00,World,H6,HS,TRUE,280470,Phosphorus,6,TRUE,C00,TOTAL CPC,0,0,TOTAL MOT,8,kg,1053.461,TRUE,-1,N/A,0,FALSE,1053.461,TRUE,0,FALSE,63069.5,,63069.5,6,FALSE,TRUE
C,A,20240101,2024,52,2024,276,DEU,Germany,M,Import,398,KAZ,Kazakhstan,0,W00,World,H6,HS,TRUE,280470,Phosphorus,6,TRUE,C00,TOTAL CPC,0,0,TOTAL MOT,8,kg,14536532,FALSE,8,kg,14536532,FALSE,14536532,FALSE,0,FALSE,47853102.24,,47853102.24,0,FALSE,TRUE
C,A,20240101,2024,52,2024,276,DEU,Germany,M,Import,528,NLD,Netherlands,0,W00,World,H6,HS,TRUE,280470,Phosphorus,6,TRUE,C00,TOTAL CPC,0,0,TOTAL MOT,8,kg,1180080.214,TRUE,-1,N/A,0,FALSE,1180080.214,TRUE,0,FALSE,5024136.236,,5024136.236,6,FALSE,TRUE
C,A,20240101,2024,52,2024,276,DEU,Germany,M,Import,704,VNM,Viet Nam,0,W00,World,H6,HS,TRUE,280470,Phosphorus,6,TRUE,C00,TOTAL CPC,0,0,TOTAL MOT,8,kg,8124970,FALSE,8,kg,8124970,FALSE,8124970,FALSE,0,FALSE,31984928.88,,31984928.88,0,FALSE,TRUE
C,A,20240101,2024,52,2024,276,DEU,Germany,M,Import,0,W00,World,0,W00,World,H6,HS,TRUE,280490,Selenium,6,TRUE,C00,TOTAL CPC,0,0,TOTAL MOT,8,kg,82137.702,TRUE,-1,N/A,0,FALSE,82137.702,TRUE,0,FALSE,3679206.487,,3679206.487,6,FALSE,TRUE
C,A,20240101,2024,52,2024,276,DEU,Germany,M,Import,56,BEL,Belgium,0,W00,World,H6,HS,TRUE,280490,Selenium,6,TRUE,C00,TOTAL CPC,0,0,TOTAL MOT,8,kg,5514.592,TRUE,-1,N/A,0,FALSE,5514.592,TRUE,0,FALSE,111633.267,,111633.267,6,FALSE,TRUE
C,A,20240101,2024,52,2024,276,DEU,Germany,M,Import,124,CAN,Canada,0,W00,World,H6,HS,TRUE,280490,Selenium,6,TRUE,C00,TOTAL CPC,0,0,TOTAL MOT,8,kg,1572,FALSE,8,kg,1572,FALSE,1572,FALSE,0,FALSE,6879.299,,6879.299,0,FALSE,TRUE
C,A,20240101,2024,52,2024,276,DEU,Germany,M,Import,156,CHN,China,0,W00,World,H6,HS,TRUE,280490,Selenium,6,TRUE,C00,TOTAL CPC,0,0,TOTAL MOT,8,kg,40873.185,TRUE,-1,N/A,0,FALSE,40873.185,TRUE,0,FALSE,2279265.397,,2279265.397,6,FALSE,TRUE
C,A,20240101,2024,52,2024,276,DEU,Germany,M,Import,251,FRA,France,0,W00,World,H6,HS,TRUE,280490,Selenium,6,TRUE,C00,TOTAL CPC,0,0,TOTAL MOT,8,kg,3045,FALSE,8,kg,3045,FALSE,3045,FALSE,0,FALSE,49785.589,,49785.589,0,FALSE,TRUE
C,A,20240101,2024,52,2024,276,DEU,Germany,M,Import,392,JPN,Japan,0,W00,World,H6,HS,TRUE,280490,Selenium,6,TRUE,C00,TOTAL CPC,0,0,TOTAL MOT,8,kg,6424.496,TRUE,-1,N/A,0,FALSE,6424.496,TRUE,0,FALSE,219145.242,,219145.242,6,FALSE,TRUE
C,A,20240101,2024,52,2024,276,DEU,Germany,M,Import,410,KOR,Rep. of Korea,0,W00,World,H6,HS,TRUE,280490,Selenium,6,TRUE,C00,TOTAL CPC,0,0,TOTAL MOT,8,kg,8213,FALSE,8,kg,8213,FALSE,8213,FALSE,0,FALSE,266987.023,,266987.023,0,FALSE,TRUE
C,A,20240101,2024,52,2024,276,DEU,Germany,M,Import,442,LUX,Luxembourg,0,W00,World,H6,HS,TRUE,280490,Selenium,6,TRUE,C00,TOTAL CPC,0,0,TOTAL MOT,8,kg,500,FALSE,8,kg,500,FALSE,500,FALSE,0,FALSE,12574.5,,12574.5,0,FALSE,TRUE
C,A,20240101,2024,52,2024,276,DEU,Germany,M,Import,528,NLD,Netherlands,0,W00,World,H6,HS,TRUE,280490,Selenium,6,TRUE,C00,TOTAL CPC,0,0,TOTAL MOT,8,kg,2.257,TRUE,-1,N/A,0,FALSE,2.257,TRUE,0,FALSE,93.261,,93.261,6,FALSE,TRUE
C,A,20240101,2024,52,2024,276,DEU,Germany,M,Import,643,RUS,Russian Federation,0,W00,World,H6,HS,TRUE,280490,Selenium,6,TRUE,C00,TOTAL CPC,0,0,TOTAL MOT,8,kg,222,FALSE,8,kg,222,FALSE,222,FALSE,0,FALSE,7418.955,,7418.955,0,FALSE,TRUE
C,A,20240101,2024,52,2024,276,DEU,Germany,M,Import,724,ESP,Spain,0,W00,World,H6,HS,TRUE,280490,Selenium,6,TRUE,C00,TOTAL CPC,0,0,TOTAL MOT,8,kg,3076.231,TRUE,-1,N/A,0,FALSE,3076.231,TRUE,0,FALSE,383432.133,,383432.133,6,FALSE,TRUE
C,A,20240101,2024,52,2024,276,DEU,Germany,M,Import,752,SWE,Sweden,0,W00,World,H6,HS,TRUE,280490,Selenium,6,TRUE,C00,TOTAL CPC,0,0,TOTAL MOT,8,kg,11620,FALSE,8,kg,11620,FALSE,11620,FALSE,0,FALSE,307275.721,,307275.721,0,FALSE,TRUE
C,A,20240101,2024,52,2024,276,DEU,Germany,M,Import,757,CHE,Switzerland,0,W00,World,H6,HS,TRUE,280490,Selenium,6,TRUE,C00,TOTAL CPC,0,0,TOTAL MOT,8,kg,1,FALSE,8,kg,1,FALSE,1,FALSE,0,FALSE,4037.462,,4037.462,0,FALSE,TRUE
C,A,20240101,2024,52,2024,276,DEU,Germany,M,Import,842,USA,USA,0,W00,World,H6,HS,TRUE,280490,Selenium,6,TRUE,C00,TOTAL CPC,0,0,TOTAL MOT,8,kg,1073.942,TRUE,-1,N/A,0,FALSE,1073.942,TRUE,0,FALSE,30678.636,,30678.636,6,FALSE,TRUE
C,A,20240101,2024,52,2024,276,DEU,Germany,M,Import,0,W00,World,0,W00,World,H6,HS,TRUE,280530,"Earth-metals, rare; scandium and yttrium, whether or not intermixed or interalloyed",6,TRUE,C00,TOTAL CPC,0,0,TOTAL MOT,8,kg,193085.889,TRUE,-1,N/A,0,FALSE,193085.889,TRUE,0,FALSE,2251147.767,,2251147.767,6,FALSE,TRUE
C,A,20240101,2024,52,2024,276,DEU,Germany,M,Import,40,AUT,Austria,0,W00,World,H6,HS,TRUE,280530,"Earth-metals, rare; scandium and yttrium, whether or not intermixed or interalloyed",6,TRUE,C00,TOTAL CPC,0,0,TOTAL MOT,8,kg,23643.036,TRUE,-1,N/A,0,FALSE,23643.036,TRUE,0,FALSE,101000.48,,101000.48,6,FALSE,TRUE
C,A,20240101,2024,52,2024,276,DEU,Germany,M,Import,124,CAN,Canada,0,W00,World,H6,HS,TRUE,280530,"Earth-metals, rare; scandium and yttrium, whether or not intermixed or interalloyed",6,TRUE,C00,TOTAL CPC,0,0,TOTAL MOT,8,kg,94.822,TRUE,-1,N/A,0,FALSE,94.822,TRUE,0,FALSE,1105.508,,1105.508,6,FALSE,TRUE
C,A,20240101,2024,52,2024,276,DEU,Germany,M,Import,156,CHN,China,0,W00,World,H6,HS,TRUE,280530,"Earth-metals, rare; scandium and yttrium, whether or not intermixed or interalloyed",6,TRUE,C00,TOTAL CPC,0,0,TOTAL MOT,8,kg,166213.621,TRUE,-1,N/A,0,FALSE,166213.621,TRUE,0,FALSE,1675183.273,,1675183.273,6,FALSE,TRUE
C,A,20240101,2024,52,2024,276,DEU,Germany,M,Import,251,FRA,France,0,W00,World,H6,HS,TRUE,280530,"Earth-metals, rare; scandium and yttrium, whether or not intermixed or interalloyed",6,TRUE,C00,TOTAL CPC,0,0,TOTAL MOT,8,kg,1195.844,TRUE,-1,N/A,0,FALSE,1195.844,TRUE,0,FALSE,39460.877,,39460.877,6,FALSE,TRUE
C,A,20240101,2024,52,2024,276,DEU,Germany,M,Import,344,HKG,"China, Hong Kong SAR",0,W00,World,H6,HS,TRUE,280530,"Earth-metals, rare; scandium and yttrium, whether or not intermixed or interalloyed",6,TRUE,C00,TOTAL CPC,0,0,TOTAL MOT,8,kg,1,FALSE,8,kg,1,FALSE,1,FALSE,0,FALSE,13702.013,,13702.013,0,FALSE,TRUE
C,A,20240101,2024,52,2024,276,DEU,Germany,M,Import,392,JPN,Japan,0,W00,World,H6,HS,TRUE,280530,"Earth-metals, rare; scandium and yttrium, whether or not intermixed or interalloyed",6,TRUE,C00,TOTAL CPC,0,0,TOTAL MOT,8,kg,48,FALSE,8,kg,48,FALSE,48,FALSE,0,FALSE,17686.034,,17686.034,0,FALSE,TRUE
C,A,20240101,2024,52,2024,276,DEU,Germany,M,Import,410,KOR,Rep. of Korea,0,W00,World,H6,HS,TRUE,280530,"Earth-metals, rare; scandium and yttrium, whether or not intermixed or interalloyed",6,TRUE,C00,TOTAL CPC,0,0,TOTAL MOT,8,kg,39,FALSE,8,kg,39,FALSE,39,FALSE,0,FALSE,18758.01,,18758.01,0,FALSE,TRUE
C,A,20240101,2024,52,2024,276,DEU,Germany,M,Import,490,S19,"Other Asia, nes",0,W00,World,H6,HS,TRUE,280530,"Earth-metals, rare; scandium and yttrium, whether or not intermixed or interalloyed",6,TRUE,C00,TOTAL CPC,0,0,TOTAL MOT,8,kg,1,FALSE,8,kg,1,FALSE,1,FALSE,0,FALSE,1374.812,,1374.812,0,FALSE,TRUE
C,A,20240101,2024,52,2024,276,DEU,Germany,M,Import,528,NLD,Netherlands,0,W00,World,H6,HS,TRUE,280530,"Earth-metals, rare; scandium and yttrium, whether or not intermixed or interalloyed",6,TRUE,C00,TOTAL CPC,0,0,TOTAL MOT,8,kg,21,FALSE,8,kg,21,FALSE,21,FALSE,0,FALSE,1056.258,,1056.258,0,FALSE,TRUE
C,A,20240101,2024,52,2024,276,DEU,Germany,M,Import,616,POL,Poland,0,W00,World,H6,HS,TRUE,280530,"Earth-metals, rare; scandium and yttrium, whether or not intermixed or interalloyed",6,TRUE,C00,TOTAL CPC,0,0,TOTAL MOT,8,kg,2.696,TRUE,-1,N/A,0,FALSE,2.696,TRUE,0,FALSE,31.436,,31.436,6,FALSE,TRUE
C,A,20240101,2024,52,2024,276,DEU,Germany,M,Import,710,ZAF,South Africa,0,W00,World,H6,HS,TRUE,280530,"Earth-metals, rare; scandium and yttrium, whether or not intermixed or interalloyed",6,TRUE,C00,TOTAL CPC,0,0,TOTAL MOT,8,kg,1250,FALSE,8,kg,1250,FALSE,1250,FALSE,0,FALSE,35037.796,,35037.796,0,FALSE,TRUE
C,A,20240101,2024,52,2024,276,DEU,Germany,M,Import,826,GBR,United Kingdom,0,W00,World,H6,HS,TRUE,280530,"Earth-metals, rare; scandium and yttrium, whether or not intermixed or interalloyed",6,TRUE,C00,TOTAL CPC,0,0,TOTAL MOT,8,kg,139.326,TRUE,-1,N/A,0,FALSE,139.326,TRUE,0,FALSE,68525.786,,68525.786,6,FALSE,TRUE
C,A,20240101,2024,52,2024,276,DEU,Germany,M,Import,842,USA,USA,0,W00,World,H6,HS,TRUE,280530,"Earth-metals, rare; scandium and yttrium, whether or not intermixed or interalloyed",6,TRUE,C00,TOTAL CPC,0,0,TOTAL MOT,8,kg,436.543,TRUE,-1,N/A,0,FALSE,436.543,TRUE,0,FALSE,278225.483,,278225.483,6,FALSE,TRUE
C,A,20240101,2024,52,2024,276,DEU,Germany,M,Import,0,W00,World,0,W00,World,H6,HS,TRUE,281820,Aluminium oxide; other than artificial corundum,6,TRUE,C00,TOTAL CPC,0,0,TOTAL MOT,8,kg,422668042.2,TRUE,-1,N/A,0,FALSE,422668042.2,TRUE,0,FALSE,276193789.3,,276193789.3,6,FALSE,TRUE
C,A,20240101,2024,52,2024,276,DEU,Germany,M,Import,36,AUS,Australia,0,W00,World,H6,HS,TRUE,281820,Aluminium oxide; other than artificial corundum,6,TRUE,C00,TOTAL CPC,0,0,TOTAL MOT,8,kg,5932.654,TRUE,-1,N/A,0,FALSE,5932.654,TRUE,0,FALSE,34681.519,,34681.519,6,FALSE,TRUE
C,A,20240101,2024,52,2024,276,DEU,Germany,M,Import,40,AUT,Austria,0,W00,World,H6,HS,TRUE,281820,Aluminium oxide; other than artificial corundum,6,TRUE,C00,TOTAL CPC,0,0,TOTAL MOT,8,kg,6907100,FALSE,8,kg,6907100,FALSE,6907100,FALSE,0,FALSE,3372989.119,,3372989.119,0,FALSE,TRUE
C,A,20240101,2024,52,2024,276,DEU,Germany,M,Import,56,BEL,Belgium,0,W00,World,H6,HS,TRUE,281820,Aluminium oxide; other than artificial corundum,6,TRUE,C00,TOTAL CPC,0,0,TOTAL MOT,8,kg,920421.974,TRUE,-1,N/A,0,FALSE,920421.974,TRUE,0,FALSE,5028218.757,,5028218.757,6,FALSE,TRUE
C,A,20240101,2024,52,2024,276,DEU,Germany,M,Import,70,BIH,Bosnia Herzegovina,0,W00,World,H6,HS,TRUE,281820,Aluminium oxide; other than artificial corundum,6,TRUE,C00,TOTAL CPC,0,0,TOTAL MOT,8,kg,1213540,FALSE,8,kg,1213540,FALSE,1213540,FALSE,0,FALSE,702024.904,,702024.904,0,FALSE,TRUE
C,A,20240101,2024,52,2024,276,DEU,Germany,M,Import,76,BRA,Brazil,0,W00,World,H6,HS,TRUE,281820,Aluminium oxide; other than artificial corundum,6,TRUE,C00,TOTAL CPC,0,0,TOTAL MOT,8,kg,118.018,TRUE,-1,N/A,0,FALSE,118.018,TRUE,0,FALSE,1440.828,,1440.828,6,FALSE,TRUE
C,A,20240101,2024,52,2024,276,DEU,Germany,M,Import,124,CAN,Canada,0,W00,World,H6,HS,TRUE,281820,Aluminium oxide; other than artificial corundum,6,TRUE,C00,TOTAL CPC,0,0,TOTAL MOT,8,kg,21785.365,TRUE,-1,N/A,0,FALSE,21785.365,TRUE,0,FALSE,66485.573,,66485.573,6,FALSE,TRUE
C,A,20240101,2024,52,2024,276,DEU,Germany,M,Import,156,CHN,China,0,W00,World,H6,HS,TRUE,281820,Aluminium oxide; other than artificial corundum,6,TRUE,C00,TOTAL CPC,0,0,TOTAL MOT,8,kg,9123923.23,TRUE,-1,N/A,0,FALSE,9123923.23,TRUE,0,FALSE,12000729.76,,12000729.76,6,FALSE,TRUE
C,A,20240101,2024,52,2024,276,DEU,Germany,M,Import,203,CZE,Czechia,0,W00,World,H6,HS,TRUE,281820,Aluminium oxide; other than artificial corundum,6,TRUE,C00,TOTAL CPC,0,0,TOTAL MOT,8,kg,155265.549,TRUE,-1,N/A,0,FALSE,155265.549,TRUE,0,FALSE,113135.92,,113135.92,6,FALSE,TRUE
C,A,20240101,2024,52,2024,276,DEU,Germany,M,Import,208,DNK,Denmark,0,W00,World,H6,HS,TRUE,281820,Aluminium oxide; other than artificial corundum,6,TRUE,C00,TOTAL CPC,0,0,TOTAL MOT,8,kg,2658,FALSE,8,kg,2658,FALSE,2658,FALSE,0,FALSE,61782.71,,61782.71,0,FALSE,TRUE
C,A,20240101,2024,52,2024,276,DEU,Germany,M,Import,246,FIN,Finland,0,W00,World,H6,HS,TRUE,281820,Aluminium oxide; other than artificial corundum,6,TRUE,C00,TOTAL CPC,0,0,TOTAL MOT,8,kg,60,FALSE,8,kg,60,FALSE,60,FALSE,0,FALSE,2143.952,,2143.952,0,FALSE,TRUE
C,A,20240101,2024,52,2024,276,DEU,Germany,M,Import,251,FRA,France,0,W00,World,H6,HS,TRUE,281820,Aluminium oxide; other than artificial corundum,6,TRUE,C00,TOTAL CPC,0,0,TOTAL MOT,8,kg,16454010,FALSE,8,kg,16454010,FALSE,16454010,FALSE,0,FALSE,22484315.7,,22484315.7,0,FALSE,TRUE
C,A,20240101,2024,52,2024,276,DEU,Germany,M,Import,300,GRC,Greece,0,W00,World,H6,HS,TRUE,281820,Aluminium oxide; other than artificial corundum,6,TRUE,C00,TOTAL CPC,0,0,TOTAL MOT,8,kg,7689460,FALSE,8,kg,7689460,FALSE,7689460,FALSE,0,FALSE,3283299.402,,3283299.402,0,FALSE,TRUE
C,A,20240101,2024,52,2024,276,DEU,Germany,M,Import,348,HUN,Hungary,0,W00,World,H6,HS,TRUE,281820,Aluminium oxide; other than artificial corundum,6,TRUE,C00,TOTAL CPC,0,0,TOTAL MOT,8,kg,993575,FALSE,8,kg,993575,FALSE,993575,FALSE,0,FALSE,940619.754,,940619.754,0,FALSE,TRUE
C,A,20240101,2024,52,2024,276,DEU,Germany,M,Import,376,ISR,Israel,0,W00,World,H6,HS,TRUE,281820,Aluminium oxide; other than artificial corundum,6,TRUE,C00,TOTAL CPC,0,0,TOTAL MOT,8,kg,402.026,TRUE,-1,N/A,0,FALSE,402.026,TRUE,0,FALSE,15666.779,,15666.779,6,FALSE,TRUE
C,A,20240101,2024,52,2024,276,DEU,Germany,M,Import,380,ITA,Italy,0,W00,World,H6,HS,TRUE,281820,Aluminium oxide; other than artificial corundum,6,TRUE,C00,TOTAL CPC,0,0,TOTAL MOT,8,kg,7261610,FALSE,8,kg,7261610,FALSE,7261610,FALSE,0,FALSE,3759969.357,,3759969.357,0,FALSE,TRUE
C,A,20240101,2024,52,2024,276,DEU,Germany,M,Import,388,JAM,Jamaica,0,W00,World,H6,HS,TRUE,281820,Aluminium oxide; other than artificial corundum,6,TRUE,C00,TOTAL CPC,0,0,TOTAL MOT,8,kg,2419,FALSE,8,kg,2419,FALSE,2419,FALSE,0,FALSE,14224.903,,14224.903,0,FALSE,TRUE
C,A,20240101,2024,52,2024,276,DEU,Germany,M,Import,392,JPN,Japan,0,W00,World,H6,HS,TRUE,281820,Aluminium oxide; other than artificial corundum,6,TRUE,C00,TOTAL CPC,0,0,TOTAL MOT,8,kg,1724286.736,TRUE,-1,N/A,0,FALSE,1724286.736,TRUE,0,FALSE,16280907.23,,16280907.23,6,FALSE,TRUE
C,A,20240101,2024,52,2024,276,DEU,Germany,M,Import,410,KOR,Rep. of Korea,0,W00,World,H6,HS,TRUE,281820,Aluminium oxide; other than artificial corundum,6,TRUE,C00,TOTAL CPC,0,0,TOTAL MOT,8,kg,40342.494,TRUE,-1,N/A,0,FALSE,40342.494,TRUE,0,FALSE,131303.977,,131303.977,6,FALSE,TRUE
C,A,20240101,2024,52,2024,276,DEU,Germany,M,Import,414,KWT,Kuwait,0,W00,World,H6,HS,TRUE,281820,Aluminium oxide; other than artificial corundum,6,TRUE,C00,TOTAL CPC,0,0,TOTAL MOT,8,kg,1696,FALSE,8,kg,1696,FALSE,1696,FALSE,0,FALSE,11105.379,,11105.379,0,FALSE,TRUE
C,A,20240101,2024,52,2024,276,DEU,Germany,M,Import,428,LVA,Latvia,0,W00,World,H6,HS,TRUE,281820,Aluminium oxide; other than artificial corundum,6,TRUE,C00,TOTAL CPC,0,0,TOTAL MOT,8,kg,1012850,FALSE,8,kg,1012850,FALSE,1012850,FALSE,0,FALSE,331614.714,,331614.714,0,FALSE,TRUE
C,A,20240101,2024,52,2024,276,DEU,Germany,M,Import,442,LUX,Luxembourg,0,W00,World,H6,HS,TRUE,281820,Aluminium oxide; other than artificial corundum,6,TRUE,C00,TOTAL CPC,0,0,TOTAL MOT,8,kg,3021290,FALSE,8,kg,3021290,FALSE,3021290,FALSE,0,FALSE,2709707.298,,2709707.298,0,FALSE,TRUE
C,A,20240101,2024,52,2024,276,DEU,Germany,M,Import,458,MYS,Malaysia,0,W00,World,H6,HS,TRUE,281820,Aluminium oxide; other than artificial corundum,6,TRUE,C00,TOTAL CPC,0,0,TOTAL MOT,8,kg,110,FALSE,8,kg,110,FALSE,110,FALSE,0,FALSE,1918.659,,1918.659,0,FALSE,TRUE
C,A,20240101,2024,52,2024,276,DEU,Germany,M,Import,490,S19,"Other Asia, nes",0,W00,World,H6,HS,TRUE,281820,Aluminium oxide; other than artificial corundum,6,TRUE,C00,TOTAL CPC,0,0,TOTAL MOT,8,kg,5767,FALSE,8,kg,5767,FALSE,5767,FALSE,0,FALSE,72390.349,,72390.349,0,FALSE,TRUE
C,A,20240101,2024,52,2024,276,DEU,Germany,M,Import,528,NLD,Netherlands,0,W00,World,H6,HS,TRUE,281820,Aluminium oxide; other than artificial corundum,6,TRUE,C00,TOTAL CPC,0,0,TOTAL MOT,8,kg,290390420,FALSE,8,kg,290390420,FALSE,290390420,FALSE,0,FALSE,139603816.5,,139603816.5,0,FALSE,TRUE
C,A,20240101,2024,52,2024,276,DEU,Germany,M,Import,616,POL,Poland,0,W00,World,H6,HS,TRUE,281820,Aluminium oxide; other than artificial corundum,6,TRUE,C00,TOTAL CPC,0,0,TOTAL MOT,8,kg,8049.504,TRUE,-1,N/A,0,FALSE,8049.504,TRUE,0,FALSE,26239.838,,26239.838,6,FALSE,TRUE
C,A,20240101,2024,52,2024,276,DEU,Germany,M,Import,620,PRT,Portugal,0,W00,World,H6,HS,TRUE,281820,Aluminium oxide; other than artificial corundum,6,TRUE,C00,TOTAL CPC,0,0,TOTAL MOT,8,kg,158,FALSE,8,kg,158,FALSE,158,FALSE,0,FALSE,2230.926,,2230.926,0,FALSE,TRUE
C,A,20240101,2024,52,2024,276,DEU,Germany,M,Import,682,SAU,Saudi Arabia,0,W00,World,H6,HS,TRUE,281820,Aluminium oxide; other than artificial corundum,6,TRUE,C00,TOTAL CPC,0,0,TOTAL MOT,8,kg,1,FALSE,8,kg,1,FALSE,1,FALSE,0,FALSE,4.191,,4.191,0,FALSE,TRUE
C,A,20240101,2024,52,2024,276,DEU,Germany,M,Import,699,IND,India,0,W00,World,H6,HS,TRUE,281820,Aluminium oxide; other than artificial corundum,6,TRUE,C00,TOTAL CPC,0,0,TOTAL MOT,8,kg,298428,FALSE,8,kg,298428,FALSE,298428,FALSE,0,FALSE,469219.563,,469219.563,0,FALSE,TRUE
C,A,20240101,2024,52,2024,276,DEU,Germany,M,Import,702,SGP,Singapore,0,W00,World,H6,HS,TRUE,281820,Aluminium oxide; other than artificial corundum,6,TRUE,C00,TOTAL CPC,0,0,TOTAL MOT,8,kg,396170,FALSE,8,kg,396170,FALSE,396170,FALSE,0,FALSE,2155519.742,,2155519.742,0,FALSE,TRUE
C,A,20240101,2024,52,2024,276,DEU,Germany,M,Import,703,SVK,Slovakia,0,W00,World,H6,HS,TRUE,281820,Aluminium oxide; other than artificial corundum,6,TRUE,C00,TOTAL CPC,0,0,TOTAL MOT,8,kg,274800,FALSE,8,kg,274800,FALSE,274800,FALSE,0,FALSE,279782.625,,279782.625,0,FALSE,TRUE
C,A,20240101,2024,52,2024,276,DEU,Germany,M,Import,704,VNM,Viet Nam,0,W00,World,H6,HS,TRUE,281820,Aluminium oxide; other than artificial corundum,6,TRUE,C00,TOTAL CPC,0,0,TOTAL MOT,8,kg,1384.863,TRUE,-1,N/A,0,FALSE,1384.863,TRUE,0,FALSE,1732.137,,1732.137,6,FALSE,TRUE
C,A,20240101,2024,52,2024,276,DEU,Germany,M,Import,705,SVN,Slovenia,0,W00,World,H6,HS,TRUE,281820,Aluminium oxide; other than artificial corundum,6,TRUE,C00,TOTAL CPC,0,0,TOTAL MOT,8,kg,17598700,FALSE,8,kg,17598700,FALSE,17598700,FALSE,0,FALSE,16495701.69,,16495701.69,0,FALSE,TRUE
C,A,20240101,2024,52,2024,276,DEU,Germany,M,Import,724,ESP,Spain,0,W00,World,H6,HS,TRUE,281820,Aluminium oxide; other than artificial corundum,6,TRUE,C00,TOTAL CPC,0,0,TOTAL MOT,8,kg,53289410,FALSE,8,kg,53289410,FALSE,53289410,FALSE,0,FALSE,21228462.66,,21228462.66,0,FALSE,TRUE
C,A,20240101,2024,52,2024,276,DEU,Germany,M,Import,757,CHE,Switzerland,0,W00,World,H6,HS,TRUE,281820,Aluminium oxide; other than artificial corundum,6,TRUE,C00,TOTAL CPC,0,0,TOTAL MOT,8,kg,53179.239,TRUE,-1,N/A,0,FALSE,53179.239,TRUE,0,FALSE,479243.535,,479243.535,6,FALSE,TRUE
C,A,20240101,2024,52,2024,276,DEU,Germany,M,Import,792,TUR,Türkiye,0,W00,World,H6,HS,TRUE,281820,Aluminium oxide; other than artificial corundum,6,TRUE,C00,TOTAL CPC,0,0,TOTAL MOT,8,kg,2771.95,TRUE,-1,N/A,0,FALSE,2771.95,TRUE,0,FALSE,10843.41,,10843.41,6,FALSE,TRUE
C,A,20240101,2024,52,2024,276,DEU,Germany,M,Import,826,GBR,United Kingdom,0,W00,World,H6,HS,TRUE,281820,Aluminium oxide; other than artificial corundum,6,TRUE,C00,TOTAL CPC,0,0,TOTAL MOT,8,kg,34814.445,TRUE,-1,N/A,0,FALSE,34814.445,TRUE,0,FALSE,293157.701,,293157.701,6,FALSE,TRUE
C,A,20240101,2024,52,2024,276,DEU,Germany,M,Import,842,USA,USA,0,W00,World,H6,HS,TRUE,281820,Aluminium oxide; other than artificial corundum,6,TRUE,C00,TOTAL CPC,0,0,TOTAL MOT,8,kg,3761132.106,TRUE,-1,N/A,0,FALSE,3761132.106,TRUE,0,FALSE,23727158.32,,23727158.32,6,FALSE,TRUE
C,A,20240101,2024,52,2024,276,DEU,Germany,M,Import,0,W00,World,0,W00,World,H6,HS,TRUE,281830,Aluminium hydroxide,6,TRUE,C00,TOTAL CPC,0,0,TOTAL MOT,8,kg,137532996.9,TRUE,-1,N/A,0,FALSE,137532996.9,TRUE,0,FALSE,82428277.52,,82428277.52,6,FALSE,TRUE
C,A,20240101,2024,52,2024,276,DEU,Germany,M,Import,36,AUS,Australia,0,W00,World,H6,HS,TRUE,281830,Aluminium hydroxide,6,TRUE,C00,TOTAL CPC,0,0,TOTAL MOT,8,kg,2201020,FALSE,8,kg,2201020,FALSE,2201020,FALSE,0,FALSE,1097559.993,,1097559.993,0,FALSE,TRUE
C,A,20240101,2024,52,2024,276,DEU,Germany,M,Import,40,AUT,Austria,0,W00,World,H6,HS,TRUE,281830,Aluminium hydroxide,6,TRUE,C00,TOTAL CPC,0,0,TOTAL MOT,8,kg,23650,FALSE,8,kg,23650,FALSE,23650,FALSE,0,FALSE,84335.076,,84335.076,0,FALSE,TRUE
C,A,20240101,2024,52,2024,276,DEU,Germany,M,Import,56,BEL,Belgium,0,W00,World,H6,HS,TRUE,281830,Aluminium hydroxide,6,TRUE,C00,TOTAL CPC,0,0,TOTAL MOT,8,kg,1111580,FALSE,8,kg,1111580,FALSE,1111580,FALSE,0,FALSE,3949474.407,,3949474.407,0,FALSE,TRUE
C,A,20240101,2024,52,2024,276,DEU,Germany,M,Import,70,BIH,Bosnia Herzegovina,0,W00,World,H6,HS,TRUE,281830,Aluminium hydroxide,6,TRUE,C00,TOTAL CPC,0,0,TOTAL MOT,8,kg,21367605.72,TRUE,-1,N/A,0,FALSE,21367605.72,TRUE,0,FALSE,12429598.8,,12429598.8,6,FALSE,TRUE
C,A,20240101,2024,52,2024,276,DEU,Germany,M,Import,76,BRA,Brazil,0,W00,World,H6,HS,TRUE,281830,Aluminium hydroxide,6,TRUE,C00,TOTAL CPC,0,0,TOTAL MOT,8,kg,42378100,FALSE,8,kg,42378100,FALSE,42378100,FALSE,0,FALSE,12392588.9,,12392588.9,0,FALSE,TRUE
C,A,20240101,2024,52,2024,276,DEU,Germany,M,Import,156,CHN,China,0,W00,World,H6,HS,TRUE,281830,Aluminium hydroxide,6,TRUE,C00,TOTAL CPC,0,0,TOTAL MOT,8,kg,2356328.002,TRUE,-1,N/A,0,FALSE,2356328.002,TRUE,0,FALSE,6768133.46,,6768133.46,6,FALSE,TRUE
C,A,20240101,2024,52,2024,276,DEU,Germany,M,Import,203,CZE,Czechia,0,W00,World,H6,HS,TRUE,281830,Aluminium hydroxide,6,TRUE,C00,TOTAL CPC,0,0,TOTAL MOT,8,kg,1589,FALSE,8,kg,1589,FALSE,1589,FALSE,0,FALSE,5599.844,,5599.844,0,FALSE,TRUE
C,A,20240101,2024,52,2024,276,DEU,Germany,M,Import,208,DNK,Denmark,0,W00,World,H6,HS,TRUE,281830,Aluminium hydroxide,6,TRUE,C00,TOTAL CPC,0,0,TOTAL MOT,8,kg,616065,FALSE,8,kg,616065,FALSE,616065,FALSE,0,FALSE,4180689.074,,4180689.074,0,FALSE,TRUE
C,A,20240101,2024,52,2024,276,DEU,Germany,M,Import,233,EST,Estonia,0,W00,World,H6,HS,TRUE,281830,Aluminium hydroxide,6,TRUE,C00,TOTAL CPC,0,0,TOTAL MOT,8,kg,400,FALSE,8,kg,400,FALSE,400,FALSE,0,FALSE,7349.795,,7349.795,0,FALSE,TRUE
C,A,20240101,2024,52,2024,276,DEU,Germany,M,Import,251,FRA,France,0,W00,World,H6,HS,TRUE,281830,Aluminium hydroxide,6,TRUE,C00,TOTAL CPC,0,0,TOTAL MOT,8,kg,1963420,FALSE,8,kg,1963420,FALSE,1963420,FALSE,0,FALSE,1127842.533,,1127842.533,0,FALSE,TRUE
C,A,20240101,2024,52,2024,276,DEU,Germany,M,Import,300,GRC,Greece,0,W00,World,H6,HS,TRUE,281830,Aluminium hydroxide,6,TRUE,C00,TOTAL CPC,0,0,TOTAL MOT,8,kg,6039590,FALSE,8,kg,6039590,FALSE,6039590,FALSE,0,FALSE,1701852.74,,1701852.74,0,FALSE,TRUE
C,A,20240101,2024,52,2024,276,DEU,Germany,M,Import,348,HUN,Hungary,0,W00,World,H6,HS,TRUE,281830,Aluminium hydroxide,6,TRUE,C00,TOTAL CPC,0,0,TOTAL MOT,8,kg,2269620,FALSE,8,kg,2269620,FALSE,2269620,FALSE,0,FALSE,1213996.719,,1213996.719,0,FALSE,TRUE
C,A,20240101,2024,52,2024,276,DEU,Germany,M,Import,380,ITA,Italy,0,W00,World,H6,HS,TRUE,281830,Aluminium hydroxide,6,TRUE,C00,TOTAL CPC,0,0,TOTAL MOT,8,kg,281384,FALSE,8,kg,281384,FALSE,281384,FALSE,0,FALSE,314398.128,,314398.128,0,FALSE,TRUE
C,A,20240101,2024,52,2024,276,DEU,Germany,M,Import,392,JPN,Japan,0,W00,World,H6,HS,TRUE,281830,Aluminium hydroxide,6,TRUE,C00,TOTAL CPC,0,0,TOTAL MOT,8,kg,208422,FALSE,8,kg,208422,FALSE,208422,FALSE,0,FALSE,467920.198,,467920.198,0,FALSE,TRUE
C,A,20240101,2024,52,2024,276,DEU,Germany,M,Import,410,KOR,Rep. of Korea,0,W00,World,H6,HS,TRUE,281830,Aluminium hydroxide,6,TRUE,C00,TOTAL CPC,0,0,TOTAL MOT,8,kg,189117.497,TRUE,-1,N/A,0,FALSE,189117.497,TRUE,0,FALSE,170440.012,,170440.012,6,FALSE,TRUE
C,A,20240101,2024,52,2024,276,DEU,Germany,M,Import,528,NLD,Netherlands,0,W00,World,H6,HS,TRUE,281830,Aluminium hydroxide,6,TRUE,C00,TOTAL CPC,0,0,TOTAL MOT,8,kg,33374517,FALSE,8,kg,33374517,FALSE,33374517,FALSE,0,FALSE,21237806.56,,21237806.56,0,FALSE,TRUE
C,A,20240101,2024,52,2024,276,DEU,Germany,M,Import,616,POL,Poland,0,W00,World,H6,HS,TRUE,281830,Aluminium hydroxide,6,TRUE,C00,TOTAL CPC,0,0,TOTAL MOT,8,kg,78,FALSE,8,kg,78,FALSE,78,FALSE,0,FALSE,151.942,,151.942,0,FALSE,TRUE
C,A,20240101,2024,52,2024,276,DEU,Germany,M,Import,643,RUS,Russian Federation,0,W00,World,H6,HS,TRUE,281830,Aluminium hydroxide,6,TRUE,C00,TOTAL CPC,0,0,TOTAL MOT,8,kg,526000,FALSE,8,kg,526000,FALSE,526000,FALSE,0,FALSE,407507.061,,407507.061,0,FALSE,TRUE
C,A,20240101,2024,52,2024,276,DEU,Germany,M,Import,699,IND,India,0,W00,World,H6,HS,TRUE,281830,Aluminium hydroxide,6,TRUE,C00,TOTAL CPC,0,0,TOTAL MOT,8,kg,51468.28,TRUE,-1,N/A,0,FALSE,51468.28,TRUE,0,FALSE,67701.108,,67701.108,6,FALSE,TRUE
C,A,20240101,2024,52,2024,276,DEU,Germany,M,Import,703,SVK,Slovakia,0,W00,World,H6,HS,TRUE,281830,Aluminium hydroxide,6,TRUE,C00,TOTAL CPC,0,0,TOTAL MOT,8,kg,2250,FALSE,8,kg,2250,FALSE,2250,FALSE,0,FALSE,5095.816,,5095.816,0,FALSE,TRUE
C,A,20240101,2024,52,2024,276,DEU,Germany,M,Import,705,SVN,Slovenia,0,W00,World,H6,HS,TRUE,281830,Aluminium hydroxide,6,TRUE,C00,TOTAL CPC,0,0,TOTAL MOT,8,kg,5245920,FALSE,8,kg,5245920,FALSE,5245920,FALSE,0,FALSE,4378981.603,,4378981.603,0,FALSE,TRUE
C,A,20240101,2024,52,2024,276,DEU,Germany,M,Import,724,ESP,Spain,0,W00,World,H6,HS,TRUE,281830,Aluminium hydroxide,6,TRUE,C00,TOTAL CPC,0,0,TOTAL MOT,8,kg,15878075,FALSE,8,kg,15878075,FALSE,15878075,FALSE,0,FALSE,5081201.412,,5081201.412,0,FALSE,TRUE
C,A,20240101,2024,52,2024,276,DEU,Germany,M,Import,752,SWE,Sweden,0,W00,World,H6,HS,TRUE,281830,Aluminium hydroxide,6,TRUE,C00,TOTAL CPC,0,0,TOTAL MOT,8,kg,10000,FALSE,8,kg,10000,FALSE,10000,FALSE,0,FALSE,17813.875,,17813.875,0,FALSE,TRUE
C,A,20240101,2024,52,2024,276,DEU,Germany,M,Import,757,CHE,Switzerland,0,W00,World,H6,HS,TRUE,281830,Aluminium hydroxide,6,TRUE,C00,TOTAL CPC,0,0,TOTAL MOT,8,kg,28360,FALSE,8,kg,28360,FALSE,28360,FALSE,0,FALSE,92493.83,,92493.83,0,FALSE,TRUE
C,A,20240101,2024,52,2024,276,DEU,Germany,M,Import,788,TUN,Tunisia,0,W00,World,H6,HS,TRUE,281830,Aluminium hydroxide,6,TRUE,C00,TOTAL CPC,0,0,TOTAL MOT,8,kg,29.723,TRUE,-1,N/A,0,FALSE,29.723,TRUE,0,FALSE,17.814,,17.814,6,FALSE,TRUE
C,A,20240101,2024,52,2024,276,DEU,Germany,M,Import,792,TUR,Türkiye,0,W00,World,H6,HS,TRUE,281830,Aluminium hydroxide,6,TRUE,C00,TOTAL CPC,0,0,TOTAL MOT,8,kg,82116.748,TRUE,-1,N/A,0,FALSE,82116.748,TRUE,0,FALSE,66708.77,,66708.77,6,FALSE,TRUE
C,A,20240101,2024,52,2024,276,DEU,Germany,M,Import,826,GBR,United Kingdom,0,W00,World,H6,HS,TRUE,281830,Aluminium hydroxide,6,TRUE,C00,TOTAL CPC,0,0,TOTAL MOT,8,kg,3564,FALSE,8,kg,3564,FALSE,3564,FALSE,0,FALSE,2720.283,,2720.283,0,FALSE,TRUE
C,A,20240101,2024,52,2024,276,DEU,Germany,M,Import,842,USA,USA,0,W00,World,H6,HS,TRUE,281830,Aluminium hydroxide,6,TRUE,C00,TOTAL CPC,0,0,TOTAL MOT,8,kg,1322726.923,TRUE,-1,N/A,0,FALSE,1322726.923,TRUE,0,FALSE,5158297.768,,5158297.768,6,FALSE,TRUE
C,A,20240101,2024,52,2024,276,DEU,Germany,M,Import,0,W00,World,0,W00,World,H6,HS,TRUE,281910,Chromium trioxide,6,TRUE,C00,TOTAL CPC,0,0,TOTAL MOT,8,kg,3195351.656,TRUE,-1,N/A,0,FALSE,3195351.656,TRUE,0,FALSE,9129149.872,,9129149.872,6,FALSE,TRUE
C,A,20240101,2024,52,2024,276,DEU,Germany,M,Import,56,BEL,Belgium,0,W00,World,H6,HS,TRUE,281910,Chromium trioxide,6,TRUE,C00,TOTAL CPC,0,0,TOTAL MOT,8,kg,80.746,TRUE,-1,N/A,0,FALSE,80.746,TRUE,0,FALSE,397.145,,397.145,6,FALSE,TRUE
C,A,20240101,2024,52,2024,276,DEU,Germany,M,Import,156,CHN,China,0,W00,World,H6,HS,TRUE,281910,Chromium trioxide,6,TRUE,C00,TOTAL CPC,0,0,TOTAL MOT,8,kg,57000.734,TRUE,-1,N/A,0,FALSE,57000.734,TRUE,0,FALSE,280593.68,,280593.68,6,FALSE,TRUE
C,A,20240101,2024,52,2024,276,DEU,Germany,M,Import,251,FRA,France,0,W00,World,H6,HS,TRUE,281910,Chromium trioxide,6,TRUE,C00,TOTAL CPC,0,0,TOTAL MOT,8,kg,1372,FALSE,8,kg,1372,FALSE,1372,FALSE,0,FALSE,2965.486,,2965.486,0,FALSE,TRUE
C,A,20240101,2024,52,2024,276,DEU,Germany,M,Import,380,ITA,Italy,0,W00,World,H6,HS,TRUE,281910,Chromium trioxide,6,TRUE,C00,TOTAL CPC,0,0,TOTAL MOT,8,kg,396000,FALSE,8,kg,396000,FALSE,396000,FALSE,0,FALSE,752087.132,,752087.132,0,FALSE,TRUE
C,A,20240101,2024,52,2024,276,DEU,Germany,M,Import,398,KAZ,Kazakhstan,0,W00,World,H6,HS,TRUE,281910,Chromium trioxide,6,TRUE,C00,TOTAL CPC,0,0,TOTAL MOT,8,kg,1649200,FALSE,8,kg,1649200,FALSE,1649200,FALSE,0,FALSE,4607238.119,,4607238.119,0,FALSE,TRUE
C,A,20240101,2024,52,2024,276,DEU,Germany,M,Import,528,NLD,Netherlands,0,W00,World,H6,HS,TRUE,281910,Chromium trioxide,6,TRUE,C00,TOTAL CPC,0,0,TOTAL MOT,8,kg,6320,FALSE,8,kg,6320,FALSE,6320,FALSE,0,FALSE,13720.875,,13720.875,0,FALSE,TRUE
C,A,20240101,2024,52,2024,276,DEU,Germany,M,Import,643,RUS,Russian Federation,0,W00,World,H6,HS,TRUE,281910,Chromium trioxide,6,TRUE,C00,TOTAL CPC,0,0,TOTAL MOT,8,kg,39600,FALSE,8,kg,39600,FALSE,39600,FALSE,0,FALSE,113623.182,,113623.182,0,FALSE,TRUE
C,A,20240101,2024,52,2024,276,DEU,Germany,M,Import,710,ZAF,South Africa,0,W00,World,H6,HS,TRUE,281910,Chromium trioxide,6,TRUE,C00,TOTAL CPC,0,0,TOTAL MOT,8,kg,336364,FALSE,8,kg,336364,FALSE,336364,FALSE,0,FALSE,1189170.465,,1189170.465,0,FALSE,TRUE
C,A,20240101,2024,52,2024,276,DEU,Germany,M,Import,792,TUR,Türkiye,0,W00,World,H6,HS,TRUE,281910,Chromium trioxide,6,TRUE,C00,TOTAL CPC,0,0,TOTAL MOT,8,kg,639885.64,TRUE,-1,N/A,0,FALSE,639885.64,TRUE,0,FALSE,1928022.936,,1928022.936,6,FALSE,TRUE
C,A,20240101,2024,52,2024,276,DEU,Germany,M,Import,842,USA,USA,0,W00,World,H6,HS,TRUE,281910,Chromium trioxide,6,TRUE,C00,TOTAL CPC,0,0,TOTAL MOT,8,kg,69528.537,TRUE,-1,N/A,0,FALSE,69528.537,TRUE,0,FALSE,241330.852,,241330.852,6,FALSE,TRUE
C,A,20240101,2024,52,2024,276,DEU,Germany,M,Import,0,W00,World,0,W00,World,H6,HS,TRUE,282110,Iron oxides and hydroxides,6,TRUE,C00,TOTAL CPC,0,0,TOTAL MOT,8,kg,31830555.1,TRUE,-1,N/A,0,FALSE,31830555.1,TRUE,0,FALSE,30055109.88,,30055109.88,6,FALSE,TRUE
C,A,20240101,2024,52,2024,276,DEU,Germany,M,Import,40,AUT,Austria,0,W00,World,H6,HS,TRUE,282110,Iron oxides and hydroxides,6,TRUE,C00,TOTAL CPC,0,0,TOTAL MOT,8,kg,1153540,FALSE,8,kg,1153540,FALSE,1153540,FALSE,0,FALSE,717448.576,,717448.576,0,FALSE,TRUE
C,A,20240101,2024,52,2024,276,DEU,Germany,M,Import,56,BEL,Belgium,0,W00,World,H6,HS,TRUE,282110,Iron oxides and hydroxides,6,TRUE,C00,TOTAL CPC,0,0,TOTAL MOT,8,kg,420283,FALSE,8,kg,420283,FALSE,420283,FALSE,0,FALSE,1190688.836,,1190688.836,0,FALSE,TRUE
C,A,20240101,2024,52,2024,276,DEU,Germany,M,Import,76,BRA,Brazil,0,W00,World,H6,HS,TRUE,282110,Iron oxides and hydroxides,6,TRUE,C00,TOTAL CPC,0,0,TOTAL MOT,8,kg,3223440.086,TRUE,-1,N/A,0,FALSE,3223440.086,TRUE,0,FALSE,3827248.171,,3827248.171,6,FALSE,TRUE
C,A,20240101,2024,52,2024,276,DEU,Germany,M,Import,124,CAN,Canada,0,W00,World,H6,HS,TRUE,282110,Iron oxides and hydroxides,6,TRUE,C00,TOTAL CPC,0,0,TOTAL MOT,8,kg,401,FALSE,8,kg,401,FALSE,401,FALSE,0,FALSE,635.012,,635.012,0,FALSE,TRUE
C,A,20240101,2024,52,2024,276,DEU,Germany,M,Import,156,CHN,China,0,W00,World,H6,HS,TRUE,282110,Iron oxides and hydroxides,6,TRUE,C00,TOTAL CPC,0,0,TOTAL MOT,8,kg,7591194.104,TRUE,-1,N/A,0,FALSE,7591194.104,TRUE,0,FALSE,10542051.08,,10542051.08,6,FALSE,TRUE
C,A,20240101,2024,52,2024,276,DEU,Germany,M,Import,170,COL,Colombia,0,W00,World,H6,HS,TRUE,282110,Iron oxides and hydroxides,6,TRUE,C00,TOTAL CPC,0,0,TOTAL MOT,8,kg,1674,FALSE,8,kg,1674,FALSE,1674,FALSE,0,FALSE,5556.881,,5556.881,0,FALSE,TRUE
C,A,20240101,2024,52,2024,276,DEU,Germany,M,Import,203,CZE,Czechia,0,W00,World,H6,HS,TRUE,282110,Iron oxides and hydroxides,6,TRUE,C00,TOTAL CPC,0,0,TOTAL MOT,8,kg,356416,FALSE,8,kg,356416,FALSE,356416,FALSE,0,FALSE,579971.568,,579971.568,0,FALSE,TRUE
C,A,20240101,2024,52,2024,276,DEU,Germany,M,Import,208,DNK,Denmark,0,W00,World,H6,HS,TRUE,282110,Iron oxides and hydroxides,6,TRUE,C00,TOTAL CPC,0,0,TOTAL MOT,8,kg,108065,FALSE,8,kg,108065,FALSE,108065,FALSE,0,FALSE,448095.451,,448095.451,0,FALSE,TRUE
C,A,20240101,2024,52,2024,276,DEU,Germany,M,Import,246,FIN,Finland,0,W00,World,H6,HS,TRUE,282110,Iron oxides and hydroxides,6,TRUE,C00,TOTAL CPC,0,0,TOTAL MOT,8,kg,7194258,FALSE,8,kg,7194258,FALSE,7194258,FALSE,0,FALSE,377892.018,,377892.018,0,FALSE,TRUE
C,A,20240101,2024,52,2024,276,DEU,Germany,M,Import,251,FRA,France,0,W00,World,H6,HS,TRUE,282110,Iron oxides and hydroxides,6,TRUE,C00,TOTAL CPC,0,0,TOTAL MOT,8,kg,551580,FALSE,8,kg,551580,FALSE,551580,FALSE,0,FALSE,713295.848,,713295.848,0,FALSE,TRUE
C,A,20240101,2024,52,2024,276,DEU,Germany,M,Import,380,ITA,Italy,0,W00,World,H6,HS,TRUE,282110,Iron oxides and hydroxides,6,TRUE,C00,TOTAL CPC,0,0,TOTAL MOT,8,kg,558064.329,TRUE,-1,N/A,0,FALSE,558064.329,TRUE,0,FALSE,3361707.697,,3361707.697,6,FALSE,TRUE
C,A,20240101,2024,52,2024,276,DEU,Germany,M,Import,392,JPN,Japan,0,W00,World,H6,HS,TRUE,282110,Iron oxides and hydroxides,6,TRUE,C00,TOTAL CPC,0,0,TOTAL MOT,8,kg,305240.226,TRUE,-1,N/A,0,FALSE,305240.226,TRUE,0,FALSE,1558329.492,,1558329.492,6,FALSE,TRUE
C,A,20240101,2024,52,2024,276,DEU,Germany,M,Import,410,KOR,Rep. of Korea,0,W00,World,H6,HS,TRUE,282110,Iron oxides and hydroxides,6,TRUE,C00,TOTAL CPC,0,0,TOTAL MOT,8,kg,562514.677,TRUE,-1,N/A,0,FALSE,562514.677,TRUE,0,FALSE,403951.621,,403951.621,6,FALSE,TRUE
C,A,20240101,2024,52,2024,276,DEU,Germany,M,Import,442,LUX,Luxembourg,0,W00,World,H6,HS,TRUE,282110,Iron oxides and hydroxides,6,TRUE,C00,TOTAL CPC,0,0,TOTAL MOT,8,kg,3667,FALSE,8,kg,3667,FALSE,3667,FALSE,0,FALSE,7575.088,,7575.088,0,FALSE,TRUE
C,A,20240101,2024,52,2024,276,DEU,Germany,M,Import,490,S19,"Other Asia, nes",0,W00,World,H6,HS,TRUE,282110,Iron oxides and hydroxides,6,TRUE,C00,TOTAL CPC,0,0,TOTAL MOT,8,kg,22346.797,TRUE,-1,N/A,0,FALSE,22346.797,TRUE,0,FALSE,19038.841,,19038.841,6,FALSE,TRUE
C,A,20240101,2024,52,2024,276,DEU,Germany,M,Import,528,NLD,Netherlands,0,W00,World,H6,HS,TRUE,282110,Iron oxides and hydroxides,6,TRUE,C00,TOTAL CPC,0,0,TOTAL MOT,8,kg,4414140,FALSE,8,kg,4414140,FALSE,4414140,FALSE,0,FALSE,1535240.615,,1535240.615,0,FALSE,TRUE
C,A,20240101,2024,52,2024,276,DEU,Germany,M,Import,579,NOR,Norway,0,W00,World,H6,HS,TRUE,282110,Iron oxides and hydroxides,6,TRUE,C00,TOTAL CPC,0,0,TOTAL MOT,8,kg,1671712,FALSE,8,kg,1671712,FALSE,1671712,FALSE,0,FALSE,1883748.121,,1883748.121,0,FALSE,TRUE
C,A,20240101,2024,52,2024,276,DEU,Germany,M,Import,616,POL,Poland,0,W00,World,H6,HS,TRUE,282110,Iron oxides and hydroxides,6,TRUE,C00,TOTAL CPC,0,0,TOTAL MOT,8,kg,10254,FALSE,8,kg,10254,FALSE,10254,FALSE,0,FALSE,22138.455,,22138.455,0,FALSE,TRUE
C,A,20240101,2024,52,2024,276,DEU,Germany,M,Import,634,QAT,Qatar,0,W00,World,H6,HS,TRUE,282110,Iron oxides and hydroxides,6,TRUE,C00,TOTAL CPC,0,0,TOTAL MOT,8,kg,26.635,TRUE,-1,N/A,0,FALSE,26.635,TRUE,0,FALSE,25.149,,25.149,6,FALSE,TRUE
C,A,20240101,2024,52,2024,276,DEU,Germany,M,Import,642,ROU,Romania,0,W00,World,H6,HS,TRUE,282110,Iron oxides and hydroxides,6,TRUE,C00,TOTAL CPC,0,0,TOTAL MOT,8,kg,284360,FALSE,8,kg,284360,FALSE,284360,FALSE,0,FALSE,516412.71,,516412.71,0,FALSE,TRUE
C,A,20240101,2024,52,2024,276,DEU,Germany,M,Import,682,SAU,Saudi Arabia,0,W00,World,H6,HS,TRUE,282110,Iron oxides and hydroxides,6,TRUE,C00,TOTAL CPC,0,0,TOTAL MOT,8,kg,1200,FALSE,8,kg,1200,FALSE,1200,FALSE,0,FALSE,1289.934,,1289.934,0,FALSE,TRUE
C,A,20240101,2024,52,2024,276,DEU,Germany,M,Import,699,IND,India,0,W00,World,H6,HS,TRUE,282110,Iron oxides and hydroxides,6,TRUE,C00,TOTAL CPC,0,0,TOTAL MOT,8,kg,146734.373,TRUE,-1,N/A,0,FALSE,146734.373,TRUE,0,FALSE,122491.348,,122491.348,6,FALSE,TRUE
C,A,20240101,2024,52,2024,276,DEU,Germany,M,Import,705,SVN,Slovenia,0,W00,World,H6,HS,TRUE,282110,Iron oxides and hydroxides,6,TRUE,C00,TOTAL CPC,0,0,TOTAL MOT,8,kg,48918,FALSE,8,kg,48918,FALSE,48918,FALSE,0,FALSE,98215.228,,98215.228,0,FALSE,TRUE
C,A,20240101,2024,52,2024,276,DEU,Germany,M,Import,710,ZAF,South Africa,0,W00,World,H6,HS,TRUE,282110,Iron oxides and hydroxides,6,TRUE,C00,TOTAL CPC,0,0,TOTAL MOT,8,kg,16078.627,TRUE,-1,N/A,0,FALSE,16078.627,TRUE,0,FALSE,15777.854,,15777.854,6,FALSE,TRUE
C,A,20240101,2024,52,2024,276,DEU,Germany,M,Import,724,ESP,Spain,0,W00,World,H6,HS,TRUE,282110,Iron oxides and hydroxides,6,TRUE,C00,TOTAL CPC,0,0,TOTAL MOT,8,kg,622749,FALSE,8,kg,622749,FALSE,622749,FALSE,0,FALSE,603415.675,,603415.675,0,FALSE,TRUE
C,A,20240101,2024,52,2024,276,DEU,Germany,M,Import,752,SWE,Sweden,0,W00,World,H6,HS,TRUE,282110,Iron oxides and hydroxides,6,TRUE,C00,TOTAL CPC,0,0,TOTAL MOT,8,kg,2255090,FALSE,8,kg,2255090,FALSE,2255090,FALSE,0,FALSE,326537.76,,326537.76,0,FALSE,TRUE
C,A,20240101,2024,52,2024,276,DEU,Germany,M,Import,757,CHE,Switzerland,0,W00,World,H6,HS,TRUE,282110,Iron oxides and hydroxides,6,TRUE,C00,TOTAL CPC,0,0,TOTAL MOT,8,kg,31729.513,TRUE,-1,N/A,0,FALSE,31729.513,TRUE,0,FALSE,360047.754,,360047.754,6,FALSE,TRUE
C,A,20240101,2024,52,2024,276,DEU,Germany,M,Import,792,TUR,Türkiye,0,W00,World,H6,HS,TRUE,282110,Iron oxides and hydroxides,6,TRUE,C00,TOTAL CPC,0,0,TOTAL MOT,8,kg,52042.074,TRUE,-1,N/A,0,FALSE,52042.074,TRUE,0,FALSE,16289.217,,16289.217,6,FALSE,TRUE
C,A,20240101,2024,52,2024,276,DEU,Germany,M,Import,826,GBR,United Kingdom,0,W00,World,H6,HS,TRUE,282110,Iron oxides and hydroxides,6,TRUE,C00,TOTAL CPC,0,0,TOTAL MOT,8,kg,162151.869,TRUE,-1,N/A,0,FALSE,162151.869,TRUE,0,FALSE,356098.313,,356098.313,6,FALSE,TRUE
C,A,20240101,2024,52,2024,276,DEU,Germany,M,Import,842,USA,USA,0,W00,World,H6,HS,TRUE,282110,Iron oxides and hydroxides,6,TRUE,C00,TOTAL CPC,0,0,TOTAL MOT,8,kg,60684.785,TRUE,-1,N/A,0,FALSE,60684.785,TRUE,0,FALSE,443895.568,,443895.568,6,FALSE,TRUE
C,A,20240101,2024,52,2024,276,DEU,Germany,M,Import,0,W00,World,0,W00,World,H6,HS,TRUE,282300,Titanium oxides,6,TRUE,C00,TOTAL CPC,0,0,TOTAL MOT,8,kg,16660023.93,TRUE,-1,N/A,0,FALSE,16660023.93,TRUE,0,FALSE,69822399.95,,69822399.95,6,FALSE,TRUE
C,A,20240101,2024,52,2024,276,DEU,Germany,M,Import,36,AUS,Australia,0,W00,World,H6,HS,TRUE,282300,Titanium oxides,6,TRUE,C00,TOTAL CPC,0,0,TOTAL MOT,8,kg,24000,FALSE,8,kg,24000,FALSE,24000,FALSE,0,FALSE,76932.887,,76932.887,0,FALSE,TRUE
C,A,20240101,2024,52,2024,276,DEU,Germany,M,Import,40,AUT,Austria,0,W00,World,H6,HS,TRUE,282300,Titanium oxides,6,TRUE,C00,TOTAL CPC,0,0,TOTAL MOT,8,kg,418,FALSE,8,kg,418,FALSE,418,FALSE,0,FALSE,2250.835,,2250.835,0,FALSE,TRUE
C,A,20240101,2024,52,2024,276,DEU,Germany,M,Import,56,BEL,Belgium,0,W00,World,H6,HS,TRUE,282300,Titanium oxides,6,TRUE,C00,TOTAL CPC,0,0,TOTAL MOT,8,kg,984414,FALSE,8,kg,984414,FALSE,984414,FALSE,0,FALSE,3188101.006,,3188101.006,0,FALSE,TRUE
C,A,20240101,2024,52,2024,276,DEU,Germany,M,Import,124,CAN,Canada,0,W00,World,H6,HS,TRUE,282300,Titanium oxides,6,TRUE,C00,TOTAL CPC,0,0,TOTAL MOT,8,kg,42280.55,TRUE,-1,N/A,0,FALSE,42280.55,TRUE,0,FALSE,254209.236,,254209.236,6,FALSE,TRUE
C,A,20240101,2024,52,2024,276,DEU,Germany,M,Import,156,CHN,China,0,W00,World,H6,HS,TRUE,282300,Titanium oxides,6,TRUE,C00,TOTAL CPC,0,0,TOTAL MOT,8,kg,3419480.82,TRUE,-1,N/A,0,FALSE,3419480.82,TRUE,0,FALSE,9604624.202,,9604624.202,6,FALSE,TRUE
C,A,20240101,2024,52,2024,276,DEU,Germany,M,Import,203,CZE,Czechia,0,W00,World,H6,HS,TRUE,282300,Titanium oxides,6,TRUE,C00,TOTAL CPC,0,0,TOTAL MOT,8,kg,1236385,FALSE,8,kg,1236385,FALSE,1236385,FALSE,0,FALSE,3785258.772,,3785258.772,0,FALSE,TRUE
C,A,20240101,2024,52,2024,276,DEU,Germany,M,Import,208,DNK,Denmark,0,W00,World,H6,HS,TRUE,282300,Titanium oxides,6,TRUE,C00,TOTAL CPC,0,0,TOTAL MOT,8,kg,19600,FALSE,8,kg,19600,FALSE,19600,FALSE,0,FALSE,181521.29,,181521.29,0,FALSE,TRUE
C,A,20240101,2024,52,2024,276,DEU,Germany,M,Import,251,FRA,France,0,W00,World,H6,HS,TRUE,282300,Titanium oxides,6,TRUE,C00,TOTAL CPC,0,0,TOTAL MOT,8,kg,6780116.25,TRUE,-1,N/A,0,FALSE,6780116.25,TRUE,0,FALSE,39440937.79,,39440937.79,6,FALSE,TRUE
C,A,20240101,2024,52,2024,276,DEU,Germany,M,Import,380,ITA,Italy,0,W00,World,H6,HS,TRUE,282300,Titanium oxides,6,TRUE,C00,TOTAL CPC,0,0,TOTAL MOT,8,kg,4400,FALSE,8,kg,4400,FALSE,4400,FALSE,0,FALSE,15159.608,,15159.608,0,FALSE,TRUE
C,A,20240101,2024,52,2024,276,DEU,Germany,M,Import,392,JPN,Japan,0,W00,World,H6,HS,TRUE,282300,Titanium oxides,6,TRUE,C00,TOTAL CPC,0,0,TOTAL MOT,8,kg,146046.362,TRUE,-1,N/A,0,FALSE,146046.362,TRUE,0,FALSE,1987116.799,,1987116.799,6,FALSE,TRUE
C,A,20240101,2024,52,2024,276,DEU,Germany,M,Import,410,KOR,Rep. of Korea,0,W00,World,H6,HS,TRUE,282300,Titanium oxides,6,TRUE,C00,TOTAL CPC,0,0,TOTAL MOT,8,kg,817730.751,TRUE,-1,N/A,0,FALSE,817730.751,TRUE,0,FALSE,2194946.039,,2194946.039,6,FALSE,TRUE
C,A,20240101,2024,52,2024,276,DEU,Germany,M,Import,484,MEX,Mexico,0,W00,World,H6,HS,TRUE,282300,Titanium oxides,6,TRUE,C00,TOTAL CPC,0,0,TOTAL MOT,8,kg,122153,FALSE,8,kg,122153,FALSE,122153,FALSE,0,FALSE,464748.281,,464748.281,0,FALSE,TRUE
C,A,20240101,2024,52,2024,276,DEU,Germany,M,Import,528,NLD,Netherlands,0,W00,World,H6,HS,TRUE,282300,Titanium oxides,6,TRUE,C00,TOTAL CPC,0,0,TOTAL MOT,8,kg,943176.751,TRUE,-1,N/A,0,FALSE,943176.751,TRUE,0,FALSE,2961341.904,,2961341.904,6,FALSE,TRUE
C,A,20240101,2024,52,2024,276,DEU,Germany,M,Import,566,NGA,Nigeria,0,W00,World,H6,HS,TRUE,282300,Titanium oxides,6,TRUE,C00,TOTAL CPC,0,0,TOTAL MOT,8,kg,12.001,TRUE,-1,N/A,0,FALSE,12.001,TRUE,0,FALSE,50.298,,50.298,6,FALSE,TRUE
C,A,20240101,2024,52,2024,276,DEU,Germany,M,Import,579,NOR,Norway,0,W00,World,H6,HS,TRUE,282300,Titanium oxides,6,TRUE,C00,TOTAL CPC,0,0,TOTAL MOT,8,kg,1052412,FALSE,8,kg,1052412,FALSE,1052412,FALSE,0,FALSE,2214614.653,,2214614.653,0,FALSE,TRUE
C,A,20240101,2024,52,2024,276,DEU,Germany,M,Import,616,POL,Poland,0,W00,World,H6,HS,TRUE,282300,Titanium oxides,6,TRUE,C00,TOTAL CPC,0,0,TOTAL MOT,8,kg,184075.6,TRUE,-1,N/A,0,FALSE,184075.6,TRUE,0,FALSE,505621.693,,505621.693,6,FALSE,TRUE
C,A,20240101,2024,52,2024,276,DEU,Germany,M,Import,682,SAU,Saudi Arabia,0,W00,World,H6,HS,TRUE,282300,Titanium oxides,6,TRUE,C00,TOTAL CPC,0,0,TOTAL MOT,8,kg,48000,FALSE,8,kg,48000,FALSE,48000,FALSE,0,FALSE,153408.9,,153408.9,0,FALSE,TRUE
C,A,20240101,2024,52,2024,276,DEU,Germany,M,Import,699,IND,India,0,W00,World,H6,HS,TRUE,282300,Titanium oxides,6,TRUE,C00,TOTAL CPC,0,0,TOTAL MOT,8,kg,15819,FALSE,8,kg,15819,FALSE,15819,FALSE,0,FALSE,50828.225,,50828.225,0,FALSE,TRUE
C,A,20240101,2024,52,2024,276,DEU,Germany,M,Import,705,SVN,Slovenia,0,W00,World,H6,HS,TRUE,282300,Titanium oxides,6,TRUE,C00,TOTAL CPC,0,0,TOTAL MOT,8,kg,14325,FALSE,8,kg,14325,FALSE,14325,FALSE,0,FALSE,47307.365,,47307.365,0,FALSE,TRUE
C,A,20240101,2024,52,2024,276,DEU,Germany,M,Import,724,ESP,Spain,0,W00,World,H6,HS,TRUE,282300,Titanium oxides,6,TRUE,C00,TOTAL CPC,0,0,TOTAL MOT,8,kg,14055,FALSE,8,kg,14055,FALSE,14055,FALSE,0,FALSE,99062.959,,99062.959,0,FALSE,TRUE
C,A,20240101,2024,52,2024,276,DEU,Germany,M,Import,757,CHE,Switzerland,0,W00,World,H6,HS,TRUE,282300,Titanium oxides,6,TRUE,C00,TOTAL CPC,0,0,TOTAL MOT,8,kg,13171.52,TRUE,-1,N/A,0,FALSE,13171.52,TRUE,0,FALSE,45216.854,,45216.854,6,FALSE,TRUE
C,A,20240101,2024,52,2024,276,DEU,Germany,M,Import,784,ARE,United Arab Emirates,0,W00,World,H6,HS,TRUE,282300,Titanium oxides,6,TRUE,C00,TOTAL CPC,0,0,TOTAL MOT,8,kg,2,TRUE,-1,N/A,0,FALSE,2,TRUE,0,FALSE,8.383,,8.383,6,FALSE,TRUE
C,A,20240101,2024,52,2024,276,DEU,Germany,M,Import,792,TUR,Türkiye,0,W00,World,H6,HS,TRUE,282300,Titanium oxides,6,TRUE,C00,TOTAL CPC,0,0,TOTAL MOT,8,kg,531.25,TRUE,-1,N/A,0,FALSE,531.25,TRUE,0,FALSE,1725.85,,1725.85,6,FALSE,TRUE
C,A,20240101,2024,52,2024,276,DEU,Germany,M,Import,800,UGA,Uganda,0,W00,World,H6,HS,TRUE,282300,Titanium oxides,6,TRUE,C00,TOTAL CPC,0,0,TOTAL MOT,8,kg,0.25,TRUE,-1,N/A,0,FALSE,0.25,TRUE,0,FALSE,1.048,,1.048,6,FALSE,TRUE
C,A,20240101,2024,52,2024,276,DEU,Germany,M,Import,826,GBR,United Kingdom,0,W00,World,H6,HS,TRUE,282300,Titanium oxides,6,TRUE,C00,TOTAL CPC,0,0,TOTAL MOT,8,kg,691829.501,TRUE,-1,N/A,0,FALSE,691829.501,TRUE,0,FALSE,2212265.317,,2212265.317,6,FALSE,TRUE
C,A,20240101,2024,52,2024,276,DEU,Germany,M,Import,842,USA,USA,0,W00,World,H6,HS,TRUE,282300,Titanium oxides,6,TRUE,C00,TOTAL CPC,0,0,TOTAL MOT,8,kg,85589.323,TRUE,-1,N/A,0,FALSE,85589.323,TRUE,0,FALSE,335139.765,,335139.765,6,FALSE,TRUE
C,A,20240101,2024,52,2024,276,DEU,Germany,M,Import,0,W00,World,0,W00,World,H6,HS,TRUE,282540,Nickel oxides and hydroxides,6,TRUE,C00,TOTAL CPC,0,0,TOTAL MOT,8,kg,305162.695,TRUE,-1,N/A,0,FALSE,305162.695,TRUE,0,FALSE,4953947.472,,4953947.472,6,FALSE,TRUE
C,A,20240101,2024,52,2024,276,DEU,Germany,M,Import,56,BEL,Belgium,0,W00,World,H6,HS,TRUE,282540,Nickel oxides and hydroxides,6,TRUE,C00,TOTAL CPC,0,0,TOTAL MOT,8,kg,30.137,TRUE,-1,N/A,0,FALSE,30.137,TRUE,0,FALSE,661.209,,661.209,6,FALSE,TRUE
C,A,20240101,2024,52,2024,276,DEU,Germany,M,Import,156,CHN,China,0,W00,World,H6,HS,TRUE,282540,Nickel oxides and hydroxides,6,TRUE,C00,TOTAL CPC,0,0,TOTAL MOT,8,kg,2684.801,TRUE,-1,N/A,0,FALSE,2684.801,TRUE,0,FALSE,50567.304,,50567.304,6,FALSE,TRUE
C,A,20240101,2024,52,2024,276,DEU,Germany,M,Import,203,CZE,Czechia,0,W00,World,H6,HS,TRUE,282540,Nickel oxides and hydroxides,6,TRUE,C00,TOTAL CPC,0,0,TOTAL MOT,8,kg,198600,FALSE,8,kg,198600,FALSE,198600,FALSE,0,FALSE,3473715.056,,3473715.056,0,FALSE,TRUE
C,A,20240101,2024,52,2024,276,DEU,Germany,M,Import,246,FIN,Finland,0,W00,World,H6,HS,TRUE,282540,Nickel oxides and hydroxides,6,TRUE,C00,TOTAL CPC,0,0,TOTAL MOT,8,kg,700,FALSE,8,kg,700,FALSE,700,FALSE,0,FALSE,16063.924,,16063.924,0,FALSE,TRUE
C,A,20240101,2024,52,2024,276,DEU,Germany,M,Import,251,FRA,France,0,W00,World,H6,HS,TRUE,282540,Nickel oxides and hydroxides,6,TRUE,C00,TOTAL CPC,0,0,TOTAL MOT,8,kg,45,FALSE,8,kg,45,FALSE,45,FALSE,0,FALSE,1068.832,,1068.832,0,FALSE,TRUE
C,A,20240101,2024,52,2024,276,DEU,Germany,M,Import,380,ITA,Italy,0,W00,World,H6,HS,TRUE,282540,Nickel oxides and hydroxides,6,TRUE,C00,TOTAL CPC,0,0,TOTAL MOT,8,kg,45337,FALSE,8,kg,45337,FALSE,45337,FALSE,0,FALSE,818998.142,,818998.142,0,FALSE,TRUE
C,A,20240101,2024,52,2024,276,DEU,Germany,M,Import,392,JPN,Japan,0,W00,World,H6,HS,TRUE,282540,Nickel oxides and hydroxides,6,TRUE,C00,TOTAL CPC,0,0,TOTAL MOT,8,kg,51,FALSE,8,kg,51,FALSE,51,FALSE,0,FALSE,4161.112,,4161.112,0,FALSE,TRUE
C,A,20240101,2024,52,2024,276,DEU,Germany,M,Import,410,KOR,Rep. of Korea,0,W00,World,H6,HS,TRUE,282540,Nickel oxides and hydroxides,6,TRUE,C00,TOTAL CPC,0,0,TOTAL MOT,8,kg,12,FALSE,8,kg,12,FALSE,12,FALSE,0,FALSE,1375.86,,1375.86,0,FALSE,TRUE
C,A,20240101,2024,52,2024,276,DEU,Germany,M,Import,490,S19,"Other Asia, nes",0,W00,World,H6,HS,TRUE,282540,Nickel oxides and hydroxides,6,TRUE,C00,TOTAL CPC,0,0,TOTAL MOT,8,kg,1005,FALSE,8,kg,1005,FALSE,1005,FALSE,0,FALSE,26314.237,,26314.237,0,FALSE,TRUE
C,A,20240101,2024,52,2024,276,DEU,Germany,M,Import,528,NLD,Netherlands,0,W00,World,H6,HS,TRUE,282540,Nickel oxides and hydroxides,6,TRUE,C00,TOTAL CPC,0,0,TOTAL MOT,8,kg,46036.84,TRUE,-1,N/A,0,FALSE,46036.84,TRUE,0,FALSE,261618.76,,261618.76,6,FALSE,TRUE
C,A,20240101,2024,52,2024,276,DEU,Germany,M,Import,608,PHL,Philippines,0,W00,World,H6,HS,TRUE,282540,Nickel oxides and hydroxides,6,TRUE,C00,TOTAL CPC,0,0,TOTAL MOT,8,kg,6660,FALSE,8,kg,6660,FALSE,6660,FALSE,0,FALSE,129683.962,,129683.962,0,FALSE,TRUE
C,A,20240101,2024,52,2024,276,DEU,Germany,M,Import,699,IND,India,0,W00,World,H6,HS,TRUE,282540,Nickel oxides and hydroxides,6,TRUE,C00,TOTAL CPC,0,0,TOTAL MOT,8,kg,2,FALSE,8,kg,2,FALSE,2,FALSE,0,FALSE,1192.482,,1192.482,0,FALSE,TRUE
C,A,20240101,2024,52,2024,276,DEU,Germany,M,Import,724,ESP,Spain,0,W00,World,H6,HS,TRUE,282540,Nickel oxides and hydroxides,6,TRUE,C00,TOTAL CPC,0,0,TOTAL MOT,8,kg,3225,FALSE,8,kg,3225,FALSE,3225,FALSE,0,FALSE,80144.624,,80144.624,0,FALSE,TRUE
C,A,20240101,2024,52,2024,276,DEU,Germany,M,Import,757,CHE,Switzerland,0,W00,World,H6,HS,TRUE,282540,Nickel oxides and hydroxides,6,TRUE,C00,TOTAL CPC,0,0,TOTAL MOT,8,kg,211.329,TRUE,-1,N/A,0,FALSE,211.329,TRUE,0,FALSE,37010.945,,37010.945,6,FALSE,TRUE
C,A,20240101,2024,52,2024,276,DEU,Germany,M,Import,842,USA,USA,0,W00,World,H6,HS,TRUE,282540,Nickel oxides and hydroxides,6,TRUE,C00,TOTAL CPC,0,0,TOTAL MOT,8,kg,562.587,TRUE,-1,N/A,0,FALSE,562.587,TRUE,0,FALSE,51371.024,,51371.024,6,FALSE,TRUE
C,A,20240101,2024,52,2024,276,DEU,Germany,M,Import,0,W00,World,0,W00,World,H6,HS,TRUE,282550,Copper oxides and hydroxides,6,TRUE,C00,TOTAL CPC,0,0,TOTAL MOT,8,kg,1193336.598,TRUE,-1,N/A,0,FALSE,1193336.598,TRUE,0,FALSE,10387792.35,,10387792.35,6,FALSE,TRUE
C,A,20240101,2024,52,2024,276,DEU,Germany,M,Import,36,AUS,Australia,0,W00,World,H6,HS,TRUE,282550,Copper oxides and hydroxides,6,TRUE,C00,TOTAL CPC,0,0,TOTAL MOT,8,kg,878201,FALSE,8,kg,878201,FALSE,878201,FALSE,0,FALSE,7308650.438,,7308650.438,0,FALSE,TRUE
C,A,20240101,2024,52,2024,276,DEU,Germany,M,Import,40,AUT,Austria,0,W00,World,H6,HS,TRUE,282550,Copper oxides and hydroxides,6,TRUE,C00,TOTAL CPC,0,0,TOTAL MOT,8,kg,2500,FALSE,8,kg,2500,FALSE,2500,FALSE,0,FALSE,28685.578,,28685.578,0,FALSE,TRUE
C,A,20240101,2024,52,2024,276,DEU,Germany,M,Import,56,BEL,Belgium,0,W00,World,H6,HS,TRUE,282550,Copper oxides and hydroxides,6,TRUE,C00,TOTAL CPC,0,0,TOTAL MOT,8,kg,33847,FALSE,8,kg,33847,FALSE,33847,FALSE,0,FALSE,300042.24,,300042.24,0,FALSE,TRUE
C,A,20240101,2024,52,2024,276,DEU,Germany,M,Import,156,CHN,China,0,W00,World,H6,HS,TRUE,282550,Copper oxides and hydroxides,6,TRUE,C00,TOTAL CPC,0,0,TOTAL MOT,8,kg,1083.364,TRUE,-1,N/A,0,FALSE,1083.364,TRUE,0,FALSE,14687.016,,14687.016,6,FALSE,TRUE
C,A,20240101,2024,52,2024,276,DEU,Germany,M,Import,251,FRA,France,0,W00,World,H6,HS,TRUE,282550,Copper oxides and hydroxides,6,TRUE,C00,TOTAL CPC,0,0,TOTAL MOT,8,kg,1542.566,TRUE,-1,N/A,0,FALSE,1542.566,TRUE,0,FALSE,30498.402,,30498.402,6,FALSE,TRUE
C,A,20240101,2024,52,2024,276,DEU,Germany,M,Import,380,ITA,Italy,0,W00,World,H6,HS,TRUE,282550,Copper oxides and hydroxides,6,TRUE,C00,TOTAL CPC,0,0,TOTAL MOT,8,kg,30502.648,TRUE,-1,N/A,0,FALSE,30502.648,TRUE,0,FALSE,295716.612,,295716.612,6,FALSE,TRUE
C,A,20240101,2024,52,2024,276,DEU,Germany,M,Import,392,JPN,Japan,0,W00,World,H6,HS,TRUE,282550,Copper oxides and hydroxides,6,TRUE,C00,TOTAL CPC,0,0,TOTAL MOT,8,kg,540.881,TRUE,-1,N/A,0,FALSE,540.881,TRUE,0,FALSE,4667.235,,4667.235,6,FALSE,TRUE
C,A,20240101,2024,52,2024,276,DEU,Germany,M,Import,490,S19,"Other Asia, nes",0,W00,World,H6,HS,TRUE,282550,Copper oxides and hydroxides,6,TRUE,C00,TOTAL CPC,0,0,TOTAL MOT,8,kg,76834,FALSE,8,kg,76834,FALSE,76834,FALSE,0,FALSE,753938.727,,753938.727,0,FALSE,TRUE
C,A,20240101,2024,52,2024,276,DEU,Germany,M,Import,528,NLD,Netherlands,0,W00,World,H6,HS,TRUE,282550,Copper oxides and hydroxides,6,TRUE,C00,TOTAL CPC,0,0,TOTAL MOT,8,kg,14650,FALSE,8,kg,14650,FALSE,14650,FALSE,0,FALSE,146636.484,,146636.484,0,FALSE,TRUE
C,A,20240101,2024,52,2024,276,DEU,Germany,M,Import,579,NOR,Norway,0,W00,World,H6,HS,TRUE,282550,Copper oxides and hydroxides,6,TRUE,C00,TOTAL CPC,0,0,TOTAL MOT,8,kg,2,FALSE,8,kg,2,FALSE,2,FALSE,0,FALSE,16.766,,16.766,0,FALSE,TRUE
C,A,20240101,2024,52,2024,276,DEU,Germany,M,Import,642,ROU,Romania,0,W00,World,H6,HS,TRUE,282550,Copper oxides and hydroxides,6,TRUE,C00,TOTAL CPC,0,0,TOTAL MOT,8,kg,816,FALSE,8,kg,816,FALSE,816,FALSE,0,FALSE,9157.38,,9157.38,0,FALSE,TRUE
C,A,20240101,2024,52,2024,276,DEU,Germany,M,Import,699,IND,India,0,W00,World,H6,HS,TRUE,282550,Copper oxides and hydroxides,6,TRUE,C00,TOTAL CPC,0,0,TOTAL MOT,8,kg,20057.408,TRUE,-1,N/A,0,FALSE,20057.408,TRUE,0,FALSE,152938.404,,152938.404,6,FALSE,TRUE
C,A,20240101,2024,52,2024,276,DEU,Germany,M,Import,724,ESP,Spain,0,W00,World,H6,HS,TRUE,282550,Copper oxides and hydroxides,6,TRUE,C00,TOTAL CPC,0,0,TOTAL MOT,8,kg,46825,FALSE,8,kg,46825,FALSE,46825,FALSE,0,FALSE,420880.042,,420880.042,0,FALSE,TRUE
C,A,20240101,2024,52,2024,276,DEU,Germany,M,Import,757,CHE,Switzerland,0,W00,World,H6,HS,TRUE,282550,Copper oxides and hydroxides,6,TRUE,C00,TOTAL CPC,0,0,TOTAL MOT,8,kg,819.778,TRUE,-1,N/A,0,FALSE,819.778,TRUE,0,FALSE,6935.885,,6935.885,6,FALSE,TRUE
C,A,20240101,2024,52,2024,276,DEU,Germany,M,Import,792,TUR,Türkiye,0,W00,World,H6,HS,TRUE,282550,Copper oxides and hydroxides,6,TRUE,C00,TOTAL CPC,0,0,TOTAL MOT,8,kg,137,FALSE,8,kg,137,FALSE,137,FALSE,0,FALSE,1214.487,,1214.487,0,FALSE,TRUE
C,A,20240101,2024,52,2024,276,DEU,Germany,M,Import,826,GBR,United Kingdom,0,W00,World,H6,HS,TRUE,282550,Copper oxides and hydroxides,6,TRUE,C00,TOTAL CPC,0,0,TOTAL MOT,8,kg,1867,FALSE,8,kg,1867,FALSE,1867,FALSE,0,FALSE,20430.419,,20430.419,0,FALSE,TRUE
C,A,20240101,2024,52,2024,276,DEU,Germany,M,Import,842,USA,USA,0,W00,World,H6,HS,TRUE,282550,Copper oxides and hydroxides,6,TRUE,C00,TOTAL CPC,0,0,TOTAL MOT,8,kg,83110.953,TRUE,-1,N/A,0,FALSE,83110.953,TRUE,0,FALSE,892696.239,,892696.239,6,FALSE,TRUE
C,A,20240101,2024,52,2024,276,DEU,Germany,M,Import,0,W00,World,0,W00,World,H6,HS,TRUE,282570,Molybdenum oxides and hydroxides,6,TRUE,C00,TOTAL CPC,0,0,TOTAL MOT,8,kg,1372088.863,TRUE,-1,N/A,0,FALSE,1372088.863,TRUE,0,FALSE,45352629.38,,45352629.38,6,FALSE,TRUE
C,A,20240101,2024,52,2024,276,DEU,Germany,M,Import,40,AUT,Austria,0,W00,World,H6,HS,TRUE,282570,Molybdenum oxides and hydroxides,6,TRUE,C00,TOTAL CPC,0,0,TOTAL MOT,8,kg,8000,FALSE,8,kg,8000,FALSE,8000,FALSE,0,FALSE,407497.63,,407497.63,0,FALSE,TRUE
C,A,20240101,2024,52,2024,276,DEU,Germany,M,Import,56,BEL,Belgium,0,W00,World,H6,HS,TRUE,282570,Molybdenum oxides and hydroxides,6,TRUE,C00,TOTAL CPC,0,0,TOTAL MOT,8,kg,25829.269,TRUE,-1,N/A,0,FALSE,25829.269,TRUE,0,FALSE,699405.217,,699405.217,6,FALSE,TRUE
C,A,20240101,2024,52,2024,276,DEU,Germany,M,Import,152,CHL,Chile,0,W00,World,H6,HS,TRUE,282570,Molybdenum oxides and hydroxides,6,TRUE,C00,TOTAL CPC,0,0,TOTAL MOT,8,kg,1170640,FALSE,8,kg,1170640,FALSE,1170640,FALSE,0,FALSE,38638041.29,,38638041.29,0,FALSE,TRUE
C,A,20240101,2024,52,2024,276,DEU,Germany,M,Import,156,CHN,China,0,W00,World,H6,HS,TRUE,282570,Molybdenum oxides and hydroxides,6,TRUE,C00,TOTAL CPC,0,0,TOTAL MOT,8,kg,40719.542,TRUE,-1,N/A,0,FALSE,40719.542,TRUE,0,FALSE,1422603.483,,1422603.483,6,FALSE,TRUE
C,A,20240101,2024,52,2024,276,DEU,Germany,M,Import,251,FRA,France,0,W00,World,H6,HS,TRUE,282570,Molybdenum oxides and hydroxides,6,TRUE,C00,TOTAL CPC,0,0,TOTAL MOT,8,kg,6006.087,TRUE,-1,N/A,0,FALSE,6006.087,TRUE,0,FALSE,223335.694,,223335.694,6,FALSE,TRUE
C,A,20240101,2024,52,2024,276,DEU,Germany,M,Import,490,S19,"Other Asia, nes",0,W00,World,H6,HS,TRUE,282570,Molybdenum oxides and hydroxides,6,TRUE,C00,TOTAL CPC,0,0,TOTAL MOT,8,kg,7.45,TRUE,-1,N/A,0,FALSE,7.45,TRUE,0,FALSE,246.251,,246.251,6,FALSE,TRUE
C,A,20240101,2024,52,2024,276,DEU,Germany,M,Import,528,NLD,Netherlands,0,W00,World,H6,HS,TRUE,282570,Molybdenum oxides and hydroxides,6,TRUE,C00,TOTAL CPC,0,0,TOTAL MOT,8,kg,98998,FALSE,8,kg,98998,FALSE,98998,FALSE,0,FALSE,3278240.262,,3278240.262,0,FALSE,TRUE
C,A,20240101,2024,52,2024,276,DEU,Germany,M,Import,699,IND,India,0,W00,World,H6,HS,TRUE,282570,Molybdenum oxides and hydroxides,6,TRUE,C00,TOTAL CPC,0,0,TOTAL MOT,8,kg,85,FALSE,8,kg,85,FALSE,85,FALSE,0,FALSE,4525.772,,4525.772,0,FALSE,TRUE
C,A,20240101,2024,52,2024,276,DEU,Germany,M,Import,724,ESP,Spain,0,W00,World,H6,HS,TRUE,282570,Molybdenum oxides and hydroxides,6,TRUE,C00,TOTAL CPC,0,0,TOTAL MOT,8,kg,600,FALSE,8,kg,600,FALSE,600,FALSE,0,FALSE,25777.725,,25777.725,0,FALSE,TRUE
C,A,20240101,2024,52,2024,276,DEU,Germany,M,Import,826,GBR,United Kingdom,0,W00,World,H6,HS,TRUE,282570,Molybdenum oxides and hydroxides,6,TRUE,C00,TOTAL CPC,0,0,TOTAL MOT,8,kg,0.602,TRUE,-1,N/A,0,FALSE,0.602,TRUE,0,FALSE,19.91,,19.91,6,FALSE,TRUE
C,A,20240101,2024,52,2024,276,DEU,Germany,M,Import,842,USA,USA,0,W00,World,H6,HS,TRUE,282570,Molybdenum oxides and hydroxides,6,TRUE,C00,TOTAL CPC,0,0,TOTAL MOT,8,kg,21202.912,TRUE,-1,N/A,0,FALSE,21202.912,TRUE,0,FALSE,652936.152,,652936.152,6,FALSE,TRUE
C,A,20240101,2024,52,2024,276,DEU,Germany,M,Import,0,W00,World,0,W00,World,H6,HS,TRUE,282580,Antimony oxides,6,TRUE,C00,TOTAL CPC,0,0,TOTAL MOT,8,kg,3613828.384,TRUE,-1,N/A,0,FALSE,3613828.384,TRUE,0,FALSE,51923375.68,,51923375.68,6,FALSE,TRUE
C,A,20240101,2024,52,2024,276,DEU,Germany,M,Import,56,BEL,Belgium,0,W00,World,H6,HS,TRUE,282580,Antimony oxides,6,TRUE,C00,TOTAL CPC,0,0,TOTAL MOT,8,kg,1046410,FALSE,8,kg,1046410,FALSE,1046410,FALSE,0,FALSE,15126255.86,,15126255.86,0,FALSE,TRUE
C,A,20240101,2024,52,2024,276,DEU,Germany,M,Import,156,CHN,China,0,W00,World,H6,HS,TRUE,282580,Antimony oxides,6,TRUE,C00,TOTAL CPC,0,0,TOTAL MOT,8,kg,650636.48,TRUE,-1,N/A,0,FALSE,650636.48,TRUE,0,FALSE,8184958.96,,8184958.96,6,FALSE,TRUE
C,A,20240101,2024,52,2024,276,DEU,Germany,M,Import,251,FRA,France,0,W00,World,H6,HS,TRUE,282580,Antimony oxides,6,TRUE,C00,TOTAL CPC,0,0,TOTAL MOT,8,kg,1568368,FALSE,8,kg,1568368,FALSE,1568368,FALSE,0,FALSE,23746942.2,,23746942.2,0,FALSE,TRUE
C,A,20240101,2024,52,2024,276,DEU,Germany,M,Import,344,HKG,"China, Hong Kong SAR",0,W00,World,H6,HS,TRUE,282580,Antimony oxides,6,TRUE,C00,TOTAL CPC,0,0,TOTAL MOT,8,kg,10000,FALSE,8,kg,10000,FALSE,10000,FALSE,0,FALSE,178979.146,,178979.146,0,FALSE,TRUE
C,A,20240101,2024,52,2024,276,DEU,Germany,M,Import,380,ITA,Italy,0,W00,World,H6,HS,TRUE,282580,Antimony oxides,6,TRUE,C00,TOTAL CPC,0,0,TOTAL MOT,8,kg,33571,FALSE,8,kg,33571,FALSE,33571,FALSE,0,FALSE,325378.81,,325378.81,0,FALSE,TRUE
C,A,20240101,2024,52,2024,276,DEU,Germany,M,Import,392,JPN,Japan,0,W00,World,H6,HS,TRUE,282580,Antimony oxides,6,TRUE,C00,TOTAL CPC,0,0,TOTAL MOT,8,kg,101.136,TRUE,-1,N/A,0,FALSE,101.136,TRUE,0,FALSE,12461.329,,12461.329,6,FALSE,TRUE
C,A,20240101,2024,52,2024,276,DEU,Germany,M,Import,410,KOR,Rep. of Korea,0,W00,World,H6,HS,TRUE,282580,Antimony oxides,6,TRUE,C00,TOTAL CPC,0,0,TOTAL MOT,8,kg,175550,FALSE,8,kg,175550,FALSE,175550,FALSE,0,FALSE,2572242.864,,2572242.864,0,FALSE,TRUE
C,A,20240101,2024,52,2024,276,DEU,Germany,M,Import,528,NLD,Netherlands,0,W00,World,H6,HS,TRUE,282580,Antimony oxides,6,TRUE,C00,TOTAL CPC,0,0,TOTAL MOT,8,kg,2000,FALSE,8,kg,2000,FALSE,2000,FALSE,0,FALSE,38352.225,,38352.225,0,FALSE,TRUE
C,A,20240101,2024,52,2024,276,DEU,Germany,M,Import,724,ESP,Spain,0,W00,World,H6,HS,TRUE,282580,Antimony oxides,6,TRUE,C00,TOTAL CPC,0,0,TOTAL MOT,8,kg,54306,FALSE,8,kg,54306,FALSE,54306,FALSE,0,FALSE,626385.095,,626385.095,0,FALSE,TRUE
C,A,20240101,2024,52,2024,276,DEU,Germany,M,Import,826,GBR,United Kingdom,0,W00,World,H6,HS,TRUE,282580,Antimony oxides,6,TRUE,C00,TOTAL CPC,0,0,TOTAL MOT,8,kg,10554,FALSE,8,kg,10554,FALSE,10554,FALSE,0,FALSE,135728.105,,135728.105,0,FALSE,TRUE
C,A,20240101,2024,52,2024,276,DEU,Germany,M,Import,842,USA,USA,0,W00,World,H6,HS,TRUE,282580,Antimony oxides,6,TRUE,C00,TOTAL CPC,0,0,TOTAL MOT,8,kg,62331.769,TRUE,-1,N/A,0,FALSE,62331.769,TRUE,0,FALSE,975691.083,,975691.083,6,FALSE,TRUE
C,A,20240101,2024,52,2024,276,DEU,Germany,M,Import,0,W00,World,0,W00,World,H6,HS,TRUE,283691,Carbonates; lithium carbonate,6,TRUE,C00,TOTAL CPC,0,0,TOTAL MOT,8,kg,2796153.576,TRUE,-1,N/A,0,FALSE,2796153.576,TRUE,0,FALSE,40474856.14,,40474856.14,6,FALSE,TRUE
C,A,20240101,2024,52,2024,276,DEU,Germany,M,Import,32,ARG,Argentina,0,W00,World,H6,HS,TRUE,283691,Carbonates; lithium carbonate,6,TRUE,C00,TOTAL CPC,0,0,TOTAL MOT,8,kg,47929,FALSE,8,kg,47929,FALSE,47929,FALSE,0,FALSE,991072.84,,991072.84,0,FALSE,TRUE
C,A,20240101,2024,52,2024,276,DEU,Germany,M,Import,40,AUT,Austria,0,W00,World,H6,HS,TRUE,283691,Carbonates; lithium carbonate,6,TRUE,C00,TOTAL CPC,0,0,TOTAL MOT,8,kg,923.882,TRUE,-1,N/A,0,FALSE,923.882,TRUE,0,FALSE,21147.165,,21147.165,6,FALSE,TRUE
C,A,20240101,2024,52,2024,276,DEU,Germany,M,Import,56,BEL,Belgium,0,W00,World,H6,HS,TRUE,283691,Carbonates; lithium carbonate,6,TRUE,C00,TOTAL CPC,0,0,TOTAL MOT,8,kg,151328,FALSE,8,kg,151328,FALSE,151328,FALSE,0,FALSE,2692385.924,,2692385.924,0,FALSE,TRUE
C,A,20240101,2024,52,2024,276,DEU,Germany,M,Import,124,CAN,Canada,0,W00,World,H6,HS,TRUE,283691,Carbonates; lithium carbonate,6,TRUE,C00,TOTAL CPC,0,0,TOTAL MOT,8,kg,72,FALSE,8,kg,72,FALSE,72,FALSE,0,FALSE,1752.047,,1752.047,0,FALSE,TRUE
C,A,20240101,2024,52,2024,276,DEU,Germany,M,Import,152,CHL,Chile,0,W00,World,H6,HS,TRUE,283691,Carbonates; lithium carbonate,6,TRUE,C00,TOTAL CPC,0,0,TOTAL MOT,8,kg,2184788.796,TRUE,-1,N/A,0,FALSE,2184788.796,TRUE,0,FALSE,31437526.31,,31437526.31,6,FALSE,TRUE
C,A,20240101,2024,52,2024,276,DEU,Germany,M,Import,156,CHN,China,0,W00,World,H6,HS,TRUE,283691,Carbonates; lithium carbonate,6,TRUE,C00,TOTAL CPC,0,0,TOTAL MOT,8,kg,7839.404,TRUE,-1,N/A,0,FALSE,7839.404,TRUE,0,FALSE,86677.076,,86677.076,6,FALSE,TRUE
C,A,20240101,2024,52,2024,276,DEU,Germany,M,Import,251,FRA,France,0,W00,World,H6,HS,TRUE,283691,Carbonates; lithium carbonate,6,TRUE,C00,TOTAL CPC,0,0,TOTAL MOT,8,kg,167969,FALSE,8,kg,167969,FALSE,167969,FALSE,0,FALSE,1953495.729,,1953495.729,0,FALSE,TRUE
C,A,20240101,2024,52,2024,276,DEU,Germany,M,Import,380,ITA,Italy,0,W00,World,H6,HS,TRUE,283691,Carbonates; lithium carbonate,6,TRUE,C00,TOTAL CPC,0,0,TOTAL MOT,8,kg,1210,FALSE,8,kg,1210,FALSE,1210,FALSE,0,FALSE,22885.59,,22885.59,0,FALSE,TRUE
C,A,20240101,2024,52,2024,276,DEU,Germany,M,Import,410,KOR,Rep. of Korea,0,W00,World,H6,HS,TRUE,283691,Carbonates; lithium carbonate,6,TRUE,C00,TOTAL CPC,0,0,TOTAL MOT,8,kg,1,FALSE,8,kg,1,FALSE,1,FALSE,0,FALSE,30.388,,30.388,0,FALSE,TRUE
C,A,20240101,2024,52,2024,276,DEU,Germany,M,Import,490,S19,"Other Asia, nes",0,W00,World,H6,HS,TRUE,283691,Carbonates; lithium carbonate,6,TRUE,C00,TOTAL CPC,0,0,TOTAL MOT,8,kg,13.362,TRUE,-1,N/A,0,FALSE,13.362,TRUE,0,FALSE,1319.275,,1319.275,6,FALSE,TRUE
C,A,20240101,2024,52,2024,276,DEU,Germany,M,Import,528,NLD,Netherlands,0,W00,World,H6,HS,TRUE,283691,Carbonates; lithium carbonate,6,TRUE,C00,TOTAL CPC,0,0,TOTAL MOT,8,kg,16123,FALSE,8,kg,16123,FALSE,16123,FALSE,0,FALSE,451571.252,,451571.252,0,FALSE,TRUE
C,A,20240101,2024,52,2024,276,DEU,Germany,M,Import,616,POL,Poland,0,W00,World,H6,HS,TRUE,283691,Carbonates; lithium carbonate,6,TRUE,C00,TOTAL CPC,0,0,TOTAL MOT,8,kg,341,FALSE,8,kg,341,FALSE,341,FALSE,0,FALSE,7335.125,,7335.125,0,FALSE,TRUE
C,A,20240101,2024,52,2024,276,DEU,Germany,M,Import,699,IND,India,0,W00,World,H6,HS,TRUE,283691,Carbonates; lithium carbonate,6,TRUE,C00,TOTAL CPC,0,0,TOTAL MOT,8,kg,477.537,TRUE,-1,N/A,0,FALSE,477.537,TRUE,0,FALSE,14851.532,,14851.532,6,FALSE,TRUE
C,A,20240101,2024,52,2024,276,DEU,Germany,M,Import,724,ESP,Spain,0,W00,World,H6,HS,TRUE,283691,Carbonates; lithium carbonate,6,TRUE,C00,TOTAL CPC,0,0,TOTAL MOT,8,kg,605,FALSE,8,kg,605,FALSE,605,FALSE,0,FALSE,11297.14,,11297.14,0,FALSE,TRUE
C,A,20240101,2024,52,2024,276,DEU,Germany,M,Import,757,CHE,Switzerland,0,W00,World,H6,HS,TRUE,283691,Carbonates; lithium carbonate,6,TRUE,C00,TOTAL CPC,0,0,TOTAL MOT,8,kg,3259,FALSE,8,kg,3259,FALSE,3259,FALSE,0,FALSE,61283.921,,61283.921,0,FALSE,TRUE
C,A,20240101,2024,52,2024,276,DEU,Germany,M,Import,826,GBR,United Kingdom,0,W00,World,H6,HS,TRUE,283691,Carbonates; lithium carbonate,6,TRUE,C00,TOTAL CPC,0,0,TOTAL MOT,8,kg,212675.34,TRUE,-1,N/A,0,FALSE,212675.34,TRUE,0,FALSE,2698069.598,,2698069.598,6,FALSE,TRUE
C,A,20240101,2024,52,2024,276,DEU,Germany,M,Import,842,USA,USA,0,W00,World,H6,HS,TRUE,283691,Carbonates; lithium carbonate,6,TRUE,C00,TOTAL CPC,0,0,TOTAL MOT,8,kg,598.255,TRUE,-1,N/A,0,FALSE,598.255,TRUE,0,FALSE,22155.221,,22155.221,6,FALSE,TRUE
C,A,20240101,2024,52,2024,276,DEU,Germany,M,Import,0,W00,World,0,W00,World,H6,HS,TRUE,283692,Carbonates; strontium carbonate,6,TRUE,C00,TOTAL CPC,0,0,TOTAL MOT,8,kg,100921.856,TRUE,-1,N/A,0,FALSE,100921.856,TRUE,0,FALSE,442796.347,,442796.347,6,FALSE,TRUE
C,A,20240101,2024,52,2024,276,DEU,Germany,M,Import,40,AUT,Austria,0,W00,World,H6,HS,TRUE,283692,Carbonates; strontium carbonate,6,TRUE,C00,TOTAL CPC,0,0,TOTAL MOT,8,kg,1000,FALSE,8,kg,1000,FALSE,1000,FALSE,0,FALSE,1440.828,,1440.828,0,FALSE,TRUE
C,A,20240101,2024,52,2024,276,DEU,Germany,M,Import,156,CHN,China,0,W00,World,H6,HS,TRUE,283692,Carbonates; strontium carbonate,6,TRUE,C00,TOTAL CPC,0,0,TOTAL MOT,8,kg,106,FALSE,8,kg,106,FALSE,106,FALSE,0,FALSE,1035.3,,1035.3,0,FALSE,TRUE
C,A,20240101,2024,52,2024,276,DEU,Germany,M,Import,251,FRA,France,0,W00,World,H6,HS,TRUE,283692,Carbonates; strontium carbonate,6,TRUE,C00,TOTAL CPC,0,0,TOTAL MOT,8,kg,67870,FALSE,8,kg,67870,FALSE,67870,FALSE,0,FALSE,52445.096,,52445.096,0,FALSE,TRUE
C,A,20240101,2024,52,2024,276,DEU,Germany,M,Import,380,ITA,Italy,0,W00,World,H6,HS,TRUE,283692,Carbonates; strontium carbonate,6,TRUE,C00,TOTAL CPC,0,0,TOTAL MOT,8,kg,27539,FALSE,8,kg,27539,FALSE,27539,FALSE,0,FALSE,350456.554,,350456.554,0,FALSE,TRUE
C,A,20240101,2024,52,2024,276,DEU,Germany,M,Import,392,JPN,Japan,0,W00,World,H6,HS,TRUE,283692,Carbonates; strontium carbonate,6,TRUE,C00,TOTAL CPC,0,0,TOTAL MOT,8,kg,43.706,TRUE,-1,N/A,0,FALSE,43.706,TRUE,0,FALSE,191.761,,191.761,6,FALSE,TRUE
C,A,20240101,2024,52,2024,276,DEU,Germany,M,Import,724,ESP,Spain,0,W00,World,H6,HS,TRUE,283692,Carbonates; strontium carbonate,6,TRUE,C00,TOTAL CPC,0,0,TOTAL MOT,8,kg,25,FALSE,8,kg,25,FALSE,25,FALSE,0,FALSE,69.16,,69.16,0,FALSE,TRUE
C,A,20240101,2024,52,2024,276,DEU,Germany,M,Import,757,CHE,Switzerland,0,W00,World,H6,HS,TRUE,283692,Carbonates; strontium carbonate,6,TRUE,C00,TOTAL CPC,0,0,TOTAL MOT,8,kg,34,FALSE,8,kg,34,FALSE,34,FALSE,0,FALSE,939.944,,939.944,0,FALSE,TRUE
C,A,20240101,2024,52,2024,276,DEU,Germany,M,Import,826,GBR,United Kingdom,0,W00,World,H6,HS,TRUE,283692,Carbonates; strontium carbonate,6,TRUE,C00,TOTAL CPC,0,0,TOTAL MOT,8,kg,1000,FALSE,8,kg,1000,FALSE,1000,FALSE,0,FALSE,21057.048,,21057.048,0,FALSE,TRUE
C,A,20240101,2024,52,2024,276,DEU,Germany,M,Import,842,USA,USA,0,W00,World,H6,HS,TRUE,283692,Carbonates; strontium carbonate,6,TRUE,C00,TOTAL CPC,0,0,TOTAL MOT,8,kg,3304.149,TRUE,-1,N/A,0,FALSE,3304.149,TRUE,0,FALSE,15160.655,,15160.655,6,FALSE,TRUE
C,A,20240101,2024,52,2024,276,DEU,Germany,M,Import,0,W00,World,0,W00,World,H6,HS,TRUE,284321,Silver compounds; silver nitrates,6,TRUE,C00,TOTAL CPC,0,0,TOTAL MOT,8,kg,65692.724,TRUE,-1,N/A,0,FALSE,65692.724,TRUE,0,FALSE,29905360.16,,29905360.16,6,FALSE,TRUE
C,A,20240101,2024,52,2024,276,DEU,Germany,M,Import,40,AUT,Austria,0,W00,World,H6,HS,TRUE,284321,Silver compounds; silver nitrates,6,TRUE,C00,TOTAL CPC,0,0,TOTAL MOT,8,kg,233.568,TRUE,-1,N/A,0,FALSE,233.568,TRUE,0,FALSE,67191.841,,67191.841,6,FALSE,TRUE
C,A,20240101,2024,52,2024,276,DEU,Germany,M,Import,56,BEL,Belgium,0,W00,World,H6,HS,TRUE,284321,Silver compounds; silver nitrates,6,TRUE,C00,TOTAL CPC,0,0,TOTAL MOT,8,kg,2278.058,TRUE,-1,N/A,0,FALSE,2278.058,TRUE,0,FALSE,176755.555,,176755.555,6,FALSE,TRUE
C,A,20240101,2024,52,2024,276,DEU,Germany,M,Import,100,BGR,Bulgaria,0,W00,World,H6,HS,TRUE,284321,Silver compounds; silver nitrates,6,TRUE,C00,TOTAL CPC,0,0,TOTAL MOT,8,kg,1802.161,TRUE,-1,N/A,0,FALSE,1802.161,TRUE,0,FALSE,1057599.28,,1057599.28,6,FALSE,TRUE
C,A,20240101,2024,52,2024,276,DEU,Germany,M,Import,203,CZE,Czechia,0,W00,World,H6,HS,TRUE,284321,Silver compounds; silver nitrates,6,TRUE,C00,TOTAL CPC,0,0,TOTAL MOT,8,kg,1628,FALSE,8,kg,1628,FALSE,1628,FALSE,0,FALSE,849739.651,,849739.651,0,FALSE,TRUE
C,A,20240101,2024,52,2024,276,DEU,Germany,M,Import,251,FRA,France,0,W00,World,H6,HS,TRUE,284321,Silver compounds; silver nitrates,6,TRUE,C00,TOTAL CPC,0,0,TOTAL MOT,8,kg,754.453,TRUE,-1,N/A,0,FALSE,754.453,TRUE,0,FALSE,79719.186,,79719.186,6,FALSE,TRUE
C,A,20240101,2024,52,2024,276,DEU,Germany,M,Import,372,IRL,Ireland,0,W00,World,H6,HS,TRUE,284321,Silver compounds; silver nitrates,6,TRUE,C00,TOTAL CPC,0,0,TOTAL MOT,8,kg,35,FALSE,8,kg,35,FALSE,35,FALSE,0,FALSE,14904.974,,14904.974,0,FALSE,TRUE
C,A,20240101,2024,52,2024,276,DEU,Germany,M,Import,380,ITA,Italy,0,W00,World,H6,HS,TRUE,284321,Silver compounds; silver nitrates,6,TRUE,C00,TOTAL CPC,0,0,TOTAL MOT,8,kg,38,FALSE,8,kg,38,FALSE,38,FALSE,0,FALSE,9702.275,,9702.275,0,FALSE,TRUE
C,A,20240101,2024,52,2024,276,DEU,Germany,M,Import,392,JPN,Japan,0,W00,World,H6,HS,TRUE,284321,Silver compounds; silver nitrates,6,TRUE,C00,TOTAL CPC,0,0,TOTAL MOT,8,kg,1,FALSE,8,kg,1,FALSE,1,FALSE,0,FALSE,1964.766,,1964.766,0,FALSE,TRUE
C,A,20240101,2024,52,2024,276,DEU,Germany,M,Import,528,NLD,Netherlands,0,W00,World,H6,HS,TRUE,284321,Silver compounds; silver nitrates,6,TRUE,C00,TOTAL CPC,0,0,TOTAL MOT,8,kg,7.246,TRUE,-1,N/A,0,FALSE,7.246,TRUE,0,FALSE,3298.71,,3298.71,6,FALSE,TRUE
C,A,20240101,2024,52,2024,276,DEU,Germany,M,Import,616,POL,Poland,0,W00,World,H6,HS,TRUE,284321,Silver compounds; silver nitrates,6,TRUE,C00,TOTAL CPC,0,0,TOTAL MOT,8,kg,69.981,TRUE,-1,N/A,0,FALSE,69.981,TRUE,0,FALSE,36295.246,,36295.246,6,FALSE,TRUE
C,A,20240101,2024,52,2024,276,DEU,Germany,M,Import,699,IND,India,0,W00,World,H6,HS,TRUE,284321,Silver compounds; silver nitrates,6,TRUE,C00,TOTAL CPC,0,0,TOTAL MOT,8,kg,5,FALSE,8,kg,5,FALSE,5,FALSE,0,FALSE,4639.99,,4639.99,0,FALSE,TRUE
C,A,20240101,2024,52,2024,276,DEU,Germany,M,Import,705,SVN,Slovenia,0,W00,World,H6,HS,TRUE,284321,Silver compounds; silver nitrates,6,TRUE,C00,TOTAL CPC,0,0,TOTAL MOT,8,kg,175,FALSE,8,kg,175,FALSE,175,FALSE,0,FALSE,20253.328,,20253.328,0,FALSE,TRUE
C,A,20240101,2024,52,2024,276,DEU,Germany,M,Import,724,ESP,Spain,0,W00,World,H6,HS,TRUE,284321,Silver compounds; silver nitrates,6,TRUE,C00,TOTAL CPC,0,0,TOTAL MOT,8,kg,73.565,TRUE,-1,N/A,0,FALSE,73.565,TRUE,0,FALSE,29029.281,,29029.281,6,FALSE,TRUE
C,A,20240101,2024,52,2024,276,DEU,Germany,M,Import,757,CHE,Switzerland,0,W00,World,H6,HS,TRUE,284321,Silver compounds; silver nitrates,6,TRUE,C00,TOTAL CPC,0,0,TOTAL MOT,8,kg,992,FALSE,8,kg,992,FALSE,992,FALSE,0,FALSE,794833.097,,794833.097,0,FALSE,TRUE
C,A,20240101,2024,52,2024,276,DEU,Germany,M,Import,807,MKD,North Macedonia,0,W00,World,H6,HS,TRUE,284321,Silver compounds; silver nitrates,6,TRUE,C00,TOTAL CPC,0,0,TOTAL MOT,8,kg,2231.737,TRUE,-1,N/A,0,FALSE,2231.737,TRUE,0,FALSE,1416950.197,,1416950.197,6,FALSE,TRUE
C,A,20240101,2024,52,2024,276,DEU,Germany,M,Import,826,GBR,United Kingdom,0,W00,World,H6,HS,TRUE,284321,Silver compounds; silver nitrates,6,TRUE,C00,TOTAL CPC,0,0,TOTAL MOT,8,kg,55216.956,TRUE,-1,N/A,0,FALSE,55216.956,TRUE,0,FALSE,25166062.55,,25166062.55,6,FALSE,TRUE
C,A,20240101,2024,52,2024,276,DEU,Germany,M,Import,842,USA,USA,0,W00,World,H6,HS,TRUE,284321,Silver compounds; silver nitrates,6,TRUE,C00,TOTAL CPC,0,0,TOTAL MOT,8,kg,151,FALSE,8,kg,151,FALSE,151,FALSE,0,FALSE,176420.235,,176420.235,0,FALSE,TRUE
C,A,20240101,2024,52,2024,276,DEU,Germany,M,Import,0,W00,World,0,W00,World,H6,HS,TRUE,284420,"Uranium; enriched in U235, plutonium, their compounds, alloys dispersions (including cermets), ceramic products and mixtures containing uranium enriched in U235, plutonium or compounds of these products",6,TRUE,C00,TOTAL CPC,0,0,TOTAL MOT,-1,N/A,0,FALSE,38,gi F/S,9902988,FALSE,,FALSE,0,FALSE,552111402.9,,552111402.9,0,FALSE,TRUE
C,A,20240101,2024,52,2024,276,DEU,Germany,M,Import,56,BEL,Belgium,0,W00,World,H6,HS,TRUE,284420,"Uranium; enriched in U235, plutonium, their compounds, alloys dispersions (including cermets), ceramic products and mixtures containing uranium enriched in U235, plutonium or compounds of these products",6,TRUE,C00,TOTAL CPC,0,0,TOTAL MOT,8,kg,1,FALSE,38,gi F/S,6,FALSE,1,FALSE,0,FALSE,1702.797,,1702.797,0,FALSE,TRUE
C,A,20240101,2024,52,2024,276,DEU,Germany,M,Import,124,CAN,Canada,0,W00,World,H6,HS,TRUE,284420,"Uranium; enriched in U235, plutonium, their compounds, alloys dispersions (including cermets), ceramic products and mixtures containing uranium enriched in U235, plutonium or compounds of these products",6,TRUE,C00,TOTAL CPC,0,0,TOTAL MOT,8,kg,55169,FALSE,38,gi F/S,2194470,FALSE,55169,FALSE,0,FALSE,167657576.3,,167657576.3,0,FALSE,TRUE
C,A,20240101,2024,52,2024,276,DEU,Germany,M,Import,251,FRA,France,0,W00,World,H6,HS,TRUE,284420,"Uranium; enriched in U235, plutonium, their compounds, alloys dispersions (including cermets), ceramic products and mixtures containing uranium enriched in U235, plutonium or compounds of these products",6,TRUE,C00,TOTAL CPC,0,0,TOTAL MOT,-1,N/A,0,FALSE,38,gi F/S,3212035,FALSE,,FALSE,0,FALSE,242270081.1,,242270081.1,0,FALSE,TRUE
C,A,20240101,2024,52,2024,276,DEU,Germany,M,Import,528,NLD,Netherlands,0,W00,World,H6,HS,TRUE,284420,"Uranium; enriched in U235, plutonium, their compounds, alloys dispersions (including cermets), ceramic products and mixtures containing uranium enriched in U235, plutonium or compounds of these products",6,TRUE,C00,TOTAL CPC,0,0,TOTAL MOT,8,kg,25687,FALSE,38,gi F/S,862022,FALSE,25687,FALSE,0,FALSE,22103537.83,,22103537.83,0,FALSE,TRUE
C,A,20240101,2024,52,2024,276,DEU,Germany,M,Import,643,RUS,Russian Federation,0,W00,World,H6,HS,TRUE,284420,"Uranium; enriched in U235, plutonium, their compounds, alloys dispersions (including cermets), ceramic products and mixtures containing uranium enriched in U235, plutonium or compounds of these products",6,TRUE,C00,TOTAL CPC,0,0,TOTAL MOT,8,kg,82062,FALSE,38,gi F/S,3633020,FALSE,82062,FALSE,0,FALSE,119993026.6,,119993026.6,0,FALSE,TRUE
C,A,20240101,2024,52,2024,276,DEU,Germany,M,Import,826,GBR,United Kingdom,0,W00,World,H6,HS,TRUE,284420,"Uranium; enriched in U235, plutonium, their compounds, alloys dispersions (including cermets), ceramic products and mixtures containing uranium enriched in U235, plutonium or compounds of these products",6,TRUE,C00,TOTAL CPC,0,0,TOTAL MOT,8,kg,0.93,TRUE,38,gi F/S,0,FALSE,0.93,TRUE,0,FALSE,2011.92,,2011.92,6,FALSE,TRUE
C,A,20240101,2024,52,2024,276,DEU,Germany,M,Import,842,USA,USA,0,W00,World,H6,HS,TRUE,284420,"Uranium; enriched in U235, plutonium, their compounds, alloys dispersions (including cermets), ceramic products and mixtures containing uranium enriched in U235, plutonium or compounds of these products",6,TRUE,C00,TOTAL CPC,0,0,TOTAL MOT,8,kg,65.398,TRUE,38,gi F/S,1435,FALSE,65.398,TRUE,0,FALSE,83466.387,,83466.387,6,FALSE,TRUE
C,A,20240101,2024,52,2024,276,DEU,Germany,M,Import,0,W00,World,0,W00,World,H6,HS,TRUE,710610,Metals; silver powder,6,TRUE,C00,TOTAL CPC,0,0,TOTAL MOT,8,kg,114279.105,FALSE,8,kg,114279.105,FALSE,114274.494,FALSE,0,FALSE,80798844.47,,80798844.47,0,FALSE,TRUE
C,A,20240101,2024,52,2024,276,DEU,Germany,M,Import,40,AUT,Austria,0,W00,World,H6,HS,TRUE,710610,Metals; silver powder,6,TRUE,C00,TOTAL CPC,0,0,TOTAL MOT,8,kg,36615.637,FALSE,8,kg,36615.637,FALSE,36616,FALSE,0,FALSE,31164167.16,,31164167.16,0,FALSE,TRUE
C,A,20240101,2024,52,2024,276,DEU,Germany,M,Import,124,CAN,Canada,0,W00,World,H6,HS,TRUE,710610,Metals; silver powder,6,TRUE,C00,TOTAL CPC,0,0,TOTAL MOT,8,kg,8.642,FALSE,8,kg,8.642,FALSE,9,FALSE,0,FALSE,8731.942,,8731.942,0,FALSE,TRUE
C,A,20240101,2024,52,2024,276,DEU,Germany,M,Import,156,CHN,China,0,W00,World,H6,HS,TRUE,710610,Metals; silver powder,6,TRUE,C00,TOTAL CPC,0,0,TOTAL MOT,8,kg,24.617,FALSE,8,kg,24.617,FALSE,22.908,FALSE,0,FALSE,15874.258,,15874.258,0,FALSE,TRUE
C,A,20240101,2024,52,2024,276,DEU,Germany,M,Import,203,CZE,Czechia,0,W00,World,H6,HS,TRUE,710610,Metals; silver powder,6,TRUE,C00,TOTAL CPC,0,0,TOTAL MOT,8,kg,138.112,FALSE,8,kg,138.112,FALSE,139,FALSE,0,FALSE,121881.485,,121881.485,0,FALSE,TRUE
C,A,20240101,2024,52,2024,276,DEU,Germany,M,Import,208,DNK,Denmark,0,W00,World,H6,HS,TRUE,710610,Metals; silver powder,6,TRUE,C00,TOTAL CPC,0,0,TOTAL MOT,8,kg,0.4,FALSE,8,kg,0.4,FALSE,0.4,FALSE,0,FALSE,1760.43,,1760.43,0,FALSE,TRUE
C,A,20240101,2024,52,2024,276,DEU,Germany,M,Import,251,FRA,France,0,W00,World,H6,HS,TRUE,710610,Metals; silver powder,6,TRUE,C00,TOTAL CPC,0,0,TOTAL MOT,8,kg,203.55,FALSE,8,kg,203.55,FALSE,204.05,FALSE,0,FALSE,204597.594,,204597.594,0,FALSE,TRUE
C,A,20240101,2024,52,2024,276,DEU,Germany,M,Import,376,ISR,Israel,0,W00,World,H6,HS,TRUE,710610,Metals; silver powder,6,TRUE,C00,TOTAL CPC,0,0,TOTAL MOT,8,kg,18.4,FALSE,8,kg,18.4,FALSE,18,FALSE,0,FALSE,57548.247,,57548.247,0,FALSE,TRUE
C,A,20240101,2024,52,2024,276,DEU,Germany,M,Import,380,ITA,Italy,0,W00,World,H6,HS,TRUE,710610,Metals; silver powder,6,TRUE,C00,TOTAL CPC,0,0,TOTAL MOT,8,kg,819.9,FALSE,8,kg,819.9,FALSE,821,FALSE,0,FALSE,183111.965,,183111.965,0,FALSE,TRUE
C,A,20240101,2024,52,2024,276,DEU,Germany,M,Import,392,JPN,Japan,0,W00,World,H6,HS,TRUE,710610,Metals; silver powder,6,TRUE,C00,TOTAL CPC,0,0,TOTAL MOT,8,kg,1077.06,FALSE,8,kg,1077.06,FALSE,1081,FALSE,0,FALSE,238678.68,,238678.68,0,FALSE,TRUE
C,A,20240101,2024,52,2024,276,DEU,Germany,M,Import,410,KOR,Rep. of Korea,0,W00,World,H6,HS,TRUE,710610,Metals; silver powder,6,TRUE,C00,TOTAL CPC,0,0,TOTAL MOT,8,kg,330.098,FALSE,8,kg,330.098,FALSE,329,FALSE,0,FALSE,330227.327,,330227.327,0,FALSE,TRUE
C,A,20240101,2024,52,2024,276,DEU,Germany,M,Import,604,PER,Peru,0,W00,World,H6,HS,TRUE,710610,Metals; silver powder,6,TRUE,C00,TOTAL CPC,0,0,TOTAL MOT,8,kg,1.05,FALSE,8,kg,1.05,FALSE,1,FALSE,0,FALSE,1148.471,,1148.471,0,FALSE,TRUE
C,A,20240101,2024,52,2024,276,DEU,Germany,M,Import,616,POL,Poland,0,W00,World,H6,HS,TRUE,710610,Metals; silver powder,6,TRUE,C00,TOTAL CPC,0,0,TOTAL MOT,8,kg,2000,FALSE,8,kg,2000,FALSE,2000,FALSE,0,FALSE,1961384.132,,1961384.132,0,FALSE,TRUE
C,A,20240101,2024,52,2024,276,DEU,Germany,M,Import,642,ROU,Romania,0,W00,World,H6,HS,TRUE,710610,Metals; silver powder,6,TRUE,C00,TOTAL CPC,0,0,TOTAL MOT,8,kg,10415.55,FALSE,8,kg,10415.55,FALSE,10415.15,FALSE,0,FALSE,861971.496,,861971.496,0,FALSE,TRUE
C,A,20240101,2024,52,2024,276,DEU,Germany,M,Import,702,SGP,Singapore,0,W00,World,H6,HS,TRUE,710610,Metals; silver powder,6,TRUE,C00,TOTAL CPC,0,0,TOTAL MOT,8,kg,1664.55,FALSE,8,kg,1664.55,FALSE,1664,FALSE,0,FALSE,2809584.455,,2809584.455,0,FALSE,TRUE
C,A,20240101,2024,52,2024,276,DEU,Germany,M,Import,757,CHE,Switzerland,0,W00,World,H6,HS,TRUE,710610,Metals; silver powder,6,TRUE,C00,TOTAL CPC,0,0,TOTAL MOT,8,kg,2441.851,FALSE,8,kg,2441.851,FALSE,2441.954,FALSE,0,FALSE,2300949.074,,2300949.074,0,FALSE,TRUE
C,A,20240101,2024,52,2024,276,DEU,Germany,M,Import,764,THA,Thailand,0,W00,World,H6,HS,TRUE,710610,Metals; silver powder,6,TRUE,C00,TOTAL CPC,0,0,TOTAL MOT,8,kg,8750,FALSE,8,kg,8750,FALSE,8750,FALSE,0,FALSE,574607.496,,574607.496,0,FALSE,TRUE
C,A,20240101,2024,52,2024,276,DEU,Germany,M,Import,792,TUR,Türkiye,0,W00,World,H6,HS,TRUE,710610,Metals; silver powder,6,TRUE,C00,TOTAL CPC,0,0,TOTAL MOT,8,kg,2.314,FALSE,8,kg,2.314,FALSE,2.314,FALSE,0,FALSE,1348.615,,1348.615,0,FALSE,TRUE
C,A,20240101,2024,52,2024,276,DEU,Germany,M,Import,826,GBR,United Kingdom,0,W00,World,H6,HS,TRUE,710610,Metals; silver powder,6,TRUE,C00,TOTAL CPC,0,0,TOTAL MOT,8,kg,7661.92,FALSE,8,kg,7661.92,FALSE,7660,FALSE,0,FALSE,6917268.078,,6917268.078,0,FALSE,TRUE
C,A,20240101,2024,52,2024,276,DEU,Germany,M,Import,842,USA,USA,0,W00,World,H6,HS,TRUE,710610,Metals; silver powder,6,TRUE,C00,TOTAL CPC,0,0,TOTAL MOT,8,kg,42062.965,FALSE,8,kg,42062.965,FALSE,42057.718,FALSE,0,FALSE,32997809.04,,32997809.04,0,FALSE,TRUE
C,A,20240101,2024,52,2024,276,DEU,Germany,M,Import,860,UZB,Uzbekistan,0,W00,World,H6,HS,TRUE,710610,Metals; silver powder,6,TRUE,C00,TOTAL CPC,0,0,TOTAL MOT,8,kg,42.489,FALSE,8,kg,42.489,FALSE,42,FALSE,0,FALSE,46194.521,,46194.521,0,FALSE,TRUE
C,A,20240101,2024,52,2024,276,DEU,Germany,M,Import,0,W00,World,0,W00,World,H6,HS,TRUE,260200,"Manganese ores and concentrates, including ferruginous manganese ores and concentrates with a manganese content of 20% or more, calculated on the dry weight",6,TRUE,C00,TOTAL CPC,0,0,TOTAL MOT,8,kg,14892766.01,TRUE,-1,N/A,0,FALSE,14892766.01,TRUE,0,FALSE,9218342.897,,9218342.897,6,FALSE,TRUE
C,A,20240101,2024,52,2024,276,DEU,Germany,M,Import,40,AUT,Austria,0,W00,World,H6,HS,TRUE,260200,"Manganese ores and concentrates, including ferruginous manganese ores and concentrates with a manganese content of 20% or more, calculated on the dry weight",6,TRUE,C00,TOTAL CPC,0,0,TOTAL MOT,8,kg,327840,FALSE,8,kg,327840,FALSE,327840,FALSE,0,FALSE,95352.433,,95352.433,0,FALSE,TRUE
C,A,20240101,2024,52,2024,276,DEU,Germany,M,Import,56,BEL,Belgium,0,W00,World,H6,HS,TRUE,260200,"Manganese ores and concentrates, including ferruginous manganese ores and concentrates with a manganese content of 20% or more, calculated on the dry weight",6,TRUE,C00,TOTAL CPC,0,0,TOTAL MOT,8,kg,1194386.338,TRUE,-1,N/A,0,FALSE,1194386.338,TRUE,0,FALSE,1037519.899,,1037519.899,6,FALSE,TRUE
C,A,20240101,2024,52,2024,276,DEU,Germany,M,Import,76,BRA,Brazil,0,W00,World,H6,HS,TRUE,260200,"Manganese ores and concentrates, including ferruginous manganese ores and concentrates with a manganese content of 20% or more, calculated on the dry weight",6,TRUE,C00,TOTAL CPC,0,0,TOTAL MOT,8,kg,2948955,FALSE,8,kg,2948955,FALSE,2948955,FALSE,0,FALSE,2127569.772,,2127569.772,0,FALSE,TRUE
C,A,20240101,2024,52,2024,276,DEU,Germany,M,Import,251,FRA,France,0,W00,World,H6,HS,TRUE,260200,"Manganese ores and concentrates, including ferruginous manganese ores and concentrates with a manganese content of 20% or more, calculated on the dry weight",6,TRUE,C00,TOTAL CPC,0,0,TOTAL MOT,8,kg,1029860,FALSE,8,kg,1029860,FALSE,1029860,FALSE,0,FALSE,609419.999,,609419.999,0,FALSE,TRUE
C,A,20240101,2024,52,2024,276,DEU,Germany,M,Import,266,GAB,Gabon,0,W00,World,H6,HS,TRUE,260200,"Manganese ores and concentrates, including ferruginous manganese ores and concentrates with a manganese content of 20% or more, calculated on the dry weight",6,TRUE,C00,TOTAL CPC,0,0,TOTAL MOT,8,kg,488705,FALSE,8,kg,488705,FALSE,488705,FALSE,0,FALSE,98391.271,,98391.271,0,FALSE,TRUE
C,A,20240101,2024,52,2024,276,DEU,Germany,M,Import,398,KAZ,Kazakhstan,0,W00,World,H6,HS,TRUE,260200,"Manganese ores and concentrates, including ferruginous manganese ores and concentrates with a manganese content of 20% or more, calculated on the dry weight",6,TRUE,C00,TOTAL CPC,0,0,TOTAL MOT,8,kg,5213,FALSE,8,kg,5213,FALSE,5213,FALSE,0,FALSE,8625.059,,8625.059,0,FALSE,TRUE
C,A,20240101,2024,52,2024,276,DEU,Germany,M,Import,504,MAR,Morocco,0,W00,World,H6,HS,TRUE,260200,"Manganese ores and concentrates, including ferruginous manganese ores and concentrates with a manganese content of 20% or more, calculated on the dry weight",6,TRUE,C00,TOTAL CPC,0,0,TOTAL MOT,8,kg,3116917,FALSE,8,kg,3116917,FALSE,3116917,FALSE,0,FALSE,1442450.235,,1442450.235,0,FALSE,TRUE
C,A,20240101,2024,52,2024,276,DEU,Germany,M,Import,528,NLD,Netherlands,0,W00,World,H6,HS,TRUE,260200,"Manganese ores and concentrates, including ferruginous manganese ores and concentrates with a manganese content of 20% or more, calculated on the dry weight",6,TRUE,C00,TOTAL CPC,0,0,TOTAL MOT,8,kg,4926600,FALSE,8,kg,4926600,FALSE,4926600,FALSE,0,FALSE,2851768.759,,2851768.759,0,FALSE,TRUE
C,A,20240101,2024,52,2024,276,DEU,Germany,M,Import,710,ZAF,South Africa,0,W00,World,H6,HS,TRUE,260200,"Manganese ores and concentrates, including ferruginous manganese ores and concentrates with a manganese content of 20% or more, calculated on the dry weight",6,TRUE,C00,TOTAL CPC,0,0,TOTAL MOT,8,kg,359747.676,TRUE,-1,N/A,0,FALSE,359747.676,TRUE,0,FALSE,179121.657,,179121.657,6,FALSE,TRUE
C,A,20240101,2024,52,2024,276,DEU,Germany,M,Import,724,ESP,Spain,0,W00,World,H6,HS,TRUE,260200,"Manganese ores and concentrates, including ferruginous manganese ores and concentrates with a manganese content of 20% or more, calculated on the dry weight",6,TRUE,C00,TOTAL CPC,0,0,TOTAL MOT,8,kg,96000,FALSE,8,kg,96000,FALSE,96000,FALSE,0,FALSE,80476.8,,80476.8,0,FALSE,TRUE
C,A,20240101,2024,52,2024,276,DEU,Germany,M,Import,792,TUR,Türkiye,0,W00,World,H6,HS,TRUE,260200,"Manganese ores and concentrates, including ferruginous manganese ores and concentrates with a manganese content of 20% or more, calculated on the dry weight",6,TRUE,C00,TOTAL CPC,0,0,TOTAL MOT,8,kg,111940,FALSE,8,kg,111940,FALSE,111940,FALSE,0,FALSE,42457.799,,42457.799,0,FALSE,TRUE
C,A,20240101,2024,52,2024,276,DEU,Germany,M,Import,842,USA,USA,0,W00,World,H6,HS,TRUE,260200,"Manganese ores and concentrates, including ferruginous manganese ores and concentrates with a manganese content of 20% or more, calculated on the dry weight",6,TRUE,C00,TOTAL CPC,0,0,TOTAL MOT,8,kg,286602,FALSE,8,kg,286602,FALSE,286602,FALSE,0,FALSE,645189.212,,645189.212,0,FALSE,TRUE
C,A,20240101,2024,52,2024,276,DEU,Germany,M,Import,0,W00,World,0,W00,World,H6,HS,TRUE,261610,Silver ores and concentrates,6,TRUE,C00,TOTAL CPC,0,0,TOTAL MOT,8,kg,4108509,FALSE,8,kg,4108509,FALSE,4108509,FALSE,0,FALSE,32715541.91,,32715541.91,0,FALSE,TRUE
C,A,20240101,2024,52,2024,276,DEU,Germany,M,Import,32,ARG,Argentina,0,W00,World,H6,HS,TRUE,261610,Silver ores and concentrates,6,TRUE,C00,TOTAL CPC,0,0,TOTAL MOT,8,kg,3477284,FALSE,8,kg,3477284,FALSE,3477284,FALSE,0,FALSE,28845522.62,,28845522.62,0,FALSE,TRUE
C,A,20240101,2024,52,2024,276,DEU,Germany,M,Import,156,CHN,China,0,W00,World,H6,HS,TRUE,261610,Silver ores and concentrates,6,TRUE,C00,TOTAL CPC,0,0,TOTAL MOT,8,kg,608773,FALSE,8,kg,608773,FALSE,608773,FALSE,0,FALSE,3708115.262,,3708115.262,0,FALSE,TRUE
C,A,20240101,2024,52,2024,276,DEU,Germany,M,Import,484,MEX,Mexico,0,W00,World,H6,HS,TRUE,261610,Silver ores and concentrates,6,TRUE,C00,TOTAL CPC,0,0,TOTAL MOT,8,kg,22452,FALSE,8,kg,22452,FALSE,22452,FALSE,0,FALSE,161904.023,,161904.023,0,FALSE,TRUE
C,A,20240101,2024,52,2024,276,DEU,Germany,M,Import,0,W00,World,0,W00,World,H6,HS,TRUE,261710,Antimony ores and concentrates,6,TRUE,C00,TOTAL CPC,0,0,TOTAL MOT,8,kg,1315.283,TRUE,-1,N/A,0,FALSE,1315.283,TRUE,0,FALSE,35617.271,,35617.271,6,FALSE,TRUE
C,A,20240101,2024,52,2024,276,DEU,Germany,M,Import,251,FRA,France,0,W00,World,H6,HS,TRUE,261710,Antimony ores and concentrates,6,TRUE,C00,TOTAL CPC,0,0,TOTAL MOT,8,kg,1250,FALSE,8,kg,1250,FALSE,1250,FALSE,0,FALSE,33629.452,,33629.452,0,FALSE,TRUE
C,A,20240101,2024,52,2024,276,DEU,Germany,M,Import,616,POL,Poland,0,W00,World,H6,HS,TRUE,261710,Antimony ores and concentrates,6,TRUE,C00,TOTAL CPC,0,0,TOTAL MOT,8,kg,12.344,TRUE,-1,N/A,0,FALSE,12.344,TRUE,0,FALSE,334.272,,334.272,6,FALSE,TRUE
C,A,20240101,2024,52,2024,276,DEU,Germany,M,Import,842,USA,USA,0,W00,World,H6,HS,TRUE,261710,Antimony ores and concentrates,6,TRUE,C00,TOTAL CPC,0,0,TOTAL MOT,8,kg,52.939,TRUE,-1,N/A,0,FALSE,52.939,TRUE,0,FALSE,1653.547,,1653.547,6,FALSE,TRUE
C,A,20240101,2024,52,2024,276,DEU,Germany,M,Import,0,W00,World,0,W00,World,H6,HS,TRUE,271111,"Petroleum gases and other gaseous hydrocarbons; liquefied, natural gas",6,TRUE,C00,TOTAL CPC,0,0,TOTAL MOT,8,kg,4789710000,FALSE,3,1000 kWh,73011100,FALSE,4789710000,FALSE,0,FALSE,2848679053,,2848679053,0,FALSE,TRUE
C,A,20240101,2024,52,2024,276,DEU,Germany,M,Import,899,_X ,"Areas, nes",0,W00,World,H6,HS,TRUE,271111,"Petroleum gases and other gaseous hydrocarbons; liquefied, natural gas",6,TRUE,C00,TOTAL CPC,0,0,TOTAL MOT,8,kg,4789710000,FALSE,3,1000 kWh,73011100,FALSE,4789710000,FALSE,0,FALSE,2848679053,,2848679053,0,FALSE,TRUE
C,A,20240101,2024,52,2024,276,DEU,Germany,M,Import,0,W00,World,0,W00,World,H6,HS,TRUE,2824,Lead oxides; red lead and orange lead,4,FALSE,C00,TOTAL CPC,0,0,TOTAL MOT,8,kg,1950292.388,TRUE,-1,N/A,0,FALSE,1950292.388,TRUE,0,FALSE,5227128.485,,5227128.485,6,FALSE,TRUE
C,A,20240101,2024,52,2024,276,DEU,Germany,M,Import,56,BEL,Belgium,0,W00,World,H6,HS,TRUE,2824,Lead oxides; red lead and orange lead,4,FALSE,C00,TOTAL CPC,0,0,TOTAL MOT,8,kg,506.388,TRUE,-1,N/A,0,FALSE,506.388,TRUE,0,FALSE,1300.413,,1300.413,6,FALSE,TRUE
C,A,20240101,2024,52,2024,276,DEU,Germany,M,Import,156,CHN,China,0,W00,World,H6,HS,TRUE,2824,Lead oxides; red lead and orange lead,4,FALSE,C00,TOTAL CPC,0,0,TOTAL MOT,8,kg,1,FALSE,8,kg,1,FALSE,1,FALSE,0,FALSE,144.607,,144.607,0,FALSE,TRUE
C,A,20240101,2024,52,2024,276,DEU,Germany,M,Import,380,ITA,Italy,0,W00,World,H6,HS,TRUE,2824,Lead oxides; red lead and orange lead,4,FALSE,C00,TOTAL CPC,0,0,TOTAL MOT,8,kg,953690,FALSE,8,kg,953690,FALSE,953690,FALSE,0,FALSE,2338338.302,,2338338.302,0,FALSE,TRUE
C,A,20240101,2024,52,2024,276,DEU,Germany,M,Import,392,JPN,Japan,0,W00,World,H6,HS,TRUE,2824,Lead oxides; red lead and orange lead,4,FALSE,C00,TOTAL CPC,0,0,TOTAL MOT,8,kg,36647,FALSE,8,kg,36647,FALSE,36647,FALSE,0,FALSE,174899.768,,174899.768,0,FALSE,TRUE
C,A,20240101,2024,52,2024,276,DEU,Germany,M,Import,410,KOR,Rep. of Korea,0,W00,World,H6,HS,TRUE,2824,Lead oxides; red lead and orange lead,4,FALSE,C00,TOTAL CPC,0,0,TOTAL MOT,8,kg,26011,FALSE,8,kg,26011,FALSE,26011,FALSE,0,FALSE,91008.992,,91008.992,0,FALSE,TRUE
C,A,20240101,2024,52,2024,276,DEU,Germany,M,Import,428,LVA,Latvia,0,W00,World,H6,HS,TRUE,2824,Lead oxides; red lead and orange lead,4,FALSE,C00,TOTAL CPC,0,0,TOTAL MOT,8,kg,500,FALSE,8,kg,500,FALSE,500,FALSE,0,FALSE,38771.375,,38771.375,0,FALSE,TRUE
C,A,20240101,2024,52,2024,276,DEU,Germany,M,Import,616,POL,Poland,0,W00,World,H6,HS,TRUE,2824,Lead oxides; red lead and orange lead,4,FALSE,C00,TOTAL CPC,0,0,TOTAL MOT,8,kg,91042,FALSE,8,kg,91042,FALSE,91042,FALSE,0,FALSE,241893.561,,241893.561,0,FALSE,TRUE
C,A,20240101,2024,52,2024,276,DEU,Germany,M,Import,699,IND,India,0,W00,World,H6,HS,TRUE,2824,Lead oxides; red lead and orange lead,4,FALSE,C00,TOTAL CPC,0,0,TOTAL MOT,8,kg,6,FALSE,8,kg,6,FALSE,6,FALSE,0,FALSE,3080.752,,3080.752,0,FALSE,TRUE
C,A,20240101,2024,52,2024,276,DEU,Germany,M,Import,710,ZAF,South Africa,0,W00,World,H6,HS,TRUE,2824,Lead oxides; red lead and orange lead,4,FALSE,C00,TOTAL CPC,0,0,TOTAL MOT,8,kg,41454,FALSE,8,kg,41454,FALSE,41454,FALSE,0,FALSE,182138.489,,182138.489,0,FALSE,TRUE
C,A,20240101,2024,52,2024,276,DEU,Germany,M,Import,724,ESP,Spain,0,W00,World,H6,HS,TRUE,2824,Lead oxides; red lead and orange lead,4,FALSE,C00,TOTAL CPC,0,0,TOTAL MOT,8,kg,796152,FALSE,8,kg,796152,FALSE,796152,FALSE,0,FALSE,2116953.751,,2116953.751,0,FALSE,TRUE
C,A,20240101,2024,52,2024,276,DEU,Germany,M,Import,752,SWE,Sweden,0,W00,World,H6,HS,TRUE,2824,Lead oxides; red lead and orange lead,4,FALSE,C00,TOTAL CPC,0,0,TOTAL MOT,8,kg,420,FALSE,8,kg,420,FALSE,420,FALSE,0,FALSE,3397.211,,3397.211,0,FALSE,TRUE
C,A,20240101,2024,52,2024,276,DEU,Germany,M,Import,757,CHE,Switzerland,0,W00,World,H6,HS,TRUE,2824,Lead oxides; red lead and orange lead,4,FALSE,C00,TOTAL CPC,0,0,TOTAL MOT,8,kg,995,FALSE,8,kg,995,FALSE,995,FALSE,0,FALSE,8374.617,,8374.617,0,FALSE,TRUE
C,A,20240101,2024,52,2024,276,DEU,Germany,M,Import,826,GBR,United Kingdom,0,W00,World,H6,HS,TRUE,2824,Lead oxides; red lead and orange lead,4,FALSE,C00,TOTAL CPC,0,0,TOTAL MOT,8,kg,677,FALSE,8,kg,677,FALSE,677,FALSE,0,FALSE,1820.159,,1820.159,0,FALSE,TRUE
C,A,20240101,2024,52,2024,276,DEU,Germany,M,Import,842,USA,USA,0,W00,World,H6,HS,TRUE,2824,Lead oxides; red lead and orange lead,4,FALSE,C00,TOTAL CPC,0,0,TOTAL MOT,8,kg,2191,FALSE,8,kg,2191,FALSE,2191,FALSE,0,FALSE,25006.489,,25006.489,0,FALSE,TRUE
C,A,20240101,2024,52,2024,276,DEU,Germany,M,Import,0,W00,World,0,W00,World,H6,HS,TRUE,7403,"Copper; refined and copper alloys, unwrought",4,FALSE,C00,TOTAL CPC,0,0,TOTAL MOT,8,kg,449371709.9,TRUE,-1,N/A,0,FALSE,449371709.9,TRUE,0,FALSE,3980010329,,3980010329,6,FALSE,TRUE
C,A,20240101,2024,52,2024,276,DEU,Germany,M,Import,31,AZE,Azerbaijan,0,W00,World,H6,HS,TRUE,7403,"Copper; refined and copper alloys, unwrought",4,FALSE,C00,TOTAL CPC,0,0,TOTAL MOT,8,kg,7234,FALSE,8,kg,7234,FALSE,7234,FALSE,0,FALSE,47337.753,,47337.753,0,FALSE,TRUE
C,A,20240101,2024,52,2024,276,DEU,Germany,M,Import,32,ARG,Argentina,0,W00,World,H6,HS,TRUE,7403,"Copper; refined and copper alloys, unwrought",4,FALSE,C00,TOTAL CPC,0,0,TOTAL MOT,8,kg,237,FALSE,8,kg,237,FALSE,237,FALSE,0,FALSE,1726.898,,1726.898,0,FALSE,TRUE
C,A,20240101,2024,52,2024,276,DEU,Germany,M,Import,40,AUT,Austria,0,W00,World,H6,HS,TRUE,7403,"Copper; refined and copper alloys, unwrought",4,FALSE,C00,TOTAL CPC,0,0,TOTAL MOT,8,kg,40966086,FALSE,8,kg,40966086,FALSE,40966086,FALSE,0,FALSE,378500428.5,,378500428.5,0,FALSE,TRUE
C,A,20240101,2024,52,2024,276,DEU,Germany,M,Import,56,BEL,Belgium,0,W00,World,H6,HS,TRUE,7403,"Copper; refined and copper alloys, unwrought",4,FALSE,C00,TOTAL CPC,0,0,TOTAL MOT,8,kg,77367028,FALSE,8,kg,77367028,FALSE,77367028,FALSE,0,FALSE,631570018.3,,631570018.3,0,FALSE,TRUE
C,A,20240101,2024,52,2024,276,DEU,Germany,M,Import,100,BGR,Bulgaria,0,W00,World,H6,HS,TRUE,7403,"Copper; refined and copper alloys, unwrought",4,FALSE,C00,TOTAL CPC,0,0,TOTAL MOT,8,kg,12746,FALSE,8,kg,12746,FALSE,12746,FALSE,0,FALSE,96647.607,,96647.607,0,FALSE,TRUE
C,A,20240101,2024,52,2024,276,DEU,Germany,M,Import,152,CHL,Chile,0,W00,World,H6,HS,TRUE,7403,"Copper; refined and copper alloys, unwrought",4,FALSE,C00,TOTAL CPC,0,0,TOTAL MOT,8,kg,48940207,FALSE,8,kg,48940207,FALSE,48940207,FALSE,0,FALSE,428817674.8,,428817674.8,0,FALSE,TRUE
C,A,20240101,2024,52,2024,276,DEU,Germany,M,Import,156,CHN,China,0,W00,World,H6,HS,TRUE,7403,"Copper; refined and copper alloys, unwrought",4,FALSE,C00,TOTAL CPC,0,0,TOTAL MOT,8,kg,726981.345,TRUE,-1,N/A,0,FALSE,726981.345,TRUE,0,FALSE,6907212.669,,6907212.669,6,FALSE,TRUE
C,A,20240101,2024,52,2024,276,DEU,Germany,M,Import,178,COG,Congo,0,W00,World,H6,HS,TRUE,7403,"Copper; refined and copper alloys, unwrought",4,FALSE,C00,TOTAL CPC,0,0,TOTAL MOT,8,kg,8147483,FALSE,8,kg,8147483,FALSE,8147483,FALSE,0,FALSE,72212817.64,,72212817.64,0,FALSE,TRUE
C,A,20240101,2024,52,2024,276,DEU,Germany,M,Import,180,COD,Dem. Rep. of the Congo,0,W00,World,H6,HS,TRUE,7403,"Copper; refined and copper alloys, unwrought",4,FALSE,C00,TOTAL CPC,0,0,TOTAL MOT,8,kg,30168410,FALSE,8,kg,30168410,FALSE,30168410,FALSE,0,FALSE,268574315.1,,268574315.1,0,FALSE,TRUE
C,A,20240101,2024,52,2024,276,DEU,Germany,M,Import,191,HRV,Croatia,0,W00,World,H6,HS,TRUE,7403,"Copper; refined and copper alloys, unwrought",4,FALSE,C00,TOTAL CPC,0,0,TOTAL MOT,8,kg,3749040,FALSE,8,kg,3749040,FALSE,3749040,FALSE,0,FALSE,36508348.52,,36508348.52,0,FALSE,TRUE
C,A,20240101,2024,52,2024,276,DEU,Germany,M,Import,203,CZE,Czechia,0,W00,World,H6,HS,TRUE,7403,"Copper; refined and copper alloys, unwrought",4,FALSE,C00,TOTAL CPC,0,0,TOTAL MOT,8,kg,602497.777,TRUE,-1,N/A,0,FALSE,602497.777,TRUE,0,FALSE,5382839.566,,5382839.566,6,FALSE,TRUE
C,A,20240101,2024,52,2024,276,DEU,Germany,M,Import,208,DNK,Denmark,0,W00,World,H6,HS,TRUE,7403,"Copper; refined and copper alloys, unwrought",4,FALSE,C00,TOTAL CPC,0,0,TOTAL MOT,8,kg,227628.902,TRUE,-1,N/A,0,FALSE,227628.902,TRUE,0,FALSE,1535850.478,,1535850.478,6,FALSE,TRUE
C,A,20240101,2024,52,2024,276,DEU,Germany,M,Import,246,FIN,Finland,0,W00,World,H6,HS,TRUE,7403,"Copper; refined and copper alloys, unwrought",4,FALSE,C00,TOTAL CPC,0,0,TOTAL MOT,8,kg,48977644,FALSE,8,kg,48977644,FALSE,48977644,FALSE,0,FALSE,439034391.1,,439034391.1,0,FALSE,TRUE
C,A,20240101,2024,52,2024,276,DEU,Germany,M,Import,251,FRA,France,0,W00,World,H6,HS,TRUE,7403,"Copper; refined and copper alloys, unwrought",4,FALSE,C00,TOTAL CPC,0,0,TOTAL MOT,8,kg,7904182.366,TRUE,-1,N/A,0,FALSE,7904182.366,TRUE,0,FALSE,65817139.83,,65817139.83,6,FALSE,TRUE
C,A,20240101,2024,52,2024,276,DEU,Germany,M,Import,300,GRC,Greece,0,W00,World,H6,HS,TRUE,7403,"Copper; refined and copper alloys, unwrought",4,FALSE,C00,TOTAL CPC,0,0,TOTAL MOT,8,kg,57388,FALSE,8,kg,57388,FALSE,57388,FALSE,0,FALSE,537793.551,,537793.551,0,FALSE,TRUE
C,A,20240101,2024,52,2024,276,DEU,Germany,M,Import,344,HKG,"China, Hong Kong SAR",0,W00,World,H6,HS,TRUE,7403,"Copper; refined and copper alloys, unwrought",4,FALSE,C00,TOTAL CPC,0,0,TOTAL MOT,8,kg,349741,FALSE,8,kg,349741,FALSE,349741,FALSE,0,FALSE,2866256.679,,2866256.679,0,FALSE,TRUE
C,A,20240101,2024,52,2024,276,DEU,Germany,M,Import,348,HUN,Hungary,0,W00,World,H6,HS,TRUE,7403,"Copper; refined and copper alloys, unwrought",4,FALSE,C00,TOTAL CPC,0,0,TOTAL MOT,8,kg,181284,FALSE,8,kg,181284,FALSE,181284,FALSE,0,FALSE,1474579.131,,1474579.131,0,FALSE,TRUE
C,A,20240101,2024,52,2024,276,DEU,Germany,M,Import,376,ISR,Israel,0,W00,World,H6,HS,TRUE,7403,"Copper; refined and copper alloys, unwrought",4,FALSE,C00,TOTAL CPC,0,0,TOTAL MOT,8,kg,721,FALSE,8,kg,721,FALSE,721,FALSE,0,FALSE,7148.603,,7148.603,0,FALSE,TRUE
C,A,20240101,2024,52,2024,276,DEU,Germany,M,Import,380,ITA,Italy,0,W00,World,H6,HS,TRUE,7403,"Copper; refined and copper alloys, unwrought",4,FALSE,C00,TOTAL CPC,0,0,TOTAL MOT,8,kg,8217606.899,TRUE,-1,N/A,0,FALSE,8217606.899,TRUE,0,FALSE,72483200.83,,72483200.83,6,FALSE,TRUE
C,A,20240101,2024,52,2024,276,DEU,Germany,M,Import,392,JPN,Japan,0,W00,World,H6,HS,TRUE,7403,"Copper; refined and copper alloys, unwrought",4,FALSE,C00,TOTAL CPC,0,0,TOTAL MOT,8,kg,280856.592,TRUE,-1,N/A,0,FALSE,280856.592,TRUE,0,FALSE,3107045.779,,3107045.779,6,FALSE,TRUE
C,A,20240101,2024,52,2024,276,DEU,Germany,M,Import,398,KAZ,Kazakhstan,0,W00,World,H6,HS,TRUE,7403,"Copper; refined and copper alloys, unwrought",4,FALSE,C00,TOTAL CPC,0,0,TOTAL MOT,8,kg,3808840,FALSE,8,kg,3808840,FALSE,3808840,FALSE,0,FALSE,32040029.29,,32040029.29,0,FALSE,TRUE
C,A,20240101,2024,52,2024,276,DEU,Germany,M,Import,414,KWT,Kuwait,0,W00,World,H6,HS,TRUE,7403,"Copper; refined and copper alloys, unwrought",4,FALSE,C00,TOTAL CPC,0,0,TOTAL MOT,8,kg,5240,FALSE,8,kg,5240,FALSE,5240,FALSE,0,FALSE,8389.287,,8389.287,0,FALSE,TRUE
C,A,20240101,2024,52,2024,276,DEU,Germany,M,Import,428,LVA,Latvia,0,W00,World,H6,HS,TRUE,7403,"Copper; refined and copper alloys, unwrought",4,FALSE,C00,TOTAL CPC,0,0,TOTAL MOT,8,kg,9153,FALSE,8,kg,9153,FALSE,9153,FALSE,0,FALSE,84763.657,,84763.657,0,FALSE,TRUE
C,A,20240101,2024,52,2024,276,DEU,Germany,M,Import,442,LUX,Luxembourg,0,W00,World,H6,HS,TRUE,7403,"Copper; refined and copper alloys, unwrought",4,FALSE,C00,TOTAL CPC,0,0,TOTAL MOT,8,kg,3099749,FALSE,8,kg,3099749,FALSE,3099749,FALSE,0,FALSE,29409169.34,,29409169.34,0,FALSE,TRUE
C,A,20240101,2024,52,2024,276,DEU,Germany,M,Import,470,MLT,Malta,0,W00,World,H6,HS,TRUE,7403,"Copper; refined and copper alloys, unwrought",4,FALSE,C00,TOTAL CPC,0,0,TOTAL MOT,8,kg,10000,FALSE,8,kg,10000,FALSE,10000,FALSE,0,FALSE,79878.463,,79878.463,0,FALSE,TRUE
C,A,20240101,2024,52,2024,276,DEU,Germany,M,Import,490,S19,"Other Asia, nes",0,W00,World,H6,HS,TRUE,7403,"Copper; refined and copper alloys, unwrought",4,FALSE,C00,TOTAL CPC,0,0,TOTAL MOT,8,kg,179871.125,TRUE,-1,N/A,0,FALSE,179871.125,TRUE,0,FALSE,1336032.242,,1336032.242,6,FALSE,TRUE
C,A,20240101,2024,52,2024,276,DEU,Germany,M,Import,528,NLD,Netherlands,0,W00,World,H6,HS,TRUE,7403,"Copper; refined and copper alloys, unwrought",4,FALSE,C00,TOTAL CPC,0,0,TOTAL MOT,8,kg,3177052,FALSE,8,kg,3177052,FALSE,3177052,FALSE,0,FALSE,26835631.31,,26835631.31,0,FALSE,TRUE
C,A,20240101,2024,52,2024,276,DEU,Germany,M,Import,566,NGA,Nigeria,0,W00,World,H6,HS,TRUE,7403,"Copper; refined and copper alloys, unwrought",4,FALSE,C00,TOTAL CPC,0,0,TOTAL MOT,8,kg,0.118,TRUE,-1,N/A,0,FALSE,0.118,TRUE,0,FALSE,1.048,,1.048,6,FALSE,TRUE
C,A,20240101,2024,52,2024,276,DEU,Germany,M,Import,579,NOR,Norway,0,W00,World,H6,HS,TRUE,7403,"Copper; refined and copper alloys, unwrought",4,FALSE,C00,TOTAL CPC,0,0,TOTAL MOT,8,kg,724416,FALSE,8,kg,724416,FALSE,724416,FALSE,0,FALSE,6588176.647,,6588176.647,0,FALSE,TRUE
C,A,20240101,2024,52,2024,276,DEU,Germany,M,Import,604,PER,Peru,0,W00,World,H6,HS,TRUE,7403,"Copper; refined and copper alloys, unwrought",4,FALSE,C00,TOTAL CPC,0,0,TOTAL MOT,8,kg,174321,FALSE,8,kg,174321,FALSE,174321,FALSE,0,FALSE,2051485.664,,2051485.664,0,FALSE,TRUE
C,A,20240101,2024,52,2024,276,DEU,Germany,M,Import,616,POL,Poland,0,W00,World,H6,HS,TRUE,7403,"Copper; refined and copper alloys, unwrought",4,FALSE,C00,TOTAL CPC,0,0,TOTAL MOT,8,kg,74509759.91,TRUE,-1,N/A,0,FALSE,74509759.91,TRUE,0,FALSE,665351827.6,,665351827.6,6,FALSE,TRUE
C,A,20240101,2024,52,2024,276,DEU,Germany,M,Import,620,PRT,Portugal,0,W00,World,H6,HS,TRUE,7403,"Copper; refined and copper alloys, unwrought",4,FALSE,C00,TOTAL CPC,0,0,TOTAL MOT,8,kg,739858,FALSE,8,kg,739858,FALSE,739858,FALSE,0,FALSE,6167386.722,,6167386.722,0,FALSE,TRUE
C,A,20240101,2024,52,2024,276,DEU,Germany,M,Import,642,ROU,Romania,0,W00,World,H6,HS,TRUE,7403,"Copper; refined and copper alloys, unwrought",4,FALSE,C00,TOTAL CPC,0,0,TOTAL MOT,8,kg,41125,FALSE,8,kg,41125,FALSE,41125,FALSE,0,FALSE,309611.435,,309611.435,0,FALSE,TRUE
C,A,20240101,2024,52,2024,276,DEU,Germany,M,Import,643,RUS,Russian Federation,0,W00,World,H6,HS,TRUE,7403,"Copper; refined and copper alloys, unwrought",4,FALSE,C00,TOTAL CPC,0,0,TOTAL MOT,8,kg,7188900,FALSE,8,kg,7188900,FALSE,7188900,FALSE,0,FALSE,64604637.38,,64604637.38,0,FALSE,TRUE
C,A,20240101,2024,52,2024,276,DEU,Germany,M,Import,688,SRB,Serbia,0,W00,World,H6,HS,TRUE,7403,"Copper; refined and copper alloys, unwrought",4,FALSE,C00,TOTAL CPC,0,0,TOTAL MOT,8,kg,718917,FALSE,8,kg,718917,FALSE,718917,FALSE,0,FALSE,6441659.621,,6441659.621,0,FALSE,TRUE
C,A,20240101,2024,52,2024,276,DEU,Germany,M,Import,699,IND,India,0,W00,World,H6,HS,TRUE,7403,"Copper; refined and copper alloys, unwrought",4,FALSE,C00,TOTAL CPC,0,0,TOTAL MOT,8,kg,2222921.507,TRUE,-1,N/A,0,FALSE,2222921.507,TRUE,0,FALSE,18152197.16,,18152197.16,6,FALSE,TRUE
C,A,20240101,2024,52,2024,276,DEU,Germany,M,Import,702,SGP,Singapore,0,W00,World,H6,HS,TRUE,7403,"Copper; refined and copper alloys, unwrought",4,FALSE,C00,TOTAL CPC,0,0,TOTAL MOT,8,kg,13599580,FALSE,8,kg,13599580,FALSE,13599580,FALSE,0,FALSE,119746742.4,,119746742.4,0,FALSE,TRUE
C,A,20240101,2024,52,2024,276,DEU,Germany,M,Import,703,SVK,Slovakia,0,W00,World,H6,HS,TRUE,7403,"Copper; refined and copper alloys, unwrought",4,FALSE,C00,TOTAL CPC,0,0,TOTAL MOT,8,kg,98980,FALSE,8,kg,98980,FALSE,98980,FALSE,0,FALSE,913539.521,,913539.521,0,FALSE,TRUE
C,A,20240101,2024,52,2024,276,DEU,Germany,M,Import,704,VNM,Viet Nam,0,W00,World,H6,HS,TRUE,7403,"Copper; refined and copper alloys, unwrought",4,FALSE,C00,TOTAL CPC,0,0,TOTAL MOT,8,kg,6055952,FALSE,8,kg,6055952,FALSE,6055952,FALSE,0,FALSE,53597638.92,,53597638.92,0,FALSE,TRUE
C,A,20240101,2024,52,2024,276,DEU,Germany,M,Import,705,SVN,Slovenia,0,W00,World,H6,HS,TRUE,7403,"Copper; refined and copper alloys, unwrought",4,FALSE,C00,TOTAL CPC,0,0,TOTAL MOT,8,kg,829477,FALSE,8,kg,829477,FALSE,829477,FALSE,0,FALSE,7689300.463,,7689300.463,0,FALSE,TRUE
C,A,20240101,2024,52,2024,276,DEU,Germany,M,Import,710,ZAF,South Africa,0,W00,World,H6,HS,TRUE,7403,"Copper; refined and copper alloys, unwrought",4,FALSE,C00,TOTAL CPC,0,0,TOTAL MOT,8,kg,6476165,FALSE,8,kg,6476165,FALSE,6476165,FALSE,0,FALSE,56476060.38,,56476060.38,0,FALSE,TRUE
C,A,20240101,2024,52,2024,276,DEU,Germany,M,Import,724,ESP,Spain,0,W00,World,H6,HS,TRUE,7403,"Copper; refined and copper alloys, unwrought",4,FALSE,C00,TOTAL CPC,0,0,TOTAL MOT,8,kg,8481193,FALSE,8,kg,8481193,FALSE,8481193,FALSE,0,FALSE,75882087.13,,75882087.13,0,FALSE,TRUE
C,A,20240101,2024,52,2024,276,DEU,Germany,M,Import,740,SUR,Suriname,0,W00,World,H6,HS,TRUE,7403,"Copper; refined and copper alloys, unwrought",4,FALSE,C00,TOTAL CPC,0,0,TOTAL MOT,8,kg,89038,FALSE,8,kg,89038,FALSE,89038,FALSE,0,FALSE,788472.496,,788472.496,0,FALSE,TRUE
C,A,20240101,2024,52,2024,276,DEU,Germany,M,Import,752,SWE,Sweden,0,W00,World,H6,HS,TRUE,7403,"Copper; refined and copper alloys, unwrought",4,FALSE,C00,TOTAL CPC,0,0,TOTAL MOT,8,kg,35240807,FALSE,8,kg,35240807,FALSE,35240807,FALSE,0,FALSE,331617969.7,,331617969.7,0,FALSE,TRUE
C,A,20240101,2024,52,2024,276,DEU,Germany,M,Import,757,CHE,Switzerland,0,W00,World,H6,HS,TRUE,7403,"Copper; refined and copper alloys, unwrought",4,FALSE,C00,TOTAL CPC,0,0,TOTAL MOT,8,kg,3056646.734,TRUE,-1,N/A,0,FALSE,3056646.734,TRUE,0,FALSE,31934503.04,,31934503.04,6,FALSE,TRUE
C,A,20240101,2024,52,2024,276,DEU,Germany,M,Import,792,TUR,Türkiye,0,W00,World,H6,HS,TRUE,7403,"Copper; refined and copper alloys, unwrought",4,FALSE,C00,TOTAL CPC,0,0,TOTAL MOT,8,kg,338480.55,TRUE,-1,N/A,0,FALSE,338480.55,TRUE,0,FALSE,3302176.87,,3302176.87,6,FALSE,TRUE
C,A,20240101,2024,52,2024,276,DEU,Germany,M,Import,826,GBR,United Kingdom,0,W00,World,H6,HS,TRUE,7403,"Copper; refined and copper alloys, unwrought",4,FALSE,C00,TOTAL CPC,0,0,TOTAL MOT,8,kg,700199.437,TRUE,-1,N/A,0,FALSE,700199.437,TRUE,0,FALSE,5504648.748,,5504648.748,6,FALSE,TRUE
C,A,20240101,2024,52,2024,276,DEU,Germany,M,Import,842,USA,USA,0,W00,World,H6,HS,TRUE,7403,"Copper; refined and copper alloys, unwrought",4,FALSE,C00,TOTAL CPC,0,0,TOTAL MOT,8,kg,910064.597,TRUE,-1,N/A,0,FALSE,910064.597,TRUE,0,FALSE,17613539.11,,17613539.11,6,FALSE,TRUE
C,A,20240101,2024,52,2024,276,DEU,Germany,M,Import,0,W00,World,0,W00,World,H6,HS,TRUE,7502,Nickel; unwrought,4,FALSE,C00,TOTAL CPC,0,0,TOTAL MOT,8,kg,54600813.03,TRUE,-1,N/A,0,FALSE,54600813.03,TRUE,0,FALSE,963541276,,963541276,6,FALSE,TRUE
C,A,20240101,2024,52,2024,276,DEU,Germany,M,Import,36,AUS,Australia,0,W00,World,H6,HS,TRUE,7502,Nickel; unwrought,4,FALSE,C00,TOTAL CPC,0,0,TOTAL MOT,8,kg,4975624.204,TRUE,-1,N/A,0,FALSE,4975624.204,TRUE,0,FALSE,86654333.3,,86654333.3,6,FALSE,TRUE
C,A,20240101,2024,52,2024,276,DEU,Germany,M,Import,40,AUT,Austria,0,W00,World,H6,HS,TRUE,7502,Nickel; unwrought,4,FALSE,C00,TOTAL CPC,0,0,TOTAL MOT,8,kg,149591.003,TRUE,-1,N/A,0,FALSE,149591.003,TRUE,0,FALSE,4118417.006,,4118417.006,6,FALSE,TRUE
C,A,20240101,2024,52,2024,276,DEU,Germany,M,Import,51,ARM,Armenia,0,W00,World,H6,HS,TRUE,7502,Nickel; unwrought,4,FALSE,C00,TOTAL CPC,0,0,TOTAL MOT,8,kg,600,FALSE,8,kg,600,FALSE,600,FALSE,0,FALSE,45537.504,,45537.504,0,FALSE,TRUE
C,A,20240101,2024,52,2024,276,DEU,Germany,M,Import,56,BEL,Belgium,0,W00,World,H6,HS,TRUE,7502,Nickel; unwrought,4,FALSE,C00,TOTAL CPC,0,0,TOTAL MOT,8,kg,503365,FALSE,8,kg,503365,FALSE,503365,FALSE,0,FALSE,10353997.34,,10353997.34,0,FALSE,TRUE
C,A,20240101,2024,52,2024,276,DEU,Germany,M,Import,112,BLR,Belarus,0,W00,World,H6,HS,TRUE,7502,Nickel; unwrought,4,FALSE,C00,TOTAL CPC,0,0,TOTAL MOT,8,kg,41025,FALSE,8,kg,41025,FALSE,41025,FALSE,0,FALSE,1155729.63,,1155729.63,0,FALSE,TRUE
C,A,20240101,2024,52,2024,276,DEU,Germany,M,Import,124,CAN,Canada,0,W00,World,H6,HS,TRUE,7502,Nickel; unwrought,4,FALSE,C00,TOTAL CPC,0,0,TOTAL MOT,8,kg,2178408,FALSE,8,kg,2178408,FALSE,2178408,FALSE,0,FALSE,37334128.51,,37334128.51,0,FALSE,TRUE
C,A,20240101,2024,52,2024,276,DEU,Germany,M,Import,156,CHN,China,0,W00,World,H6,HS,TRUE,7502,Nickel; unwrought,4,FALSE,C00,TOTAL CPC,0,0,TOTAL MOT,8,kg,685772,FALSE,8,kg,685772,FALSE,685772,FALSE,0,FALSE,11646901.14,,11646901.14,0,FALSE,TRUE
C,A,20240101,2024,52,2024,276,DEU,Germany,M,Import,203,CZE,Czechia,0,W00,World,H6,HS,TRUE,7502,Nickel; unwrought,4,FALSE,C00,TOTAL CPC,0,0,TOTAL MOT,8,kg,6000,FALSE,8,kg,6000,FALSE,6000,FALSE,0,FALSE,122129.831,,122129.831,0,FALSE,TRUE
C,A,20240101,2024,52,2024,276,DEU,Germany,M,Import,214,DOM,Dominican Rep.,0,W00,World,H6,HS,TRUE,7502,Nickel; unwrought,4,FALSE,C00,TOTAL CPC,0,0,TOTAL MOT,8,kg,96105,FALSE,8,kg,96105,FALSE,96105,FALSE,0,FALSE,1539747.525,,1539747.525,0,FALSE,TRUE
C,A,20240101,2024,52,2024,276,DEU,Germany,M,Import,233,EST,Estonia,0,W00,World,H6,HS,TRUE,7502,Nickel; unwrought,4,FALSE,C00,TOTAL CPC,0,0,TOTAL MOT,8,kg,11991,FALSE,8,kg,11991,FALSE,11991,FALSE,0,FALSE,187604.205,,187604.205,0,FALSE,TRUE
C,A,20240101,2024,52,2024,276,DEU,Germany,M,Import,246,FIN,Finland,0,W00,World,H6,HS,TRUE,7502,Nickel; unwrought,4,FALSE,C00,TOTAL CPC,0,0,TOTAL MOT,8,kg,2553098,FALSE,8,kg,2553098,FALSE,2553098,FALSE,0,FALSE,41641461.66,,41641461.66,0,FALSE,TRUE
C,A,20240101,2024,52,2024,276,DEU,Germany,M,Import,251,FRA,France,0,W00,World,H6,HS,TRUE,7502,Nickel; unwrought,4,FALSE,C00,TOTAL CPC,0,0,TOTAL MOT,8,kg,3755449,FALSE,8,kg,3755449,FALSE,3755449,FALSE,0,FALSE,62660564.14,,62660564.14,0,FALSE,TRUE
C,A,20240101,2024,52,2024,276,DEU,Germany,M,Import,360,IDN,Indonesia,0,W00,World,H6,HS,TRUE,7502,Nickel; unwrought,4,FALSE,C00,TOTAL CPC,0,0,TOTAL MOT,8,kg,487998,FALSE,8,kg,487998,FALSE,487998,FALSE,0,FALSE,8641274.991,,8641274.991,0,FALSE,TRUE
C,A,20240101,2024,52,2024,276,DEU,Germany,M,Import,380,ITA,Italy,0,W00,World,H6,HS,TRUE,7502,Nickel; unwrought,4,FALSE,C00,TOTAL CPC,0,0,TOTAL MOT,8,kg,146876,FALSE,8,kg,146876,FALSE,146876,FALSE,0,FALSE,2654065.135,,2654065.135,0,FALSE,TRUE
C,A,20240101,2024,52,2024,276,DEU,Germany,M,Import,392,JPN,Japan,0,W00,World,H6,HS,TRUE,7502,Nickel; unwrought,4,FALSE,C00,TOTAL CPC,0,0,TOTAL MOT,8,kg,596098,FALSE,8,kg,596098,FALSE,596098,FALSE,0,FALSE,10164916.68,,10164916.68,0,FALSE,TRUE
C,A,20240101,2024,52,2024,276,DEU,Germany,M,Import,398,KAZ,Kazakhstan,0,W00,World,H6,HS,TRUE,7502,Nickel; unwrought,4,FALSE,C00,TOTAL CPC,0,0,TOTAL MOT,8,kg,110704,FALSE,8,kg,110704,FALSE,110704,FALSE,0,FALSE,3114663.831,,3114663.831,0,FALSE,TRUE
C,A,20240101,2024,52,2024,276,DEU,Germany,M,Import,442,LUX,Luxembourg,0,W00,World,H6,HS,TRUE,7502,Nickel; unwrought,4,FALSE,C00,TOTAL CPC,0,0,TOTAL MOT,8,kg,1413924,FALSE,8,kg,1413924,FALSE,1413924,FALSE,0,FALSE,23436690.52,,23436690.52,0,FALSE,TRUE
C,A,20240101,2024,52,2024,276,DEU,Germany,M,Import,450,MDG,Madagascar,0,W00,World,H6,HS,TRUE,7502,Nickel; unwrought,4,FALSE,C00,TOTAL CPC,0,0,TOTAL MOT,8,kg,378855,FALSE,8,kg,378855,FALSE,378855,FALSE,0,FALSE,6204655.445,,6204655.445,0,FALSE,TRUE
C,A,20240101,2024,52,2024,276,DEU,Germany,M,Import,504,MAR,Morocco,0,W00,World,H6,HS,TRUE,7502,Nickel; unwrought,4,FALSE,C00,TOTAL CPC,0,0,TOTAL MOT,8,kg,137,FALSE,8,kg,137,FALSE,137,FALSE,0,FALSE,45411.759,,45411.759,0,FALSE,TRUE
C,A,20240101,2024,52,2024,276,DEU,Germany,M,Import,528,NLD,Netherlands,0,W00,World,H6,HS,TRUE,7502,Nickel; unwrought,4,FALSE,C00,TOTAL CPC,0,0,TOTAL MOT,8,kg,1947759,FALSE,8,kg,1947759,FALSE,1947759,FALSE,0,FALSE,33170400.34,,33170400.34,0,FALSE,TRUE
C,A,20240101,2024,52,2024,276,DEU,Germany,M,Import,579,NOR,Norway,0,W00,World,H6,HS,TRUE,7502,Nickel; unwrought,4,FALSE,C00,TOTAL CPC,0,0,TOTAL MOT,8,kg,15321639,FALSE,8,kg,15321639,FALSE,15321639,FALSE,0,FALSE,276312907.6,,276312907.6,0,FALSE,TRUE
C,A,20240101,2024,52,2024,276,DEU,Germany,M,Import,616,POL,Poland,0,W00,World,H6,HS,TRUE,7502,Nickel; unwrought,4,FALSE,C00,TOTAL CPC,0,0,TOTAL MOT,8,kg,700,FALSE,8,kg,700,FALSE,700,FALSE,0,FALSE,11376.779,,11376.779,0,FALSE,TRUE
C,A,20240101,2024,52,2024,276,DEU,Germany,M,Import,620,PRT,Portugal,0,W00,World,H6,HS,TRUE,7502,Nickel; unwrought,4,FALSE,C00,TOTAL CPC,0,0,TOTAL MOT,8,kg,780,FALSE,8,kg,780,FALSE,780,FALSE,0,FALSE,17427.209,,17427.209,0,FALSE,TRUE
C,A,20240101,2024,52,2024,276,DEU,Germany,M,Import,642,ROU,Romania,0,W00,World,H6,HS,TRUE,7502,Nickel; unwrought,4,FALSE,C00,TOTAL CPC,0,0,TOTAL MOT,8,kg,1621,FALSE,8,kg,1621,FALSE,1621,FALSE,0,FALSE,22081.87,,22081.87,0,FALSE,TRUE
C,A,20240101,2024,52,2024,276,DEU,Germany,M,Import,643,RUS,Russian Federation,0,W00,World,H6,HS,TRUE,7502,Nickel; unwrought,4,FALSE,C00,TOTAL CPC,0,0,TOTAL MOT,8,kg,8753258,FALSE,8,kg,8753258,FALSE,8753258,FALSE,0,FALSE,151985834.4,,151985834.4,0,FALSE,TRUE
C,A,20240101,2024,52,2024,276,DEU,Germany,M,Import,699,IND,India,0,W00,World,H6,HS,TRUE,7502,Nickel; unwrought,4,FALSE,C00,TOTAL CPC,0,0,TOTAL MOT,8,kg,2433,FALSE,8,kg,2433,FALSE,2433,FALSE,0,FALSE,43041.466,,43041.466,0,FALSE,TRUE
C,A,20240101,2024,52,2024,276,DEU,Germany,M,Import,705,SVN,Slovenia,0,W00,World,H6,HS,TRUE,7502,Nickel; unwrought,4,FALSE,C00,TOTAL CPC,0,0,TOTAL MOT,8,kg,833134,FALSE,8,kg,833134,FALSE,833134,FALSE,0,FALSE,17311778.36,,17311778.36,0,FALSE,TRUE
C,A,20240101,2024,52,2024,276,DEU,Germany,M,Import,710,ZAF,South Africa,0,W00,World,H6,HS,TRUE,7502,Nickel; unwrought,4,FALSE,C00,TOTAL CPC,0,0,TOTAL MOT,8,kg,1912354,FALSE,8,kg,1912354,FALSE,1912354,FALSE,0,FALSE,33745911.11,,33745911.11,0,FALSE,TRUE
C,A,20240101,2024,52,2024,276,DEU,Germany,M,Import,724,ESP,Spain,0,W00,World,H6,HS,TRUE,7502,Nickel; unwrought,4,FALSE,C00,TOTAL CPC,0,0,TOTAL MOT,8,kg,4000,FALSE,8,kg,4000,FALSE,4000,FALSE,0,FALSE,85024.577,,85024.577,0,FALSE,TRUE
C,A,20240101,2024,52,2024,276,DEU,Germany,M,Import,752,SWE,Sweden,0,W00,World,H6,HS,TRUE,7502,Nickel; unwrought,4,FALSE,C00,TOTAL CPC,0,0,TOTAL MOT,8,kg,721989,FALSE,8,kg,721989,FALSE,721989,FALSE,0,FALSE,7175426.754,,7175426.754,0,FALSE,TRUE
C,A,20240101,2024,52,2024,276,DEU,Germany,M,Import,757,CHE,Switzerland,0,W00,World,H6,HS,TRUE,7502,Nickel; unwrought,4,FALSE,C00,TOTAL CPC,0,0,TOTAL MOT,8,kg,24578,FALSE,8,kg,24578,FALSE,24578,FALSE,0,FALSE,352462.187,,352462.187,0,FALSE,TRUE
C,A,20240101,2024,52,2024,276,DEU,Germany,M,Import,826,GBR,United Kingdom,0,W00,World,H6,HS,TRUE,7502,Nickel; unwrought,4,FALSE,C00,TOTAL CPC,0,0,TOTAL MOT,8,kg,5796532.472,TRUE,-1,N/A,0,FALSE,5796532.472,TRUE,0,FALSE,107989041.1,,107989041.1,6,FALSE,TRUE
C,A,20240101,2024,52,2024,276,DEU,Germany,M,Import,842,USA,USA,0,W00,World,H6,HS,TRUE,7502,Nickel; unwrought,4,FALSE,C00,TOTAL CPC,0,0,TOTAL MOT,8,kg,1188415.351,TRUE,-1,N/A,0,FALSE,1188415.351,TRUE,0,FALSE,23596332.18,,23596332.18,6,FALSE,TRUE
C,A,20240101,2024,52,2024,276,DEU,Germany,M,Import,0,W00,World,0,W00,World,H6,HS,TRUE,7603,Aluminium; powders and flakes,4,FALSE,C00,TOTAL CPC,0,0,TOTAL MOT,8,kg,28109016.8,TRUE,-1,N/A,0,FALSE,28109016.8,TRUE,0,FALSE,98956537.74,,98956537.74,6,FALSE,TRUE
C,A,20240101,2024,52,2024,276,DEU,Germany,M,Import,36,AUS,Australia,0,W00,World,H6,HS,TRUE,7603,Aluminium; powders and flakes,4,FALSE,C00,TOTAL CPC,0,0,TOTAL MOT,8,kg,59592,FALSE,8,kg,59592,FALSE,59592,FALSE,0,FALSE,169382.706,,169382.706,0,FALSE,TRUE
C,A,20240101,2024,52,2024,276,DEU,Germany,M,Import,40,AUT,Austria,0,W00,World,H6,HS,TRUE,7603,Aluminium; powders and flakes,4,FALSE,C00,TOTAL CPC,0,0,TOTAL MOT,8,kg,8192436,FALSE,8,kg,8192436,FALSE,8192436,FALSE,0,FALSE,30622733.29,,30622733.29,0,FALSE,TRUE
C,A,20240101,2024,52,2024,276,DEU,Germany,M,Import,48,BHR,Bahrain,0,W00,World,H6,HS,TRUE,7603,Aluminium; powders and flakes,4,FALSE,C00,TOTAL CPC,0,0,TOTAL MOT,8,kg,712003,FALSE,8,kg,712003,FALSE,712003,FALSE,0,FALSE,2212742.1,,2212742.1,0,FALSE,TRUE
C,A,20240101,2024,52,2024,276,DEU,Germany,M,Import,56,BEL,Belgium,0,W00,World,H6,HS,TRUE,7603,Aluminium; powders and flakes,4,FALSE,C00,TOTAL CPC,0,0,TOTAL MOT,8,kg,27068,FALSE,8,kg,27068,FALSE,27068,FALSE,0,FALSE,163884.506,,163884.506,0,FALSE,TRUE
C,A,20240101,2024,52,2024,276,DEU,Germany,M,Import,100,BGR,Bulgaria,0,W00,World,H6,HS,TRUE,7603,Aluminium; powders and flakes,4,FALSE,C00,TOTAL CPC,0,0,TOTAL MOT,8,kg,89,FALSE,8,kg,89,FALSE,89,FALSE,0,FALSE,2458.315,,2458.315,0,FALSE,TRUE
C,A,20240101,2024,52,2024,276,DEU,Germany,M,Import,124,CAN,Canada,0,W00,World,H6,HS,TRUE,7603,Aluminium; powders and flakes,4,FALSE,C00,TOTAL CPC,0,0,TOTAL MOT,8,kg,5217,FALSE,8,kg,5217,FALSE,5217,FALSE,0,FALSE,452916.724,,452916.724,0,FALSE,TRUE
C,A,20240101,2024,52,2024,276,DEU,Germany,M,Import,156,CHN,China,0,W00,World,H6,HS,TRUE,7603,Aluminium; powders and flakes,4,FALSE,C00,TOTAL CPC,0,0,TOTAL MOT,8,kg,1108013.38,TRUE,-1,N/A,0,FALSE,1108013.38,TRUE,0,FALSE,5191794.14,,5191794.14,6,FALSE,TRUE
C,A,20240101,2024,52,2024,276,DEU,Germany,M,Import,203,CZE,Czechia,0,W00,World,H6,HS,TRUE,7603,Aluminium; powders and flakes,4,FALSE,C00,TOTAL CPC,0,0,TOTAL MOT,8,kg,218827,FALSE,8,kg,218827,FALSE,218827,FALSE,0,FALSE,902347.168,,902347.168,0,FALSE,TRUE
C,A,20240101,2024,52,2024,276,DEU,Germany,M,Import,208,DNK,Denmark,0,W00,World,H6,HS,TRUE,7603,Aluminium; powders and flakes,4,FALSE,C00,TOTAL CPC,0,0,TOTAL MOT,8,kg,102748,FALSE,8,kg,102748,FALSE,102748,FALSE,0,FALSE,231260.773,,231260.773,0,FALSE,TRUE
C,A,20240101,2024,52,2024,276,DEU,Germany,M,Import,246,FIN,Finland,0,W00,World,H6,HS,TRUE,7603,Aluminium; powders and flakes,4,FALSE,C00,TOTAL CPC,0,0,TOTAL MOT,8,kg,13180,FALSE,8,kg,13180,FALSE,13180,FALSE,0,FALSE,420746.961,,420746.961,0,FALSE,TRUE
C,A,20240101,2024,52,2024,276,DEU,Germany,M,Import,251,FRA,France,0,W00,World,H6,HS,TRUE,7603,Aluminium; powders and flakes,4,FALSE,C00,TOTAL CPC,0,0,TOTAL MOT,8,kg,3675049.603,TRUE,-1,N/A,0,FALSE,3675049.603,TRUE,0,FALSE,16399803.32,,16399803.32,6,FALSE,TRUE
C,A,20240101,2024,52,2024,276,DEU,Germany,M,Import,300,GRC,Greece,0,W00,World,H6,HS,TRUE,7603,Aluminium; powders and flakes,4,FALSE,C00,TOTAL CPC,0,0,TOTAL MOT,8,kg,9650,FALSE,8,kg,9650,FALSE,9650,FALSE,0,FALSE,41333.429,,41333.429,0,FALSE,TRUE
C,A,20240101,2024,52,2024,276,DEU,Germany,M,Import,348,HUN,Hungary,0,W00,World,H6,HS,TRUE,7603,Aluminium; powders and flakes,4,FALSE,C00,TOTAL CPC,0,0,TOTAL MOT,8,kg,14075,FALSE,8,kg,14075,FALSE,14075,FALSE,0,FALSE,69009.904,,69009.904,0,FALSE,TRUE
C,A,20240101,2024,52,2024,276,DEU,Germany,M,Import,352,ISL,Iceland,0,W00,World,H6,HS,TRUE,7603,Aluminium; powders and flakes,4,FALSE,C00,TOTAL CPC,0,0,TOTAL MOT,8,kg,2889210,FALSE,8,kg,2889210,FALSE,2889210,FALSE,0,FALSE,7837586.302,,7837586.302,0,FALSE,TRUE
C,A,20240101,2024,52,2024,276,DEU,Germany,M,Import,360,IDN,Indonesia,0,W00,World,H6,HS,TRUE,7603,Aluminium; powders and flakes,4,FALSE,C00,TOTAL CPC,0,0,TOTAL MOT,8,kg,456000,FALSE,8,kg,456000,FALSE,456000,FALSE,0,FALSE,1612511.965,,1612511.965,0,FALSE,TRUE
C,A,20240101,2024,52,2024,276,DEU,Germany,M,Import,372,IRL,Ireland,0,W00,World,H6,HS,TRUE,7603,Aluminium; powders and flakes,4,FALSE,C00,TOTAL CPC,0,0,TOTAL MOT,8,kg,4961,FALSE,8,kg,4961,FALSE,4961,FALSE,0,FALSE,157050.266,,157050.266,0,FALSE,TRUE
C,A,20240101,2024,52,2024,276,DEU,Germany,M,Import,380,ITA,Italy,0,W00,World,H6,HS,TRUE,7603,Aluminium; powders and flakes,4,FALSE,C00,TOTAL CPC,0,0,TOTAL MOT,8,kg,810736,FALSE,8,kg,810736,FALSE,810736,FALSE,0,FALSE,2377858.907,,2377858.907,0,FALSE,TRUE
C,A,20240101,2024,52,2024,276,DEU,Germany,M,Import,392,JPN,Japan,0,W00,World,H6,HS,TRUE,7603,Aluminium; powders and flakes,4,FALSE,C00,TOTAL CPC,0,0,TOTAL MOT,8,kg,6.537,TRUE,-1,N/A,0,FALSE,6.537,TRUE,0,FALSE,22.005,,22.005,6,FALSE,TRUE
C,A,20240101,2024,52,2024,276,DEU,Germany,M,Import,442,LUX,Luxembourg,0,W00,World,H6,HS,TRUE,7603,Aluminium; powders and flakes,4,FALSE,C00,TOTAL CPC,0,0,TOTAL MOT,8,kg,25,FALSE,8,kg,25,FALSE,25,FALSE,0,FALSE,868.688,,868.688,0,FALSE,TRUE
C,A,20240101,2024,52,2024,276,DEU,Germany,M,Import,490,S19,"Other Asia, nes",0,W00,World,H6,HS,TRUE,7603,Aluminium; powders and flakes,4,FALSE,C00,TOTAL CPC,0,0,TOTAL MOT,8,kg,70,FALSE,8,kg,70,FALSE,70,FALSE,0,FALSE,5853.43,,5853.43,0,FALSE,TRUE
C,A,20240101,2024,52,2024,276,DEU,Germany,M,Import,508,MOZ,Mozambique,0,W00,World,H6,HS,TRUE,7603,Aluminium; powders and flakes,4,FALSE,C00,TOTAL CPC,0,0,TOTAL MOT,8,kg,787729,FALSE,8,kg,787729,FALSE,787729,FALSE,0,FALSE,2621416.494,,2621416.494,0,FALSE,TRUE
C,A,20240101,2024,52,2024,276,DEU,Germany,M,Import,528,NLD,Netherlands,0,W00,World,H6,HS,TRUE,7603,Aluminium; powders and flakes,4,FALSE,C00,TOTAL CPC,0,0,TOTAL MOT,8,kg,286481.973,TRUE,-1,N/A,0,FALSE,286481.973,TRUE,0,FALSE,641806.671,,641806.671,6,FALSE,TRUE
C,A,20240101,2024,52,2024,276,DEU,Germany,M,Import,616,POL,Poland,0,W00,World,H6,HS,TRUE,7603,Aluminium; powders and flakes,4,FALSE,C00,TOTAL CPC,0,0,TOTAL MOT,8,kg,2369369,FALSE,8,kg,2369369,FALSE,2369369,FALSE,0,FALSE,5057740.539,,5057740.539,0,FALSE,TRUE
C,A,20240101,2024,52,2024,276,DEU,Germany,M,Import,643,RUS,Russian Federation,0,W00,World,H6,HS,TRUE,7603,Aluminium; powders and flakes,4,FALSE,C00,TOTAL CPC,0,0,TOTAL MOT,8,kg,2386357.49,TRUE,-1,N/A,0,FALSE,2386357.49,TRUE,0,FALSE,5872873.071,,5872873.071,6,FALSE,TRUE
C,A,20240101,2024,52,2024,276,DEU,Germany,M,Import,699,IND,India,0,W00,World,H6,HS,TRUE,7603,Aluminium; powders and flakes,4,FALSE,C00,TOTAL CPC,0,0,TOTAL MOT,8,kg,351895.296,TRUE,-1,N/A,0,FALSE,351895.296,TRUE,0,FALSE,1221893.505,,1221893.505,6,FALSE,TRUE
C,A,20240101,2024,52,2024,276,DEU,Germany,M,Import,703,SVK,Slovakia,0,W00,World,H6,HS,TRUE,7603,Aluminium; powders and flakes,4,FALSE,C00,TOTAL CPC,0,0,TOTAL MOT,8,kg,10000,FALSE,8,kg,10000,FALSE,10000,FALSE,0,FALSE,43986.649,,43986.649,0,FALSE,TRUE
C,A,20240101,2024,52,2024,276,DEU,Germany,M,Import,705,SVN,Slovenia,0,W00,World,H6,HS,TRUE,7603,Aluminium; powders and flakes,4,FALSE,C00,TOTAL CPC,0,0,TOTAL MOT,8,kg,994084,FALSE,8,kg,994084,FALSE,994084,FALSE,0,FALSE,2768398.776,,2768398.776,0,FALSE,TRUE
C,A,20240101,2024,52,2024,276,DEU,Germany,M,Import,710,ZAF,South Africa,0,W00,World,H6,HS,TRUE,7603,Aluminium; powders and flakes,4,FALSE,C00,TOTAL CPC,0,0,TOTAL MOT,8,kg,617534.623,TRUE,-1,N/A,0,FALSE,617534.623,TRUE,0,FALSE,1785154.611,,1785154.611,6,FALSE,TRUE
C,A,20240101,2024,52,2024,276,DEU,Germany,M,Import,724,ESP,Spain,0,W00,World,H6,HS,TRUE,7603,Aluminium; powders and flakes,4,FALSE,C00,TOTAL CPC,0,0,TOTAL MOT,8,kg,33927.236,TRUE,-1,N/A,0,FALSE,33927.236,TRUE,0,FALSE,157095.324,,157095.324,6,FALSE,TRUE
C,A,20240101,2024,52,2024,276,DEU,Germany,M,Import,752,SWE,Sweden,0,W00,World,H6,HS,TRUE,7603,Aluminium; powders and flakes,4,FALSE,C00,TOTAL CPC,0,0,TOTAL MOT,8,kg,98059.906,TRUE,-1,N/A,0,FALSE,98059.906,TRUE,0,FALSE,577387.508,,577387.508,6,FALSE,TRUE
C,A,20240101,2024,52,2024,276,DEU,Germany,M,Import,757,CHE,Switzerland,0,W00,World,H6,HS,TRUE,7603,Aluminium; powders and flakes,4,FALSE,C00,TOTAL CPC,0,0,TOTAL MOT,8,kg,2300.556,TRUE,-1,N/A,0,FALSE,2300.556,TRUE,0,FALSE,15086.256,,15086.256,6,FALSE,TRUE
C,A,20240101,2024,52,2024,276,DEU,Germany,M,Import,792,TUR,Türkiye,0,W00,World,H6,HS,TRUE,7603,Aluminium; powders and flakes,4,FALSE,C00,TOTAL CPC,0,0,TOTAL MOT,8,kg,985044.822,TRUE,-1,N/A,0,FALSE,985044.822,TRUE,0,FALSE,2914825.685,,2914825.685,6,FALSE,TRUE
C,A,20240101,2024,52,2024,276,DEU,Germany,M,Import,826,GBR,United Kingdom,0,W00,World,H6,HS,TRUE,7603,Aluminium; powders and flakes,4,FALSE,C00,TOTAL CPC,0,0,TOTAL MOT,8,kg,71690.192,TRUE,-1,N/A,0,FALSE,71690.192,TRUE,0,FALSE,392872.439,,392872.439,6,FALSE,TRUE
C,A,20240101,2024,52,2024,276,DEU,Germany,M,Import,842,USA,USA,0,W00,World,H6,HS,TRUE,7603,Aluminium; powders and flakes,4,FALSE,C00,TOTAL CPC,0,0,TOTAL MOT,8,kg,815586.181,TRUE,-1,N/A,0,FALSE,815586.181,TRUE,0,FALSE,6013835.311,,6013835.311,6,FALSE,TRUE
C,A,20240101,2024,52,2024,276,DEU,Germany,M,Import,0,W00,World,0,W00,World,H6,HS,TRUE,7801,Lead; unwrought,4,FALSE,C00,TOTAL CPC,0,0,TOTAL MOT,8,kg,206277178.9,TRUE,-1,N/A,0,FALSE,206277178.9,TRUE,0,FALSE,484261567.9,,484261567.9,6,FALSE,TRUE
C,A,20240101,2024,52,2024,276,DEU,Germany,M,Import,40,AUT,Austria,0,W00,World,H6,HS,TRUE,7801,Lead; unwrought,4,FALSE,C00,TOTAL CPC,0,0,TOTAL MOT,8,kg,123065,FALSE,8,kg,123065,FALSE,123065,FALSE,0,FALSE,314190.648,,314190.648,0,FALSE,TRUE
C,A,20240101,2024,52,2024,276,DEU,Germany,M,Import,56,BEL,Belgium,0,W00,World,H6,HS,TRUE,7801,Lead; unwrought,4,FALSE,C00,TOTAL CPC,0,0,TOTAL MOT,8,kg,73004619,FALSE,8,kg,73004619,FALSE,73004619,FALSE,0,FALSE,167194390.4,,167194390.4,0,FALSE,TRUE
C,A,20240101,2024,52,2024,276,DEU,Germany,M,Import,100,BGR,Bulgaria,0,W00,World,H6,HS,TRUE,7801,Lead; unwrought,4,FALSE,C00,TOTAL CPC,0,0,TOTAL MOT,8,kg,95340,FALSE,8,kg,95340,FALSE,95340,FALSE,0,FALSE,253332.164,,253332.164,0,FALSE,TRUE
C,A,20240101,2024,52,2024,276,DEU,Germany,M,Import,112,BLR,Belarus,0,W00,World,H6,HS,TRUE,7801,Lead; unwrought,4,FALSE,C00,TOTAL CPC,0,0,TOTAL MOT,8,kg,1155341,FALSE,8,kg,1155341,FALSE,1155341,FALSE,0,FALSE,2511486.023,,2511486.023,0,FALSE,TRUE
C,A,20240101,2024,52,2024,276,DEU,Germany,M,Import,156,CHN,China,0,W00,World,H6,HS,TRUE,7801,Lead; unwrought,4,FALSE,C00,TOTAL CPC,0,0,TOTAL MOT,8,kg,2922,FALSE,8,kg,2922,FALSE,2922,FALSE,0,FALSE,4828.608,,4828.608,0,FALSE,TRUE
C,A,20240101,2024,52,2024,276,DEU,Germany,M,Import,203,CZE,Czechia,0,W00,World,H6,HS,TRUE,7801,Lead; unwrought,4,FALSE,C00,TOTAL CPC,0,0,TOTAL MOT,8,kg,13747817,FALSE,8,kg,13747817,FALSE,13747817,FALSE,0,FALSE,31936582.02,,31936582.02,0,FALSE,TRUE
C,A,20240101,2024,52,2024,276,DEU,Germany,M,Import,233,EST,Estonia,0,W00,World,H6,HS,TRUE,7801,Lead; unwrought,4,FALSE,C00,TOTAL CPC,0,0,TOTAL MOT,8,kg,4303898,FALSE,8,kg,4303898,FALSE,4303898,FALSE,0,FALSE,10083539.75,,10083539.75,0,FALSE,TRUE
C,A,20240101,2024,52,2024,276,DEU,Germany,M,Import,251,FRA,France,0,W00,World,H6,HS,TRUE,7801,Lead; unwrought,4,FALSE,C00,TOTAL CPC,0,0,TOTAL MOT,8,kg,26360930,FALSE,8,kg,26360930,FALSE,26360930,FALSE,0,FALSE,62710934.44,,62710934.44,0,FALSE,TRUE
C,A,20240101,2024,52,2024,276,DEU,Germany,M,Import,300,GRC,Greece,0,W00,World,H6,HS,TRUE,7801,Lead; unwrought,4,FALSE,C00,TOTAL CPC,0,0,TOTAL MOT,8,kg,1976951,FALSE,8,kg,1976951,FALSE,1976951,FALSE,0,FALSE,4685442.078,,4685442.078,0,FALSE,TRUE
C,A,20240101,2024,52,2024,276,DEU,Germany,M,Import,372,IRL,Ireland,0,W00,World,H6,HS,TRUE,7801,Lead; unwrought,4,FALSE,C00,TOTAL CPC,0,0,TOTAL MOT,8,kg,596,FALSE,8,kg,596,FALSE,596,FALSE,0,FALSE,1557.142,,1557.142,0,FALSE,TRUE
C,A,20240101,2024,52,2024,276,DEU,Germany,M,Import,376,ISR,Israel,0,W00,World,H6,HS,TRUE,7801,Lead; unwrought,4,FALSE,C00,TOTAL CPC,0,0,TOTAL MOT,8,kg,2198144,FALSE,8,kg,2198144,FALSE,2198144,FALSE,0,FALSE,4521379.433,,4521379.433,0,FALSE,TRUE
C,A,20240101,2024,52,2024,276,DEU,Germany,M,Import,380,ITA,Italy,0,W00,World,H6,HS,TRUE,7801,Lead; unwrought,4,FALSE,C00,TOTAL CPC,0,0,TOTAL MOT,8,kg,1640280,FALSE,8,kg,1640280,FALSE,1640280,FALSE,0,FALSE,3563684.555,,3563684.555,0,FALSE,TRUE
C,A,20240101,2024,52,2024,276,DEU,Germany,M,Import,392,JPN,Japan,0,W00,World,H6,HS,TRUE,7801,Lead; unwrought,4,FALSE,C00,TOTAL CPC,0,0,TOTAL MOT,8,kg,3,FALSE,8,kg,3,FALSE,3,FALSE,0,FALSE,27.245,,27.245,0,FALSE,TRUE
C,A,20240101,2024,52,2024,276,DEU,Germany,M,Import,398,KAZ,Kazakhstan,0,W00,World,H6,HS,TRUE,7801,Lead; unwrought,4,FALSE,C00,TOTAL CPC,0,0,TOTAL MOT,8,kg,129107,FALSE,8,kg,129107,FALSE,129107,FALSE,0,FALSE,271718.179,,271718.179,0,FALSE,TRUE
C,A,20240101,2024,52,2024,276,DEU,Germany,M,Import,410,KOR,Rep. of Korea,0,W00,World,H6,HS,TRUE,7801,Lead; unwrought,4,FALSE,C00,TOTAL CPC,0,0,TOTAL MOT,8,kg,1200600,FALSE,8,kg,1200600,FALSE,1200600,FALSE,0,FALSE,2626226.24,,2626226.24,0,FALSE,TRUE
C,A,20240101,2024,52,2024,276,DEU,Germany,M,Import,428,LVA,Latvia,0,W00,World,H6,HS,TRUE,7801,Lead; unwrought,4,FALSE,C00,TOTAL CPC,0,0,TOTAL MOT,8,kg,889409,FALSE,8,kg,889409,FALSE,889409,FALSE,0,FALSE,2010317.799,,2010317.799,0,FALSE,TRUE
C,A,20240101,2024,52,2024,276,DEU,Germany,M,Import,484,MEX,Mexico,0,W00,World,H6,HS,TRUE,7801,Lead; unwrought,4,FALSE,C00,TOTAL CPC,0,0,TOTAL MOT,8,kg,1141370,FALSE,8,kg,1141370,FALSE,1141370,FALSE,0,FALSE,3708701.025,,3708701.025,0,FALSE,TRUE
C,A,20240101,2024,52,2024,276,DEU,Germany,M,Import,528,NLD,Netherlands,0,W00,World,H6,HS,TRUE,7801,Lead; unwrought,4,FALSE,C00,TOTAL CPC,0,0,TOTAL MOT,8,kg,6389697.36,TRUE,-1,N/A,0,FALSE,6389697.36,TRUE,0,FALSE,14128416.89,,14128416.89,6,FALSE,TRUE
C,A,20240101,2024,52,2024,276,DEU,Germany,M,Import,566,NGA,Nigeria,0,W00,World,H6,HS,TRUE,7801,Lead; unwrought,4,FALSE,C00,TOTAL CPC,0,0,TOTAL MOT,8,kg,24530,FALSE,8,kg,24530,FALSE,24530,FALSE,0,FALSE,61052.341,,61052.341,0,FALSE,TRUE
C,A,20240101,2024,52,2024,276,DEU,Germany,M,Import,608,PHL,Philippines,0,W00,World,H6,HS,TRUE,7801,Lead; unwrought,4,FALSE,C00,TOTAL CPC,0,0,TOTAL MOT,8,kg,13685,FALSE,8,kg,13685,FALSE,13685,FALSE,0,FALSE,257824.404,,257824.404,0,FALSE,TRUE
C,A,20240101,2024,52,2024,276,DEU,Germany,M,Import,616,POL,Poland,0,W00,World,H6,HS,TRUE,7801,Lead; unwrought,4,FALSE,C00,TOTAL CPC,0,0,TOTAL MOT,8,kg,11355290,FALSE,8,kg,11355290,FALSE,11355290,FALSE,0,FALSE,26622593.08,,26622593.08,0,FALSE,TRUE
C,A,20240101,2024,52,2024,276,DEU,Germany,M,Import,620,PRT,Portugal,0,W00,World,H6,HS,TRUE,7801,Lead; unwrought,4,FALSE,C00,TOTAL CPC,0,0,TOTAL MOT,8,kg,240368,FALSE,8,kg,240368,FALSE,240368,FALSE,0,FALSE,689644.261,,689644.261,0,FALSE,TRUE
C,A,20240101,2024,52,2024,276,DEU,Germany,M,Import,688,SRB,Serbia,0,W00,World,H6,HS,TRUE,7801,Lead; unwrought,4,FALSE,C00,TOTAL CPC,0,0,TOTAL MOT,8,kg,672981,FALSE,8,kg,672981,FALSE,672981,FALSE,0,FALSE,2196376.388,,2196376.388,0,FALSE,TRUE
C,A,20240101,2024,52,2024,276,DEU,Germany,M,Import,699,IND,India,0,W00,World,H6,HS,TRUE,7801,Lead; unwrought,4,FALSE,C00,TOTAL CPC,0,0,TOTAL MOT,8,kg,1358641,FALSE,8,kg,1358641,FALSE,1358641,FALSE,0,FALSE,7174563.305,,7174563.305,0,FALSE,TRUE
C,A,20240101,2024,52,2024,276,DEU,Germany,M,Import,703,SVK,Slovakia,0,W00,World,H6,HS,TRUE,7801,Lead; unwrought,4,FALSE,C00,TOTAL CPC,0,0,TOTAL MOT,8,kg,119560,FALSE,8,kg,119560,FALSE,119560,FALSE,0,FALSE,255621.771,,255621.771,0,FALSE,TRUE
C,A,20240101,2024,52,2024,276,DEU,Germany,M,Import,710,ZAF,South Africa,0,W00,World,H6,HS,TRUE,7801,Lead; unwrought,4,FALSE,C00,TOTAL CPC,0,0,TOTAL MOT,8,kg,10608,FALSE,8,kg,10608,FALSE,10608,FALSE,0,FALSE,48658.076,,48658.076,0,FALSE,TRUE
C,A,20240101,2024,52,2024,276,DEU,Germany,M,Import,724,ESP,Spain,0,W00,World,H6,HS,TRUE,7801,Lead; unwrought,4,FALSE,C00,TOTAL CPC,0,0,TOTAL MOT,8,kg,18038585,FALSE,8,kg,18038585,FALSE,18038585,FALSE,0,FALSE,41952264.53,,41952264.53,0,FALSE,TRUE
C,A,20240101,2024,52,2024,276,DEU,Germany,M,Import,752,SWE,Sweden,0,W00,World,H6,HS,TRUE,7801,Lead; unwrought,4,FALSE,C00,TOTAL CPC,0,0,TOTAL MOT,8,kg,5175597,FALSE,8,kg,5175597,FALSE,5175597,FALSE,0,FALSE,11905984.04,,11905984.04,0,FALSE,TRUE
C,A,20240101,2024,52,2024,276,DEU,Germany,M,Import,757,CHE,Switzerland,0,W00,World,H6,HS,TRUE,7801,Lead; unwrought,4,FALSE,C00,TOTAL CPC,0,0,TOTAL MOT,8,kg,1261,FALSE,8,kg,1261,FALSE,1261,FALSE,0,FALSE,9220.252,,9220.252,0,FALSE,TRUE
C,A,20240101,2024,52,2024,276,DEU,Germany,M,Import,784,ARE,United Arab Emirates,0,W00,World,H6,HS,TRUE,7801,Lead; unwrought,4,FALSE,C00,TOTAL CPC,0,0,TOTAL MOT,8,kg,4084,FALSE,8,kg,4084,FALSE,4084,FALSE,0,FALSE,11456.417,,11456.417,0,FALSE,TRUE
C,A,20240101,2024,52,2024,276,DEU,Germany,M,Import,788,TUN,Tunisia,0,W00,World,H6,HS,TRUE,7801,Lead; unwrought,4,FALSE,C00,TOTAL CPC,0,0,TOTAL MOT,8,kg,31785,FALSE,8,kg,31785,FALSE,31785,FALSE,0,FALSE,115766.086,,115766.086,0,FALSE,TRUE
C,A,20240101,2024,52,2024,276,DEU,Germany,M,Import,792,TUR,Türkiye,0,W00,World,H6,HS,TRUE,7801,Lead; unwrought,4,FALSE,C00,TOTAL CPC,0,0,TOTAL MOT,8,kg,505,FALSE,8,kg,505,FALSE,505,FALSE,0,FALSE,1173.62,,1173.62,0,FALSE,TRUE
C,A,20240101,2024,52,2024,276,DEU,Germany,M,Import,826,GBR,United Kingdom,0,W00,World,H6,HS,TRUE,7801,Lead; unwrought,4,FALSE,C00,TOTAL CPC,0,0,TOTAL MOT,8,kg,34861435.8,TRUE,-1,N/A,0,FALSE,34861435.8,TRUE,0,FALSE,82413533.92,,82413533.92,6,FALSE,TRUE
C,A,20240101,2024,52,2024,276,DEU,Germany,M,Import,842,USA,USA,0,W00,World,H6,HS,TRUE,7801,Lead; unwrought,4,FALSE,C00,TOTAL CPC,0,0,TOTAL MOT,8,kg,8173.748,TRUE,-1,N/A,0,FALSE,8173.748,TRUE,0,FALSE,19080.756,,19080.756,6,FALSE,TRUE
C,A,20240101,2024,52,2024,276,DEU,Germany,M,Import,0,W00,World,0,W00,World,H6,HS,TRUE,2614,Titanium ores and concentrates,4,FALSE,C00,TOTAL CPC,0,0,TOTAL MOT,8,kg,372572729.1,TRUE,-1,N/A,0,FALSE,372572729.1,TRUE,0,FALSE,221286232.3,,221286232.3,6,FALSE,TRUE
C,A,20240101,2024,52,2024,276,DEU,Germany,M,Import,36,AUS,Australia,0,W00,World,H6,HS,TRUE,2614,Titanium ores and concentrates,4,FALSE,C00,TOTAL CPC,0,0,TOTAL MOT,8,kg,19614449.23,TRUE,-1,N/A,0,FALSE,19614449.23,TRUE,0,FALSE,23699851.75,,23699851.75,6,FALSE,TRUE
C,A,20240101,2024,52,2024,276,DEU,Germany,M,Import,40,AUT,Austria,0,W00,World,H6,HS,TRUE,2614,Titanium ores and concentrates,4,FALSE,C00,TOTAL CPC,0,0,TOTAL MOT,8,kg,5000,FALSE,8,kg,5000,FALSE,5000,FALSE,0,FALSE,27269.899,,27269.899,0,FALSE,TRUE
C,A,20240101,2024,52,2024,276,DEU,Germany,M,Import,124,CAN,Canada,0,W00,World,H6,HS,TRUE,2614,Titanium ores and concentrates,4,FALSE,C00,TOTAL CPC,0,0,TOTAL MOT,8,kg,9686000,FALSE,8,kg,9686000,FALSE,9686000,FALSE,0,FALSE,912801.817,,912801.817,0,FALSE,TRUE
C,A,20240101,2024,52,2024,276,DEU,Germany,M,Import,156,CHN,China,0,W00,World,H6,HS,TRUE,2614,Titanium ores and concentrates,4,FALSE,C00,TOTAL CPC,0,0,TOTAL MOT,8,kg,3170.914,TRUE,-1,N/A,0,FALSE,3170.914,TRUE,0,FALSE,860.305,,860.305,6,FALSE,TRUE
C,A,20240101,2024,52,2024,276,DEU,Germany,M,Import,380,ITA,Italy,0,W00,World,H6,HS,TRUE,2614,Titanium ores and concentrates,4,FALSE,C00,TOTAL CPC,0,0,TOTAL MOT,8,kg,6395,FALSE,8,kg,6395,FALSE,6395,FALSE,0,FALSE,23454.586,,23454.586,0,FALSE,TRUE
C,A,20240101,2024,52,2024,276,DEU,Germany,M,Import,484,MEX,Mexico,0,W00,World,H6,HS,TRUE,2614,Titanium ores and concentrates,4,FALSE,C00,TOTAL CPC,0,0,TOTAL MOT,8,kg,4,FALSE,8,kg,4,FALSE,4,FALSE,0,FALSE,1.048,,1.048,0,FALSE,TRUE
C,A,20240101,2024,52,2024,276,DEU,Germany,M,Import,508,MOZ,Mozambique,0,W00,World,H6,HS,TRUE,2614,Titanium ores and concentrates,4,FALSE,C00,TOTAL CPC,0,0,TOTAL MOT,8,kg,1089200,FALSE,8,kg,1089200,FALSE,1089200,FALSE,0,FALSE,2591118.236,,2591118.236,0,FALSE,TRUE
C,A,20240101,2024,52,2024,276,DEU,Germany,M,Import,528,NLD,Netherlands,0,W00,World,H6,HS,TRUE,2614,Titanium ores and concentrates,4,FALSE,C00,TOTAL CPC,0,0,TOTAL MOT,8,kg,247000,FALSE,8,kg,247000,FALSE,247000,FALSE,0,FALSE,559565.25,,559565.25,0,FALSE,TRUE
C,A,20240101,2024,52,2024,276,DEU,Germany,M,Import,579,NOR,Norway,0,W00,World,H6,HS,TRUE,2614,Titanium ores and concentrates,4,FALSE,C00,TOTAL CPC,0,0,TOTAL MOT,8,kg,135955028,FALSE,8,kg,135955028,FALSE,135955028,FALSE,0,FALSE,30478422.04,,30478422.04,0,FALSE,TRUE
C,A,20240101,2024,52,2024,276,DEU,Germany,M,Import,694,SLE,Sierra Leone,0,W00,World,H6,HS,TRUE,2614,Titanium ores and concentrates,4,FALSE,C00,TOTAL CPC,0,0,TOTAL MOT,8,kg,32605385,FALSE,8,kg,32605385,FALSE,32605385,FALSE,0,FALSE,38934640.21,,38934640.21,0,FALSE,TRUE
C,A,20240101,2024,52,2024,276,DEU,Germany,M,Import,699,IND,India,0,W00,World,H6,HS,TRUE,2614,Titanium ores and concentrates,4,FALSE,C00,TOTAL CPC,0,0,TOTAL MOT,8,kg,40000448,FALSE,8,kg,40000448,FALSE,40000448,FALSE,0,FALSE,12472421.26,,12472421.26,0,FALSE,TRUE
C,A,20240101,2024,52,2024,276,DEU,Germany,M,Import,705,SVN,Slovenia,0,W00,World,H6,HS,TRUE,2614,Titanium ores and concentrates,4,FALSE,C00,TOTAL CPC,0,0,TOTAL MOT,8,kg,24880,FALSE,8,kg,24880,FALSE,24880,FALSE,0,FALSE,18414.307,,18414.307,0,FALSE,TRUE
C,A,20240101,2024,52,2024,276,DEU,Germany,M,Import,710,ZAF,South Africa,0,W00,World,H6,HS,TRUE,2614,Titanium ores and concentrates,4,FALSE,C00,TOTAL CPC,0,0,TOTAL MOT,8,kg,126103684,FALSE,8,kg,126103684,FALSE,126103684,FALSE,0,FALSE,109286049.4,,109286049.4,0,FALSE,TRUE
C,A,20240101,2024,52,2024,276,DEU,Germany,M,Import,724,ESP,Spain,0,W00,World,H6,HS,TRUE,2614,Titanium ores and concentrates,4,FALSE,C00,TOTAL CPC,0,0,TOTAL MOT,8,kg,1000,FALSE,8,kg,1000,FALSE,1000,FALSE,0,FALSE,2677.321,,2677.321,0,FALSE,TRUE
C,A,20240101,2024,52,2024,276,DEU,Germany,M,Import,804,UKR,Ukraine,0,W00,World,H6,HS,TRUE,2614,Titanium ores and concentrates,4,FALSE,C00,TOTAL CPC,0,0,TOTAL MOT,8,kg,7139404,FALSE,8,kg,7139404,FALSE,7139404,FALSE,0,FALSE,1886050.303,,1886050.303,0,FALSE,TRUE
C,A,20240101,2024,52,2024,276,DEU,Germany,M,Import,842,USA,USA,0,W00,World,H6,HS,TRUE,2614,Titanium ores and concentrates,4,FALSE,C00,TOTAL CPC,0,0,TOTAL MOT,8,kg,91681,FALSE,8,kg,91681,FALSE,91681,FALSE,0,FALSE,392634.571,,392634.571,0,FALSE,TRUE
C,A,20240101,2024,52,2024,276,DEU,Germany,M,Import,0,W00,World,0,W00,World,H6,HS,TRUE,2701,"Coal; briquettes, ovoids and similar solid fuels manufactured from coal",4,FALSE,C00,TOTAL CPC,0,0,TOTAL MOT,-1,N/A,0,FALSE,-1,N/A,0,FALSE,,FALSE,0,FALSE,4934301205,,4934301205,0,FALSE,TRUE
C,A,20240101,2024,52,2024,276,DEU,Germany,M,Import,36,AUS,Australia,0,W00,World,H6,HS,TRUE,2701,"Coal; briquettes, ovoids and similar solid fuels manufactured from coal",4,FALSE,C00,TOTAL CPC,0,0,TOTAL MOT,8,kg,8880505254,FALSE,8,kg,8880505254,FALSE,8880505254,FALSE,0,FALSE,2025782824,,2025782824,0,FALSE,TRUE
C,A,20240101,2024,52,2024,276,DEU,Germany,M,Import,40,AUT,Austria,0,W00,World,H6,HS,TRUE,2701,"Coal; briquettes, ovoids and similar solid fuels manufactured from coal",4,FALSE,C00,TOTAL CPC,0,0,TOTAL MOT,8,kg,315506,FALSE,8,kg,315506,FALSE,315506,FALSE,0,FALSE,102725.282,,102725.282,0,FALSE,TRUE
C,A,20240101,2024,52,2024,276,DEU,Germany,M,Import,56,BEL,Belgium,0,W00,World,H6,HS,TRUE,2701,"Coal; briquettes, ovoids and similar solid fuels manufactured from coal",4,FALSE,C00,TOTAL CPC,0,0,TOTAL MOT,8,kg,203592300,FALSE,8,kg,203592300,FALSE,203592300,FALSE,0,FALSE,54453002.51,,54453002.51,0,FALSE,TRUE
C,A,20240101,2024,52,2024,276,DEU,Germany,M,Import,76,BRA,Brazil,0,W00,World,H6,HS,TRUE,2701,"Coal; briquettes, ovoids and similar solid fuels manufactured from coal",4,FALSE,C00,TOTAL CPC,0,0,TOTAL MOT,8,kg,111703,FALSE,8,kg,111703,FALSE,111703,FALSE,0,FALSE,30433.434,,30433.434,0,FALSE,TRUE
C,A,20240101,2024,52,2024,276,DEU,Germany,M,Import,124,CAN,Canada,0,W00,World,H6,HS,TRUE,2701,"Coal; briquettes, ovoids and similar solid fuels manufactured from coal",4,FALSE,C00,TOTAL CPC,0,0,TOTAL MOT,8,kg,633419862,FALSE,8,kg,633419862,FALSE,633419862,FALSE,0,FALSE,162868382,,162868382,0,FALSE,TRUE
C,A,20240101,2024,52,2024,276,DEU,Germany,M,Import,156,CHN,China,0,W00,World,H6,HS,TRUE,2701,"Coal; briquettes, ovoids and similar solid fuels manufactured from coal",4,FALSE,C00,TOTAL CPC,0,0,TOTAL MOT,8,kg,20956321,FALSE,8,kg,20956321,FALSE,20956321,FALSE,0,FALSE,8483994.192,,8483994.192,0,FALSE,TRUE
C,A,20240101,2024,52,2024,276,DEU,Germany,M,Import,170,COL,Colombia,0,W00,World,H6,HS,TRUE,2701,"Coal; briquettes, ovoids and similar solid fuels manufactured from coal",4,FALSE,C00,TOTAL CPC,0,0,TOTAL MOT,8,kg,3312828002,FALSE,8,kg,3312828002,FALSE,3312828002,FALSE,0,FALSE,441078474.6,,441078474.6,0,FALSE,TRUE
C,A,20240101,2024,52,2024,276,DEU,Germany,M,Import,203,CZE,Czechia,0,W00,World,H6,HS,TRUE,2701,"Coal; briquettes, ovoids and similar solid fuels manufactured from coal",4,FALSE,C00,TOTAL CPC,0,0,TOTAL MOT,8,kg,3346750,FALSE,8,kg,3346750,FALSE,3346750,FALSE,0,FALSE,1231820.025,,1231820.025,0,FALSE,TRUE
C,A,20240101,2024,52,2024,276,DEU,Germany,M,Import,251,FRA,France,0,W00,World,H6,HS,TRUE,2701,"Coal; briquettes, ovoids and similar solid fuels manufactured from coal",4,FALSE,C00,TOTAL CPC,0,0,TOTAL MOT,8,kg,61099117,FALSE,8,kg,61099117,FALSE,61099117,FALSE,0,FALSE,15596580.93,,15596580.93,0,FALSE,TRUE
C,A,20240101,2024,52,2024,276,DEU,Germany,M,Import,348,HUN,Hungary,0,W00,World,H6,HS,TRUE,2701,"Coal; briquettes, ovoids and similar solid fuels manufactured from coal",4,FALSE,C00,TOTAL CPC,0,0,TOTAL MOT,-1,N/A,0,FALSE,-1,N/A,0,FALSE,,FALSE,0,FALSE,1251.163,,1251.163,0,FALSE,TRUE
C,A,20240101,2024,52,2024,276,DEU,Germany,M,Import,360,IDN,Indonesia,0,W00,World,H6,HS,TRUE,2701,"Coal; briquettes, ovoids and similar solid fuels manufactured from coal",4,FALSE,C00,TOTAL CPC,0,0,TOTAL MOT,8,kg,4,FALSE,8,kg,4,FALSE,4,FALSE,0,FALSE,1.048,,1.048,0,FALSE,TRUE
C,A,20240101,2024,52,2024,276,DEU,Germany,M,Import,380,ITA,Italy,0,W00,World,H6,HS,TRUE,2701,"Coal; briquettes, ovoids and similar solid fuels manufactured from coal",4,FALSE,C00,TOTAL CPC,0,0,TOTAL MOT,8,kg,1073250,FALSE,8,kg,1073250,FALSE,1073250,FALSE,0,FALSE,409806.099,,409806.099,0,FALSE,TRUE
C,A,20240101,2024,52,2024,276,DEU,Germany,M,Import,398,KAZ,Kazakhstan,0,W00,World,H6,HS,TRUE,2701,"Coal; briquettes, ovoids and similar solid fuels manufactured from coal",4,FALSE,C00,TOTAL CPC,0,0,TOTAL MOT,8,kg,667850371,FALSE,8,kg,667850371,FALSE,667850371,FALSE,0,FALSE,81771095.38,,81771095.38,0,FALSE,TRUE
C,A,20240101,2024,52,2024,276,DEU,Germany,M,Import,417,KGZ,Kyrgyzstan,0,W00,World,H6,HS,TRUE,2701,"Coal; briquettes, ovoids and similar solid fuels manufactured from coal",4,FALSE,C00,TOTAL CPC,0,0,TOTAL MOT,8,kg,163920,FALSE,8,kg,163920,FALSE,163920,FALSE,0,FALSE,72313.854,,72313.854,0,FALSE,TRUE
C,A,20240101,2024,52,2024,276,DEU,Germany,M,Import,508,MOZ,Mozambique,0,W00,World,H6,HS,TRUE,2701,"Coal; briquettes, ovoids and similar solid fuels manufactured from coal",4,FALSE,C00,TOTAL CPC,0,0,TOTAL MOT,8,kg,71002800,FALSE,8,kg,71002800,FALSE,71002800,FALSE,0,FALSE,16783425.11,,16783425.11,0,FALSE,TRUE
C,A,20240101,2024,52,2024,276,DEU,Germany,M,Import,528,NLD,Netherlands,0,W00,World,H6,HS,TRUE,2701,"Coal; briquettes, ovoids and similar solid fuels manufactured from coal",4,FALSE,C00,TOTAL CPC,0,0,TOTAL MOT,8,kg,1238992008,FALSE,8,kg,1238992008,FALSE,1238992008,FALSE,0,FALSE,175793032.6,,175793032.6,0,FALSE,TRUE
C,A,20240101,2024,52,2024,276,DEU,Germany,M,Import,579,NOR,Norway,0,W00,World,H6,HS,TRUE,2701,"Coal; briquettes, ovoids and similar solid fuels manufactured from coal",4,FALSE,C00,TOTAL CPC,0,0,TOTAL MOT,8,kg,50567145,FALSE,8,kg,50567145,FALSE,50567145,FALSE,0,FALSE,12944354.82,,12944354.82,0,FALSE,TRUE
C,A,20240101,2024,52,2024,276,DEU,Germany,M,Import,604,PER,Peru,0,W00,World,H6,HS,TRUE,2701,"Coal; briquettes, ovoids and similar solid fuels manufactured from coal",4,FALSE,C00,TOTAL CPC,0,0,TOTAL MOT,8,kg,64366415,FALSE,8,kg,64366415,FALSE,64366415,FALSE,0,FALSE,12382949.5,,12382949.5,0,FALSE,TRUE
C,A,20240101,2024,52,2024,276,DEU,Germany,M,Import,616,POL,Poland,0,W00,World,H6,HS,TRUE,2701,"Coal; briquettes, ovoids and similar solid fuels manufactured from coal",4,FALSE,C00,TOTAL CPC,0,0,TOTAL MOT,8,kg,98062156,FALSE,8,kg,98062156,FALSE,98062156,FALSE,0,FALSE,24735444.61,,24735444.61,0,FALSE,TRUE
C,A,20240101,2024,52,2024,276,DEU,Germany,M,Import,643,RUS,Russian Federation,0,W00,World,H6,HS,TRUE,2701,"Coal; briquettes, ovoids and similar solid fuels manufactured from coal",4,FALSE,C00,TOTAL CPC,0,0,TOTAL MOT,8,kg,138302605,FALSE,8,kg,138302605,FALSE,138302605,FALSE,0,FALSE,51797934.56,,51797934.56,0,FALSE,TRUE
C,A,20240101,2024,52,2024,276,DEU,Germany,M,Import,699,IND,India,0,W00,World,H6,HS,TRUE,2701,"Coal; briquettes, ovoids and similar solid fuels manufactured from coal",4,FALSE,C00,TOTAL CPC,0,0,TOTAL MOT,8,kg,1913592,FALSE,8,kg,1913592,FALSE,1913592,FALSE,0,FALSE,1173758.319,,1173758.319,0,FALSE,TRUE
C,A,20240101,2024,52,2024,276,DEU,Germany,M,Import,702,SGP,Singapore,0,W00,World,H6,HS,TRUE,2701,"Coal; briquettes, ovoids and similar solid fuels manufactured from coal",4,FALSE,C00,TOTAL CPC,0,0,TOTAL MOT,8,kg,3849590,FALSE,8,kg,3849590,FALSE,3849590,FALSE,0,FALSE,521729.627,,521729.627,0,FALSE,TRUE
C,A,20240101,2024,52,2024,276,DEU,Germany,M,Import,704,VNM,Viet Nam,0,W00,World,H6,HS,TRUE,2701,"Coal; briquettes, ovoids and similar solid fuels manufactured from coal",4,FALSE,C00,TOTAL CPC,0,0,TOTAL MOT,8,kg,12336185.7,TRUE,-1,N/A,0,FALSE,12336185.7,TRUE,0,FALSE,5539272.633,,5539272.633,6,FALSE,TRUE
C,A,20240101,2024,52,2024,276,DEU,Germany,M,Import,710,ZAF,South Africa,0,W00,World,H6,HS,TRUE,2701,"Coal; briquettes, ovoids and similar solid fuels manufactured from coal",4,FALSE,C00,TOTAL CPC,0,0,TOTAL MOT,8,kg,1903558617,TRUE,-1,N/A,0,FALSE,1903558617,TRUE,0,FALSE,252089296.5,,252089296.5,6,FALSE,TRUE
C,A,20240101,2024,52,2024,276,DEU,Germany,M,Import,724,ESP,Spain,0,W00,World,H6,HS,TRUE,2701,"Coal; briquettes, ovoids and similar solid fuels manufactured from coal",4,FALSE,C00,TOTAL CPC,0,0,TOTAL MOT,8,kg,21799570,FALSE,8,kg,21799570,FALSE,21799570,FALSE,0,FALSE,4250502.698,,4250502.698,0,FALSE,TRUE
C,A,20240101,2024,52,2024,276,DEU,Germany,M,Import,752,SWE,Sweden,0,W00,World,H6,HS,TRUE,2701,"Coal; briquettes, ovoids and similar solid fuels manufactured from coal",4,FALSE,C00,TOTAL CPC,0,0,TOTAL MOT,8,kg,2250470,FALSE,8,kg,2250470,FALSE,2250470,FALSE,0,FALSE,436669.422,,436669.422,0,FALSE,TRUE
C,A,20240101,2024,52,2024,276,DEU,Germany,M,Import,826,GBR,United Kingdom,0,W00,World,H6,HS,TRUE,2701,"Coal; briquettes, ovoids and similar solid fuels manufactured from coal",4,FALSE,C00,TOTAL CPC,0,0,TOTAL MOT,8,kg,1702349,FALSE,8,kg,1702349,FALSE,1702349,FALSE,0,FALSE,964762.794,,964762.794,0,FALSE,TRUE
C,A,20240101,2024,52,2024,276,DEU,Germany,M,Import,842,USA,USA,0,W00,World,H6,HS,TRUE,2701,"Coal; briquettes, ovoids and similar solid fuels manufactured from coal",4,FALSE,C00,TOTAL CPC,0,0,TOTAL MOT,8,kg,7590071700,TRUE,-1,N/A,0,FALSE,7590071700,TRUE,0,FALSE,1583005367,,1583005367,6,FALSE,TRUE
C,A,20240101,2024,52,2024,276,DEU,Germany,M,Import,0,W00,World,0,W00,World,H6,HS,TRUE,2702,"Lignite; whether or not agglomerated, excluding jet",4,FALSE,C00,TOTAL CPC,0,0,TOTAL MOT,8,kg,99635082.18,TRUE,-1,N/A,0,FALSE,99635082.18,TRUE,0,FALSE,12191933.41,,12191933.41,6,FALSE,TRUE
C,A,20240101,2024,52,2024,276,DEU,Germany,M,Import,203,CZE,Czechia,0,W00,World,H6,HS,TRUE,2702,"Lignite; whether or not agglomerated, excluding jet",4,FALSE,C00,TOTAL CPC,0,0,TOTAL MOT,8,kg,98798687,FALSE,8,kg,98798687,FALSE,98798687,FALSE,0,FALSE,11906800.34,,11906800.34,0,FALSE,TRUE
C,A,20240101,2024,52,2024,276,DEU,Germany,M,Import,251,FRA,France,0,W00,World,H6,HS,TRUE,2702,"Lignite; whether or not agglomerated, excluding jet",4,FALSE,C00,TOTAL CPC,0,0,TOTAL MOT,8,kg,11650,FALSE,8,kg,11650,FALSE,11650,FALSE,0,FALSE,1464.929,,1464.929,0,FALSE,TRUE
C,A,20240101,2024,52,2024,276,DEU,Germany,M,Import,360,IDN,Indonesia,0,W00,World,H6,HS,TRUE,2702,"Lignite; whether or not agglomerated, excluding jet",4,FALSE,C00,TOTAL CPC,0,0,TOTAL MOT,8,kg,2000,FALSE,8,kg,2000,FALSE,2000,FALSE,0,FALSE,8148.276,,8148.276,0,FALSE,TRUE
C,A,20240101,2024,52,2024,276,DEU,Germany,M,Import,496,MNG,Mongolia,0,W00,World,H6,HS,TRUE,2702,"Lignite; whether or not agglomerated, excluding jet",4,FALSE,C00,TOTAL CPC,0,0,TOTAL MOT,8,kg,111,FALSE,8,kg,111,FALSE,111,FALSE,0,FALSE,72.303,,72.303,0,FALSE,TRUE
C,A,20240101,2024,52,2024,276,DEU,Germany,M,Import,528,NLD,Netherlands,0,W00,World,H6,HS,TRUE,2702,"Lignite; whether or not agglomerated, excluding jet",4,FALSE,C00,TOTAL CPC,0,0,TOTAL MOT,8,kg,18092.178,TRUE,-1,N/A,0,FALSE,18092.178,TRUE,0,FALSE,8735.086,,8735.086,6,FALSE,TRUE
C,A,20240101,2024,52,2024,276,DEU,Germany,M,Import,616,POL,Poland,0,W00,World,H6,HS,TRUE,2702,"Lignite; whether or not agglomerated, excluding jet",4,FALSE,C00,TOTAL CPC,0,0,TOTAL MOT,8,kg,90720,FALSE,8,kg,90720,FALSE,90720,FALSE,0,FALSE,1982.579,,1982.579,0,FALSE,TRUE
C,A,20240101,2024,52,2024,276,DEU,Germany,M,Import,724,ESP,Spain,0,W00,World,H6,HS,TRUE,2702,"Lignite; whether or not agglomerated, excluding jet",4,FALSE,C00,TOTAL CPC,0,0,TOTAL MOT,8,kg,710053,FALSE,8,kg,710053,FALSE,710053,FALSE,0,FALSE,261544.361,,261544.361,0,FALSE,TRUE
C,A,20240101,2024,52,2024,276,DEU,Germany,M,Import,792,TUR,Türkiye,0,W00,World,H6,HS,TRUE,2702,"Lignite; whether or not agglomerated, excluding jet",4,FALSE,C00,TOTAL CPC,0,0,TOTAL MOT,8,kg,2020,FALSE,8,kg,2020,FALSE,2020,FALSE,0,FALSE,838.3,,838.3,0,FALSE,TRUE
C,A,20240101,2024,52,2024,276,DEU,Germany,M,Import,826,GBR,United Kingdom,0,W00,World,H6,HS,TRUE,2702,"Lignite; whether or not agglomerated, excluding jet",4,FALSE,C00,TOTAL CPC,0,0,TOTAL MOT,8,kg,377,FALSE,8,kg,377,FALSE,377,FALSE,0,FALSE,1513.131,,1513.131,0,FALSE,TRUE
C,A,20240101,2024,52,2024,276,DEU,Germany,M,Import,842,USA,USA,0,W00,World,H6,HS,TRUE,2702,"Lignite; whether or not agglomerated, excluding jet",4,FALSE,C00,TOTAL CPC,0,0,TOTAL MOT,8,kg,1372,FALSE,8,kg,1372,FALSE,1372,FALSE,0,FALSE,834.108,,834.108,0,FALSE,TRUE
C,A,20240101,2024,52,2024,276,DEU,Germany,M,Import,0,W00,World,0,W00,World,H6,HS,TRUE,2709,Petroleum oils and oils obtained from bituminous minerals; crude,4,FALSE,C00,TOTAL CPC,0,0,TOTAL MOT,8,kg,78536955115,FALSE,8,kg,78536955115,FALSE,78536955115,FALSE,0,FALSE,46904080351,,46904080351,0,FALSE,TRUE
C,A,20240101,2024,52,2024,276,DEU,Germany,M,Import,12,DZA,Algeria,0,W00,World,H6,HS,TRUE,2709,Petroleum oils and oils obtained from bituminous minerals; crude,4,FALSE,C00,TOTAL CPC,0,0,TOTAL MOT,8,kg,1387647000,FALSE,8,kg,1387647000,FALSE,1387647000,FALSE,0,FALSE,877281862.7,,877281862.7,0,FALSE,TRUE
C,A,20240101,2024,52,2024,276,DEU,Germany,M,Import,24,AGO,Angola,0,W00,World,H6,HS,TRUE,2709,Petroleum oils and oils obtained from bituminous minerals; crude,4,FALSE,C00,TOTAL CPC,0,0,TOTAL MOT,8,kg,195933300,FALSE,8,kg,195933300,FALSE,195933300,FALSE,0,FALSE,111050491.7,,111050491.7,0,FALSE,TRUE
C,A,20240101,2024,52,2024,276,DEU,Germany,M,Import,31,AZE,Azerbaijan,0,W00,World,H6,HS,TRUE,2709,Petroleum oils and oils obtained from bituminous minerals; crude,4,FALSE,C00,TOTAL CPC,0,0,TOTAL MOT,8,kg,1768021000,FALSE,8,kg,1768021000,FALSE,1768021000,FALSE,0,FALSE,1098048297,,1098048297,0,FALSE,TRUE
C,A,20240101,2024,52,2024,276,DEU,Germany,M,Import,76,BRA,Brazil,0,W00,World,H6,HS,TRUE,2709,Petroleum oils and oils obtained from bituminous minerals; crude,4,FALSE,C00,TOTAL CPC,0,0,TOTAL MOT,8,kg,518371000,FALSE,8,kg,518371000,FALSE,518371000,FALSE,0,FALSE,308609518.5,,308609518.5,0,FALSE,TRUE
C,A,20240101,2024,52,2024,276,DEU,Germany,M,Import,120,CMR,Cameroon,0,W00,World,H6,HS,TRUE,2709,Petroleum oils and oils obtained from bituminous minerals; crude,4,FALSE,C00,TOTAL CPC,0,0,TOTAL MOT,8,kg,402035300,FALSE,8,kg,402035300,FALSE,402035300,FALSE,0,FALSE,223891041,,223891041,0,FALSE,TRUE
C,A,20240101,2024,52,2024,276,DEU,Germany,M,Import,124,CAN,Canada,0,W00,World,H6,HS,TRUE,2709,Petroleum oils and oils obtained from bituminous minerals; crude,4,FALSE,C00,TOTAL CPC,0,0,TOTAL MOT,8,kg,906441974,FALSE,8,kg,906441974,FALSE,906441974,FALSE,0,FALSE,486389192.1,,486389192.1,0,FALSE,TRUE
C,A,20240101,2024,52,2024,276,DEU,Germany,M,Import,148,TCD,Chad,0,W00,World,H6,HS,TRUE,2709,Petroleum oils and oils obtained from bituminous minerals; crude,4,FALSE,C00,TOTAL CPC,0,0,TOTAL MOT,8,kg,1750370000,FALSE,8,kg,1750370000,FALSE,1750370000,FALSE,0,FALSE,983332283.7,,983332283.7,0,FALSE,TRUE
C,A,20240101,2024,52,2024,276,DEU,Germany,M,Import,208,DNK,Denmark,0,W00,World,H6,HS,TRUE,2709,Petroleum oils and oils obtained from bituminous minerals; crude,4,FALSE,C00,TOTAL CPC,0,0,TOTAL MOT,8,kg,271923000,FALSE,8,kg,271923000,FALSE,271923000,FALSE,0,FALSE,156675189.2,,156675189.2,0,FALSE,TRUE
C,A,20240101,2024,52,2024,276,DEU,Germany,M,Import,226,GNQ,Equatorial Guinea,0,W00,World,H6,HS,TRUE,2709,Petroleum oils and oils obtained from bituminous minerals; crude,4,FALSE,C00,TOTAL CPC,0,0,TOTAL MOT,8,kg,50871000,FALSE,8,kg,50871000,FALSE,50871000,FALSE,0,FALSE,30126518.37,,30126518.37,0,FALSE,TRUE
C,A,20240101,2024,52,2024,276,DEU,Germany,M,Import,251,FRA,France,0,W00,World,H6,HS,TRUE,2709,Petroleum oils and oils obtained from bituminous minerals; crude,4,FALSE,C00,TOTAL CPC,0,0,TOTAL MOT,8,kg,2678350,FALSE,8,kg,2678350,FALSE,2678350,FALSE,0,FALSE,1493831.738,,1493831.738,0,FALSE,TRUE
C,A,20240101,2024,52,2024,276,DEU,Germany,M,Import,266,GAB,Gabon,0,W00,World,H6,HS,TRUE,2709,Petroleum oils and oils obtained from bituminous minerals; crude,4,FALSE,C00,TOTAL CPC,0,0,TOTAL MOT,8,kg,79739600,FALSE,8,kg,79739600,FALSE,79739600,FALSE,0,FALSE,44625307.73,,44625307.73,0,FALSE,TRUE
C,A,20240101,2024,52,2024,276,DEU,Germany,M,Import,288,GHA,Ghana,0,W00,World,H6,HS,TRUE,2709,Petroleum oils and oils obtained from bituminous minerals; crude,4,FALSE,C00,TOTAL CPC,0,0,TOTAL MOT,8,kg,81895000,FALSE,8,kg,81895000,FALSE,81895000,FALSE,0,FALSE,47933130.55,,47933130.55,0,FALSE,TRUE
C,A,20240101,2024,52,2024,276,DEU,Germany,M,Import,328,GUY,Guyana,0,W00,World,H6,HS,TRUE,2709,Petroleum oils and oils obtained from bituminous minerals; crude,4,FALSE,C00,TOTAL CPC,0,0,TOTAL MOT,8,kg,4337417000,FALSE,8,kg,4337417000,FALSE,4337417000,FALSE,0,FALSE,2514868547,,2514868547,0,FALSE,TRUE
C,A,20240101,2024,52,2024,276,DEU,Germany,M,Import,368,IRQ,Iraq,0,W00,World,H6,HS,TRUE,2709,Petroleum oils and oils obtained from bituminous minerals; crude,4,FALSE,C00,TOTAL CPC,0,0,TOTAL MOT,8,kg,3305480000,FALSE,8,kg,3305480000,FALSE,3305480000,FALSE,0,FALSE,1828531750,,1828531750,0,FALSE,TRUE
C,A,20240101,2024,52,2024,276,DEU,Germany,M,Import,380,ITA,Italy,0,W00,World,H6,HS,TRUE,2709,Petroleum oils and oils obtained from bituminous minerals; crude,4,FALSE,C00,TOTAL CPC,0,0,TOTAL MOT,8,kg,115053002,FALSE,8,kg,115053002,FALSE,115053002,FALSE,0,FALSE,47822270.62,,47822270.62,0,FALSE,TRUE
C,A,20240101,2024,52,2024,276,DEU,Germany,M,Import,384,CIV,Côte d'Ivoire,0,W00,World,H6,HS,TRUE,2709,Petroleum oils and oils obtained from bituminous minerals; crude,4,FALSE,C00,TOTAL CPC,0,0,TOTAL MOT,8,kg,216321400,FALSE,8,kg,216321400,FALSE,216321400,FALSE,0,FALSE,129876153.9,,129876153.9,0,FALSE,TRUE
C,A,20240101,2024,52,2024,276,DEU,Germany,M,Import,398,KAZ,Kazakhstan,0,W00,World,H6,HS,TRUE,2709,Petroleum oils and oils obtained from bituminous minerals; crude,4,FALSE,C00,TOTAL CPC,0,0,TOTAL MOT,8,kg,10587300000,FALSE,8,kg,10587300000,FALSE,10587300000,FALSE,0,FALSE,6358009786,,6358009786,0,FALSE,TRUE
C,A,20240101,2024,52,2024,276,DEU,Germany,M,Import,434,LBY,Libya,0,W00,World,H6,HS,TRUE,2709,Petroleum oils and oils obtained from bituminous minerals; crude,4,FALSE,C00,TOTAL CPC,0,0,TOTAL MOT,8,kg,7396755100,FALSE,8,kg,7396755100,FALSE,7396755100,FALSE,0,FALSE,4548230427,,4548230427,0,FALSE,TRUE
C,A,20240101,2024,52,2024,276,DEU,Germany,M,Import,484,MEX,Mexico,0,W00,World,H6,HS,TRUE,2709,Petroleum oils and oils obtained from bituminous minerals; crude,4,FALSE,C00,TOTAL CPC,0,0,TOTAL MOT,8,kg,1286814000,FALSE,8,kg,1286814000,FALSE,1286814000,FALSE,0,FALSE,706261826.4,,706261826.4,0,FALSE,TRUE
C,A,20240101,2024,52,2024,276,DEU,Germany,M,Import,490,S19,"Other Asia, nes",0,W00,World,H6,HS,TRUE,2709,Petroleum oils and oils obtained from bituminous minerals; crude,4,FALSE,C00,TOTAL CPC,0,0,TOTAL MOT,8,kg,247,FALSE,8,kg,247,FALSE,247,FALSE,0,FALSE,1319.275,,1319.275,0,FALSE,TRUE
C,A,20240101,2024,52,2024,276,DEU,Germany,M,Import,528,NLD,Netherlands,0,W00,World,H6,HS,TRUE,2709,Petroleum oils and oils obtained from bituminous minerals; crude,4,FALSE,C00,TOTAL CPC,0,0,TOTAL MOT,8,kg,97630600,FALSE,8,kg,97630600,FALSE,97630600,FALSE,0,FALSE,59040851.8,,59040851.8,0,FALSE,TRUE
C,A,20240101,2024,52,2024,276,DEU,Germany,M,Import,566,NGA,Nigeria,0,W00,World,H6,HS,TRUE,2709,Petroleum oils and oils obtained from bituminous minerals; crude,4,FALSE,C00,TOTAL CPC,0,0,TOTAL MOT,8,kg,2450297230,FALSE,8,kg,2450297230,FALSE,2450297230,FALSE,0,FALSE,1542653988,,1542653988,0,FALSE,TRUE
C,A,20240101,2024,52,2024,276,DEU,Germany,M,Import,579,NOR,Norway,0,W00,World,H6,HS,TRUE,2709,Petroleum oils and oils obtained from bituminous minerals; crude,4,FALSE,C00,TOTAL CPC,0,0,TOTAL MOT,8,kg,15260080000,FALSE,8,kg,15260080000,FALSE,15260080000,FALSE,0,FALSE,8881148216,,8881148216,0,FALSE,TRUE
C,A,20240101,2024,52,2024,276,DEU,Germany,M,Import,616,POL,Poland,0,W00,World,H6,HS,TRUE,2709,Petroleum oils and oils obtained from bituminous minerals; crude,4,FALSE,C00,TOTAL CPC,0,0,TOTAL MOT,8,kg,190949062,FALSE,8,kg,190949062,FALSE,190949062,FALSE,0,FALSE,86883232.16,,86883232.16,0,FALSE,TRUE
C,A,20240101,2024,52,2024,276,DEU,Germany,M,Import,643,RUS,Russian Federation,0,W00,World,H6,HS,TRUE,2709,Petroleum oils and oils obtained from bituminous minerals; crude,4,FALSE,C00,TOTAL CPC,0,0,TOTAL MOT,8,kg,21245000,FALSE,8,kg,21245000,FALSE,21245000,FALSE,0,FALSE,7236964.261,,7236964.261,0,FALSE,TRUE
C,A,20240101,2024,52,2024,276,DEU,Germany,M,Import,682,SAU,Saudi Arabia,0,W00,World,H6,HS,TRUE,2709,Petroleum oils and oils obtained from bituminous minerals; crude,4,FALSE,C00,TOTAL CPC,0,0,TOTAL MOT,8,kg,1719019000,FALSE,8,kg,1719019000,FALSE,1719019000,FALSE,0,FALSE,1060425069,,1060425069,0,FALSE,TRUE
C,A,20240101,2024,52,2024,276,DEU,Germany,M,Import,686,SEN,Senegal,0,W00,World,H6,HS,TRUE,2709,Petroleum oils and oils obtained from bituminous minerals; crude,4,FALSE,C00,TOTAL CPC,0,0,TOTAL MOT,8,kg,95999800,FALSE,8,kg,95999800,FALSE,95999800,FALSE,0,FALSE,51601709.49,,51601709.49,0,FALSE,TRUE
C,A,20240101,2024,52,2024,276,DEU,Germany,M,Import,724,ESP,Spain,0,W00,World,H6,HS,TRUE,2709,Petroleum oils and oils obtained from bituminous minerals; crude,4,FALSE,C00,TOTAL CPC,0,0,TOTAL MOT,8,kg,500,FALSE,8,kg,500,FALSE,500,FALSE,0,FALSE,1467.025,,1467.025,0,FALSE,TRUE
C,A,20240101,2024,52,2024,276,DEU,Germany,M,Import,784,ARE,United Arab Emirates,0,W00,World,H6,HS,TRUE,2709,Petroleum oils and oils obtained from bituminous minerals; crude,4,FALSE,C00,TOTAL CPC,0,0,TOTAL MOT,8,kg,987414650,FALSE,8,kg,987414650,FALSE,987414650,FALSE,0,FALSE,600854139.4,,600854139.4,0,FALSE,TRUE
C,A,20240101,2024,52,2024,276,DEU,Germany,M,Import,788,TUN,Tunisia,0,W00,World,H6,HS,TRUE,2709,Petroleum oils and oils obtained from bituminous minerals; crude,4,FALSE,C00,TOTAL CPC,0,0,TOTAL MOT,8,kg,59434000,FALSE,8,kg,59434000,FALSE,59434000,FALSE,0,FALSE,39477923.58,,39477923.58,0,FALSE,TRUE
C,A,20240101,2024,52,2024,276,DEU,Germany,M,Import,818,EGY,Egypt,0,W00,World,H6,HS,TRUE,2709,Petroleum oils and oils obtained from bituminous minerals; crude,4,FALSE,C00,TOTAL CPC,0,0,TOTAL MOT,8,kg,512603000,FALSE,8,kg,512603000,FALSE,512603000,FALSE,0,FALSE,303144299.2,,303144299.2,0,FALSE,TRUE
C,A,20240101,2024,52,2024,276,DEU,Germany,M,Import,826,GBR,United Kingdom,0,W00,World,H6,HS,TRUE,2709,Petroleum oils and oils obtained from bituminous minerals; crude,4,FALSE,C00,TOTAL CPC,0,0,TOTAL MOT,8,kg,8204085000,FALSE,8,kg,8204085000,FALSE,8204085000,FALSE,0,FALSE,4905329799,,4905329799,0,FALSE,TRUE
C,A,20240101,2024,52,2024,276,DEU,Germany,M,Import,842,USA,USA,0,W00,World,H6,HS,TRUE,2709,Petroleum oils and oils obtained from bituminous minerals; crude,4,FALSE,C00,TOTAL CPC,0,0,TOTAL MOT,8,kg,14277130000,FALSE,8,kg,14277130000,FALSE,14277130000,FALSE,0,FALSE,8863223948,,8863223948,0,FALSE,TRUE
C,A,20240101,2024,52,2024,276,DEU,Germany,M,Import,0,W00,World,0,W00,World,H6,HS,TRUE,2710,"Petroleum oils and oils from bituminous minerals, not crude; preparations n.e.c, containing by weight 70% or more of petroleum oils or oils from bituminous minerals; these being the basic constituents of the preparations; waste oils",4,FALSE,C00,TOTAL CPC,0,0,TOTAL MOT,8,kg,32625166857,TRUE,-1,N/A,0,FALSE,32625166857,TRUE,0,FALSE,25799686893,,25799686893,6,FALSE,TRUE
C,A,20240101,2024,52,2024,276,DEU,Germany,M,Import,8,ALB,Albania,0,W00,World,H6,HS,TRUE,2710,"Petroleum oils and oils from bituminous minerals, not crude; preparations n.e.c, containing by weight 70% or more of petroleum oils or oils from bituminous minerals; these being the basic constituents of the preparations; waste oils",4,FALSE,C00,TOTAL CPC,0,0,TOTAL MOT,8,kg,1107,FALSE,8,kg,1107,FALSE,1107,FALSE,0,FALSE,920.034,,920.034,0,FALSE,TRUE
C,A,20240101,2024,52,2024,276,DEU,Germany,M,Import,12,DZA,Algeria,0,W00,World,H6,HS,TRUE,2710,"Petroleum oils and oils from bituminous minerals, not crude; preparations n.e.c, containing by weight 70% or more of petroleum oils or oils from bituminous minerals; these being the basic constituents of the preparations; waste oils",4,FALSE,C00,TOTAL CPC,0,0,TOTAL MOT,8,kg,502629439,FALSE,8,kg,502629439,FALSE,502629439,FALSE,0,FALSE,335704109.1,,335704109.1,0,FALSE,TRUE
C,A,20240101,2024,52,2024,276,DEU,Germany,M,Import,24,AGO,Angola,0,W00,World,H6,HS,TRUE,2710,"Petroleum oils and oils from bituminous minerals, not crude; preparations n.e.c, containing by weight 70% or more of petroleum oils or oils from bituminous minerals; these being the basic constituents of the preparations; waste oils",4,FALSE,C00,TOTAL CPC,0,0,TOTAL MOT,8,kg,256.719,TRUE,-1,N/A,0,FALSE,256.719,TRUE,0,FALSE,209.575,,209.575,6,FALSE,TRUE
C,A,20240101,2024,52,2024,276,DEU,Germany,M,Import,31,AZE,Azerbaijan,0,W00,World,H6,HS,TRUE,2710,"Petroleum oils and oils from bituminous minerals, not crude; preparations n.e.c, containing by weight 70% or more of petroleum oils or oils from bituminous minerals; these being the basic constituents of the preparations; waste oils",4,FALSE,C00,TOTAL CPC,0,0,TOTAL MOT,8,kg,53,FALSE,8,kg,53,FALSE,53,FALSE,0,FALSE,159.277,,159.277,0,FALSE,TRUE
C,A,20240101,2024,52,2024,276,DEU,Germany,M,Import,32,ARG,Argentina,0,W00,World,H6,HS,TRUE,2710,"Petroleum oils and oils from bituminous minerals, not crude; preparations n.e.c, containing by weight 70% or more of petroleum oils or oils from bituminous minerals; these being the basic constituents of the preparations; waste oils",4,FALSE,C00,TOTAL CPC,0,0,TOTAL MOT,8,kg,1416.284,TRUE,-1,N/A,0,FALSE,1416.284,TRUE,0,FALSE,2549.48,,2549.48,6,FALSE,TRUE
C,A,20240101,2024,52,2024,276,DEU,Germany,M,Import,36,AUS,Australia,0,W00,World,H6,HS,TRUE,2710,"Petroleum oils and oils from bituminous minerals, not crude; preparations n.e.c, containing by weight 70% or more of petroleum oils or oils from bituminous minerals; these being the basic constituents of the preparations; waste oils",4,FALSE,C00,TOTAL CPC,0,0,TOTAL MOT,8,kg,2354.538,TRUE,-1,N/A,0,FALSE,2354.538,TRUE,0,FALSE,55874.791,,55874.791,6,FALSE,TRUE
C,A,20240101,2024,52,2024,276,DEU,Germany,M,Import,40,AUT,Austria,0,W00,World,H6,HS,TRUE,2710,"Petroleum oils and oils from bituminous minerals, not crude; preparations n.e.c, containing by weight 70% or more of petroleum oils or oils from bituminous minerals; these being the basic constituents of the preparations; waste oils",4,FALSE,C00,TOTAL CPC,0,0,TOTAL MOT,8,kg,213786963.1,TRUE,-1,N/A,0,FALSE,213786963.1,TRUE,0,FALSE,198596186.2,,198596186.2,6,FALSE,TRUE
C,A,20240101,2024,52,2024,276,DEU,Germany,M,Import,48,BHR,Bahrain,0,W00,World,H6,HS,TRUE,2710,"Petroleum oils and oils from bituminous minerals, not crude; preparations n.e.c, containing by weight 70% or more of petroleum oils or oils from bituminous minerals; these being the basic constituents of the preparations; waste oils",4,FALSE,C00,TOTAL CPC,0,0,TOTAL MOT,8,kg,21958357,FALSE,8,kg,21958357,FALSE,21958357,FALSE,0,FALSE,28923249.8,,28923249.8,0,FALSE,TRUE
C,A,20240101,2024,52,2024,276,DEU,Germany,M,Import,51,ARM,Armenia,0,W00,World,H6,HS,TRUE,2710,"Petroleum oils and oils from bituminous minerals, not crude; preparations n.e.c, containing by weight 70% or more of petroleum oils or oils from bituminous minerals; these being the basic constituents of the preparations; waste oils",4,FALSE,C00,TOTAL CPC,0,0,TOTAL MOT,8,kg,12,FALSE,8,kg,12,FALSE,12,FALSE,0,FALSE,36.676,,36.676,0,FALSE,TRUE
C,A,20240101,2024,52,2024,276,DEU,Germany,M,Import,56,BEL,Belgium,0,W00,World,H6,HS,TRUE,2710,"Petroleum oils and oils from bituminous minerals, not crude; preparations n.e.c, containing by weight 70% or more of petroleum oils or oils from bituminous minerals; these being the basic constituents of the preparations; waste oils",4,FALSE,C00,TOTAL CPC,0,0,TOTAL MOT,8,kg,5783541451,TRUE,-1,N/A,0,FALSE,5783541451,TRUE,0,FALSE,4661561601,,4661561601,6,FALSE,TRUE
C,A,20240101,2024,52,2024,276,DEU,Germany,M,Import,70,BIH,Bosnia Herzegovina,0,W00,World,H6,HS,TRUE,2710,"Petroleum oils and oils from bituminous minerals, not crude; preparations n.e.c, containing by weight 70% or more of petroleum oils or oils from bituminous minerals; these being the basic constituents of the preparations; waste oils",4,FALSE,C00,TOTAL CPC,0,0,TOTAL MOT,8,kg,6955,FALSE,8,kg,6955,FALSE,6955,FALSE,0,FALSE,2405.921,,2405.921,0,FALSE,TRUE
C,A,20240101,2024,52,2024,276,DEU,Germany,M,Import,76,BRA,Brazil,0,W00,World,H6,HS,TRUE,2710,"Petroleum oils and oils from bituminous minerals, not crude; preparations n.e.c, containing by weight 70% or more of petroleum oils or oils from bituminous minerals; these being the basic constituents of the preparations; waste oils",4,FALSE,C00,TOTAL CPC,0,0,TOTAL MOT,8,kg,20359315.85,TRUE,-1,N/A,0,FALSE,20359315.85,TRUE,0,FALSE,13660922.13,,13660922.13,6,FALSE,TRUE
C,A,20240101,2024,52,2024,276,DEU,Germany,M,Import,96,BRN,Brunei Darussalam,0,W00,World,H6,HS,TRUE,2710,"Petroleum oils and oils from bituminous minerals, not crude; preparations n.e.c, containing by weight 70% or more of petroleum oils or oils from bituminous minerals; these being the basic constituents of the preparations; waste oils",4,FALSE,C00,TOTAL CPC,0,0,TOTAL MOT,8,kg,114,FALSE,8,kg,114,FALSE,114,FALSE,0,FALSE,2437.357,,2437.357,0,FALSE,TRUE
C,A,20240101,2024,52,2024,276,DEU,Germany,M,Import,100,BGR,Bulgaria,0,W00,World,H6,HS,TRUE,2710,"Petroleum oils and oils from bituminous minerals, not crude; preparations n.e.c, containing by weight 70% or more of petroleum oils or oils from bituminous minerals; these being the basic constituents of the preparations; waste oils",4,FALSE,C00,TOTAL CPC,0,0,TOTAL MOT,8,kg,42706826,FALSE,8,kg,42706826,FALSE,42706826,FALSE,0,FALSE,30468474.57,,30468474.57,0,FALSE,TRUE
C,A,20240101,2024,52,2024,276,DEU,Germany,M,Import,112,BLR,Belarus,0,W00,World,H6,HS,TRUE,2710,"Petroleum oils and oils from bituminous minerals, not crude; preparations n.e.c, containing by weight 70% or more of petroleum oils or oils from bituminous minerals; these being the basic constituents of the preparations; waste oils",4,FALSE,C00,TOTAL CPC,0,0,TOTAL MOT,8,kg,802,FALSE,8,kg,802,FALSE,802,FALSE,0,FALSE,3391.971,,3391.971,0,FALSE,TRUE
C,A,20240101,2024,52,2024,276,DEU,Germany,M,Import,124,CAN,Canada,0,W00,World,H6,HS,TRUE,2710,"Petroleum oils and oils from bituminous minerals, not crude; preparations n.e.c, containing by weight 70% or more of petroleum oils or oils from bituminous minerals; these being the basic constituents of the preparations; waste oils",4,FALSE,C00,TOTAL CPC,0,0,TOTAL MOT,8,kg,11112316.91,TRUE,-1,N/A,0,FALSE,11112316.91,TRUE,0,FALSE,20465103.54,,20465103.54,6,FALSE,TRUE
C,A,20240101,2024,52,2024,276,DEU,Germany,M,Import,148,TCD,Chad,0,W00,World,H6,HS,TRUE,2710,"Petroleum oils and oils from bituminous minerals, not crude; preparations n.e.c, containing by weight 70% or more of petroleum oils or oils from bituminous minerals; these being the basic constituents of the preparations; waste oils",4,FALSE,C00,TOTAL CPC,0,0,TOTAL MOT,8,kg,17,FALSE,8,kg,17,FALSE,17,FALSE,0,FALSE,46.106,,46.106,0,FALSE,TRUE
C,A,20240101,2024,52,2024,276,DEU,Germany,M,Import,152,CHL,Chile,0,W00,World,H6,HS,TRUE,2710,"Petroleum oils and oils from bituminous minerals, not crude; preparations n.e.c, containing by weight 70% or more of petroleum oils or oils from bituminous minerals; these being the basic constituents of the preparations; waste oils",4,FALSE,C00,TOTAL CPC,0,0,TOTAL MOT,8,kg,33600,FALSE,-1,N/A,0,FALSE,33600,FALSE,0,FALSE,154309.025,,154309.025,0,FALSE,TRUE
C,A,20240101,2024,52,2024,276,DEU,Germany,M,Import,156,CHN,China,0,W00,World,H6,HS,TRUE,2710,"Petroleum oils and oils from bituminous minerals, not crude; preparations n.e.c, containing by weight 70% or more of petroleum oils or oils from bituminous minerals; these being the basic constituents of the preparations; waste oils",4,FALSE,C00,TOTAL CPC,0,0,TOTAL MOT,8,kg,78744727.04,TRUE,-1,N/A,0,FALSE,78744727.04,TRUE,0,FALSE,62068876.28,,62068876.28,6,FALSE,TRUE
C,A,20240101,2024,52,2024,276,DEU,Germany,M,Import,188,CRI,Costa Rica,0,W00,World,H6,HS,TRUE,2710,"Petroleum oils and oils from bituminous minerals, not crude; preparations n.e.c, containing by weight 70% or more of petroleum oils or oils from bituminous minerals; these being the basic constituents of the preparations; waste oils",4,FALSE,C00,TOTAL CPC,0,0,TOTAL MOT,8,kg,36487,FALSE,8,kg,36487,FALSE,36487,FALSE,0,FALSE,67019.989,,67019.989,0,FALSE,TRUE
C,A,20240101,2024,52,2024,276,DEU,Germany,M,Import,191,HRV,Croatia,0,W00,World,H6,HS,TRUE,2710,"Petroleum oils and oils from bituminous minerals, not crude; preparations n.e.c, containing by weight 70% or more of petroleum oils or oils from bituminous minerals; these being the basic constituents of the preparations; waste oils",4,FALSE,C00,TOTAL CPC,0,0,TOTAL MOT,8,kg,1100004,FALSE,-1,N/A,0,FALSE,1100004,FALSE,0,FALSE,3854655.342,,3854655.342,0,FALSE,TRUE
C,A,20240101,2024,52,2024,276,DEU,Germany,M,Import,196,CYP,Cyprus,0,W00,World,H6,HS,TRUE,2710,"Petroleum oils and oils from bituminous minerals, not crude; preparations n.e.c, containing by weight 70% or more of petroleum oils or oils from bituminous minerals; these being the basic constituents of the preparations; waste oils",4,FALSE,C00,TOTAL CPC,0,0,TOTAL MOT,8,kg,400000,FALSE,8,kg,400000,FALSE,400000,FALSE,0,FALSE,241794.013,,241794.013,0,FALSE,TRUE
C,A,20240101,2024,52,2024,276,DEU,Germany,M,Import,203,CZE,Czechia,0,W00,World,H6,HS,TRUE,2710,"Petroleum oils and oils from bituminous minerals, not crude; preparations n.e.c, containing by weight 70% or more of petroleum oils or oils from bituminous minerals; these being the basic constituents of the preparations; waste oils",4,FALSE,C00,TOTAL CPC,0,0,TOTAL MOT,8,kg,313147761.8,TRUE,-1,N/A,0,FALSE,313147761.8,TRUE,0,FALSE,286768412.6,,286768412.6,6,FALSE,TRUE
C,A,20240101,2024,52,2024,276,DEU,Germany,M,Import,204,BEN,Benin,0,W00,World,H6,HS,TRUE,2710,"Petroleum oils and oils from bituminous minerals, not crude; preparations n.e.c, containing by weight 70% or more of petroleum oils or oils from bituminous minerals; these being the basic constituents of the preparations; waste oils",4,FALSE,C00,TOTAL CPC,0,0,TOTAL MOT,8,kg,8,FALSE,8,kg,8,FALSE,8,FALSE,0,FALSE,8.383,,8.383,0,FALSE,TRUE
C,A,20240101,2024,52,2024,276,DEU,Germany,M,Import,208,DNK,Denmark,0,W00,World,H6,HS,TRUE,2710,"Petroleum oils and oils from bituminous minerals, not crude; preparations n.e.c, containing by weight 70% or more of petroleum oils or oils from bituminous minerals; these being the basic constituents of the preparations; waste oils",4,FALSE,C00,TOTAL CPC,0,0,TOTAL MOT,8,kg,215897116.4,TRUE,-1,N/A,0,FALSE,215897116.4,TRUE,0,FALSE,140764634.6,,140764634.6,6,FALSE,TRUE
C,A,20240101,2024,52,2024,276,DEU,Germany,M,Import,222,SLV,El Salvador,0,W00,World,H6,HS,TRUE,2710,"Petroleum oils and oils from bituminous minerals, not crude; preparations n.e.c, containing by weight 70% or more of petroleum oils or oils from bituminous minerals; these being the basic constituents of the preparations; waste oils",4,FALSE,C00,TOTAL CPC,0,0,TOTAL MOT,8,kg,14,FALSE,8,kg,14,FALSE,14,FALSE,0,FALSE,74.399,,74.399,0,FALSE,TRUE
C,A,20240101,2024,52,2024,276,DEU,Germany,M,Import,233,EST,Estonia,0,W00,World,H6,HS,TRUE,2710,"Petroleum oils and oils from bituminous minerals, not crude; preparations n.e.c, containing by weight 70% or more of petroleum oils or oils from bituminous minerals; these being the basic constituents of the preparations; waste oils",4,FALSE,C00,TOTAL CPC,0,0,TOTAL MOT,8,kg,2760418,FALSE,8,kg,2760418,FALSE,2760418,FALSE,0,FALSE,4159340.716,,4159340.716,0,FALSE,TRUE
C,A,20240101,2024,52,2024,276,DEU,Germany,M,Import,246,FIN,Finland,0,W00,World,H6,HS,TRUE,2710,"Petroleum oils and oils from bituminous minerals, not crude; preparations n.e.c, containing by weight 70% or more of petroleum oils or oils from bituminous minerals; these being the basic constituents of the preparations; waste oils",4,FALSE,C00,TOTAL CPC,0,0,TOTAL MOT,8,kg,179593851,FALSE,-1,N/A,0,FALSE,179593851,FALSE,0,FALSE,137685515.7,,137685515.7,0,FALSE,TRUE
C,A,20240101,2024,52,2024,276,DEU,Germany,M,Import,251,FRA,France,0,W00,World,H6,HS,TRUE,2710,"Petroleum oils and oils from bituminous minerals, not crude; preparations n.e.c, containing by weight 70% or more of petroleum oils or oils from bituminous minerals; these being the basic constituents of the preparations; waste oils",4,FALSE,C00,TOTAL CPC,0,0,TOTAL MOT,8,kg,740833511.9,TRUE,-1,N/A,0,FALSE,740833511.9,TRUE,0,FALSE,724625615.7,,724625615.7,6,FALSE,TRUE
C,A,20240101,2024,52,2024,276,DEU,Germany,M,Import,258,PYF,French Polynesia,0,W00,World,H6,HS,TRUE,2710,"Petroleum oils and oils from bituminous minerals, not crude; preparations n.e.c, containing by weight 70% or more of petroleum oils or oils from bituminous minerals; these being the basic constituents of the preparations; waste oils",4,FALSE,C00,TOTAL CPC,0,0,TOTAL MOT,8,kg,272.496,TRUE,-1,N/A,0,FALSE,272.496,TRUE,0,FALSE,344.751,,344.751,6,FALSE,TRUE
C,A,20240101,2024,52,2024,276,DEU,Germany,M,Import,266,GAB,Gabon,0,W00,World,H6,HS,TRUE,2710,"Petroleum oils and oils from bituminous minerals, not crude; preparations n.e.c, containing by weight 70% or more of petroleum oils or oils from bituminous minerals; these being the basic constituents of the preparations; waste oils",4,FALSE,C00,TOTAL CPC,0,0,TOTAL MOT,8,kg,91762301,FALSE,8,kg,91762301,FALSE,91762301,FALSE,0,FALSE,57761262.3,,57761262.3,0,FALSE,TRUE
C,A,20240101,2024,52,2024,276,DEU,Germany,M,Import,292,GIB,Gibraltar,0,W00,World,H6,HS,TRUE,2710,"Petroleum oils and oils from bituminous minerals, not crude; preparations n.e.c, containing by weight 70% or more of petroleum oils or oils from bituminous minerals; these being the basic constituents of the preparations; waste oils",4,FALSE,C00,TOTAL CPC,0,0,TOTAL MOT,8,kg,16,FALSE,8,kg,16,FALSE,16,FALSE,0,FALSE,66.016,,66.016,0,FALSE,TRUE
C,A,20240101,2024,52,2024,276,DEU,Germany,M,Import,300,GRC,Greece,0,W00,World,H6,HS,TRUE,2710,"Petroleum oils and oils from bituminous minerals, not crude; preparations n.e.c, containing by weight 70% or more of petroleum oils or oils from bituminous minerals; these being the basic constituents of the preparations; waste oils",4,FALSE,C00,TOTAL CPC,0,0,TOTAL MOT,8,kg,30603624,FALSE,-1,N/A,0,FALSE,30603624,FALSE,0,FALSE,21591104.95,,21591104.95,0,FALSE,TRUE
C,A,20240101,2024,52,2024,276,DEU,Germany,M,Import,320,GTM,Guatemala,0,W00,World,H6,HS,TRUE,2710,"Petroleum oils and oils from bituminous minerals, not crude; preparations n.e.c, containing by weight 70% or more of petroleum oils or oils from bituminous minerals; these being the basic constituents of the preparations; waste oils",4,FALSE,C00,TOTAL CPC,0,0,TOTAL MOT,8,kg,389,FALSE,8,kg,389,FALSE,389,FALSE,0,FALSE,9178.337,,9178.337,0,FALSE,TRUE
C,A,20240101,2024,52,2024,276,DEU,Germany,M,Import,332,HTI,Haiti,0,W00,World,H6,HS,TRUE,2710,"Petroleum oils and oils from bituminous minerals, not crude; preparations n.e.c, containing by weight 70% or more of petroleum oils or oils from bituminous minerals; these being the basic constituents of the preparations; waste oils",4,FALSE,C00,TOTAL CPC,0,0,TOTAL MOT,8,kg,5,FALSE,8,kg,5,FALSE,5,FALSE,0,FALSE,41.915,,41.915,0,FALSE,TRUE
C,A,20240101,2024,52,2024,276,DEU,Germany,M,Import,340,HND,Honduras,0,W00,World,H6,HS,TRUE,2710,"Petroleum oils and oils from bituminous minerals, not crude; preparations n.e.c, containing by weight 70% or more of petroleum oils or oils from bituminous minerals; these being the basic constituents of the preparations; waste oils",4,FALSE,C00,TOTAL CPC,0,0,TOTAL MOT,8,kg,1840,FALSE,8,kg,1840,FALSE,1840,FALSE,0,FALSE,7337.221,,7337.221,0,FALSE,TRUE
C,A,20240101,2024,52,2024,276,DEU,Germany,M,Import,344,HKG,"China, Hong Kong SAR",0,W00,World,H6,HS,TRUE,2710,"Petroleum oils and oils from bituminous minerals, not crude; preparations n.e.c, containing by weight 70% or more of petroleum oils or oils from bituminous minerals; these being the basic constituents of the preparations; waste oils",4,FALSE,C00,TOTAL CPC,0,0,TOTAL MOT,8,kg,123.836,TRUE,-1,N/A,0,FALSE,123.836,TRUE,0,FALSE,395.049,,395.049,6,FALSE,TRUE
C,A,20240101,2024,52,2024,276,DEU,Germany,M,Import,348,HUN,Hungary,0,W00,World,H6,HS,TRUE,2710,"Petroleum oils and oils from bituminous minerals, not crude; preparations n.e.c, containing by weight 70% or more of petroleum oils or oils from bituminous minerals; these being the basic constituents of the preparations; waste oils",4,FALSE,C00,TOTAL CPC,0,0,TOTAL MOT,8,kg,85148971.3,TRUE,-1,N/A,0,FALSE,85148971.3,TRUE,0,FALSE,48727961.55,,48727961.55,6,FALSE,TRUE
C,A,20240101,2024,52,2024,276,DEU,Germany,M,Import,352,ISL,Iceland,0,W00,World,H6,HS,TRUE,2710,"Petroleum oils and oils from bituminous minerals, not crude; preparations n.e.c, containing by weight 70% or more of petroleum oils or oils from bituminous minerals; these being the basic constituents of the preparations; waste oils",4,FALSE,C00,TOTAL CPC,0,0,TOTAL MOT,8,kg,1,FALSE,8,kg,1,FALSE,1,FALSE,0,FALSE,34.58,,34.58,0,FALSE,TRUE
C,A,20240101,2024,52,2024,276,DEU,Germany,M,Import,360,IDN,Indonesia,0,W00,World,H6,HS,TRUE,2710,"Petroleum oils and oils from bituminous minerals, not crude; preparations n.e.c, containing by weight 70% or more of petroleum oils or oils from bituminous minerals; these being the basic constituents of the preparations; waste oils",4,FALSE,C00,TOTAL CPC,0,0,TOTAL MOT,8,kg,8430836,FALSE,8,kg,8430836,FALSE,8430836,FALSE,0,FALSE,14887449.34,,14887449.34,0,FALSE,TRUE
C,A,20240101,2024,52,2024,276,DEU,Germany,M,Import,368,IRQ,Iraq,0,W00,World,H6,HS,TRUE,2710,"Petroleum oils and oils from bituminous minerals, not crude; preparations n.e.c, containing by weight 70% or more of petroleum oils or oils from bituminous minerals; these being the basic constituents of the preparations; waste oils",4,FALSE,C00,TOTAL CPC,0,0,TOTAL MOT,8,kg,5112,FALSE,8,kg,5112,FALSE,5112,FALSE,0,FALSE,1934.377,,1934.377,0,FALSE,TRUE
C,A,20240101,2024,52,2024,276,DEU,Germany,M,Import,372,IRL,Ireland,0,W00,World,H6,HS,TRUE,2710,"Petroleum oils and oils from bituminous minerals, not crude; preparations n.e.c, containing by weight 70% or more of petroleum oils or oils from bituminous minerals; these being the basic constituents of the preparations; waste oils",4,FALSE,C00,TOTAL CPC,0,0,TOTAL MOT,8,kg,34723384,FALSE,-1,N/A,0,FALSE,34723384,FALSE,0,FALSE,20455224.17,,20455224.17,0,FALSE,TRUE
C,A,20240101,2024,52,2024,276,DEU,Germany,M,Import,376,ISR,Israel,0,W00,World,H6,HS,TRUE,2710,"Petroleum oils and oils from bituminous minerals, not crude; preparations n.e.c, containing by weight 70% or more of petroleum oils or oils from bituminous minerals; these being the basic constituents of the preparations; waste oils",4,FALSE,C00,TOTAL CPC,0,0,TOTAL MOT,8,kg,29804418,FALSE,8,kg,29804418,FALSE,29804418,FALSE,0,FALSE,27204661.45,,27204661.45,0,FALSE,TRUE
C,A,20240101,2024,52,2024,276,DEU,Germany,M,Import,380,ITA,Italy,0,W00,World,H6,HS,TRUE,2710,"Petroleum oils and oils from bituminous minerals, not crude; preparations n.e.c, containing by weight 70% or more of petroleum oils or oils from bituminous minerals; these being the basic constituents of the preparations; waste oils",4,FALSE,C00,TOTAL CPC,0,0,TOTAL MOT,8,kg,166553382.4,TRUE,-1,N/A,0,FALSE,166553382.4,TRUE,0,FALSE,188436686,,188436686,6,FALSE,TRUE
C,A,20240101,2024,52,2024,276,DEU,Germany,M,Import,384,CIV,Côte d'Ivoire,0,W00,World,H6,HS,TRUE,2710,"Petroleum oils and oils from bituminous minerals, not crude; preparations n.e.c, containing by weight 70% or more of petroleum oils or oils from bituminous minerals; these being the basic constituents of the preparations; waste oils",4,FALSE,C00,TOTAL CPC,0,0,TOTAL MOT,8,kg,19864069,FALSE,8,kg,19864069,FALSE,19864069,FALSE,0,FALSE,11384670.42,,11384670.42,0,FALSE,TRUE
C,A,20240101,2024,52,2024,276,DEU,Germany,M,Import,392,JPN,Japan,0,W00,World,H6,HS,TRUE,2710,"Petroleum oils and oils from bituminous minerals, not crude; preparations n.e.c, containing by weight 70% or more of petroleum oils or oils from bituminous minerals; these being the basic constituents of the preparations; waste oils",4,FALSE,C00,TOTAL CPC,0,0,TOTAL MOT,8,kg,744916.671,TRUE,-1,N/A,0,FALSE,744916.671,TRUE,0,FALSE,3960052.705,,3960052.705,6,FALSE,TRUE
C,A,20240101,2024,52,2024,276,DEU,Germany,M,Import,398,KAZ,Kazakhstan,0,W00,World,H6,HS,TRUE,2710,"Petroleum oils and oils from bituminous minerals, not crude; preparations n.e.c, containing by weight 70% or more of petroleum oils or oils from bituminous minerals; these being the basic constituents of the preparations; waste oils",4,FALSE,C00,TOTAL CPC,0,0,TOTAL MOT,8,kg,14372509,FALSE,8,kg,14372509,FALSE,14372509,FALSE,0,FALSE,9910933.782,,9910933.782,0,FALSE,TRUE
C,A,20240101,2024,52,2024,276,DEU,Germany,M,Import,404,KEN,Kenya,0,W00,World,H6,HS,TRUE,2710,"Petroleum oils and oils from bituminous minerals, not crude; preparations n.e.c, containing by weight 70% or more of petroleum oils or oils from bituminous minerals; these being the basic constituents of the preparations; waste oils",4,FALSE,C00,TOTAL CPC,0,0,TOTAL MOT,8,kg,26,FALSE,8,kg,26,FALSE,26,FALSE,0,FALSE,18.862,,18.862,0,FALSE,TRUE
C,A,20240101,2024,52,2024,276,DEU,Germany,M,Import,410,KOR,Rep. of Korea,0,W00,World,H6,HS,TRUE,2710,"Petroleum oils and oils from bituminous minerals, not crude; preparations n.e.c, containing by weight 70% or more of petroleum oils or oils from bituminous minerals; these being the basic constituents of the preparations; waste oils",4,FALSE,C00,TOTAL CPC,0,0,TOTAL MOT,8,kg,55328879.7,TRUE,-1,N/A,0,FALSE,55328879.7,TRUE,0,FALSE,84895438.43,,84895438.43,6,FALSE,TRUE
C,A,20240101,2024,52,2024,276,DEU,Germany,M,Import,414,KWT,Kuwait,0,W00,World,H6,HS,TRUE,2710,"Petroleum oils and oils from bituminous minerals, not crude; preparations n.e.c, containing by weight 70% or more of petroleum oils or oils from bituminous minerals; these being the basic constituents of the preparations; waste oils",4,FALSE,C00,TOTAL CPC,0,0,TOTAL MOT,8,kg,530162548,FALSE,8,kg,530162548,FALSE,530162548,FALSE,0,FALSE,394541292.7,,394541292.7,0,FALSE,TRUE
C,A,20240101,2024,52,2024,276,DEU,Germany,M,Import,428,LVA,Latvia,0,W00,World,H6,HS,TRUE,2710,"Petroleum oils and oils from bituminous minerals, not crude; preparations n.e.c, containing by weight 70% or more of petroleum oils or oils from bituminous minerals; these being the basic constituents of the preparations; waste oils",4,FALSE,C00,TOTAL CPC,0,0,TOTAL MOT,8,kg,7127228,FALSE,-1,N/A,0,FALSE,7127228,FALSE,0,FALSE,8593168.097,,8593168.097,0,FALSE,TRUE
C,A,20240101,2024,52,2024,276,DEU,Germany,M,Import,434,LBY,Libya,0,W00,World,H6,HS,TRUE,2710,"Petroleum oils and oils from bituminous minerals, not crude; preparations n.e.c, containing by weight 70% or more of petroleum oils or oils from bituminous minerals; these being the basic constituents of the preparations; waste oils",4,FALSE,C00,TOTAL CPC,0,0,TOTAL MOT,8,kg,5521610,FALSE,8,kg,5521610,FALSE,5521610,FALSE,0,FALSE,3330173.995,,3330173.995,0,FALSE,TRUE
C,A,20240101,2024,52,2024,276,DEU,Germany,M,Import,440,LTU,Lithuania,0,W00,World,H6,HS,TRUE,2710,"Petroleum oils and oils from bituminous minerals, not crude; preparations n.e.c, containing by weight 70% or more of petroleum oils or oils from bituminous minerals; these being the basic constituents of the preparations; waste oils",4,FALSE,C00,TOTAL CPC,0,0,TOTAL MOT,8,kg,21642179,FALSE,8,kg,21642179,FALSE,21642179,FALSE,0,FALSE,46576078.98,,46576078.98,0,FALSE,TRUE
C,A,20240101,2024,52,2024,276,DEU,Germany,M,Import,442,LUX,Luxembourg,0,W00,World,H6,HS,TRUE,2710,"Petroleum oils and oils from bituminous minerals, not crude; preparations n.e.c, containing by weight 70% or more of petroleum oils or oils from bituminous minerals; these being the basic constituents of the preparations; waste oils",4,FALSE,C00,TOTAL CPC,0,0,TOTAL MOT,8,kg,850129.124,TRUE,-1,N/A,0,FALSE,850129.124,TRUE,0,FALSE,865300.595,,865300.595,6,FALSE,TRUE
C,A,20240101,2024,52,2024,276,DEU,Germany,M,Import,458,MYS,Malaysia,0,W00,World,H6,HS,TRUE,2710,"Petroleum oils and oils from bituminous minerals, not crude; preparations n.e.c, containing by weight 70% or more of petroleum oils or oils from bituminous minerals; these being the basic constituents of the preparations; waste oils",4,FALSE,C00,TOTAL CPC,0,0,TOTAL MOT,8,kg,11437949.54,TRUE,-1,N/A,0,FALSE,11437949.54,TRUE,0,FALSE,16156060.26,,16156060.26,6,FALSE,TRUE
C,A,20240101,2024,52,2024,276,DEU,Germany,M,Import,466,MLI,Mali,0,W00,World,H6,HS,TRUE,2710,"Petroleum oils and oils from bituminous minerals, not crude; preparations n.e.c, containing by weight 70% or more of petroleum oils or oils from bituminous minerals; these being the basic constituents of the preparations; waste oils",4,FALSE,C00,TOTAL CPC,0,0,TOTAL MOT,8,kg,50,FALSE,8,kg,50,FALSE,50,FALSE,0,FALSE,176.043,,176.043,0,FALSE,TRUE
C,A,20240101,2024,52,2024,276,DEU,Germany,M,Import,470,MLT,Malta,0,W00,World,H6,HS,TRUE,2710,"Petroleum oils and oils from bituminous minerals, not crude; preparations n.e.c, containing by weight 70% or more of petroleum oils or oils from bituminous minerals; these being the basic constituents of the preparations; waste oils",4,FALSE,C00,TOTAL CPC,0,0,TOTAL MOT,8,kg,56609850,FALSE,8,kg,56609850,FALSE,56609850,FALSE,0,FALSE,39136282.8,,39136282.8,0,FALSE,TRUE
C,A,20240101,2024,52,2024,276,DEU,Germany,M,Import,484,MEX,Mexico,0,W00,World,H6,HS,TRUE,2710,"Petroleum oils and oils from bituminous minerals, not crude; preparations n.e.c, containing by weight 70% or more of petroleum oils or oils from bituminous minerals; these being the basic constituents of the preparations; waste oils",4,FALSE,C00,TOTAL CPC,0,0,TOTAL MOT,8,kg,9491.687,TRUE,-1,N/A,0,FALSE,9491.687,TRUE,0,FALSE,52055.286,,52055.286,6,FALSE,TRUE
C,A,20240101,2024,52,2024,276,DEU,Germany,M,Import,490,S19,"Other Asia, nes",0,W00,World,H6,HS,TRUE,2710,"Petroleum oils and oils from bituminous minerals, not crude; preparations n.e.c, containing by weight 70% or more of petroleum oils or oils from bituminous minerals; these being the basic constituents of the preparations; waste oils",4,FALSE,C00,TOTAL CPC,0,0,TOTAL MOT,8,kg,255601.974,TRUE,-1,N/A,0,FALSE,255601.974,TRUE,0,FALSE,541095.405,,541095.405,6,FALSE,TRUE
C,A,20240101,2024,52,2024,276,DEU,Germany,M,Import,498,MDA,Rep. of Moldova,0,W00,World,H6,HS,TRUE,2710,"Petroleum oils and oils from bituminous minerals, not crude; preparations n.e.c, containing by weight 70% or more of petroleum oils or oils from bituminous minerals; these being the basic constituents of the preparations; waste oils",4,FALSE,C00,TOTAL CPC,0,0,TOTAL MOT,8,kg,147334,FALSE,8,kg,147334,FALSE,147334,FALSE,0,FALSE,24310.7,,24310.7,0,FALSE,TRUE
C,A,20240101,2024,52,2024,276,DEU,Germany,M,Import,504,MAR,Morocco,0,W00,World,H6,HS,TRUE,2710,"Petroleum oils and oils from bituminous minerals, not crude; preparations n.e.c, containing by weight 70% or more of petroleum oils or oils from bituminous minerals; these being the basic constituents of the preparations; waste oils",4,FALSE,C00,TOTAL CPC,0,0,TOTAL MOT,8,kg,1,FALSE,8,kg,1,FALSE,1,FALSE,0,FALSE,10.479,,10.479,0,FALSE,TRUE
C,A,20240101,2024,52,2024,276,DEU,Germany,M,Import,512,OMN,Oman,0,W00,World,H6,HS,TRUE,2710,"Petroleum oils and oils from bituminous minerals, not crude; preparations n.e.c, containing by weight 70% or more of petroleum oils or oils from bituminous minerals; these being the basic constituents of the preparations; waste oils",4,FALSE,C00,TOTAL CPC,0,0,TOTAL MOT,8,kg,101684001.3,TRUE,-1,N/A,0,FALSE,101684001.3,TRUE,0,FALSE,74265941.14,,74265941.14,6,FALSE,TRUE
C,A,20240101,2024,52,2024,276,DEU,Germany,M,Import,528,NLD,Netherlands,0,W00,World,H6,HS,TRUE,2710,"Petroleum oils and oils from bituminous minerals, not crude; preparations n.e.c, containing by weight 70% or more of petroleum oils or oils from bituminous minerals; these being the basic constituents of the preparations; waste oils",4,FALSE,C00,TOTAL CPC,0,0,TOTAL MOT,8,kg,17050669014,TRUE,-1,N/A,0,FALSE,17050669014,TRUE,0,FALSE,13230972947,,13230972947,6,FALSE,TRUE
C,A,20240101,2024,52,2024,276,DEU,Germany,M,Import,531,CUW,Curaçao,0,W00,World,H6,HS,TRUE,2710,"Petroleum oils and oils from bituminous minerals, not crude; preparations n.e.c, containing by weight 70% or more of petroleum oils or oils from bituminous minerals; these being the basic constituents of the preparations; waste oils",4,FALSE,C00,TOTAL CPC,0,0,TOTAL MOT,8,kg,25,FALSE,8,kg,25,FALSE,25,FALSE,0,FALSE,86.974,,86.974,0,FALSE,TRUE
C,A,20240101,2024,52,2024,276,DEU,Germany,M,Import,540,NCL,New Caledonia,0,W00,World,H6,HS,TRUE,2710,"Petroleum oils and oils from bituminous minerals, not crude; preparations n.e.c, containing by weight 70% or more of petroleum oils or oils from bituminous minerals; these being the basic constituents of the preparations; waste oils",4,FALSE,C00,TOTAL CPC,0,0,TOTAL MOT,8,kg,8,FALSE,8,kg,8,FALSE,8,FALSE,0,FALSE,41.915,,41.915,0,FALSE,TRUE
C,A,20240101,2024,52,2024,276,DEU,Germany,M,Import,566,NGA,Nigeria,0,W00,World,H6,HS,TRUE,2710,"Petroleum oils and oils from bituminous minerals, not crude; preparations n.e.c, containing by weight 70% or more of petroleum oils or oils from bituminous minerals; these being the basic constituents of the preparations; waste oils",4,FALSE,C00,TOTAL CPC,0,0,TOTAL MOT,8,kg,12697805,FALSE,8,kg,12697805,FALSE,12697805,FALSE,0,FALSE,8664430.932,,8664430.932,0,FALSE,TRUE
C,A,20240101,2024,52,2024,276,DEU,Germany,M,Import,579,NOR,Norway,0,W00,World,H6,HS,TRUE,2710,"Petroleum oils and oils from bituminous minerals, not crude; preparations n.e.c, containing by weight 70% or more of petroleum oils or oils from bituminous minerals; these being the basic constituents of the preparations; waste oils",4,FALSE,C00,TOTAL CPC,0,0,TOTAL MOT,8,kg,381700389.5,TRUE,-1,N/A,0,FALSE,381700389.5,TRUE,0,FALSE,259156209.5,,259156209.5,6,FALSE,TRUE
C,A,20240101,2024,52,2024,276,DEU,Germany,M,Import,586,PAK,Pakistan,0,W00,World,H6,HS,TRUE,2710,"Petroleum oils and oils from bituminous minerals, not crude; preparations n.e.c, containing by weight 70% or more of petroleum oils or oils from bituminous minerals; these being the basic constituents of the preparations; waste oils",4,FALSE,C00,TOTAL CPC,0,0,TOTAL MOT,8,kg,49,FALSE,8,kg,49,FALSE,49,FALSE,0,FALSE,155.085,,155.085,0,FALSE,TRUE
C,A,20240101,2024,52,2024,276,DEU,Germany,M,Import,604,PER,Peru,0,W00,World,H6,HS,TRUE,2710,"Petroleum oils and oils from bituminous minerals, not crude; preparations n.e.c, containing by weight 70% or more of petroleum oils or oils from bituminous minerals; these being the basic constituents of the preparations; waste oils",4,FALSE,C00,TOTAL CPC,0,0,TOTAL MOT,8,kg,2,FALSE,8,kg,2,FALSE,2,FALSE,0,FALSE,94.309,,94.309,0,FALSE,TRUE
C,A,20240101,2024,52,2024,276,DEU,Germany,M,Import,608,PHL,Philippines,0,W00,World,H6,HS,TRUE,2710,"Petroleum oils and oils from bituminous minerals, not crude; preparations n.e.c, containing by weight 70% or more of petroleum oils or oils from bituminous minerals; these being the basic constituents of the preparations; waste oils",4,FALSE,C00,TOTAL CPC,0,0,TOTAL MOT,8,kg,1004,FALSE,8,kg,1004,FALSE,1004,FALSE,0,FALSE,1420.918,,1420.918,0,FALSE,TRUE
C,A,20240101,2024,52,2024,276,DEU,Germany,M,Import,616,POL,Poland,0,W00,World,H6,HS,TRUE,2710,"Petroleum oils and oils from bituminous minerals, not crude; preparations n.e.c, containing by weight 70% or more of petroleum oils or oils from bituminous minerals; these being the basic constituents of the preparations; waste oils",4,FALSE,C00,TOTAL CPC,0,0,TOTAL MOT,8,kg,139114159.7,TRUE,-1,N/A,0,FALSE,139114159.7,TRUE,0,FALSE,139716042.8,,139716042.8,6,FALSE,TRUE
C,A,20240101,2024,52,2024,276,DEU,Germany,M,Import,620,PRT,Portugal,0,W00,World,H6,HS,TRUE,2710,"Petroleum oils and oils from bituminous minerals, not crude; preparations n.e.c, containing by weight 70% or more of petroleum oils or oils from bituminous minerals; these being the basic constituents of the preparations; waste oils",4,FALSE,C00,TOTAL CPC,0,0,TOTAL MOT,8,kg,4459307,FALSE,8,kg,4459307,FALSE,4459307,FALSE,0,FALSE,3762081.873,,3762081.873,0,FALSE,TRUE
C,A,20240101,2024,52,2024,276,DEU,Germany,M,Import,634,QAT,Qatar,0,W00,World,H6,HS,TRUE,2710,"Petroleum oils and oils from bituminous minerals, not crude; preparations n.e.c, containing by weight 70% or more of petroleum oils or oils from bituminous minerals; these being the basic constituents of the preparations; waste oils",4,FALSE,C00,TOTAL CPC,0,0,TOTAL MOT,8,kg,351051225,FALSE,8,kg,351051225,FALSE,351051225,FALSE,0,FALSE,399042783.5,,399042783.5,0,FALSE,TRUE
C,A,20240101,2024,52,2024,276,DEU,Germany,M,Import,642,ROU,Romania,0,W00,World,H6,HS,TRUE,2710,"Petroleum oils and oils from bituminous minerals, not crude; preparations n.e.c, containing by weight 70% or more of petroleum oils or oils from bituminous minerals; these being the basic constituents of the preparations; waste oils",4,FALSE,C00,TOTAL CPC,0,0,TOTAL MOT,8,kg,28960580,FALSE,8,kg,28960580,FALSE,28960580,FALSE,0,FALSE,21019353.97,,21019353.97,0,FALSE,TRUE
C,A,20240101,2024,52,2024,276,DEU,Germany,M,Import,643,RUS,Russian Federation,0,W00,World,H6,HS,TRUE,2710,"Petroleum oils and oils from bituminous minerals, not crude; preparations n.e.c, containing by weight 70% or more of petroleum oils or oils from bituminous minerals; these being the basic constituents of the preparations; waste oils",4,FALSE,C00,TOTAL CPC,0,0,TOTAL MOT,8,kg,999943,FALSE,8,kg,999943,FALSE,999943,FALSE,0,FALSE,1418875.144,,1418875.144,0,FALSE,TRUE
C,A,20240101,2024,52,2024,276,DEU,Germany,M,Import,659,KNA,Saint Kitts and Nevis,0,W00,World,H6,HS,TRUE,2710,"Petroleum oils and oils from bituminous minerals, not crude; preparations n.e.c, containing by weight 70% or more of petroleum oils or oils from bituminous minerals; these being the basic constituents of the preparations; waste oils",4,FALSE,C00,TOTAL CPC,0,0,TOTAL MOT,8,kg,4,FALSE,8,kg,4,FALSE,4,FALSE,0,FALSE,288.166,,288.166,0,FALSE,TRUE
C,A,20240101,2024,52,2024,276,DEU,Germany,M,Import,662,LCA,Saint Lucia,0,W00,World,H6,HS,TRUE,2710,"Petroleum oils and oils from bituminous minerals, not crude; preparations n.e.c, containing by weight 70% or more of petroleum oils or oils from bituminous minerals; these being the basic constituents of the preparations; waste oils",4,FALSE,C00,TOTAL CPC,0,0,TOTAL MOT,8,kg,382,FALSE,8,kg,382,FALSE,382,FALSE,0,FALSE,866.593,,866.593,0,FALSE,TRUE
C,A,20240101,2024,52,2024,276,DEU,Germany,M,Import,682,SAU,Saudi Arabia,0,W00,World,H6,HS,TRUE,2710,"Petroleum oils and oils from bituminous minerals, not crude; preparations n.e.c, containing by weight 70% or more of petroleum oils or oils from bituminous minerals; these being the basic constituents of the preparations; waste oils",4,FALSE,C00,TOTAL CPC,0,0,TOTAL MOT,8,kg,190428259.3,TRUE,-1,N/A,0,FALSE,190428259.3,TRUE,0,FALSE,144610721.4,,144610721.4,6,FALSE,TRUE
C,A,20240101,2024,52,2024,276,DEU,Germany,M,Import,686,SEN,Senegal,0,W00,World,H6,HS,TRUE,2710,"Petroleum oils and oils from bituminous minerals, not crude; preparations n.e.c, containing by weight 70% or more of petroleum oils or oils from bituminous minerals; these being the basic constituents of the preparations; waste oils",4,FALSE,C00,TOTAL CPC,0,0,TOTAL MOT,8,kg,37,FALSE,8,kg,37,FALSE,37,FALSE,0,FALSE,118.41,,118.41,0,FALSE,TRUE
C,A,20240101,2024,52,2024,276,DEU,Germany,M,Import,688,SRB,Serbia,0,W00,World,H6,HS,TRUE,2710,"Petroleum oils and oils from bituminous minerals, not crude; preparations n.e.c, containing by weight 70% or more of petroleum oils or oils from bituminous minerals; these being the basic constituents of the preparations; waste oils",4,FALSE,C00,TOTAL CPC,0,0,TOTAL MOT,8,kg,1117485.06,TRUE,-1,N/A,0,FALSE,1117485.06,TRUE,0,FALSE,680234.343,,680234.343,6,FALSE,TRUE
C,A,20240101,2024,52,2024,276,DEU,Germany,M,Import,699,IND,India,0,W00,World,H6,HS,TRUE,2710,"Petroleum oils and oils from bituminous minerals, not crude; preparations n.e.c, containing by weight 70% or more of petroleum oils or oils from bituminous minerals; these being the basic constituents of the preparations; waste oils",4,FALSE,C00,TOTAL CPC,0,0,TOTAL MOT,8,kg,388158481.6,TRUE,-1,N/A,0,FALSE,388158481.6,TRUE,0,FALSE,273090926.7,,273090926.7,6,FALSE,TRUE
C,A,20240101,2024,52,2024,276,DEU,Germany,M,Import,702,SGP,Singapore,0,W00,World,H6,HS,TRUE,2710,"Petroleum oils and oils from bituminous minerals, not crude; preparations n.e.c, containing by weight 70% or more of petroleum oils or oils from bituminous minerals; these being the basic constituents of the preparations; waste oils",4,FALSE,C00,TOTAL CPC,0,0,TOTAL MOT,8,kg,24943.643,TRUE,-1,N/A,0,FALSE,24943.643,TRUE,0,FALSE,176580.56,,176580.56,6,FALSE,TRUE
C,A,20240101,2024,52,2024,276,DEU,Germany,M,Import,703,SVK,Slovakia,0,W00,World,H6,HS,TRUE,2710,"Petroleum oils and oils from bituminous minerals, not crude; preparations n.e.c, containing by weight 70% or more of petroleum oils or oils from bituminous minerals; these being the basic constituents of the preparations; waste oils",4,FALSE,C00,TOTAL CPC,0,0,TOTAL MOT,8,kg,85216091,FALSE,-1,N/A,0,FALSE,85216091,FALSE,0,FALSE,55982096.29,,55982096.29,0,FALSE,TRUE
C,A,20240101,2024,52,2024,276,DEU,Germany,M,Import,704,VNM,Viet Nam,0,W00,World,H6,HS,TRUE,2710,"Petroleum oils and oils from bituminous minerals, not crude; preparations n.e.c, containing by weight 70% or more of petroleum oils or oils from bituminous minerals; these being the basic constituents of the preparations; waste oils",4,FALSE,C00,TOTAL CPC,0,0,TOTAL MOT,8,kg,16,FALSE,8,kg,16,FALSE,16,FALSE,0,FALSE,141.463,,141.463,0,FALSE,TRUE
C,A,20240101,2024,52,2024,276,DEU,Germany,M,Import,705,SVN,Slovenia,0,W00,World,H6,HS,TRUE,2710,"Petroleum oils and oils from bituminous minerals, not crude; preparations n.e.c, containing by weight 70% or more of petroleum oils or oils from bituminous minerals; these being the basic constituents of the preparations; waste oils",4,FALSE,C00,TOTAL CPC,0,0,TOTAL MOT,8,kg,165581598,TRUE,-1,N/A,0,FALSE,165581598,TRUE,0,FALSE,136291268.8,,136291268.8,6,FALSE,TRUE
C,A,20240101,2024,52,2024,276,DEU,Germany,M,Import,710,ZAF,South Africa,0,W00,World,H6,HS,TRUE,2710,"Petroleum oils and oils from bituminous minerals, not crude; preparations n.e.c, containing by weight 70% or more of petroleum oils or oils from bituminous minerals; these being the basic constituents of the preparations; waste oils",4,FALSE,C00,TOTAL CPC,0,0,TOTAL MOT,8,kg,2111020.711,TRUE,-1,N/A,0,FALSE,2111020.711,TRUE,0,FALSE,2746087.422,,2746087.422,6,FALSE,TRUE
C,A,20240101,2024,52,2024,276,DEU,Germany,M,Import,724,ESP,Spain,0,W00,World,H6,HS,TRUE,2710,"Petroleum oils and oils from bituminous minerals, not crude; preparations n.e.c, containing by weight 70% or more of petroleum oils or oils from bituminous minerals; these being the basic constituents of the preparations; waste oils",4,FALSE,C00,TOTAL CPC,0,0,TOTAL MOT,8,kg,274515849.9,TRUE,-1,N/A,0,FALSE,274515849.9,TRUE,0,FALSE,261158923.9,,261158923.9,6,FALSE,TRUE
C,A,20240101,2024,52,2024,276,DEU,Germany,M,Import,752,SWE,Sweden,0,W00,World,H6,HS,TRUE,2710,"Petroleum oils and oils from bituminous minerals, not crude; preparations n.e.c, containing by weight 70% or more of petroleum oils or oils from bituminous minerals; these being the basic constituents of the preparations; waste oils",4,FALSE,C00,TOTAL CPC,0,0,TOTAL MOT,8,kg,595497899.2,TRUE,-1,N/A,0,FALSE,595497899.2,TRUE,0,FALSE,488980299.9,,488980299.9,6,FALSE,TRUE
C,A,20240101,2024,52,2024,276,DEU,Germany,M,Import,757,CHE,Switzerland,0,W00,World,H6,HS,TRUE,2710,"Petroleum oils and oils from bituminous minerals, not crude; preparations n.e.c, containing by weight 70% or more of petroleum oils or oils from bituminous minerals; these being the basic constituents of the preparations; waste oils",4,FALSE,C00,TOTAL CPC,0,0,TOTAL MOT,8,kg,25580428.27,TRUE,-1,N/A,0,FALSE,25580428.27,TRUE,0,FALSE,43487213.84,,43487213.84,6,FALSE,TRUE
C,A,20240101,2024,52,2024,276,DEU,Germany,M,Import,764,THA,Thailand,0,W00,World,H6,HS,TRUE,2710,"Petroleum oils and oils from bituminous minerals, not crude; preparations n.e.c, containing by weight 70% or more of petroleum oils or oils from bituminous minerals; these being the basic constituents of the preparations; waste oils",4,FALSE,C00,TOTAL CPC,0,0,TOTAL MOT,8,kg,7556.269,TRUE,-1,N/A,0,FALSE,7556.269,TRUE,0,FALSE,66452.041,,66452.041,6,FALSE,TRUE
C,A,20240101,2024,52,2024,276,DEU,Germany,M,Import,784,ARE,United Arab Emirates,0,W00,World,H6,HS,TRUE,2710,"Petroleum oils and oils from bituminous minerals, not crude; preparations n.e.c, containing by weight 70% or more of petroleum oils or oils from bituminous minerals; these being the basic constituents of the preparations; waste oils",4,FALSE,C00,TOTAL CPC,0,0,TOTAL MOT,8,kg,302460091,FALSE,8,kg,302460091,FALSE,302460091,FALSE,0,FALSE,233981918,,233981918,0,FALSE,TRUE
C,A,20240101,2024,52,2024,276,DEU,Germany,M,Import,788,TUN,Tunisia,0,W00,World,H6,HS,TRUE,2710,"Petroleum oils and oils from bituminous minerals, not crude; preparations n.e.c, containing by weight 70% or more of petroleum oils or oils from bituminous minerals; these being the basic constituents of the preparations; waste oils",4,FALSE,C00,TOTAL CPC,0,0,TOTAL MOT,8,kg,21870700,FALSE,8,kg,21870700,FALSE,21870700,FALSE,0,FALSE,11614811.02,,11614811.02,0,FALSE,TRUE
C,A,20240101,2024,52,2024,276,DEU,Germany,M,Import,792,TUR,Türkiye,0,W00,World,H6,HS,TRUE,2710,"Petroleum oils and oils from bituminous minerals, not crude; preparations n.e.c, containing by weight 70% or more of petroleum oils or oils from bituminous minerals; these being the basic constituents of the preparations; waste oils",4,FALSE,C00,TOTAL CPC,0,0,TOTAL MOT,8,kg,154626691.4,TRUE,-1,N/A,0,FALSE,154626691.4,TRUE,0,FALSE,107290024.6,,107290024.6,6,FALSE,TRUE
C,A,20240101,2024,52,2024,276,DEU,Germany,M,Import,800,UGA,Uganda,0,W00,World,H6,HS,TRUE,2710,"Petroleum oils and oils from bituminous minerals, not crude; preparations n.e.c, containing by weight 70% or more of petroleum oils or oils from bituminous minerals; these being the basic constituents of the preparations; waste oils",4,FALSE,C00,TOTAL CPC,0,0,TOTAL MOT,8,kg,388,FALSE,8,kg,388,FALSE,388,FALSE,0,FALSE,671.688,,671.688,0,FALSE,TRUE
C,A,20240101,2024,52,2024,276,DEU,Germany,M,Import,804,UKR,Ukraine,0,W00,World,H6,HS,TRUE,2710,"Petroleum oils and oils from bituminous minerals, not crude; preparations n.e.c, containing by weight 70% or more of petroleum oils or oils from bituminous minerals; these being the basic constituents of the preparations; waste oils",4,FALSE,C00,TOTAL CPC,0,0,TOTAL MOT,8,kg,13975,FALSE,8,kg,13975,FALSE,13975,FALSE,0,FALSE,96988.166,,96988.166,0,FALSE,TRUE
C,A,20240101,2024,52,2024,276,DEU,Germany,M,Import,807,MKD,North Macedonia,0,W00,World,H6,HS,TRUE,2710,"Petroleum oils and oils from bituminous minerals, not crude; preparations n.e.c, containing by weight 70% or more of petroleum oils or oils from bituminous minerals; these being the basic constituents of the preparations; waste oils",4,FALSE,C00,TOTAL CPC,0,0,TOTAL MOT,8,kg,1,FALSE,8,kg,1,FALSE,1,FALSE,0,FALSE,26.197,,26.197,0,FALSE,TRUE
C,A,20240101,2024,52,2024,276,DEU,Germany,M,Import,818,EGY,Egypt,0,W00,World,H6,HS,TRUE,2710,"Petroleum oils and oils from bituminous minerals, not crude; preparations n.e.c, containing by weight 70% or more of petroleum oils or oils from bituminous minerals; these being the basic constituents of the preparations; waste oils",4,FALSE,C00,TOTAL CPC,0,0,TOTAL MOT,8,kg,1524351,FALSE,8,kg,1524351,FALSE,1524351,FALSE,0,FALSE,1531380.243,,1531380.243,0,FALSE,TRUE
C,A,20240101,2024,52,2024,276,DEU,Germany,M,Import,826,GBR,United Kingdom,0,W00,World,H6,HS,TRUE,2710,"Petroleum oils and oils from bituminous minerals, not crude; preparations n.e.c, containing by weight 70% or more of petroleum oils or oils from bituminous minerals; these being the basic constituents of the preparations; waste oils",4,FALSE,C00,TOTAL CPC,0,0,TOTAL MOT,8,kg,124868554.6,TRUE,-1,N/A,0,FALSE,124868554.6,TRUE,0,FALSE,99945993.71,,99945993.71,6,FALSE,TRUE
C,A,20240101,2024,52,2024,276,DEU,Germany,M,Import,842,USA,USA,0,W00,World,H6,HS,TRUE,2710,"Petroleum oils and oils from bituminous minerals, not crude; preparations n.e.c, containing by weight 70% or more of petroleum oils or oils from bituminous minerals; these being the basic constituents of the preparations; waste oils",4,FALSE,C00,TOTAL CPC,0,0,TOTAL MOT,8,kg,2920459895,TRUE,-1,N/A,0,FALSE,2920459895,TRUE,0,FALSE,2151042386,,2151042386,6,FALSE,TRUE
C,A,20240101,2024,52,2024,276,DEU,Germany,M,Import,858,URY,Uruguay,0,W00,World,H6,HS,TRUE,2710,"Petroleum oils and oils from bituminous minerals, not crude; preparations n.e.c, containing by weight 70% or more of petroleum oils or oils from bituminous minerals; these being the basic constituents of the preparations; waste oils",4,FALSE,C00,TOTAL CPC,0,0,TOTAL MOT,8,kg,180,FALSE,8,kg,180,FALSE,180,FALSE,0,FALSE,1172.572,,1172.572,0,FALSE,TRUE
C,A,20240101,2024,52,2024,276,DEU,Germany,M,Import,860,UZB,Uzbekistan,0,W00,World,H6,HS,TRUE,2710,"Petroleum oils and oils from bituminous minerals, not crude; preparations n.e.c, containing by weight 70% or more of petroleum oils or oils from bituminous minerals; these being the basic constituents of the preparations; waste oils",4,FALSE,C00,TOTAL CPC,0,0,TOTAL MOT,8,kg,137,FALSE,7,l,137000,FALSE,137,FALSE,0,FALSE,20.957,,20.957,0,FALSE,TRUE
C,A,20240101,2024,52,2024,276,DEU,Germany,M,Import,894,ZMB,Zambia,0,W00,World,H6,HS,TRUE,2710,"Petroleum oils and oils from bituminous minerals, not crude; preparations n.e.c, containing by weight 70% or more of petroleum oils or oils from bituminous minerals; these being the basic constituents of the preparations; waste oils",4,FALSE,C00,TOTAL CPC,0,0,TOTAL MOT,8,kg,24,FALSE,8,kg,24,FALSE,24,FALSE,0,FALSE,79.638,,79.638,0,FALSE,TRUE
C,A,20240101,2024,52,2024,276,DEU,Germany,M,Import,0,W00,World,0,W00,World,H6,HS,TRUE,2809,"Diphosphorus pentaoxide; phosphoric acid; polyphosphoric acids, whether or not chemically defined",4,FALSE,C00,TOTAL CPC,0,0,TOTAL MOT,8,kg,231654568.9,TRUE,-1,N/A,0,FALSE,231654568.9,TRUE,0,FALSE,268733213.8,,268733213.8,6,FALSE,TRUE
C,A,20240101,2024,52,2024,276,DEU,Germany,M,Import,40,AUT,Austria,0,W00,World,H6,HS,TRUE,2809,"Diphosphorus pentaoxide; phosphoric acid; polyphosphoric acids, whether or not chemically defined",4,FALSE,C00,TOTAL CPC,0,0,TOTAL MOT,8,kg,1057559,FALSE,27,kg P2O5,479033,FALSE,1057559,FALSE,0,FALSE,1082590.051,,1082590.051,0,FALSE,TRUE
C,A,20240101,2024,52,2024,276,DEU,Germany,M,Import,56,BEL,Belgium,0,W00,World,H6,HS,TRUE,2809,"Diphosphorus pentaoxide; phosphoric acid; polyphosphoric acids, whether or not chemically defined",4,FALSE,C00,TOTAL CPC,0,0,TOTAL MOT,8,kg,12592171,FALSE,27,kg P2O5,6734774,FALSE,12592171,FALSE,0,FALSE,13641037.65,,13641037.65,0,FALSE,TRUE
C,A,20240101,2024,52,2024,276,DEU,Germany,M,Import,124,CAN,Canada,0,W00,World,H6,HS,TRUE,2809,"Diphosphorus pentaoxide; phosphoric acid; polyphosphoric acids, whether or not chemically defined",4,FALSE,C00,TOTAL CPC,0,0,TOTAL MOT,8,kg,10897,FALSE,27,kg P2O5,6796,FALSE,10897,FALSE,0,FALSE,10264.983,,10264.983,0,FALSE,TRUE
C,A,20240101,2024,52,2024,276,DEU,Germany,M,Import,156,CHN,China,0,W00,World,H6,HS,TRUE,2809,"Diphosphorus pentaoxide; phosphoric acid; polyphosphoric acids, whether or not chemically defined",4,FALSE,C00,TOTAL CPC,0,0,TOTAL MOT,8,kg,9335238,FALSE,27,kg P2O5,6849802,FALSE,9335238,FALSE,0,FALSE,15259582.24,,15259582.24,0,FALSE,TRUE
C,A,20240101,2024,52,2024,276,DEU,Germany,M,Import,203,CZE,Czechia,0,W00,World,H6,HS,TRUE,2809,"Diphosphorus pentaoxide; phosphoric acid; polyphosphoric acids, whether or not chemically defined",4,FALSE,C00,TOTAL CPC,0,0,TOTAL MOT,8,kg,25646566,FALSE,27,kg P2O5,15326270,FALSE,25646566,FALSE,0,FALSE,24971028.91,,24971028.91,0,FALSE,TRUE
C,A,20240101,2024,52,2024,276,DEU,Germany,M,Import,246,FIN,Finland,0,W00,World,H6,HS,TRUE,2809,"Diphosphorus pentaoxide; phosphoric acid; polyphosphoric acids, whether or not chemically defined",4,FALSE,C00,TOTAL CPC,0,0,TOTAL MOT,8,kg,67535,FALSE,27,kg P2O5,39779,FALSE,67535,FALSE,0,FALSE,71816.113,,71816.113,0,FALSE,TRUE
C,A,20240101,2024,52,2024,276,DEU,Germany,M,Import,251,FRA,France,0,W00,World,H6,HS,TRUE,2809,"Diphosphorus pentaoxide; phosphoric acid; polyphosphoric acids, whether or not chemically defined",4,FALSE,C00,TOTAL CPC,0,0,TOTAL MOT,8,kg,434034,FALSE,27,kg P2O5,393293,FALSE,434034,FALSE,0,FALSE,1352375.948,,1352375.948,0,FALSE,TRUE
C,A,20240101,2024,52,2024,276,DEU,Germany,M,Import,344,HKG,"China, Hong Kong SAR",0,W00,World,H6,HS,TRUE,2809,"Diphosphorus pentaoxide; phosphoric acid; polyphosphoric acids, whether or not chemically defined",4,FALSE,C00,TOTAL CPC,0,0,TOTAL MOT,8,kg,9256,FALSE,27,kg P2O5,5749,FALSE,9256,FALSE,0,FALSE,9132.231,,9132.231,0,FALSE,TRUE
C,A,20240101,2024,52,2024,276,DEU,Germany,M,Import,348,HUN,Hungary,0,W00,World,H6,HS,TRUE,2809,"Diphosphorus pentaoxide; phosphoric acid; polyphosphoric acids, whether or not chemically defined",4,FALSE,C00,TOTAL CPC,0,0,TOTAL MOT,8,kg,24646,FALSE,27,kg P2O5,14443,FALSE,24646,FALSE,0,FALSE,30721.599,,30721.599,0,FALSE,TRUE
C,A,20240101,2024,52,2024,276,DEU,Germany,M,Import,372,IRL,Ireland,0,W00,World,H6,HS,TRUE,2809,"Diphosphorus pentaoxide; phosphoric acid; polyphosphoric acids, whether or not chemically defined",4,FALSE,C00,TOTAL CPC,0,0,TOTAL MOT,8,kg,296,FALSE,27,kg P2O5,168,FALSE,296,FALSE,0,FALSE,382.474,,382.474,0,FALSE,TRUE
C,A,20240101,2024,52,2024,276,DEU,Germany,M,Import,380,ITA,Italy,0,W00,World,H6,HS,TRUE,2809,"Diphosphorus pentaoxide; phosphoric acid; polyphosphoric acids, whether or not chemically defined",4,FALSE,C00,TOTAL CPC,0,0,TOTAL MOT,8,kg,127414,FALSE,27,kg P2O5,56835,FALSE,127414,FALSE,0,FALSE,139448.061,,139448.061,0,FALSE,TRUE
C,A,20240101,2024,52,2024,276,DEU,Germany,M,Import,392,JPN,Japan,0,W00,World,H6,HS,TRUE,2809,"Diphosphorus pentaoxide; phosphoric acid; polyphosphoric acids, whether or not chemically defined",4,FALSE,C00,TOTAL CPC,0,0,TOTAL MOT,8,kg,6204.924,TRUE,-1,N/A,0,FALSE,6204.924,TRUE,0,FALSE,6627.809,,6627.809,6,FALSE,TRUE
C,A,20240101,2024,52,2024,276,DEU,Germany,M,Import,484,MEX,Mexico,0,W00,World,H6,HS,TRUE,2809,"Diphosphorus pentaoxide; phosphoric acid; polyphosphoric acids, whether or not chemically defined",4,FALSE,C00,TOTAL CPC,0,0,TOTAL MOT,8,kg,268,FALSE,27,kg P2O5,167,FALSE,268,FALSE,0,FALSE,247.298,,247.298,0,FALSE,TRUE
C,A,20240101,2024,52,2024,276,DEU,Germany,M,Import,490,S19,"Other Asia, nes",0,W00,World,H6,HS,TRUE,2809,"Diphosphorus pentaoxide; phosphoric acid; polyphosphoric acids, whether or not chemically defined",4,FALSE,C00,TOTAL CPC,0,0,TOTAL MOT,8,kg,3527,FALSE,27,kg P2O5,2191,FALSE,3527,FALSE,0,FALSE,3450.652,,3450.652,0,FALSE,TRUE
C,A,20240101,2024,52,2024,276,DEU,Germany,M,Import,528,NLD,Netherlands,0,W00,World,H6,HS,TRUE,2809,"Diphosphorus pentaoxide; phosphoric acid; polyphosphoric acids, whether or not chemically defined",4,FALSE,C00,TOTAL CPC,0,0,TOTAL MOT,8,kg,10488971,FALSE,27,kg P2O5,5824170,FALSE,10488971,FALSE,0,FALSE,8900466.872,,8900466.872,0,FALSE,TRUE
C,A,20240101,2024,52,2024,276,DEU,Germany,M,Import,616,POL,Poland,0,W00,World,H6,HS,TRUE,2809,"Diphosphorus pentaoxide; phosphoric acid; polyphosphoric acids, whether or not chemically defined",4,FALSE,C00,TOTAL CPC,0,0,TOTAL MOT,8,kg,9148860,FALSE,27,kg P2O5,4884582,FALSE,9148860,FALSE,0,FALSE,9291547.444,,9291547.444,0,FALSE,TRUE
C,A,20240101,2024,52,2024,276,DEU,Germany,M,Import,688,SRB,Serbia,0,W00,World,H6,HS,TRUE,2809,"Diphosphorus pentaoxide; phosphoric acid; polyphosphoric acids, whether or not chemically defined",4,FALSE,C00,TOTAL CPC,0,0,TOTAL MOT,8,kg,12221240,FALSE,27,kg P2O5,6873546,FALSE,12221240,FALSE,0,FALSE,10505486.53,,10505486.53,0,FALSE,TRUE
C,A,20240101,2024,52,2024,276,DEU,Germany,M,Import,699,IND,India,0,W00,World,H6,HS,TRUE,2809,"Diphosphorus pentaoxide; phosphoric acid; polyphosphoric acids, whether or not chemically defined",4,FALSE,C00,TOTAL CPC,0,0,TOTAL MOT,8,kg,37751,FALSE,27,kg P2O5,34284,FALSE,37751,FALSE,0,FALSE,77021.956,,77021.956,0,FALSE,TRUE
C,A,20240101,2024,52,2024,276,DEU,Germany,M,Import,705,SVN,Slovenia,0,W00,World,H6,HS,TRUE,2809,"Diphosphorus pentaoxide; phosphoric acid; polyphosphoric acids, whether or not chemically defined",4,FALSE,C00,TOTAL CPC,0,0,TOTAL MOT,8,kg,71411,FALSE,27,kg P2O5,26524,FALSE,71411,FALSE,0,FALSE,59646.093,,59646.093,0,FALSE,TRUE
C,A,20240101,2024,52,2024,276,DEU,Germany,M,Import,710,ZAF,South Africa,0,W00,World,H6,HS,TRUE,2809,"Diphosphorus pentaoxide; phosphoric acid; polyphosphoric acids, whether or not chemically defined",4,FALSE,C00,TOTAL CPC,0,0,TOTAL MOT,8,kg,183703,FALSE,27,kg P2O5,105019,FALSE,183703,FALSE,0,FALSE,366111.807,,366111.807,0,FALSE,TRUE
C,A,20240101,2024,52,2024,276,DEU,Germany,M,Import,724,ESP,Spain,0,W00,World,H6,HS,TRUE,2809,"Diphosphorus pentaoxide; phosphoric acid; polyphosphoric acids, whether or not chemically defined",4,FALSE,C00,TOTAL CPC,0,0,TOTAL MOT,8,kg,19535,FALSE,27,kg P2O5,28700,FALSE,19535,FALSE,0,FALSE,91755.079,,91755.079,0,FALSE,TRUE
C,A,20240101,2024,52,2024,276,DEU,Germany,M,Import,752,SWE,Sweden,0,W00,World,H6,HS,TRUE,2809,"Diphosphorus pentaoxide; phosphoric acid; polyphosphoric acids, whether or not chemically defined",4,FALSE,C00,TOTAL CPC,0,0,TOTAL MOT,8,kg,780,FALSE,27,kg P2O5,443,FALSE,780,FALSE,0,FALSE,1002.816,,1002.816,0,FALSE,TRUE
C,A,20240101,2024,52,2024,276,DEU,Germany,M,Import,757,CHE,Switzerland,0,W00,World,H6,HS,TRUE,2809,"Diphosphorus pentaoxide; phosphoric acid; polyphosphoric acids, whether or not chemically defined",4,FALSE,C00,TOTAL CPC,0,0,TOTAL MOT,8,kg,3577451,FALSE,27,kg P2O5,2313677,FALSE,3577451,FALSE,0,FALSE,8136409.863,,8136409.863,0,FALSE,TRUE
C,A,20240101,2024,52,2024,276,DEU,Germany,M,Import,792,TUR,Türkiye,0,W00,World,H6,HS,TRUE,2809,"Diphosphorus pentaoxide; phosphoric acid; polyphosphoric acids, whether or not chemically defined",4,FALSE,C00,TOTAL CPC,0,0,TOTAL MOT,8,kg,70340,FALSE,27,kg P2O5,43154,FALSE,70340,FALSE,0,FALSE,80587.875,,80587.875,0,FALSE,TRUE
C,A,20240101,2024,52,2024,276,DEU,Germany,M,Import,826,GBR,United Kingdom,0,W00,World,H6,HS,TRUE,2809,"Diphosphorus pentaoxide; phosphoric acid; polyphosphoric acids, whether or not chemically defined",4,FALSE,C00,TOTAL CPC,0,0,TOTAL MOT,8,kg,286011,FALSE,-1,N/A,0,FALSE,286011,FALSE,0,FALSE,479921.511,,479921.511,0,FALSE,TRUE
C,A,20240101,2024,52,2024,276,DEU,Germany,M,Import,842,USA,USA,0,W00,World,H6,HS,TRUE,2809,"Diphosphorus pentaoxide; phosphoric acid; polyphosphoric acids, whether or not chemically defined",4,FALSE,C00,TOTAL CPC,0,0,TOTAL MOT,8,kg,1010904,FALSE,27,kg P2O5,739480,FALSE,1010904,FALSE,0,FALSE,1601275.601,,1601275.601,0,FALSE,TRUE
C,A,20240101,2024,52,2024,276,DEU,Germany,M,Import,899,_X ,"Areas, nes",0,W00,World,H6,HS,TRUE,2809,"Diphosphorus pentaoxide; phosphoric acid; polyphosphoric acids, whether or not chemically defined",4,FALSE,C00,TOTAL CPC,0,0,TOTAL MOT,8,kg,145222000,FALSE,27,kg P2O5,86605800,FALSE,145222000,FALSE,0,FALSE,172563274.3,,172563274.3,0,FALSE,TRUE
C,A,20240101,2024,52,2024,276,DEU,Germany,M,Import,0,W00,World,0,W00,World,H6,HS,TRUE,2817,Zinc; oxide and peroxide,4,FALSE,C00,TOTAL CPC,0,0,TOTAL MOT,8,kg,34968360.12,TRUE,-1,N/A,0,FALSE,34968360.12,TRUE,0,FALSE,96251134.06,,96251134.06,6,FALSE,TRUE
C,A,20240101,2024,52,2024,276,DEU,Germany,M,Import,36,AUS,Australia,0,W00,World,H6,HS,TRUE,2817,Zinc; oxide and peroxide,4,FALSE,C00,TOTAL CPC,0,0,TOTAL MOT,8,kg,132177,FALSE,8,kg,132177,FALSE,132177,FALSE,0,FALSE,747331.875,,747331.875,0,FALSE,TRUE
C,A,20240101,2024,52,2024,276,DEU,Germany,M,Import,40,AUT,Austria,0,W00,World,H6,HS,TRUE,2817,Zinc; oxide and peroxide,4,FALSE,C00,TOTAL CPC,0,0,TOTAL MOT,8,kg,7210850,FALSE,8,kg,7210850,FALSE,7210850,FALSE,0,FALSE,19816440.62,,19816440.62,0,FALSE,TRUE
C,A,20240101,2024,52,2024,276,DEU,Germany,M,Import,56,BEL,Belgium,0,W00,World,H6,HS,TRUE,2817,Zinc; oxide and peroxide,4,FALSE,C00,TOTAL CPC,0,0,TOTAL MOT,8,kg,2304894,FALSE,8,kg,2304894,FALSE,2304894,FALSE,0,FALSE,7368971.362,,7368971.362,0,FALSE,TRUE
C,A,20240101,2024,52,2024,276,DEU,Germany,M,Import,124,CAN,Canada,0,W00,World,H6,HS,TRUE,2817,Zinc; oxide and peroxide,4,FALSE,C00,TOTAL CPC,0,0,TOTAL MOT,8,kg,23659.938,TRUE,-1,N/A,0,FALSE,23659.938,TRUE,0,FALSE,93731.371,,93731.371,6,FALSE,TRUE
C,A,20240101,2024,52,2024,276,DEU,Germany,M,Import,152,CHL,Chile,0,W00,World,H6,HS,TRUE,2817,Zinc; oxide and peroxide,4,FALSE,C00,TOTAL CPC,0,0,TOTAL MOT,8,kg,24000,FALSE,8,kg,24000,FALSE,24000,FALSE,0,FALSE,47028.63,,47028.63,0,FALSE,TRUE
C,A,20240101,2024,52,2024,276,DEU,Germany,M,Import,156,CHN,China,0,W00,World,H6,HS,TRUE,2817,Zinc; oxide and peroxide,4,FALSE,C00,TOTAL CPC,0,0,TOTAL MOT,8,kg,66932.271,TRUE,-1,N/A,0,FALSE,66932.271,TRUE,0,FALSE,139669.163,,139669.163,6,FALSE,TRUE
C,A,20240101,2024,52,2024,276,DEU,Germany,M,Import,191,HRV,Croatia,0,W00,World,H6,HS,TRUE,2817,Zinc; oxide and peroxide,4,FALSE,C00,TOTAL CPC,0,0,TOTAL MOT,8,kg,3000,FALSE,8,kg,3000,FALSE,3000,FALSE,0,FALSE,9776.674,,9776.674,0,FALSE,TRUE
C,A,20240101,2024,52,2024,276,DEU,Germany,M,Import,203,CZE,Czechia,0,W00,World,H6,HS,TRUE,2817,Zinc; oxide and peroxide,4,FALSE,C00,TOTAL CPC,0,0,TOTAL MOT,8,kg,228104,FALSE,8,kg,228104,FALSE,228104,FALSE,0,FALSE,670297.345,,670297.345,0,FALSE,TRUE
C,A,20240101,2024,52,2024,276,DEU,Germany,M,Import,208,DNK,Denmark,0,W00,World,H6,HS,TRUE,2817,Zinc; oxide and peroxide,4,FALSE,C00,TOTAL CPC,0,0,TOTAL MOT,8,kg,1000,FALSE,8,kg,1000,FALSE,1000,FALSE,0,FALSE,4299.431,,4299.431,0,FALSE,TRUE
C,A,20240101,2024,52,2024,276,DEU,Germany,M,Import,251,FRA,France,0,W00,World,H6,HS,TRUE,2817,Zinc; oxide and peroxide,4,FALSE,C00,TOTAL CPC,0,0,TOTAL MOT,8,kg,259029.823,TRUE,-1,N/A,0,FALSE,259029.823,TRUE,0,FALSE,1039134.675,,1039134.675,6,FALSE,TRUE
C,A,20240101,2024,52,2024,276,DEU,Germany,M,Import,300,GRC,Greece,0,W00,World,H6,HS,TRUE,2817,Zinc; oxide and peroxide,4,FALSE,C00,TOTAL CPC,0,0,TOTAL MOT,8,kg,75000,FALSE,8,kg,75000,FALSE,75000,FALSE,0,FALSE,120558.019,,120558.019,0,FALSE,TRUE
C,A,20240101,2024,52,2024,276,DEU,Germany,M,Import,380,ITA,Italy,0,W00,World,H6,HS,TRUE,2817,Zinc; oxide and peroxide,4,FALSE,C00,TOTAL CPC,0,0,TOTAL MOT,8,kg,1256570,FALSE,8,kg,1256570,FALSE,1256570,FALSE,0,FALSE,3615043.005,,3615043.005,0,FALSE,TRUE
C,A,20240101,2024,52,2024,276,DEU,Germany,M,Import,392,JPN,Japan,0,W00,World,H6,HS,TRUE,2817,Zinc; oxide and peroxide,4,FALSE,C00,TOTAL CPC,0,0,TOTAL MOT,8,kg,10921,FALSE,8,kg,10921,FALSE,10921,FALSE,0,FALSE,52669.341,,52669.341,0,FALSE,TRUE
C,A,20240101,2024,52,2024,276,DEU,Germany,M,Import,410,KOR,Rep. of Korea,0,W00,World,H6,HS,TRUE,2817,Zinc; oxide and peroxide,4,FALSE,C00,TOTAL CPC,0,0,TOTAL MOT,8,kg,2931,FALSE,8,kg,2931,FALSE,2931,FALSE,0,FALSE,8405.005,,8405.005,0,FALSE,TRUE
C,A,20240101,2024,52,2024,276,DEU,Germany,M,Import,458,MYS,Malaysia,0,W00,World,H6,HS,TRUE,2817,Zinc; oxide and peroxide,4,FALSE,C00,TOTAL CPC,0,0,TOTAL MOT,8,kg,72,FALSE,8,kg,72,FALSE,72,FALSE,0,FALSE,367.804,,367.804,0,FALSE,TRUE
C,A,20240101,2024,52,2024,276,DEU,Germany,M,Import,484,MEX,Mexico,0,W00,World,H6,HS,TRUE,2817,Zinc; oxide and peroxide,4,FALSE,C00,TOTAL CPC,0,0,TOTAL MOT,8,kg,2420715.08,TRUE,-1,N/A,0,FALSE,2420715.08,TRUE,0,FALSE,4992379.336,,4992379.336,6,FALSE,TRUE
C,A,20240101,2024,52,2024,276,DEU,Germany,M,Import,490,S19,"Other Asia, nes",0,W00,World,H6,HS,TRUE,2817,Zinc; oxide and peroxide,4,FALSE,C00,TOTAL CPC,0,0,TOTAL MOT,8,kg,266650,FALSE,8,kg,266650,FALSE,266650,FALSE,0,FALSE,903983.949,,903983.949,0,FALSE,TRUE
C,A,20240101,2024,52,2024,276,DEU,Germany,M,Import,528,NLD,Netherlands,0,W00,World,H6,HS,TRUE,2817,Zinc; oxide and peroxide,4,FALSE,C00,TOTAL CPC,0,0,TOTAL MOT,8,kg,5645571,FALSE,8,kg,5645571,FALSE,5645571,FALSE,0,FALSE,15288633.52,,15288633.52,0,FALSE,TRUE
C,A,20240101,2024,52,2024,276,DEU,Germany,M,Import,604,PER,Peru,0,W00,World,H6,HS,TRUE,2817,Zinc; oxide and peroxide,4,FALSE,C00,TOTAL CPC,0,0,TOTAL MOT,8,kg,3410334.761,TRUE,-1,N/A,0,FALSE,3410334.761,TRUE,0,FALSE,9962091.04,,9962091.04,6,FALSE,TRUE
C,A,20240101,2024,52,2024,276,DEU,Germany,M,Import,616,POL,Poland,0,W00,World,H6,HS,TRUE,2817,Zinc; oxide and peroxide,4,FALSE,C00,TOTAL CPC,0,0,TOTAL MOT,8,kg,4111185,FALSE,8,kg,4111185,FALSE,4111185,FALSE,0,FALSE,10866327.53,,10866327.53,0,FALSE,TRUE
C,A,20240101,2024,52,2024,276,DEU,Germany,M,Import,620,PRT,Portugal,0,W00,World,H6,HS,TRUE,2817,Zinc; oxide and peroxide,4,FALSE,C00,TOTAL CPC,0,0,TOTAL MOT,8,kg,15,FALSE,8,kg,15,FALSE,15,FALSE,0,FALSE,144.607,,144.607,0,FALSE,TRUE
C,A,20240101,2024,52,2024,276,DEU,Germany,M,Import,642,ROU,Romania,0,W00,World,H6,HS,TRUE,2817,Zinc; oxide and peroxide,4,FALSE,C00,TOTAL CPC,0,0,TOTAL MOT,8,kg,254753,FALSE,8,kg,254753,FALSE,254753,FALSE,0,FALSE,705608.637,,705608.637,0,FALSE,TRUE
C,A,20240101,2024,52,2024,276,DEU,Germany,M,Import,688,SRB,Serbia,0,W00,World,H6,HS,TRUE,2817,Zinc; oxide and peroxide,4,FALSE,C00,TOTAL CPC,0,0,TOTAL MOT,8,kg,0.381,TRUE,-1,N/A,0,FALSE,0.381,TRUE,0,FALSE,1.048,,1.048,6,FALSE,TRUE
C,A,20240101,2024,52,2024,276,DEU,Germany,M,Import,699,IND,India,0,W00,World,H6,HS,TRUE,2817,Zinc; oxide and peroxide,4,FALSE,C00,TOTAL CPC,0,0,TOTAL MOT,8,kg,18281.807,TRUE,-1,N/A,0,FALSE,18281.807,TRUE,0,FALSE,74450.471,,74450.471,6,FALSE,TRUE
C,A,20240101,2024,52,2024,276,DEU,Germany,M,Import,703,SVK,Slovakia,0,W00,World,H6,HS,TRUE,2817,Zinc; oxide and peroxide,4,FALSE,C00,TOTAL CPC,0,0,TOTAL MOT,8,kg,2733340,FALSE,8,kg,2733340,FALSE,2733340,FALSE,0,FALSE,7985813.46,,7985813.46,0,FALSE,TRUE
C,A,20240101,2024,52,2024,276,DEU,Germany,M,Import,710,ZAF,South Africa,0,W00,World,H6,HS,TRUE,2817,Zinc; oxide and peroxide,4,FALSE,C00,TOTAL CPC,0,0,TOTAL MOT,8,kg,99618,FALSE,8,kg,99618,FALSE,99618,FALSE,0,FALSE,67868.768,,67868.768,0,FALSE,TRUE
C,A,20240101,2024,52,2024,276,DEU,Germany,M,Import,724,ESP,Spain,0,W00,World,H6,HS,TRUE,2817,Zinc; oxide and peroxide,4,FALSE,C00,TOTAL CPC,0,0,TOTAL MOT,8,kg,749048,FALSE,8,kg,749048,FALSE,749048,FALSE,0,FALSE,2327610.158,,2327610.158,0,FALSE,TRUE
C,A,20240101,2024,52,2024,276,DEU,Germany,M,Import,757,CHE,Switzerland,0,W00,World,H6,HS,TRUE,2817,Zinc; oxide and peroxide,4,FALSE,C00,TOTAL CPC,0,0,TOTAL MOT,8,kg,39575.957,TRUE,-1,N/A,0,FALSE,39575.957,TRUE,0,FALSE,214755.694,,214755.694,6,FALSE,TRUE
C,A,20240101,2024,52,2024,276,DEU,Germany,M,Import,764,THA,Thailand,0,W00,World,H6,HS,TRUE,2817,Zinc; oxide and peroxide,4,FALSE,C00,TOTAL CPC,0,0,TOTAL MOT,8,kg,84625,FALSE,8,kg,84625,FALSE,84625,FALSE,0,FALSE,267712.153,,267712.153,0,FALSE,TRUE
C,A,20240101,2024,52,2024,276,DEU,Germany,M,Import,792,TUR,Türkiye,0,W00,World,H6,HS,TRUE,2817,Zinc; oxide and peroxide,4,FALSE,C00,TOTAL CPC,0,0,TOTAL MOT,8,kg,2702528.485,TRUE,-1,N/A,0,FALSE,2702528.485,TRUE,0,FALSE,6323393.304,,6323393.304,6,FALSE,TRUE
C,A,20240101,2024,52,2024,276,DEU,Germany,M,Import,826,GBR,United Kingdom,0,W00,World,H6,HS,TRUE,2817,Zinc; oxide and peroxide,4,FALSE,C00,TOTAL CPC,0,0,TOTAL MOT,8,kg,734417.002,TRUE,-1,N/A,0,FALSE,734417.002,TRUE,0,FALSE,1990466.855,,1990466.855,6,FALSE,TRUE
C,A,20240101,2024,52,2024,276,DEU,Germany,M,Import,842,USA,USA,0,W00,World,H6,HS,TRUE,2817,Zinc; oxide and peroxide,4,FALSE,C00,TOTAL CPC,0,0,TOTAL MOT,8,kg,98560.611,TRUE,-1,N/A,0,FALSE,98560.611,TRUE,0,FALSE,546169.216,,546169.216,6,FALSE,TRUE
C,A,20240101,2024,52,2024,276,DEU,Germany,M,Import,0,W00,World,0,W00,World,H6,HS,TRUE,2819,Chromium oxides and hydroxides,4,FALSE,C00,TOTAL CPC,0,0,TOTAL MOT,8,kg,5228943.747,TRUE,-1,N/A,0,FALSE,5228943.747,TRUE,0,FALSE,20266245.16,,20266245.16,6,FALSE,TRUE
C,A,20240101,2024,52,2024,276,DEU,Germany,M,Import,40,AUT,Austria,0,W00,World,H6,HS,TRUE,2819,Chromium oxides and hydroxides,4,FALSE,C00,TOTAL CPC,0,0,TOTAL MOT,8,kg,40000,FALSE,8,kg,40000,FALSE,40000,FALSE,0,FALSE,171849.404,,171849.404,0,FALSE,TRUE
C,A,20240101,2024,52,2024,276,DEU,Germany,M,Import,56,BEL,Belgium,0,W00,World,H6,HS,TRUE,2819,Chromium oxides and hydroxides,4,FALSE,C00,TOTAL CPC,0,0,TOTAL MOT,8,kg,15626.746,TRUE,-1,N/A,0,FALSE,15626.746,TRUE,0,FALSE,141477.795,,141477.795,6,FALSE,TRUE
C,A,20240101,2024,52,2024,276,DEU,Germany,M,Import,156,CHN,China,0,W00,World,H6,HS,TRUE,2819,Chromium oxides and hydroxides,4,FALSE,C00,TOTAL CPC,0,0,TOTAL MOT,8,kg,488048.951,TRUE,-1,N/A,0,FALSE,488048.951,TRUE,0,FALSE,3173404.56,,3173404.56,6,FALSE,TRUE
C,A,20240101,2024,52,2024,276,DEU,Germany,M,Import,203,CZE,Czechia,0,W00,World,H6,HS,TRUE,2819,Chromium oxides and hydroxides,4,FALSE,C00,TOTAL CPC,0,0,TOTAL MOT,8,kg,2000,FALSE,8,kg,2000,FALSE,2000,FALSE,0,FALSE,15403.762,,15403.762,0,FALSE,TRUE
C,A,20240101,2024,52,2024,276,DEU,Germany,M,Import,208,DNK,Denmark,0,W00,World,H6,HS,TRUE,2819,Chromium oxides and hydroxides,4,FALSE,C00,TOTAL CPC,0,0,TOTAL MOT,8,kg,1250,FALSE,8,kg,1250,FALSE,1250,FALSE,0,FALSE,13211.608,,13211.608,0,FALSE,TRUE
C,A,20240101,2024,52,2024,276,DEU,Germany,M,Import,251,FRA,France,0,W00,World,H6,HS,TRUE,2819,Chromium oxides and hydroxides,4,FALSE,C00,TOTAL CPC,0,0,TOTAL MOT,8,kg,4464,FALSE,8,kg,4464,FALSE,4464,FALSE,0,FALSE,28889.914,,28889.914,0,FALSE,TRUE
C,A,20240101,2024,52,2024,276,DEU,Germany,M,Import,372,IRL,Ireland,0,W00,World,H6,HS,TRUE,2819,Chromium oxides and hydroxides,4,FALSE,C00,TOTAL CPC,0,0,TOTAL MOT,8,kg,59,FALSE,8,kg,59,FALSE,59,FALSE,0,FALSE,4631.607,,4631.607,0,FALSE,TRUE
C,A,20240101,2024,52,2024,276,DEU,Germany,M,Import,380,ITA,Italy,0,W00,World,H6,HS,TRUE,2819,Chromium oxides and hydroxides,4,FALSE,C00,TOTAL CPC,0,0,TOTAL MOT,8,kg,479225,FALSE,8,kg,479225,FALSE,479225,FALSE,0,FALSE,1095887.585,,1095887.585,0,FALSE,TRUE
C,A,20240101,2024,52,2024,276,DEU,Germany,M,Import,392,JPN,Japan,0,W00,World,H6,HS,TRUE,2819,Chromium oxides and hydroxides,4,FALSE,C00,TOTAL CPC,0,0,TOTAL MOT,8,kg,1002.105,TRUE,-1,N/A,0,FALSE,1002.105,TRUE,0,FALSE,17379.007,,17379.007,6,FALSE,TRUE
C,A,20240101,2024,52,2024,276,DEU,Germany,M,Import,398,KAZ,Kazakhstan,0,W00,World,H6,HS,TRUE,2819,Chromium oxides and hydroxides,4,FALSE,C00,TOTAL CPC,0,0,TOTAL MOT,8,kg,2113457,FALSE,8,kg,2113457,FALSE,2113457,FALSE,0,FALSE,7037727.596,,7037727.596,0,FALSE,TRUE
C,A,20240101,2024,52,2024,276,DEU,Germany,M,Import,442,LUX,Luxembourg,0,W00,World,H6,HS,TRUE,2819,Chromium oxides and hydroxides,4,FALSE,C00,TOTAL CPC,0,0,TOTAL MOT,8,kg,1000,FALSE,8,kg,1000,FALSE,1000,FALSE,0,FALSE,8717.272,,8717.272,0,FALSE,TRUE
C,A,20240101,2024,52,2024,276,DEU,Germany,M,Import,528,NLD,Netherlands,0,W00,World,H6,HS,TRUE,2819,Chromium oxides and hydroxides,4,FALSE,C00,TOTAL CPC,0,0,TOTAL MOT,8,kg,10752.299,TRUE,-1,N/A,0,FALSE,10752.299,TRUE,0,FALSE,40460.549,,40460.549,6,FALSE,TRUE
C,A,20240101,2024,52,2024,276,DEU,Germany,M,Import,620,PRT,Portugal,0,W00,World,H6,HS,TRUE,2819,Chromium oxides and hydroxides,4,FALSE,C00,TOTAL CPC,0,0,TOTAL MOT,8,kg,1315,FALSE,8,kg,1315,FALSE,1315,FALSE,0,FALSE,7335.125,,7335.125,0,FALSE,TRUE
C,A,20240101,2024,52,2024,276,DEU,Germany,M,Import,643,RUS,Russian Federation,0,W00,World,H6,HS,TRUE,2819,Chromium oxides and hydroxides,4,FALSE,C00,TOTAL CPC,0,0,TOTAL MOT,8,kg,47600,FALSE,8,kg,47600,FALSE,47600,FALSE,0,FALSE,156312.562,,156312.562,0,FALSE,TRUE
C,A,20240101,2024,52,2024,276,DEU,Germany,M,Import,699,IND,India,0,W00,World,H6,HS,TRUE,2819,Chromium oxides and hydroxides,4,FALSE,C00,TOTAL CPC,0,0,TOTAL MOT,8,kg,564099.419,TRUE,-1,N/A,0,FALSE,564099.419,TRUE,0,FALSE,2348373.801,,2348373.801,6,FALSE,TRUE
C,A,20240101,2024,52,2024,276,DEU,Germany,M,Import,705,SVN,Slovenia,0,W00,World,H6,HS,TRUE,2819,Chromium oxides and hydroxides,4,FALSE,C00,TOTAL CPC,0,0,TOTAL MOT,8,kg,14289,FALSE,8,kg,14289,FALSE,14289,FALSE,0,FALSE,64115.28,,64115.28,0,FALSE,TRUE
C,A,20240101,2024,52,2024,276,DEU,Germany,M,Import,710,ZAF,South Africa,0,W00,World,H6,HS,TRUE,2819,Chromium oxides and hydroxides,4,FALSE,C00,TOTAL CPC,0,0,TOTAL MOT,8,kg,336364,FALSE,8,kg,336364,FALSE,336364,FALSE,0,FALSE,1189170.465,,1189170.465,0,FALSE,TRUE
C,A,20240101,2024,52,2024,276,DEU,Germany,M,Import,724,ESP,Spain,0,W00,World,H6,HS,TRUE,2819,Chromium oxides and hydroxides,4,FALSE,C00,TOTAL CPC,0,0,TOTAL MOT,8,kg,88027,FALSE,8,kg,88027,FALSE,88027,FALSE,0,FALSE,459094.995,,459094.995,0,FALSE,TRUE
C,A,20240101,2024,52,2024,276,DEU,Germany,M,Import,752,SWE,Sweden,0,W00,World,H6,HS,TRUE,2819,Chromium oxides and hydroxides,4,FALSE,C00,TOTAL CPC,0,0,TOTAL MOT,8,kg,200,FALSE,8,kg,200,FALSE,200,FALSE,0,FALSE,1967.909,,1967.909,0,FALSE,TRUE
C,A,20240101,2024,52,2024,276,DEU,Germany,M,Import,757,CHE,Switzerland,0,W00,World,H6,HS,TRUE,2819,Chromium oxides and hydroxides,4,FALSE,C00,TOTAL CPC,0,0,TOTAL MOT,8,kg,13,FALSE,8,kg,13,FALSE,13,FALSE,0,FALSE,298.644,,298.644,0,FALSE,TRUE
C,A,20240101,2024,52,2024,276,DEU,Germany,M,Import,792,TUR,Türkiye,0,W00,World,H6,HS,TRUE,2819,Chromium oxides and hydroxides,4,FALSE,C00,TOTAL CPC,0,0,TOTAL MOT,8,kg,639885.64,TRUE,-1,N/A,0,FALSE,639885.64,TRUE,0,FALSE,1928022.936,,1928022.936,6,FALSE,TRUE
C,A,20240101,2024,52,2024,276,DEU,Germany,M,Import,826,GBR,United Kingdom,0,W00,World,H6,HS,TRUE,2819,Chromium oxides and hydroxides,4,FALSE,C00,TOTAL CPC,0,0,TOTAL MOT,8,kg,317.549,TRUE,-1,N/A,0,FALSE,317.549,TRUE,0,FALSE,14516.212,,14516.212,6,FALSE,TRUE
C,A,20240101,2024,52,2024,276,DEU,Germany,M,Import,842,USA,USA,0,W00,World,H6,HS,TRUE,2819,Chromium oxides and hydroxides,4,FALSE,C00,TOTAL CPC,0,0,TOTAL MOT,8,kg,379948.039,TRUE,-1,N/A,0,FALSE,379948.039,TRUE,0,FALSE,2347996.566,,2347996.566,6,FALSE,TRUE
C,A,20240101,2024,52,2024,276,DEU,Germany,M,Import,0,W00,World,0,W00,World,H6,HS,TRUE,2820,Manganese oxides,4,FALSE,C00,TOTAL CPC,0,0,TOTAL MOT,8,kg,16851791.93,TRUE,-1,N/A,0,FALSE,16851791.93,TRUE,0,FALSE,32219725.18,,32219725.18,6,FALSE,TRUE
C,A,20240101,2024,52,2024,276,DEU,Germany,M,Import,40,AUT,Austria,0,W00,World,H6,HS,TRUE,2820,Manganese oxides,4,FALSE,C00,TOTAL CPC,0,0,TOTAL MOT,8,kg,30500,FALSE,8,kg,30500,FALSE,30500,FALSE,0,FALSE,74029.225,,74029.225,0,FALSE,TRUE
C,A,20240101,2024,52,2024,276,DEU,Germany,M,Import,56,BEL,Belgium,0,W00,World,H6,HS,TRUE,2820,Manganese oxides,4,FALSE,C00,TOTAL CPC,0,0,TOTAL MOT,8,kg,162804.925,TRUE,-1,N/A,0,FALSE,162804.925,TRUE,0,FALSE,414631.563,,414631.563,6,FALSE,TRUE
C,A,20240101,2024,52,2024,276,DEU,Germany,M,Import,76,BRA,Brazil,0,W00,World,H6,HS,TRUE,2820,Manganese oxides,4,FALSE,C00,TOTAL CPC,0,0,TOTAL MOT,8,kg,1610,FALSE,8,kg,1610,FALSE,1610,FALSE,0,FALSE,1124.37,,1124.37,0,FALSE,TRUE
C,A,20240101,2024,52,2024,276,DEU,Germany,M,Import,156,CHN,China,0,W00,World,H6,HS,TRUE,2820,Manganese oxides,4,FALSE,C00,TOTAL CPC,0,0,TOTAL MOT,8,kg,2610605.342,TRUE,-1,N/A,0,FALSE,2610605.342,TRUE,0,FALSE,6488104.584,,6488104.584,6,FALSE,TRUE
C,A,20240101,2024,52,2024,276,DEU,Germany,M,Import,203,CZE,Czechia,0,W00,World,H6,HS,TRUE,2820,Manganese oxides,4,FALSE,C00,TOTAL CPC,0,0,TOTAL MOT,8,kg,136750,FALSE,8,kg,136750,FALSE,136750,FALSE,0,FALSE,118722.142,,118722.142,0,FALSE,TRUE
C,A,20240101,2024,52,2024,276,DEU,Germany,M,Import,251,FRA,France,0,W00,World,H6,HS,TRUE,2820,Manganese oxides,4,FALSE,C00,TOTAL CPC,0,0,TOTAL MOT,8,kg,2138828,FALSE,8,kg,2138828,FALSE,2138828,FALSE,0,FALSE,1310282.81,,1310282.81,0,FALSE,TRUE
C,A,20240101,2024,52,2024,276,DEU,Germany,M,Import,300,GRC,Greece,0,W00,World,H6,HS,TRUE,2820,Manganese oxides,4,FALSE,C00,TOTAL CPC,0,0,TOTAL MOT,8,kg,4748250,FALSE,8,kg,4748250,FALSE,4748250,FALSE,0,FALSE,11033829.3,,11033829.3,0,FALSE,TRUE
C,A,20240101,2024,52,2024,276,DEU,Germany,M,Import,392,JPN,Japan,0,W00,World,H6,HS,TRUE,2820,Manganese oxides,4,FALSE,C00,TOTAL CPC,0,0,TOTAL MOT,8,kg,13505,FALSE,8,kg,13505,FALSE,13505,FALSE,0,FALSE,12736.921,,12736.921,0,FALSE,TRUE
C,A,20240101,2024,52,2024,276,DEU,Germany,M,Import,410,KOR,Rep. of Korea,0,W00,World,H6,HS,TRUE,2820,Manganese oxides,4,FALSE,C00,TOTAL CPC,0,0,TOTAL MOT,8,kg,6970,FALSE,8,kg,6970,FALSE,6970,FALSE,0,FALSE,6501.016,,6501.016,0,FALSE,TRUE
C,A,20240101,2024,52,2024,276,DEU,Germany,M,Import,442,LUX,Luxembourg,0,W00,World,H6,HS,TRUE,2820,Manganese oxides,4,FALSE,C00,TOTAL CPC,0,0,TOTAL MOT,8,kg,20278,FALSE,8,kg,20278,FALSE,20278,FALSE,0,FALSE,43651.329,,43651.329,0,FALSE,TRUE
C,A,20240101,2024,52,2024,276,DEU,Germany,M,Import,484,MEX,Mexico,0,W00,World,H6,HS,TRUE,2820,Manganese oxides,4,FALSE,C00,TOTAL CPC,0,0,TOTAL MOT,8,kg,24146.793,TRUE,-1,N/A,0,FALSE,24146.793,TRUE,0,FALSE,20364.403,,20364.403,6,FALSE,TRUE
C,A,20240101,2024,52,2024,276,DEU,Germany,M,Import,528,NLD,Netherlands,0,W00,World,H6,HS,TRUE,2820,Manganese oxides,4,FALSE,C00,TOTAL CPC,0,0,TOTAL MOT,8,kg,331120,FALSE,8,kg,331120,FALSE,331120,FALSE,0,FALSE,328409.264,,328409.264,0,FALSE,TRUE
C,A,20240101,2024,52,2024,276,DEU,Germany,M,Import,579,NOR,Norway,0,W00,World,H6,HS,TRUE,2820,Manganese oxides,4,FALSE,C00,TOTAL CPC,0,0,TOTAL MOT,8,kg,317005,FALSE,8,kg,317005,FALSE,317005,FALSE,0,FALSE,271534.801,,271534.801,0,FALSE,TRUE
C,A,20240101,2024,52,2024,276,DEU,Germany,M,Import,699,IND,India,0,W00,World,H6,HS,TRUE,2820,Manganese oxides,4,FALSE,C00,TOTAL CPC,0,0,TOTAL MOT,8,kg,1010124.546,TRUE,-1,N/A,0,FALSE,1010124.546,TRUE,0,FALSE,843554.045,,843554.045,6,FALSE,TRUE
C,A,20240101,2024,52,2024,276,DEU,Germany,M,Import,705,SVN,Slovenia,0,W00,World,H6,HS,TRUE,2820,Manganese oxides,4,FALSE,C00,TOTAL CPC,0,0,TOTAL MOT,8,kg,28,FALSE,8,kg,28,FALSE,28,FALSE,0,FALSE,26.197,,26.197,0,FALSE,TRUE
C,A,20240101,2024,52,2024,276,DEU,Germany,M,Import,710,ZAF,South Africa,0,W00,World,H6,HS,TRUE,2820,Manganese oxides,4,FALSE,C00,TOTAL CPC,0,0,TOTAL MOT,8,kg,97750,FALSE,8,kg,97750,FALSE,97750,FALSE,0,FALSE,96195.973,,96195.973,0,FALSE,TRUE
C,A,20240101,2024,52,2024,276,DEU,Germany,M,Import,724,ESP,Spain,0,W00,World,H6,HS,TRUE,2820,Manganese oxides,4,FALSE,C00,TOTAL CPC,0,0,TOTAL MOT,8,kg,4788700,FALSE,8,kg,4788700,FALSE,4788700,FALSE,0,FALSE,10151691.45,,10151691.45,0,FALSE,TRUE
C,A,20240101,2024,52,2024,276,DEU,Germany,M,Import,804,UKR,Ukraine,0,W00,World,H6,HS,TRUE,2820,Manganese oxides,4,FALSE,C00,TOTAL CPC,0,0,TOTAL MOT,8,kg,111000,FALSE,8,kg,111000,FALSE,111000,FALSE,0,FALSE,141984.967,,141984.967,0,FALSE,TRUE
C,A,20240101,2024,52,2024,276,DEU,Germany,M,Import,826,GBR,United Kingdom,0,W00,World,H6,HS,TRUE,2820,Manganese oxides,4,FALSE,C00,TOTAL CPC,0,0,TOTAL MOT,8,kg,2907,FALSE,8,kg,2907,FALSE,2907,FALSE,0,FALSE,6965.225,,6965.225,0,FALSE,TRUE
C,A,20240101,2024,52,2024,276,DEU,Germany,M,Import,842,USA,USA,0,W00,World,H6,HS,TRUE,2820,Manganese oxides,4,FALSE,C00,TOTAL CPC,0,0,TOTAL MOT,8,kg,298909.327,TRUE,-1,N/A,0,FALSE,298909.327,TRUE,0,FALSE,855385.602,,855385.602,6,FALSE,TRUE
C,A,20240101,2024,52,2024,276,DEU,Germany,M,Import,0,W00,World,0,W00,World,H6,HS,TRUE,2822,Cobalt oxides and hydroxides; commercial cobalt oxides,4,FALSE,C00,TOTAL CPC,0,0,TOTAL MOT,8,kg,1124526.23,TRUE,-1,N/A,0,FALSE,1124526.23,TRUE,0,FALSE,24595851.94,,24595851.94,6,FALSE,TRUE
C,A,20240101,2024,52,2024,276,DEU,Germany,M,Import,56,BEL,Belgium,0,W00,World,H6,HS,TRUE,2822,Cobalt oxides and hydroxides; commercial cobalt oxides,4,FALSE,C00,TOTAL CPC,0,0,TOTAL MOT,8,kg,64485,FALSE,8,kg,64485,FALSE,64485,FALSE,0,FALSE,1336547.796,,1336547.796,0,FALSE,TRUE
C,A,20240101,2024,52,2024,276,DEU,Germany,M,Import,156,CHN,China,0,W00,World,H6,HS,TRUE,2822,Cobalt oxides and hydroxides; commercial cobalt oxides,4,FALSE,C00,TOTAL CPC,0,0,TOTAL MOT,8,kg,2808.11,TRUE,-1,N/A,0,FALSE,2808.11,TRUE,0,FALSE,76686.636,,76686.636,6,FALSE,TRUE
C,A,20240101,2024,52,2024,276,DEU,Germany,M,Import,208,DNK,Denmark,0,W00,World,H6,HS,TRUE,2822,Cobalt oxides and hydroxides; commercial cobalt oxides,4,FALSE,C00,TOTAL CPC,0,0,TOTAL MOT,8,kg,306,FALSE,8,kg,306,FALSE,306,FALSE,0,FALSE,7016.571,,7016.571,0,FALSE,TRUE
C,A,20240101,2024,52,2024,276,DEU,Germany,M,Import,246,FIN,Finland,0,W00,World,H6,HS,TRUE,2822,Cobalt oxides and hydroxides; commercial cobalt oxides,4,FALSE,C00,TOTAL CPC,0,0,TOTAL MOT,8,kg,998384.63,TRUE,-1,N/A,0,FALSE,998384.63,TRUE,0,FALSE,22043552.23,,22043552.23,6,FALSE,TRUE
C,A,20240101,2024,52,2024,276,DEU,Germany,M,Import,251,FRA,France,0,W00,World,H6,HS,TRUE,2822,Cobalt oxides and hydroxides; commercial cobalt oxides,4,FALSE,C00,TOTAL CPC,0,0,TOTAL MOT,8,kg,2701,FALSE,8,kg,2701,FALSE,2701,FALSE,0,FALSE,50789.453,,50789.453,0,FALSE,TRUE
C,A,20240101,2024,52,2024,276,DEU,Germany,M,Import,380,ITA,Italy,0,W00,World,H6,HS,TRUE,2822,Cobalt oxides and hydroxides; commercial cobalt oxides,4,FALSE,C00,TOTAL CPC,0,0,TOTAL MOT,8,kg,32400,FALSE,8,kg,32400,FALSE,32400,FALSE,0,FALSE,540107.259,,540107.259,0,FALSE,TRUE
C,A,20240101,2024,52,2024,276,DEU,Germany,M,Import,392,JPN,Japan,0,W00,World,H6,HS,TRUE,2822,Cobalt oxides and hydroxides; commercial cobalt oxides,4,FALSE,C00,TOTAL CPC,0,0,TOTAL MOT,8,kg,41,FALSE,8,kg,41,FALSE,41,FALSE,0,FALSE,20173.689,,20173.689,0,FALSE,TRUE
C,A,20240101,2024,52,2024,276,DEU,Germany,M,Import,579,NOR,Norway,0,W00,World,H6,HS,TRUE,2822,Cobalt oxides and hydroxides; commercial cobalt oxides,4,FALSE,C00,TOTAL CPC,0,0,TOTAL MOT,8,kg,12,FALSE,8,kg,12,FALSE,12,FALSE,0,FALSE,13577.316,,13577.316,0,FALSE,TRUE
C,A,20240101,2024,52,2024,276,DEU,Germany,M,Import,699,IND,India,0,W00,World,H6,HS,TRUE,2822,Cobalt oxides and hydroxides; commercial cobalt oxides,4,FALSE,C00,TOTAL CPC,0,0,TOTAL MOT,8,kg,29.512,TRUE,-1,N/A,0,FALSE,29.512,TRUE,0,FALSE,645.491,,645.491,6,FALSE,TRUE
C,A,20240101,2024,52,2024,276,DEU,Germany,M,Import,724,ESP,Spain,0,W00,World,H6,HS,TRUE,2822,Cobalt oxides and hydroxides; commercial cobalt oxides,4,FALSE,C00,TOTAL CPC,0,0,TOTAL MOT,8,kg,23162.432,TRUE,-1,N/A,0,FALSE,23162.432,TRUE,0,FALSE,481037.497,,481037.497,6,FALSE,TRUE
C,A,20240101,2024,52,2024,276,DEU,Germany,M,Import,826,GBR,United Kingdom,0,W00,World,H6,HS,TRUE,2822,Cobalt oxides and hydroxides; commercial cobalt oxides,4,FALSE,C00,TOTAL CPC,0,0,TOTAL MOT,8,kg,62.426,TRUE,-1,N/A,0,FALSE,62.426,TRUE,0,FALSE,14396.755,,14396.755,6,FALSE,TRUE
C,A,20240101,2024,52,2024,276,DEU,Germany,M,Import,842,USA,USA,0,W00,World,H6,HS,TRUE,2822,Cobalt oxides and hydroxides; commercial cobalt oxides,4,FALSE,C00,TOTAL CPC,0,0,TOTAL MOT,8,kg,134.12,TRUE,-1,N/A,0,FALSE,134.12,TRUE,0,FALSE,11321.242,,11321.242,6,FALSE,TRUE
C,A,20240101,2024,52,2024,276,DEU,Germany,M,Import,0,W00,World,0,W00,World,H6,HS,TRUE,2504,Graphite; natural,4,FALSE,C00,TOTAL CPC,0,0,TOTAL MOT,8,kg,54517345.69,TRUE,-1,N/A,0,FALSE,54517345.69,TRUE,0,FALSE,70758942.43,,70758942.43,6,FALSE,TRUE
C,A,20240101,2024,52,2024,276,DEU,Germany,M,Import,36,AUS,Australia,0,W00,World,H6,HS,TRUE,2504,Graphite; natural,4,FALSE,C00,TOTAL CPC,0,0,TOTAL MOT,8,kg,49.849,TRUE,-1,N/A,0,FALSE,49.849,TRUE,0,FALSE,660.161,,660.161,6,FALSE,TRUE
C,A,20240101,2024,52,2024,276,DEU,Germany,M,Import,40,AUT,Austria,0,W00,World,H6,HS,TRUE,2504,Graphite; natural,4,FALSE,C00,TOTAL CPC,0,0,TOTAL MOT,8,kg,908275,FALSE,8,kg,908275,FALSE,908275,FALSE,0,FALSE,1793658.116,,1793658.116,0,FALSE,TRUE
C,A,20240101,2024,52,2024,276,DEU,Germany,M,Import,56,BEL,Belgium,0,W00,World,H6,HS,TRUE,2504,Graphite; natural,4,FALSE,C00,TOTAL CPC,0,0,TOTAL MOT,8,kg,563366.943,TRUE,-1,N/A,0,FALSE,563366.943,TRUE,0,FALSE,552773.972,,552773.972,6,FALSE,TRUE
C,A,20240101,2024,52,2024,276,DEU,Germany,M,Import,76,BRA,Brazil,0,W00,World,H6,HS,TRUE,2504,Graphite; natural,4,FALSE,C00,TOTAL CPC,0,0,TOTAL MOT,8,kg,3504857,FALSE,8,kg,3504857,FALSE,3504857,FALSE,0,FALSE,7747593.749,,7747593.749,0,FALSE,TRUE
C,A,20240101,2024,52,2024,276,DEU,Germany,M,Import,124,CAN,Canada,0,W00,World,H6,HS,TRUE,2504,Graphite; natural,4,FALSE,C00,TOTAL CPC,0,0,TOTAL MOT,8,kg,787274,FALSE,8,kg,787274,FALSE,787274,FALSE,0,FALSE,613172.439,,613172.439,0,FALSE,TRUE
C,A,20240101,2024,52,2024,276,DEU,Germany,M,Import,144,LKA,Sri Lanka,0,W00,World,H6,HS,TRUE,2504,Graphite; natural,4,FALSE,C00,TOTAL CPC,0,0,TOTAL MOT,8,kg,274517,FALSE,8,kg,274517,FALSE,274517,FALSE,0,FALSE,527130.375,,527130.375,0,FALSE,TRUE
C,A,20240101,2024,52,2024,276,DEU,Germany,M,Import,156,CHN,China,0,W00,World,H6,HS,TRUE,2504,Graphite; natural,4,FALSE,C00,TOTAL CPC,0,0,TOTAL MOT,8,kg,19403855.55,TRUE,-1,N/A,0,FALSE,19403855.55,TRUE,0,FALSE,32688394.61,,32688394.61,6,FALSE,TRUE
C,A,20240101,2024,52,2024,276,DEU,Germany,M,Import,203,CZE,Czechia,0,W00,World,H6,HS,TRUE,2504,Graphite; natural,4,FALSE,C00,TOTAL CPC,0,0,TOTAL MOT,8,kg,742052.637,TRUE,-1,N/A,0,FALSE,742052.637,TRUE,0,FALSE,886396.415,,886396.415,6,FALSE,TRUE
C,A,20240101,2024,52,2024,276,DEU,Germany,M,Import,251,FRA,France,0,W00,World,H6,HS,TRUE,2504,Graphite; natural,4,FALSE,C00,TOTAL CPC,0,0,TOTAL MOT,8,kg,122827,FALSE,8,kg,122827,FALSE,122827,FALSE,0,FALSE,303337.807,,303337.807,0,FALSE,TRUE
C,A,20240101,2024,52,2024,276,DEU,Germany,M,Import,380,ITA,Italy,0,W00,World,H6,HS,TRUE,2504,Graphite; natural,4,FALSE,C00,TOTAL CPC,0,0,TOTAL MOT,8,kg,57500.202,TRUE,-1,N/A,0,FALSE,57500.202,TRUE,0,FALSE,45550.078,,45550.078,6,FALSE,TRUE
C,A,20240101,2024,52,2024,276,DEU,Germany,M,Import,392,JPN,Japan,0,W00,World,H6,HS,TRUE,2504,Graphite; natural,4,FALSE,C00,TOTAL CPC,0,0,TOTAL MOT,8,kg,47995,FALSE,8,kg,47995,FALSE,47995,FALSE,0,FALSE,1023378.826,,1023378.826,0,FALSE,TRUE
C,A,20240101,2024,52,2024,276,DEU,Germany,M,Import,410,KOR,Rep. of Korea,0,W00,World,H6,HS,TRUE,2504,Graphite; natural,4,FALSE,C00,TOTAL CPC,0,0,TOTAL MOT,8,kg,94.146,TRUE,-1,N/A,0,FALSE,94.146,TRUE,0,FALSE,1711.18,,1711.18,6,FALSE,TRUE
C,A,20240101,2024,52,2024,276,DEU,Germany,M,Import,450,MDG,Madagascar,0,W00,World,H6,HS,TRUE,2504,Graphite; natural,4,FALSE,C00,TOTAL CPC,0,0,TOTAL MOT,8,kg,13446045,FALSE,8,kg,13446045,FALSE,13446045,FALSE,0,FALSE,9719143.317,,9719143.317,0,FALSE,TRUE
C,A,20240101,2024,52,2024,276,DEU,Germany,M,Import,484,MEX,Mexico,0,W00,World,H6,HS,TRUE,2504,Graphite; natural,4,FALSE,C00,TOTAL CPC,0,0,TOTAL MOT,8,kg,25443,FALSE,8,kg,25443,FALSE,25443,FALSE,0,FALSE,54649.825,,54649.825,0,FALSE,TRUE
C,A,20240101,2024,52,2024,276,DEU,Germany,M,Import,490,S19,"Other Asia, nes",0,W00,World,H6,HS,TRUE,2504,Graphite; natural,4,FALSE,C00,TOTAL CPC,0,0,TOTAL MOT,8,kg,9,FALSE,8,kg,9,FALSE,9,FALSE,0,FALSE,629.773,,629.773,0,FALSE,TRUE
C,A,20240101,2024,52,2024,276,DEU,Germany,M,Import,504,MAR,Morocco,0,W00,World,H6,HS,TRUE,2504,Graphite; natural,4,FALSE,C00,TOTAL CPC,0,0,TOTAL MOT,8,kg,80,FALSE,8,kg,80,FALSE,80,FALSE,0,FALSE,104.787,,104.787,0,FALSE,TRUE
C,A,20240101,2024,52,2024,276,DEU,Germany,M,Import,508,MOZ,Mozambique,0,W00,World,H6,HS,TRUE,2504,Graphite; natural,4,FALSE,C00,TOTAL CPC,0,0,TOTAL MOT,8,kg,8564000,FALSE,8,kg,8564000,FALSE,8564000,FALSE,0,FALSE,5882469.51,,5882469.51,0,FALSE,TRUE
C,A,20240101,2024,52,2024,276,DEU,Germany,M,Import,516,NAM,Namibia,0,W00,World,H6,HS,TRUE,2504,Graphite; natural,4,FALSE,C00,TOTAL CPC,0,0,TOTAL MOT,8,kg,49407,FALSE,8,kg,49407,FALSE,49407,FALSE,0,FALSE,17479.603,,17479.603,0,FALSE,TRUE
C,A,20240101,2024,52,2024,276,DEU,Germany,M,Import,528,NLD,Netherlands,0,W00,World,H6,HS,TRUE,2504,Graphite; natural,4,FALSE,C00,TOTAL CPC,0,0,TOTAL MOT,8,kg,1395079,FALSE,8,kg,1395079,FALSE,1395079,FALSE,0,FALSE,2547137.874,,2547137.874,0,FALSE,TRUE
C,A,20240101,2024,52,2024,276,DEU,Germany,M,Import,554,NZL,New Zealand,0,W00,World,H6,HS,TRUE,2504,Graphite; natural,4,FALSE,C00,TOTAL CPC,0,0,TOTAL MOT,8,kg,344,FALSE,8,kg,344,FALSE,344,FALSE,0,FALSE,1520.467,,1520.467,0,FALSE,TRUE
C,A,20240101,2024,52,2024,276,DEU,Germany,M,Import,579,NOR,Norway,0,W00,World,H6,HS,TRUE,2504,Graphite; natural,4,FALSE,C00,TOTAL CPC,0,0,TOTAL MOT,8,kg,3316241.879,TRUE,-1,N/A,0,FALSE,3316241.879,TRUE,0,FALSE,3850365.342,,3850365.342,6,FALSE,TRUE
C,A,20240101,2024,52,2024,276,DEU,Germany,M,Import,616,POL,Poland,0,W00,World,H6,HS,TRUE,2504,Graphite; natural,4,FALSE,C00,TOTAL CPC,0,0,TOTAL MOT,8,kg,10689,FALSE,8,kg,10689,FALSE,10689,FALSE,0,FALSE,22912.835,,22912.835,0,FALSE,TRUE
C,A,20240101,2024,52,2024,276,DEU,Germany,M,Import,642,ROU,Romania,0,W00,World,H6,HS,TRUE,2504,Graphite; natural,4,FALSE,C00,TOTAL CPC,0,0,TOTAL MOT,8,kg,9725,FALSE,8,kg,9725,FALSE,9725,FALSE,0,FALSE,17485.89,,17485.89,0,FALSE,TRUE
C,A,20240101,2024,52,2024,276,DEU,Germany,M,Import,688,SRB,Serbia,0,W00,World,H6,HS,TRUE,2504,Graphite; natural,4,FALSE,C00,TOTAL CPC,0,0,TOTAL MOT,8,kg,36.852,TRUE,-1,N/A,0,FALSE,36.852,TRUE,0,FALSE,39.819,,39.819,6,FALSE,TRUE
C,A,20240101,2024,52,2024,276,DEU,Germany,M,Import,699,IND,India,0,W00,World,H6,HS,TRUE,2504,Graphite; natural,4,FALSE,C00,TOTAL CPC,0,0,TOTAL MOT,8,kg,14319,FALSE,8,kg,14319,FALSE,14319,FALSE,0,FALSE,56938.384,,56938.384,0,FALSE,TRUE
C,A,20240101,2024,52,2024,276,DEU,Germany,M,Import,705,SVN,Slovenia,0,W00,World,H6,HS,TRUE,2504,Graphite; natural,4,FALSE,C00,TOTAL CPC,0,0,TOTAL MOT,8,kg,40000,FALSE,8,kg,40000,FALSE,40000,FALSE,0,FALSE,46106.5,,46106.5,0,FALSE,TRUE
C,A,20240101,2024,52,2024,276,DEU,Germany,M,Import,724,ESP,Spain,0,W00,World,H6,HS,TRUE,2504,Graphite; natural,4,FALSE,C00,TOTAL CPC,0,0,TOTAL MOT,8,kg,52350,FALSE,8,kg,52350,FALSE,52350,FALSE,0,FALSE,70236.965,,70236.965,0,FALSE,TRUE
C,A,20240101,2024,52,2024,276,DEU,Germany,M,Import,729,SDN,Sudan,0,W00,World,H6,HS,TRUE,2504,Graphite; natural,4,FALSE,C00,TOTAL CPC,0,0,TOTAL MOT,8,kg,1,FALSE,8,kg,1,FALSE,1,FALSE,0,FALSE,29.34,,29.34,0,FALSE,TRUE
C,A,20240101,2024,52,2024,276,DEU,Germany,M,Import,752,SWE,Sweden,0,W00,World,H6,HS,TRUE,2504,Graphite; natural,4,FALSE,C00,TOTAL CPC,0,0,TOTAL MOT,8,kg,100,FALSE,8,kg,100,FALSE,100,FALSE,0,FALSE,607.767,,607.767,0,FALSE,TRUE
C,A,20240101,2024,52,2024,276,DEU,Germany,M,Import,757,CHE,Switzerland,0,W00,World,H6,HS,TRUE,2504,Graphite; natural,4,FALSE,C00,TOTAL CPC,0,0,TOTAL MOT,8,kg,22,FALSE,8,kg,22,FALSE,22,FALSE,0,FALSE,104.787,,104.787,0,FALSE,TRUE
C,A,20240101,2024,52,2024,276,DEU,Germany,M,Import,792,TUR,Türkiye,0,W00,World,H6,HS,TRUE,2504,Graphite; natural,4,FALSE,C00,TOTAL CPC,0,0,TOTAL MOT,8,kg,844635.762,TRUE,-1,N/A,0,FALSE,844635.762,TRUE,0,FALSE,426393.96,,426393.96,6,FALSE,TRUE
C,A,20240101,2024,52,2024,276,DEU,Germany,M,Import,804,UKR,Ukraine,0,W00,World,H6,HS,TRUE,2504,Graphite; natural,4,FALSE,C00,TOTAL CPC,0,0,TOTAL MOT,8,kg,49940,FALSE,8,kg,49940,FALSE,49940,FALSE,0,FALSE,35606.792,,35606.792,0,FALSE,TRUE
C,A,20240101,2024,52,2024,276,DEU,Germany,M,Import,826,GBR,United Kingdom,0,W00,World,H6,HS,TRUE,2504,Graphite; natural,4,FALSE,C00,TOTAL CPC,0,0,TOTAL MOT,8,kg,122355.225,TRUE,-1,N/A,0,FALSE,122355.225,TRUE,0,FALSE,190672.383,,190672.383,6,FALSE,TRUE
C,A,20240101,2024,52,2024,276,DEU,Germany,M,Import,834,TZA,United Rep. of Tanzania,0,W00,World,H6,HS,TRUE,2504,Graphite; natural,4,FALSE,C00,TOTAL CPC,0,0,TOTAL MOT,8,kg,398,FALSE,8,kg,398,FALSE,398,FALSE,0,FALSE,518.698,,518.698,0,FALSE,TRUE
C,A,20240101,2024,52,2024,276,DEU,Germany,M,Import,842,USA,USA,0,W00,World,H6,HS,TRUE,2504,Graphite; natural,4,FALSE,C00,TOTAL CPC,0,0,TOTAL MOT,8,kg,163460.645,TRUE,-1,N/A,0,FALSE,163460.645,TRUE,0,FALSE,1634030.078,,1634030.078,6,FALSE,TRUE
C,A,20240101,2024,52,2024,276,DEU,Germany,M,Import,0,W00,World,0,W00,World,H6,HS,TRUE,2519,"Natural magnesium carbonate (magnesite); fused magnesia; dead-burned (sintered) magnesia, whether or not containing small quantities of other oxides added before sintering; magnesium oxide, pure or not",4,FALSE,C00,TOTAL CPC,0,0,TOTAL MOT,8,kg,353859250.5,TRUE,-1,N/A,0,FALSE,353859250.5,TRUE,0,FALSE,160748318.1,,160748318.1,6,FALSE,TRUE
C,A,20240101,2024,52,2024,276,DEU,Germany,M,Import,36,AUS,Australia,0,W00,World,H6,HS,TRUE,2519,"Natural magnesium carbonate (magnesite); fused magnesia; dead-burned (sintered) magnesia, whether or not containing small quantities of other oxides added before sintering; magnesium oxide, pure or not",4,FALSE,C00,TOTAL CPC,0,0,TOTAL MOT,8,kg,4196.225,TRUE,-1,N/A,0,FALSE,4196.225,TRUE,0,FALSE,2352.479,,2352.479,6,FALSE,TRUE
C,A,20240101,2024,52,2024,276,DEU,Germany,M,Import,40,AUT,Austria,0,W00,World,H6,HS,TRUE,2519,"Natural magnesium carbonate (magnesite); fused magnesia; dead-burned (sintered) magnesia, whether or not containing small quantities of other oxides added before sintering; magnesium oxide, pure or not",4,FALSE,C00,TOTAL CPC,0,0,TOTAL MOT,8,kg,29912747,FALSE,8,kg,29912747,FALSE,29912747,FALSE,0,FALSE,12898277.66,,12898277.66,0,FALSE,TRUE
C,A,20240101,2024,52,2024,276,DEU,Germany,M,Import,56,BEL,Belgium,0,W00,World,H6,HS,TRUE,2519,"Natural magnesium carbonate (magnesite); fused magnesia; dead-burned (sintered) magnesia, whether or not containing small quantities of other oxides added before sintering; magnesium oxide, pure or not",4,FALSE,C00,TOTAL CPC,0,0,TOTAL MOT,8,kg,422772,FALSE,8,kg,422772,FALSE,422772,FALSE,0,FALSE,221291.29,,221291.29,0,FALSE,TRUE
C,A,20240101,2024,52,2024,276,DEU,Germany,M,Import,76,BRA,Brazil,0,W00,World,H6,HS,TRUE,2519,"Natural magnesium carbonate (magnesite); fused magnesia; dead-burned (sintered) magnesia, whether or not containing small quantities of other oxides added before sintering; magnesium oxide, pure or not",4,FALSE,C00,TOTAL CPC,0,0,TOTAL MOT,8,kg,18549812,FALSE,8,kg,18549812,FALSE,18549812,FALSE,0,FALSE,7530690.959,,7530690.959,0,FALSE,TRUE
C,A,20240101,2024,52,2024,276,DEU,Germany,M,Import,100,BGR,Bulgaria,0,W00,World,H6,HS,TRUE,2519,"Natural magnesium carbonate (magnesite); fused magnesia; dead-burned (sintered) magnesia, whether or not containing small quantities of other oxides added before sintering; magnesium oxide, pure or not",4,FALSE,C00,TOTAL CPC,0,0,TOTAL MOT,8,kg,131.586,TRUE,-1,N/A,0,FALSE,131.586,TRUE,0,FALSE,59.729,,59.729,6,FALSE,TRUE
C,A,20240101,2024,52,2024,276,DEU,Germany,M,Import,124,CAN,Canada,0,W00,World,H6,HS,TRUE,2519,"Natural magnesium carbonate (magnesite); fused magnesia; dead-burned (sintered) magnesia, whether or not containing small quantities of other oxides added before sintering; magnesium oxide, pure or not",4,FALSE,C00,TOTAL CPC,0,0,TOTAL MOT,8,kg,166.214,TRUE,-1,N/A,0,FALSE,166.214,TRUE,0,FALSE,75.447,,75.447,6,FALSE,TRUE
C,A,20240101,2024,52,2024,276,DEU,Germany,M,Import,156,CHN,China,0,W00,World,H6,HS,TRUE,2519,"Natural magnesium carbonate (magnesite); fused magnesia; dead-burned (sintered) magnesia, whether or not containing small quantities of other oxides added before sintering; magnesium oxide, pure or not",4,FALSE,C00,TOTAL CPC,0,0,TOTAL MOT,8,kg,175607274.3,TRUE,-1,N/A,0,FALSE,175607274.3,TRUE,0,FALSE,62057319.27,,62057319.27,6,FALSE,TRUE
C,A,20240101,2024,52,2024,276,DEU,Germany,M,Import,203,CZE,Czechia,0,W00,World,H6,HS,TRUE,2519,"Natural magnesium carbonate (magnesite); fused magnesia; dead-burned (sintered) magnesia, whether or not containing small quantities of other oxides added before sintering; magnesium oxide, pure or not",4,FALSE,C00,TOTAL CPC,0,0,TOTAL MOT,8,kg,56689,FALSE,8,kg,56689,FALSE,56689,FALSE,0,FALSE,45202.184,,45202.184,0,FALSE,TRUE
C,A,20240101,2024,52,2024,276,DEU,Germany,M,Import,208,DNK,Denmark,0,W00,World,H6,HS,TRUE,2519,"Natural magnesium carbonate (magnesite); fused magnesia; dead-burned (sintered) magnesia, whether or not containing small quantities of other oxides added before sintering; magnesium oxide, pure or not",4,FALSE,C00,TOTAL CPC,0,0,TOTAL MOT,8,kg,149062,FALSE,8,kg,149062,FALSE,149062,FALSE,0,FALSE,70064.066,,70064.066,0,FALSE,TRUE
C,A,20240101,2024,52,2024,276,DEU,Germany,M,Import,251,FRA,France,0,W00,World,H6,HS,TRUE,2519,"Natural magnesium carbonate (magnesite); fused magnesia; dead-burned (sintered) magnesia, whether or not containing small quantities of other oxides added before sintering; magnesium oxide, pure or not",4,FALSE,C00,TOTAL CPC,0,0,TOTAL MOT,8,kg,4201184.162,TRUE,-1,N/A,0,FALSE,4201184.162,TRUE,0,FALSE,3231471.505,,3231471.505,6,FALSE,TRUE
C,A,20240101,2024,52,2024,276,DEU,Germany,M,Import,300,GRC,Greece,0,W00,World,H6,HS,TRUE,2519,"Natural magnesium carbonate (magnesite); fused magnesia; dead-burned (sintered) magnesia, whether or not containing small quantities of other oxides added before sintering; magnesium oxide, pure or not",4,FALSE,C00,TOTAL CPC,0,0,TOTAL MOT,8,kg,693545,FALSE,8,kg,693545,FALSE,693545,FALSE,0,FALSE,471764.852,,471764.852,0,FALSE,TRUE
C,A,20240101,2024,52,2024,276,DEU,Germany,M,Import,344,HKG,"China, Hong Kong SAR",0,W00,World,H6,HS,TRUE,2519,"Natural magnesium carbonate (magnesite); fused magnesia; dead-burned (sintered) magnesia, whether or not containing small quantities of other oxides added before sintering; magnesium oxide, pure or not",4,FALSE,C00,TOTAL CPC,0,0,TOTAL MOT,8,kg,4000,FALSE,8,kg,4000,FALSE,4000,FALSE,0,FALSE,9437.162,,9437.162,0,FALSE,TRUE
C,A,20240101,2024,52,2024,276,DEU,Germany,M,Import,348,HUN,Hungary,0,W00,World,H6,HS,TRUE,2519,"Natural magnesium carbonate (magnesite); fused magnesia; dead-burned (sintered) magnesia, whether or not containing small quantities of other oxides added before sintering; magnesium oxide, pure or not",4,FALSE,C00,TOTAL CPC,0,0,TOTAL MOT,8,kg,13527,FALSE,8,kg,13527,FALSE,13527,FALSE,0,FALSE,7639.009,,7639.009,0,FALSE,TRUE
C,A,20240101,2024,52,2024,276,DEU,Germany,M,Import,376,ISR,Israel,0,W00,World,H6,HS,TRUE,2519,"Natural magnesium carbonate (magnesite); fused magnesia; dead-burned (sintered) magnesia, whether or not containing small quantities of other oxides added before sintering; magnesium oxide, pure or not",4,FALSE,C00,TOTAL CPC,0,0,TOTAL MOT,8,kg,2275242.309,TRUE,-1,N/A,0,FALSE,2275242.309,TRUE,0,FALSE,7409425.625,,7409425.625,6,FALSE,TRUE
C,A,20240101,2024,52,2024,276,DEU,Germany,M,Import,380,ITA,Italy,0,W00,World,H6,HS,TRUE,2519,"Natural magnesium carbonate (magnesite); fused magnesia; dead-burned (sintered) magnesia, whether or not containing small quantities of other oxides added before sintering; magnesium oxide, pure or not",4,FALSE,C00,TOTAL CPC,0,0,TOTAL MOT,8,kg,206718,FALSE,8,kg,206718,FALSE,206718,FALSE,0,FALSE,70559.711,,70559.711,0,FALSE,TRUE
C,A,20240101,2024,52,2024,276,DEU,Germany,M,Import,392,JPN,Japan,0,W00,World,H6,HS,TRUE,2519,"Natural magnesium carbonate (magnesite); fused magnesia; dead-burned (sintered) magnesia, whether or not containing small quantities of other oxides added before sintering; magnesium oxide, pure or not",4,FALSE,C00,TOTAL CPC,0,0,TOTAL MOT,8,kg,4253507.468,TRUE,-1,N/A,0,FALSE,4253507.468,TRUE,0,FALSE,6517365.446,,6517365.446,6,FALSE,TRUE
C,A,20240101,2024,52,2024,276,DEU,Germany,M,Import,410,KOR,Rep. of Korea,0,W00,World,H6,HS,TRUE,2519,"Natural magnesium carbonate (magnesite); fused magnesia; dead-burned (sintered) magnesia, whether or not containing small quantities of other oxides added before sintering; magnesium oxide, pure or not",4,FALSE,C00,TOTAL CPC,0,0,TOTAL MOT,8,kg,80029,FALSE,8,kg,80029,FALSE,80029,FALSE,0,FALSE,90003.032,,90003.032,0,FALSE,TRUE
C,A,20240101,2024,52,2024,276,DEU,Germany,M,Import,442,LUX,Luxembourg,0,W00,World,H6,HS,TRUE,2519,"Natural magnesium carbonate (magnesite); fused magnesia; dead-burned (sintered) magnesia, whether or not containing small quantities of other oxides added before sintering; magnesium oxide, pure or not",4,FALSE,C00,TOTAL CPC,0,0,TOTAL MOT,8,kg,4000,FALSE,8,kg,4000,FALSE,4000,FALSE,0,FALSE,2508.613,,2508.613,0,FALSE,TRUE
C,A,20240101,2024,52,2024,276,DEU,Germany,M,Import,484,MEX,Mexico,0,W00,World,H6,HS,TRUE,2519,"Natural magnesium carbonate (magnesite); fused magnesia; dead-burned (sintered) magnesia, whether or not containing small quantities of other oxides added before sintering; magnesium oxide, pure or not",4,FALSE,C00,TOTAL CPC,0,0,TOTAL MOT,8,kg,2885347.617,TRUE,-1,N/A,0,FALSE,2885347.617,TRUE,0,FALSE,2161337.544,,2161337.544,6,FALSE,TRUE
C,A,20240101,2024,52,2024,276,DEU,Germany,M,Import,490,S19,"Other Asia, nes",0,W00,World,H6,HS,TRUE,2519,"Natural magnesium carbonate (magnesite); fused magnesia; dead-burned (sintered) magnesia, whether or not containing small quantities of other oxides added before sintering; magnesium oxide, pure or not",4,FALSE,C00,TOTAL CPC,0,0,TOTAL MOT,8,kg,3400,FALSE,8,kg,3400,FALSE,3400,FALSE,0,FALSE,52668.293,,52668.293,0,FALSE,TRUE
C,A,20240101,2024,52,2024,276,DEU,Germany,M,Import,528,NLD,Netherlands,0,W00,World,H6,HS,TRUE,2519,"Natural magnesium carbonate (magnesite); fused magnesia; dead-burned (sintered) magnesia, whether or not containing small quantities of other oxides added before sintering; magnesium oxide, pure or not",4,FALSE,C00,TOTAL CPC,0,0,TOTAL MOT,8,kg,33625580,FALSE,8,kg,33625580,FALSE,33625580,FALSE,0,FALSE,22788190.02,,22788190.02,0,FALSE,TRUE
C,A,20240101,2024,52,2024,276,DEU,Germany,M,Import,616,POL,Poland,0,W00,World,H6,HS,TRUE,2519,"Natural magnesium carbonate (magnesite); fused magnesia; dead-burned (sintered) magnesia, whether or not containing small quantities of other oxides added before sintering; magnesium oxide, pure or not",4,FALSE,C00,TOTAL CPC,0,0,TOTAL MOT,8,kg,290889,FALSE,8,kg,290889,FALSE,290889,FALSE,0,FALSE,129018.561,,129018.561,0,FALSE,TRUE
C,A,20240101,2024,52,2024,276,DEU,Germany,M,Import,643,RUS,Russian Federation,0,W00,World,H6,HS,TRUE,2519,"Natural magnesium carbonate (magnesite); fused magnesia; dead-burned (sintered) magnesia, whether or not containing small quantities of other oxides added before sintering; magnesium oxide, pure or not",4,FALSE,C00,TOTAL CPC,0,0,TOTAL MOT,8,kg,19433630.31,TRUE,-1,N/A,0,FALSE,19433630.31,TRUE,0,FALSE,4902390.974,,4902390.974,6,FALSE,TRUE
C,A,20240101,2024,52,2024,276,DEU,Germany,M,Import,682,SAU,Saudi Arabia,0,W00,World,H6,HS,TRUE,2519,"Natural magnesium carbonate (magnesite); fused magnesia; dead-burned (sintered) magnesia, whether or not containing small quantities of other oxides added before sintering; magnesium oxide, pure or not",4,FALSE,C00,TOTAL CPC,0,0,TOTAL MOT,8,kg,12985907,FALSE,8,kg,12985907,FALSE,12985907,FALSE,0,FALSE,5479178.05,,5479178.05,0,FALSE,TRUE
C,A,20240101,2024,52,2024,276,DEU,Germany,M,Import,688,SRB,Serbia,0,W00,World,H6,HS,TRUE,2519,"Natural magnesium carbonate (magnesite); fused magnesia; dead-burned (sintered) magnesia, whether or not containing small quantities of other oxides added before sintering; magnesium oxide, pure or not",4,FALSE,C00,TOTAL CPC,0,0,TOTAL MOT,8,kg,3400,FALSE,8,kg,3400,FALSE,3400,FALSE,0,FALSE,6034.712,,6034.712,0,FALSE,TRUE
C,A,20240101,2024,52,2024,276,DEU,Germany,M,Import,699,IND,India,0,W00,World,H6,HS,TRUE,2519,"Natural magnesium carbonate (magnesite); fused magnesia; dead-burned (sintered) magnesia, whether or not containing small quantities of other oxides added before sintering; magnesium oxide, pure or not",4,FALSE,C00,TOTAL CPC,0,0,TOTAL MOT,8,kg,2470.628,TRUE,-1,N/A,0,FALSE,2470.628,TRUE,0,FALSE,3475.801,,3475.801,6,FALSE,TRUE
C,A,20240101,2024,52,2024,276,DEU,Germany,M,Import,703,SVK,Slovakia,0,W00,World,H6,HS,TRUE,2519,"Natural magnesium carbonate (magnesite); fused magnesia; dead-burned (sintered) magnesia, whether or not containing small quantities of other oxides added before sintering; magnesium oxide, pure or not",4,FALSE,C00,TOTAL CPC,0,0,TOTAL MOT,8,kg,6909650,FALSE,8,kg,6909650,FALSE,6909650,FALSE,0,FALSE,4229330.383,,4229330.383,0,FALSE,TRUE
C,A,20240101,2024,52,2024,276,DEU,Germany,M,Import,724,ESP,Spain,0,W00,World,H6,HS,TRUE,2519,"Natural magnesium carbonate (magnesite); fused magnesia; dead-burned (sintered) magnesia, whether or not containing small quantities of other oxides added before sintering; magnesium oxide, pure or not",4,FALSE,C00,TOTAL CPC,0,0,TOTAL MOT,8,kg,14080829.78,TRUE,-1,N/A,0,FALSE,14080829.78,TRUE,0,FALSE,5542811.307,,5542811.307,6,FALSE,TRUE
C,A,20240101,2024,52,2024,276,DEU,Germany,M,Import,752,SWE,Sweden,0,W00,World,H6,HS,TRUE,2519,"Natural magnesium carbonate (magnesite); fused magnesia; dead-burned (sintered) magnesia, whether or not containing small quantities of other oxides added before sintering; magnesium oxide, pure or not",4,FALSE,C00,TOTAL CPC,0,0,TOTAL MOT,8,kg,514,FALSE,8,kg,514,FALSE,514,FALSE,0,FALSE,325.889,,325.889,0,FALSE,TRUE
C,A,20240101,2024,52,2024,276,DEU,Germany,M,Import,757,CHE,Switzerland,0,W00,World,H6,HS,TRUE,2519,"Natural magnesium carbonate (magnesite); fused magnesia; dead-burned (sintered) magnesia, whether or not containing small quantities of other oxides added before sintering; magnesium oxide, pure or not",4,FALSE,C00,TOTAL CPC,0,0,TOTAL MOT,8,kg,44202.661,TRUE,-1,N/A,0,FALSE,44202.661,TRUE,0,FALSE,43582.169,,43582.169,6,FALSE,TRUE
C,A,20240101,2024,52,2024,276,DEU,Germany,M,Import,792,TUR,Türkiye,0,W00,World,H6,HS,TRUE,2519,"Natural magnesium carbonate (magnesite); fused magnesia; dead-burned (sintered) magnesia, whether or not containing small quantities of other oxides added before sintering; magnesium oxide, pure or not",4,FALSE,C00,TOTAL CPC,0,0,TOTAL MOT,8,kg,23804037,FALSE,8,kg,23804037,FALSE,23804037,FALSE,0,FALSE,8224202.927,,8224202.927,0,FALSE,TRUE
C,A,20240101,2024,52,2024,276,DEU,Germany,M,Import,826,GBR,United Kingdom,0,W00,World,H6,HS,TRUE,2519,"Natural magnesium carbonate (magnesite); fused magnesia; dead-burned (sintered) magnesia, whether or not containing small quantities of other oxides added before sintering; magnesium oxide, pure or not",4,FALSE,C00,TOTAL CPC,0,0,TOTAL MOT,8,kg,933100.053,TRUE,-1,N/A,0,FALSE,933100.053,TRUE,0,FALSE,2985947.057,,2985947.057,6,FALSE,TRUE
C,A,20240101,2024,52,2024,276,DEU,Germany,M,Import,842,USA,USA,0,W00,World,H6,HS,TRUE,2519,"Natural magnesium carbonate (magnesite); fused magnesia; dead-burned (sintered) magnesia, whether or not containing small quantities of other oxides added before sintering; magnesium oxide, pure or not",4,FALSE,C00,TOTAL CPC,0,0,TOTAL MOT,8,kg,2421689.225,TRUE,-1,N/A,0,FALSE,2421689.225,TRUE,0,FALSE,3564316.424,,3564316.424,6,FALSE,TRUE
C,A,20240101,2024,52,2024,276,DEU,Germany,M,Import,0,W00,World,0,W00,World,H6,HS,TRUE,2601,Iron ores and concentrates; including roasted iron pyrites,4,FALSE,C00,TOTAL CPC,0,0,TOTAL MOT,8,kg,35270370095,TRUE,-1,N/A,0,FALSE,35270370095,TRUE,0,FALSE,4098536515,,4098536515,6,FALSE,TRUE
C,A,20240101,2024,52,2024,276,DEU,Germany,M,Import,36,AUS,Australia,0,W00,World,H6,HS,TRUE,2601,Iron ores and concentrates; including roasted iron pyrites,4,FALSE,C00,TOTAL CPC,0,0,TOTAL MOT,8,kg,91065.687,TRUE,-1,N/A,0,FALSE,91065.687,TRUE,0,FALSE,9449.737,,9449.737,6,FALSE,TRUE
C,A,20240101,2024,52,2024,276,DEU,Germany,M,Import,40,AUT,Austria,0,W00,World,H6,HS,TRUE,2601,Iron ores and concentrates; including roasted iron pyrites,4,FALSE,C00,TOTAL CPC,0,0,TOTAL MOT,8,kg,53944,FALSE,8,kg,53944,FALSE,53944,FALSE,0,FALSE,8475.213,,8475.213,0,FALSE,TRUE
C,A,20240101,2024,52,2024,276,DEU,Germany,M,Import,48,BHR,Bahrain,0,W00,World,H6,HS,TRUE,2601,Iron ores and concentrates; including roasted iron pyrites,4,FALSE,C00,TOTAL CPC,0,0,TOTAL MOT,8,kg,24769,FALSE,8,kg,24769,FALSE,24769,FALSE,0,FALSE,3574.302,,3574.302,0,FALSE,TRUE
C,A,20240101,2024,52,2024,276,DEU,Germany,M,Import,76,BRA,Brazil,0,W00,World,H6,HS,TRUE,2601,Iron ores and concentrates; including roasted iron pyrites,4,FALSE,C00,TOTAL CPC,0,0,TOTAL MOT,8,kg,7120620413,FALSE,8,kg,7120620413,FALSE,7120620413,FALSE,0,FALSE,792824547.1,,792824547.1,0,FALSE,TRUE
C,A,20240101,2024,52,2024,276,DEU,Germany,M,Import,124,CAN,Canada,0,W00,World,H6,HS,TRUE,2601,Iron ores and concentrates; including roasted iron pyrites,4,FALSE,C00,TOTAL CPC,0,0,TOTAL MOT,8,kg,11865232164,TRUE,-1,N/A,0,FALSE,11865232164,TRUE,0,FALSE,1442168401,,1442168401,6,FALSE,TRUE
C,A,20240101,2024,52,2024,276,DEU,Germany,M,Import,152,CHL,Chile,0,W00,World,H6,HS,TRUE,2601,Iron ores and concentrates; including roasted iron pyrites,4,FALSE,C00,TOTAL CPC,0,0,TOTAL MOT,8,kg,35864,FALSE,8,kg,35864,FALSE,35864,FALSE,0,FALSE,4446.134,,4446.134,0,FALSE,TRUE
C,A,20240101,2024,52,2024,276,DEU,Germany,M,Import,170,COL,Colombia,0,W00,World,H6,HS,TRUE,2601,Iron ores and concentrates; including roasted iron pyrites,4,FALSE,C00,TOTAL CPC,0,0,TOTAL MOT,8,kg,18890,FALSE,8,kg,18890,FALSE,18890,FALSE,0,FALSE,2165.958,,2165.958,0,FALSE,TRUE
C,A,20240101,2024,52,2024,276,DEU,Germany,M,Import,203,CZE,Czechia,0,W00,World,H6,HS,TRUE,2601,Iron ores and concentrates; including roasted iron pyrites,4,FALSE,C00,TOTAL CPC,0,0,TOTAL MOT,8,kg,4000,FALSE,8,kg,4000,FALSE,4000,FALSE,0,FALSE,2120.899,,2120.899,0,FALSE,TRUE
C,A,20240101,2024,52,2024,276,DEU,Germany,M,Import,246,FIN,Finland,0,W00,World,H6,HS,TRUE,2601,Iron ores and concentrates; including roasted iron pyrites,4,FALSE,C00,TOTAL CPC,0,0,TOTAL MOT,8,kg,12387100,FALSE,8,kg,12387100,FALSE,12387100,FALSE,0,FALSE,1353166.046,,1353166.046,0,FALSE,TRUE
C,A,20240101,2024,52,2024,276,DEU,Germany,M,Import,251,FRA,France,0,W00,World,H6,HS,TRUE,2601,Iron ores and concentrates; including roasted iron pyrites,4,FALSE,C00,TOTAL CPC,0,0,TOTAL MOT,8,kg,318520,FALSE,8,kg,318520,FALSE,318520,FALSE,0,FALSE,189984.977,,189984.977,0,FALSE,TRUE
C,A,20240101,2024,52,2024,276,DEU,Germany,M,Import,364,IRN,Iran,0,W00,World,H6,HS,TRUE,2601,Iron ores and concentrates; including roasted iron pyrites,4,FALSE,C00,TOTAL CPC,0,0,TOTAL MOT,8,kg,107356,FALSE,8,kg,107356,FALSE,107356,FALSE,0,FALSE,58559.446,,58559.446,0,FALSE,TRUE
C,A,20240101,2024,52,2024,276,DEU,Germany,M,Import,380,ITA,Italy,0,W00,World,H6,HS,TRUE,2601,Iron ores and concentrates; including roasted iron pyrites,4,FALSE,C00,TOTAL CPC,0,0,TOTAL MOT,8,kg,3292920,FALSE,8,kg,3292920,FALSE,3292920,FALSE,0,FALSE,131823.723,,131823.723,0,FALSE,TRUE
C,A,20240101,2024,52,2024,276,DEU,Germany,M,Import,392,JPN,Japan,0,W00,World,H6,HS,TRUE,2601,Iron ores and concentrates; including roasted iron pyrites,4,FALSE,C00,TOTAL CPC,0,0,TOTAL MOT,8,kg,505.724,TRUE,-1,N/A,0,FALSE,505.724,TRUE,0,FALSE,52.394,,52.394,6,FALSE,TRUE
C,A,20240101,2024,52,2024,276,DEU,Germany,M,Import,430,LBR,Liberia,0,W00,World,H6,HS,TRUE,2601,Iron ores and concentrates; including roasted iron pyrites,4,FALSE,C00,TOTAL CPC,0,0,TOTAL MOT,8,kg,676307036,FALSE,8,kg,676307036,FALSE,676307036,FALSE,0,FALSE,54758258.98,,54758258.98,0,FALSE,TRUE
C,A,20240101,2024,52,2024,276,DEU,Germany,M,Import,434,LBY,Libya,0,W00,World,H6,HS,TRUE,2601,Iron ores and concentrates; including roasted iron pyrites,4,FALSE,C00,TOTAL CPC,0,0,TOTAL MOT,8,kg,862853,FALSE,8,kg,862853,FALSE,862853,FALSE,0,FALSE,350047.883,,350047.883,0,FALSE,TRUE
C,A,20240101,2024,52,2024,276,DEU,Germany,M,Import,466,MLI,Mali,0,W00,World,H6,HS,TRUE,2601,Iron ores and concentrates; including roasted iron pyrites,4,FALSE,C00,TOTAL CPC,0,0,TOTAL MOT,8,kg,15263,FALSE,8,kg,15263,FALSE,15263,FALSE,0,FALSE,1759.382,,1759.382,0,FALSE,TRUE
C,A,20240101,2024,52,2024,276,DEU,Germany,M,Import,478,MRT,Mauritania,0,W00,World,H6,HS,TRUE,2601,Iron ores and concentrates; including roasted iron pyrites,4,FALSE,C00,TOTAL CPC,0,0,TOTAL MOT,8,kg,652182347.8,TRUE,-1,N/A,0,FALSE,652182347.8,TRUE,0,FALSE,66753704.3,,66753704.3,6,FALSE,TRUE
C,A,20240101,2024,52,2024,276,DEU,Germany,M,Import,484,MEX,Mexico,0,W00,World,H6,HS,TRUE,2601,Iron ores and concentrates; including roasted iron pyrites,4,FALSE,C00,TOTAL CPC,0,0,TOTAL MOT,8,kg,81100000,FALSE,8,kg,81100000,FALSE,81100000,FALSE,0,FALSE,4879714.959,,4879714.959,0,FALSE,TRUE
C,A,20240101,2024,52,2024,276,DEU,Germany,M,Import,516,NAM,Namibia,0,W00,World,H6,HS,TRUE,2601,Iron ores and concentrates; including roasted iron pyrites,4,FALSE,C00,TOTAL CPC,0,0,TOTAL MOT,8,kg,6953,FALSE,8,kg,6953,FALSE,6953,FALSE,0,FALSE,1092.934,,1092.934,0,FALSE,TRUE
C,A,20240101,2024,52,2024,276,DEU,Germany,M,Import,528,NLD,Netherlands,0,W00,World,H6,HS,TRUE,2601,Iron ores and concentrates; including roasted iron pyrites,4,FALSE,C00,TOTAL CPC,0,0,TOTAL MOT,8,kg,19361880,FALSE,8,kg,19361880,FALSE,19361880,FALSE,0,FALSE,2598457.552,,2598457.552,0,FALSE,TRUE
C,A,20240101,2024,52,2024,276,DEU,Germany,M,Import,554,NZL,New Zealand,0,W00,World,H6,HS,TRUE,2601,Iron ores and concentrates; including roasted iron pyrites,4,FALSE,C00,TOTAL CPC,0,0,TOTAL MOT,8,kg,636,FALSE,8,kg,636,FALSE,636,FALSE,0,FALSE,73.351,,73.351,0,FALSE,TRUE
C,A,20240101,2024,52,2024,276,DEU,Germany,M,Import,566,NGA,Nigeria,0,W00,World,H6,HS,TRUE,2601,Iron ores and concentrates; including roasted iron pyrites,4,FALSE,C00,TOTAL CPC,0,0,TOTAL MOT,8,kg,854,FALSE,8,kg,854,FALSE,854,FALSE,0,FALSE,98.5,,98.5,0,FALSE,TRUE
C,A,20240101,2024,52,2024,276,DEU,Germany,M,Import,579,NOR,Norway,0,W00,World,H6,HS,TRUE,2601,Iron ores and concentrates; including roasted iron pyrites,4,FALSE,C00,TOTAL CPC,0,0,TOTAL MOT,8,kg,424127290,FALSE,8,kg,424127290,FALSE,424127290,FALSE,0,FALSE,44302809.53,,44302809.53,0,FALSE,TRUE
C,A,20240101,2024,52,2024,276,DEU,Germany,M,Import,682,SAU,Saudi Arabia,0,W00,World,H6,HS,TRUE,2601,Iron ores and concentrates; including roasted iron pyrites,4,FALSE,C00,TOTAL CPC,0,0,TOTAL MOT,8,kg,12990,FALSE,8,kg,12990,FALSE,12990,FALSE,0,FALSE,1497.413,,1497.413,0,FALSE,TRUE
C,A,20240101,2024,52,2024,276,DEU,Germany,M,Import,699,IND,India,0,W00,World,H6,HS,TRUE,2601,Iron ores and concentrates; including roasted iron pyrites,4,FALSE,C00,TOTAL CPC,0,0,TOTAL MOT,8,kg,3063,FALSE,8,kg,3063,FALSE,3063,FALSE,0,FALSE,119.458,,119.458,0,FALSE,TRUE
C,A,20240101,2024,52,2024,276,DEU,Germany,M,Import,710,ZAF,South Africa,0,W00,World,H6,HS,TRUE,2601,Iron ores and concentrates; including roasted iron pyrites,4,FALSE,C00,TOTAL CPC,0,0,TOTAL MOT,8,kg,8275190317,FALSE,8,kg,8275190317,FALSE,8275190317,FALSE,0,FALSE,857582831.2,,857582831.2,0,FALSE,TRUE
C,A,20240101,2024,52,2024,276,DEU,Germany,M,Import,724,ESP,Spain,0,W00,World,H6,HS,TRUE,2601,Iron ores and concentrates; including roasted iron pyrites,4,FALSE,C00,TOTAL CPC,0,0,TOTAL MOT,8,kg,901000,FALSE,8,kg,901000,FALSE,901000,FALSE,0,FALSE,330184.365,,330184.365,0,FALSE,TRUE
C,A,20240101,2024,52,2024,276,DEU,Germany,M,Import,752,SWE,Sweden,0,W00,World,H6,HS,TRUE,2601,Iron ores and concentrates; including roasted iron pyrites,4,FALSE,C00,TOTAL CPC,0,0,TOTAL MOT,8,kg,4021605063,FALSE,8,kg,4021605063,FALSE,4021605063,FALSE,0,FALSE,503619441.6,,503619441.6,0,FALSE,TRUE
C,A,20240101,2024,52,2024,276,DEU,Germany,M,Import,757,CHE,Switzerland,0,W00,World,H6,HS,TRUE,2601,Iron ores and concentrates; including roasted iron pyrites,4,FALSE,C00,TOTAL CPC,0,0,TOTAL MOT,8,kg,110773,FALSE,8,kg,110773,FALSE,110773,FALSE,0,FALSE,21049.713,,21049.713,0,FALSE,TRUE
C,A,20240101,2024,52,2024,276,DEU,Germany,M,Import,792,TUR,Türkiye,0,W00,World,H6,HS,TRUE,2601,Iron ores and concentrates; including roasted iron pyrites,4,FALSE,C00,TOTAL CPC,0,0,TOTAL MOT,8,kg,1917541.343,TRUE,-1,N/A,0,FALSE,1917541.343,TRUE,0,FALSE,586339.504,,586339.504,6,FALSE,TRUE
C,A,20240101,2024,52,2024,276,DEU,Germany,M,Import,804,UKR,Ukraine,0,W00,World,H6,HS,TRUE,2601,Iron ores and concentrates; including roasted iron pyrites,4,FALSE,C00,TOTAL CPC,0,0,TOTAL MOT,8,kg,1006418229,FALSE,8,kg,1006418229,FALSE,1006418229,FALSE,0,FALSE,155294735.5,,155294735.5,0,FALSE,TRUE
C,A,20240101,2024,52,2024,276,DEU,Germany,M,Import,826,GBR,United Kingdom,0,W00,World,H6,HS,TRUE,2601,Iron ores and concentrates; including roasted iron pyrites,4,FALSE,C00,TOTAL CPC,0,0,TOTAL MOT,8,kg,139326,FALSE,8,kg,139326,FALSE,139326,FALSE,0,FALSE,16669.595,,16669.595,0,FALSE,TRUE
C,A,20240101,2024,52,2024,276,DEU,Germany,M,Import,842,USA,USA,0,W00,World,H6,HS,TRUE,2601,Iron ores and concentrates; including roasted iron pyrites,4,FALSE,C00,TOTAL CPC,0,0,TOTAL MOT,8,kg,1107919169,TRUE,-1,N/A,0,FALSE,1107919169,TRUE,0,FALSE,170680862.3,,170680862.3,6,FALSE,TRUE
C,A,20240101,2024,52,2024,276,DEU,Germany,M,Import,0,W00,World,0,W00,World,H6,HS,TRUE,2603,Copper ores and concentrates,4,FALSE,C00,TOTAL CPC,0,0,TOTAL MOT,8,kg,866719411.4,TRUE,-1,N/A,0,FALSE,866719411.4,TRUE,0,FALSE,2387482760,,2387482760,6,FALSE,TRUE
C,A,20240101,2024,52,2024,276,DEU,Germany,M,Import,36,AUS,Australia,0,W00,World,H6,HS,TRUE,2603,Copper ores and concentrates,4,FALSE,C00,TOTAL CPC,0,0,TOTAL MOT,8,kg,53035455.38,TRUE,-1,N/A,0,FALSE,53035455.38,TRUE,0,FALSE,268601105.1,,268601105.1,6,FALSE,TRUE
C,A,20240101,2024,52,2024,276,DEU,Germany,M,Import,56,BEL,Belgium,0,W00,World,H6,HS,TRUE,2603,Copper ores and concentrates,4,FALSE,C00,TOTAL CPC,0,0,TOTAL MOT,8,kg,67,FALSE,8,kg,67,FALSE,67,FALSE,0,FALSE,122.601,,122.601,0,FALSE,TRUE
C,A,20240101,2024,52,2024,276,DEU,Germany,M,Import,70,BIH,Bosnia Herzegovina,0,W00,World,H6,HS,TRUE,2603,Copper ores and concentrates,4,FALSE,C00,TOTAL CPC,0,0,TOTAL MOT,8,kg,10000,FALSE,8,kg,10000,FALSE,10000,FALSE,0,FALSE,50191.117,,50191.117,0,FALSE,TRUE
C,A,20240101,2024,52,2024,276,DEU,Germany,M,Import,76,BRA,Brazil,0,W00,World,H6,HS,TRUE,2603,Copper ores and concentrates,4,FALSE,C00,TOTAL CPC,0,0,TOTAL MOT,8,kg,201468552,FALSE,8,kg,201468552,FALSE,201468552,FALSE,0,FALSE,671713622.3,,671713622.3,0,FALSE,TRUE
C,A,20240101,2024,52,2024,276,DEU,Germany,M,Import,124,CAN,Canada,0,W00,World,H6,HS,TRUE,2603,Copper ores and concentrates,4,FALSE,C00,TOTAL CPC,0,0,TOTAL MOT,8,kg,69483100,FALSE,8,kg,69483100,FALSE,69483100,FALSE,0,FALSE,171254039.4,,171254039.4,0,FALSE,TRUE
C,A,20240101,2024,52,2024,276,DEU,Germany,M,Import,152,CHL,Chile,0,W00,World,H6,HS,TRUE,2603,Copper ores and concentrates,4,FALSE,C00,TOTAL CPC,0,0,TOTAL MOT,8,kg,270566416.5,TRUE,-1,N/A,0,FALSE,270566416.5,TRUE,0,FALSE,643759540.6,,643759540.6,6,FALSE,TRUE
C,A,20240101,2024,52,2024,276,DEU,Germany,M,Import,360,IDN,Indonesia,0,W00,World,H6,HS,TRUE,2603,Copper ores and concentrates,4,FALSE,C00,TOTAL CPC,0,0,TOTAL MOT,8,kg,55853543,FALSE,8,kg,55853543,FALSE,55853543,FALSE,0,FALSE,164948932.6,,164948932.6,0,FALSE,TRUE
C,A,20240101,2024,52,2024,276,DEU,Germany,M,Import,398,KAZ,Kazakhstan,0,W00,World,H6,HS,TRUE,2603,Copper ores and concentrates,4,FALSE,C00,TOTAL CPC,0,0,TOTAL MOT,8,kg,876,FALSE,8,kg,876,FALSE,876,FALSE,0,FALSE,2817.736,,2817.736,0,FALSE,TRUE
C,A,20240101,2024,52,2024,276,DEU,Germany,M,Import,484,MEX,Mexico,0,W00,World,H6,HS,TRUE,2603,Copper ores and concentrates,4,FALSE,C00,TOTAL CPC,0,0,TOTAL MOT,8,kg,55312742,FALSE,8,kg,55312742,FALSE,55312742,FALSE,0,FALSE,90766614.99,,90766614.99,0,FALSE,TRUE
C,A,20240101,2024,52,2024,276,DEU,Germany,M,Import,496,MNG,Mongolia,0,W00,World,H6,HS,TRUE,2603,Copper ores and concentrates,4,FALSE,C00,TOTAL CPC,0,0,TOTAL MOT,8,kg,1022.824,TRUE,-1,N/A,0,FALSE,1022.824,TRUE,0,FALSE,8588.383,,8588.383,6,FALSE,TRUE
C,A,20240101,2024,52,2024,276,DEU,Germany,M,Import,504,MAR,Morocco,0,W00,World,H6,HS,TRUE,2603,Copper ores and concentrates,4,FALSE,C00,TOTAL CPC,0,0,TOTAL MOT,8,kg,5735850,FALSE,8,kg,5735850,FALSE,5735850,FALSE,0,FALSE,8908194.95,,8908194.95,0,FALSE,TRUE
C,A,20240101,2024,52,2024,276,DEU,Germany,M,Import,579,NOR,Norway,0,W00,World,H6,HS,TRUE,2603,Copper ores and concentrates,4,FALSE,C00,TOTAL CPC,0,0,TOTAL MOT,8,kg,3.043,TRUE,-1,N/A,0,FALSE,3.043,TRUE,0,FALSE,8.383,,8.383,6,FALSE,TRUE
C,A,20240101,2024,52,2024,276,DEU,Germany,M,Import,604,PER,Peru,0,W00,World,H6,HS,TRUE,2603,Copper ores and concentrates,4,FALSE,C00,TOTAL CPC,0,0,TOTAL MOT,8,kg,118382908.2,TRUE,-1,N/A,0,FALSE,118382908.2,TRUE,0,FALSE,282257605.2,,282257605.2,6,FALSE,TRUE
C,A,20240101,2024,52,2024,276,DEU,Germany,M,Import,702,SGP,Singapore,0,W00,World,H6,HS,TRUE,2603,Copper ores and concentrates,4,FALSE,C00,TOTAL CPC,0,0,TOTAL MOT,8,kg,10889000,FALSE,8,kg,10889000,FALSE,10889000,FALSE,0,FALSE,23239194.37,,23239194.37,0,FALSE,TRUE
C,A,20240101,2024,52,2024,276,DEU,Germany,M,Import,724,ESP,Spain,0,W00,World,H6,HS,TRUE,2603,Copper ores and concentrates,4,FALSE,C00,TOTAL CPC,0,0,TOTAL MOT,8,kg,5174140,FALSE,8,kg,5174140,FALSE,5174140,FALSE,0,FALSE,7728213.301,,7728213.301,0,FALSE,TRUE
C,A,20240101,2024,52,2024,276,DEU,Germany,M,Import,752,SWE,Sweden,0,W00,World,H6,HS,TRUE,2603,Copper ores and concentrates,4,FALSE,C00,TOTAL CPC,0,0,TOTAL MOT,8,kg,9030080,FALSE,8,kg,9030080,FALSE,9030080,FALSE,0,FALSE,19735684.04,,19735684.04,0,FALSE,TRUE
C,A,20240101,2024,52,2024,276,DEU,Germany,M,Import,792,TUR,Türkiye,0,W00,World,H6,HS,TRUE,2603,Copper ores and concentrates,4,FALSE,C00,TOTAL CPC,0,0,TOTAL MOT,8,kg,9112740,FALSE,8,kg,9112740,FALSE,9112740,FALSE,0,FALSE,17201729.48,,17201729.48,0,FALSE,TRUE
C,A,20240101,2024,52,2024,276,DEU,Germany,M,Import,826,GBR,United Kingdom,0,W00,World,H6,HS,TRUE,2603,Copper ores and concentrates,4,FALSE,C00,TOTAL CPC,0,0,TOTAL MOT,8,kg,23961,FALSE,8,kg,23961,FALSE,23961,FALSE,0,FALSE,35415.031,,35415.031,0,FALSE,TRUE
C,A,20240101,2024,52,2024,276,DEU,Germany,M,Import,834,TZA,United Rep. of Tanzania,0,W00,World,H6,HS,TRUE,2603,Copper ores and concentrates,4,FALSE,C00,TOTAL CPC,0,0,TOTAL MOT,8,kg,2548180,FALSE,8,kg,2548180,FALSE,2548180,FALSE,0,FALSE,16929776.58,,16929776.58,0,FALSE,TRUE
C,A,20240101,2024,52,2024,276,DEU,Germany,M,Import,842,USA,USA,0,W00,World,H6,HS,TRUE,2603,Copper ores and concentrates,4,FALSE,C00,TOTAL CPC,0,0,TOTAL MOT,8,kg,90774.38,TRUE,-1,N/A,0,FALSE,90774.38,TRUE,0,FALSE,341364.143,,341364.143,6,FALSE,TRUE
C,A,20240101,2024,52,2024,276,DEU,Germany,M,Import,0,W00,World,0,W00,World,H6,HS,TRUE,2604,Nickel ores and concentrates,4,FALSE,C00,TOTAL CPC,0,0,TOTAL MOT,8,kg,1102280,FALSE,8,kg,1102280,FALSE,1102280,FALSE,0,FALSE,3474271.477,,3474271.477,0,FALSE,TRUE
C,A,20240101,2024,52,2024,276,DEU,Germany,M,Import,360,IDN,Indonesia,0,W00,World,H6,HS,TRUE,2604,Nickel ores and concentrates,4,FALSE,C00,TOTAL CPC,0,0,TOTAL MOT,8,kg,161856,FALSE,8,kg,161856,FALSE,161856,FALSE,0,FALSE,663022.997,,663022.997,0,FALSE,TRUE
C,A,20240101,2024,52,2024,276,DEU,Germany,M,Import,392,JPN,Japan,0,W00,World,H6,HS,TRUE,2604,Nickel ores and concentrates,4,FALSE,C00,TOTAL CPC,0,0,TOTAL MOT,8,kg,37892,FALSE,8,kg,37892,FALSE,37892,FALSE,0,FALSE,139361.088,,139361.088,0,FALSE,TRUE
C,A,20240101,2024,52,2024,276,DEU,Germany,M,Import,458,MYS,Malaysia,0,W00,World,H6,HS,TRUE,2604,Nickel ores and concentrates,4,FALSE,C00,TOTAL CPC,0,0,TOTAL MOT,8,kg,633023,FALSE,8,kg,633023,FALSE,633023,FALSE,0,FALSE,1934463.176,,1934463.176,0,FALSE,TRUE
C,A,20240101,2024,52,2024,276,DEU,Germany,M,Import,490,S19,"Other Asia, nes",0,W00,World,H6,HS,TRUE,2604,Nickel ores and concentrates,4,FALSE,C00,TOTAL CPC,0,0,TOTAL MOT,8,kg,89556,FALSE,8,kg,89556,FALSE,89556,FALSE,0,FALSE,465477.602,,465477.602,0,FALSE,TRUE
C,A,20240101,2024,52,2024,276,DEU,Germany,M,Import,702,SGP,Singapore,0,W00,World,H6,HS,TRUE,2604,Nickel ores and concentrates,4,FALSE,C00,TOTAL CPC,0,0,TOTAL MOT,8,kg,26763,FALSE,8,kg,26763,FALSE,26763,FALSE,0,FALSE,93343.657,,93343.657,0,FALSE,TRUE
C,A,20240101,2024,52,2024,276,DEU,Germany,M,Import,764,THA,Thailand,0,W00,World,H6,HS,TRUE,2604,Nickel ores and concentrates,4,FALSE,C00,TOTAL CPC,0,0,TOTAL MOT,8,kg,153190,FALSE,8,kg,153190,FALSE,153190,FALSE,0,FALSE,178602.959,,178602.959,0,FALSE,TRUE
C,A,20240101,2024,52,2024,276,DEU,Germany,M,Import,0,W00,World,0,W00,World,H6,HS,TRUE,2606,Aluminium ores and concentrates,4,FALSE,C00,TOTAL CPC,0,0,TOTAL MOT,8,kg,2237533617,TRUE,-1,N/A,0,FALSE,2237533617,TRUE,0,FALSE,135001659.5,,135001659.5,6,FALSE,TRUE
C,A,20240101,2024,52,2024,276,DEU,Germany,M,Import,36,AUS,Australia,0,W00,World,H6,HS,TRUE,2606,Aluminium ores and concentrates,4,FALSE,C00,TOTAL CPC,0,0,TOTAL MOT,8,kg,24560,FALSE,8,kg,24560,FALSE,24560,FALSE,0,FALSE,1286.79,,1286.79,0,FALSE,TRUE
C,A,20240101,2024,52,2024,276,DEU,Germany,M,Import,40,AUT,Austria,0,W00,World,H6,HS,TRUE,2606,Aluminium ores and concentrates,4,FALSE,C00,TOTAL CPC,0,0,TOTAL MOT,8,kg,141040,FALSE,8,kg,141040,FALSE,141040,FALSE,0,FALSE,57281.039,,57281.039,0,FALSE,TRUE
C,A,20240101,2024,52,2024,276,DEU,Germany,M,Import,70,BIH,Bosnia Herzegovina,0,W00,World,H6,HS,TRUE,2606,Aluminium ores and concentrates,4,FALSE,C00,TOTAL CPC,0,0,TOTAL MOT,8,kg,1074,FALSE,8,kg,1074,FALSE,1074,FALSE,0,FALSE,66.016,,66.016,0,FALSE,TRUE
C,A,20240101,2024,52,2024,276,DEU,Germany,M,Import,76,BRA,Brazil,0,W00,World,H6,HS,TRUE,2606,Aluminium ores and concentrates,4,FALSE,C00,TOTAL CPC,0,0,TOTAL MOT,8,kg,1651937,FALSE,8,kg,1651937,FALSE,1651937,FALSE,0,FALSE,307875.106,,307875.106,0,FALSE,TRUE
C,A,20240101,2024,52,2024,276,DEU,Germany,M,Import,156,CHN,China,0,W00,World,H6,HS,TRUE,2606,Aluminium ores and concentrates,4,FALSE,C00,TOTAL CPC,0,0,TOTAL MOT,8,kg,27221549.84,TRUE,-1,N/A,0,FALSE,27221549.84,TRUE,0,FALSE,12304680.57,,12304680.57,6,FALSE,TRUE
C,A,20240101,2024,52,2024,276,DEU,Germany,M,Import,170,COL,Colombia,0,W00,World,H6,HS,TRUE,2606,Aluminium ores and concentrates,4,FALSE,C00,TOTAL CPC,0,0,TOTAL MOT,8,kg,40528,FALSE,8,kg,40528,FALSE,40528,FALSE,0,FALSE,2129.282,,2129.282,0,FALSE,TRUE
C,A,20240101,2024,52,2024,276,DEU,Germany,M,Import,251,FRA,France,0,W00,World,H6,HS,TRUE,2606,Aluminium ores and concentrates,4,FALSE,C00,TOTAL CPC,0,0,TOTAL MOT,8,kg,11850,FALSE,8,kg,11850,FALSE,11850,FALSE,0,FALSE,2483.464,,2483.464,0,FALSE,TRUE
C,A,20240101,2024,52,2024,276,DEU,Germany,M,Import,324,GIN,Guinea,0,W00,World,H6,HS,TRUE,2606,Aluminium ores and concentrates,4,FALSE,C00,TOTAL CPC,0,0,TOTAL MOT,8,kg,2183614296,FALSE,8,kg,2183614296,FALSE,2183614296,FALSE,0,FALSE,115602763.5,,115602763.5,0,FALSE,TRUE
C,A,20240101,2024,52,2024,276,DEU,Germany,M,Import,328,GUY,Guyana,0,W00,World,H6,HS,TRUE,2606,Aluminium ores and concentrates,4,FALSE,C00,TOTAL CPC,0,0,TOTAL MOT,8,kg,6445353,FALSE,8,kg,6445353,FALSE,6445353,FALSE,0,FALSE,3372410.692,,3372410.692,0,FALSE,TRUE
C,A,20240101,2024,52,2024,276,DEU,Germany,M,Import,344,HKG,"China, Hong Kong SAR",0,W00,World,H6,HS,TRUE,2606,Aluminium ores and concentrates,4,FALSE,C00,TOTAL CPC,0,0,TOTAL MOT,8,kg,50000,FALSE,8,kg,50000,FALSE,50000,FALSE,0,FALSE,25088.223,,25088.223,0,FALSE,TRUE
C,A,20240101,2024,52,2024,276,DEU,Germany,M,Import,380,ITA,Italy,0,W00,World,H6,HS,TRUE,2606,Aluminium ores and concentrates,4,FALSE,C00,TOTAL CPC,0,0,TOTAL MOT,8,kg,13047,FALSE,8,kg,13047,FALSE,13047,FALSE,0,FALSE,7119.263,,7119.263,0,FALSE,TRUE
C,A,20240101,2024,52,2024,276,DEU,Germany,M,Import,442,LUX,Luxembourg,0,W00,World,H6,HS,TRUE,2606,Aluminium ores and concentrates,4,FALSE,C00,TOTAL CPC,0,0,TOTAL MOT,8,kg,869608,FALSE,8,kg,869608,FALSE,869608,FALSE,0,FALSE,297230.792,,297230.792,0,FALSE,TRUE
C,A,20240101,2024,52,2024,276,DEU,Germany,M,Import,528,NLD,Netherlands,0,W00,World,H6,HS,TRUE,2606,Aluminium ores and concentrates,4,FALSE,C00,TOTAL CPC,0,0,TOTAL MOT,8,kg,2847450,FALSE,8,kg,2847450,FALSE,2847450,FALSE,0,FALSE,1863927.566,,1863927.566,0,FALSE,TRUE
C,A,20240101,2024,52,2024,276,DEU,Germany,M,Import,566,NGA,Nigeria,0,W00,World,H6,HS,TRUE,2606,Aluminium ores and concentrates,4,FALSE,C00,TOTAL CPC,0,0,TOTAL MOT,8,kg,6960,FALSE,8,kg,6960,FALSE,6960,FALSE,0,FALSE,364.66,,364.66,0,FALSE,TRUE
C,A,20240101,2024,52,2024,276,DEU,Germany,M,Import,682,SAU,Saudi Arabia,0,W00,World,H6,HS,TRUE,2606,Aluminium ores and concentrates,4,FALSE,C00,TOTAL CPC,0,0,TOTAL MOT,8,kg,59482,FALSE,8,kg,59482,FALSE,59482,FALSE,0,FALSE,3365.774,,3365.774,0,FALSE,TRUE
C,A,20240101,2024,52,2024,276,DEU,Germany,M,Import,699,IND,India,0,W00,World,H6,HS,TRUE,2606,Aluminium ores and concentrates,4,FALSE,C00,TOTAL CPC,0,0,TOTAL MOT,8,kg,10795,FALSE,8,kg,10795,FALSE,10795,FALSE,0,FALSE,662.257,,662.257,0,FALSE,TRUE
C,A,20240101,2024,52,2024,276,DEU,Germany,M,Import,792,TUR,Türkiye,0,W00,World,H6,HS,TRUE,2606,Aluminium ores and concentrates,4,FALSE,C00,TOTAL CPC,0,0,TOTAL MOT,8,kg,14490149,FALSE,8,kg,14490149,FALSE,14490149,FALSE,0,FALSE,1143186.566,,1143186.566,0,FALSE,TRUE
C,A,20240101,2024,52,2024,276,DEU,Germany,M,Import,842,USA,USA,0,W00,World,H6,HS,TRUE,2606,Aluminium ores and concentrates,4,FALSE,C00,TOTAL CPC,0,0,TOTAL MOT,8,kg,33938,FALSE,8,kg,33938,FALSE,33938,FALSE,0,FALSE,9737.902,,9737.902,0,FALSE,TRUE
C,A,20240101,2024,52,2024,276,DEU,Germany,M,Import,0,W00,World,0,W00,World,H6,HS,TRUE,2607,Lead ores and concentrates,4,FALSE,C00,TOTAL CPC,0,0,TOTAL MOT,8,kg,258694358.9,TRUE,-1,N/A,0,FALSE,258694358.9,TRUE,0,FALSE,632078348.8,,632078348.8,6,FALSE,TRUE
C,A,20240101,2024,52,2024,276,DEU,Germany,M,Import,32,ARG,Argentina,0,W00,World,H6,HS,TRUE,2607,Lead ores and concentrates,4,FALSE,C00,TOTAL CPC,0,0,TOTAL MOT,8,kg,504980,FALSE,8,kg,504980,FALSE,504980,FALSE,0,FALSE,1640917.76,,1640917.76,0,FALSE,TRUE
C,A,20240101,2024,52,2024,276,DEU,Germany,M,Import,36,AUS,Australia,0,W00,World,H6,HS,TRUE,2607,Lead ores and concentrates,4,FALSE,C00,TOTAL CPC,0,0,TOTAL MOT,8,kg,2814698,FALSE,8,kg,2814698,FALSE,2814698,FALSE,0,FALSE,9227966.581,,9227966.581,0,FALSE,TRUE
C,A,20240101,2024,52,2024,276,DEU,Germany,M,Import,68,BOL,Bolivia (Plurinational State of),0,W00,World,H6,HS,TRUE,2607,Lead ores and concentrates,4,FALSE,C00,TOTAL CPC,0,0,TOTAL MOT,8,kg,15231800,FALSE,8,kg,15231800,FALSE,15231800,FALSE,0,FALSE,52199448.83,,52199448.83,0,FALSE,TRUE
C,A,20240101,2024,52,2024,276,DEU,Germany,M,Import,70,BIH,Bosnia Herzegovina,0,W00,World,H6,HS,TRUE,2607,Lead ores and concentrates,4,FALSE,C00,TOTAL CPC,0,0,TOTAL MOT,8,kg,770643,FALSE,8,kg,770643,FALSE,770643,FALSE,0,FALSE,1235548.365,,1235548.365,0,FALSE,TRUE
C,A,20240101,2024,52,2024,276,DEU,Germany,M,Import,100,BGR,Bulgaria,0,W00,World,H6,HS,TRUE,2607,Lead ores and concentrates,4,FALSE,C00,TOTAL CPC,0,0,TOTAL MOT,8,kg,232976,FALSE,8,kg,232976,FALSE,232976,FALSE,0,FALSE,388070.027,,388070.027,0,FALSE,TRUE
C,A,20240101,2024,52,2024,276,DEU,Germany,M,Import,152,CHL,Chile,0,W00,World,H6,HS,TRUE,2607,Lead ores and concentrates,4,FALSE,C00,TOTAL CPC,0,0,TOTAL MOT,8,kg,171540,FALSE,8,kg,171540,FALSE,171540,FALSE,0,FALSE,176990.279,,176990.279,0,FALSE,TRUE
C,A,20240101,2024,52,2024,276,DEU,Germany,M,Import,251,FRA,France,0,W00,World,H6,HS,TRUE,2607,Lead ores and concentrates,4,FALSE,C00,TOTAL CPC,0,0,TOTAL MOT,8,kg,3150350,FALSE,8,kg,3150350,FALSE,3150350,FALSE,0,FALSE,7844798.825,,7844798.825,0,FALSE,TRUE
C,A,20240101,2024,52,2024,276,DEU,Germany,M,Import,288,GHA,Ghana,0,W00,World,H6,HS,TRUE,2607,Lead ores and concentrates,4,FALSE,C00,TOTAL CPC,0,0,TOTAL MOT,8,kg,3,FALSE,8,kg,3,FALSE,3,FALSE,0,FALSE,2.096,,2.096,0,FALSE,TRUE
C,A,20240101,2024,52,2024,276,DEU,Germany,M,Import,300,GRC,Greece,0,W00,World,H6,HS,TRUE,2607,Lead ores and concentrates,4,FALSE,C00,TOTAL CPC,0,0,TOTAL MOT,8,kg,6728410,FALSE,8,kg,6728410,FALSE,6728410,FALSE,0,FALSE,19282800.85,,19282800.85,0,FALSE,TRUE
C,A,20240101,2024,52,2024,276,DEU,Germany,M,Import,484,MEX,Mexico,0,W00,World,H6,HS,TRUE,2607,Lead ores and concentrates,4,FALSE,C00,TOTAL CPC,0,0,TOTAL MOT,8,kg,2189670,FALSE,8,kg,2189670,FALSE,2189670,FALSE,0,FALSE,18946157.38,,18946157.38,0,FALSE,TRUE
C,A,20240101,2024,52,2024,276,DEU,Germany,M,Import,504,MAR,Morocco,0,W00,World,H6,HS,TRUE,2607,Lead ores and concentrates,4,FALSE,C00,TOTAL CPC,0,0,TOTAL MOT,8,kg,16094500,FALSE,8,kg,16094500,FALSE,16094500,FALSE,0,FALSE,35883412.64,,35883412.64,0,FALSE,TRUE
C,A,20240101,2024,52,2024,276,DEU,Germany,M,Import,528,NLD,Netherlands,0,W00,World,H6,HS,TRUE,2607,Lead ores and concentrates,4,FALSE,C00,TOTAL CPC,0,0,TOTAL MOT,8,kg,7649780,FALSE,8,kg,7649780,FALSE,7649780,FALSE,0,FALSE,1168022.252,,1168022.252,0,FALSE,TRUE
C,A,20240101,2024,52,2024,276,DEU,Germany,M,Import,566,NGA,Nigeria,0,W00,World,H6,HS,TRUE,2607,Lead ores and concentrates,4,FALSE,C00,TOTAL CPC,0,0,TOTAL MOT,8,kg,325593,FALSE,8,kg,325593,FALSE,325593,FALSE,0,FALSE,492720.256,,492720.256,0,FALSE,TRUE
C,A,20240101,2024,52,2024,276,DEU,Germany,M,Import,604,PER,Peru,0,W00,World,H6,HS,TRUE,2607,Lead ores and concentrates,4,FALSE,C00,TOTAL CPC,0,0,TOTAL MOT,8,kg,102550,FALSE,8,kg,102550,FALSE,102550,FALSE,0,FALSE,83182.413,,83182.413,0,FALSE,TRUE
C,A,20240101,2024,52,2024,276,DEU,Germany,M,Import,710,ZAF,South Africa,0,W00,World,H6,HS,TRUE,2607,Lead ores and concentrates,4,FALSE,C00,TOTAL CPC,0,0,TOTAL MOT,8,kg,13347000,FALSE,8,kg,13347000,FALSE,13347000,FALSE,0,FALSE,22707578.04,,22707578.04,0,FALSE,TRUE
C,A,20240101,2024,52,2024,276,DEU,Germany,M,Import,724,ESP,Spain,0,W00,World,H6,HS,TRUE,2607,Lead ores and concentrates,4,FALSE,C00,TOTAL CPC,0,0,TOTAL MOT,8,kg,28306740,FALSE,8,kg,28306740,FALSE,28306740,FALSE,0,FALSE,66097728.27,,66097728.27,0,FALSE,TRUE
C,A,20240101,2024,52,2024,276,DEU,Germany,M,Import,752,SWE,Sweden,0,W00,World,H6,HS,TRUE,2607,Lead ores and concentrates,4,FALSE,C00,TOTAL CPC,0,0,TOTAL MOT,8,kg,86045901,FALSE,8,kg,86045901,FALSE,86045901,FALSE,0,FALSE,276559695.8,,276559695.8,0,FALSE,TRUE
C,A,20240101,2024,52,2024,276,DEU,Germany,M,Import,788,TUN,Tunisia,0,W00,World,H6,HS,TRUE,2607,Lead ores and concentrates,4,FALSE,C00,TOTAL CPC,0,0,TOTAL MOT,8,kg,1749848,FALSE,8,kg,1749848,FALSE,1749848,FALSE,0,FALSE,1817380.958,,1817380.958,0,FALSE,TRUE
C,A,20240101,2024,52,2024,276,DEU,Germany,M,Import,792,TUR,Türkiye,0,W00,World,H6,HS,TRUE,2607,Lead ores and concentrates,4,FALSE,C00,TOTAL CPC,0,0,TOTAL MOT,8,kg,4037347,FALSE,8,kg,4037347,FALSE,4037347,FALSE,0,FALSE,12081600.56,,12081600.56,0,FALSE,TRUE
C,A,20240101,2024,52,2024,276,DEU,Germany,M,Import,807,MKD,North Macedonia,0,W00,World,H6,HS,TRUE,2607,Lead ores and concentrates,4,FALSE,C00,TOTAL CPC,0,0,TOTAL MOT,8,kg,7367750,FALSE,8,kg,7367750,FALSE,7367750,FALSE,0,FALSE,13863655.55,,13863655.55,0,FALSE,TRUE
C,A,20240101,2024,52,2024,276,DEU,Germany,M,Import,842,USA,USA,0,W00,World,H6,HS,TRUE,2607,Lead ores and concentrates,4,FALSE,C00,TOTAL CPC,0,0,TOTAL MOT,8,kg,61872279.87,TRUE,-1,N/A,0,FALSE,61872279.87,TRUE,0,FALSE,90380671.11,,90380671.11,6,FALSE,TRUE
C,A,20240101,2024,52,2024,276,DEU,Germany,M,Import,0,W00,World,0,W00,World,H6,HS,TRUE,2608,Zinc ores and concentrates,4,FALSE,C00,TOTAL CPC,0,0,TOTAL MOT,8,kg,231067032.9,TRUE,-1,N/A,0,FALSE,231067032.9,TRUE,0,FALSE,226446186.7,,226446186.7,6,FALSE,TRUE
C,A,20240101,2024,52,2024,276,DEU,Germany,M,Import,36,AUS,Australia,0,W00,World,H6,HS,TRUE,2608,Zinc ores and concentrates,4,FALSE,C00,TOTAL CPC,0,0,TOTAL MOT,8,kg,34063800,FALSE,8,kg,34063800,FALSE,34063800,FALSE,0,FALSE,31507480.35,,31507480.35,0,FALSE,TRUE
C,A,20240101,2024,52,2024,276,DEU,Germany,M,Import,56,BEL,Belgium,0,W00,World,H6,HS,TRUE,2608,Zinc ores and concentrates,4,FALSE,C00,TOTAL CPC,0,0,TOTAL MOT,8,kg,1446020,FALSE,8,kg,1446020,FALSE,1446020,FALSE,0,FALSE,1249380.315,,1249380.315,0,FALSE,TRUE
C,A,20240101,2024,52,2024,276,DEU,Germany,M,Import,68,BOL,Bolivia (Plurinational State of),0,W00,World,H6,HS,TRUE,2608,Zinc ores and concentrates,4,FALSE,C00,TOTAL CPC,0,0,TOTAL MOT,8,kg,22005138,FALSE,8,kg,22005138,FALSE,22005138,FALSE,0,FALSE,24481693.29,,24481693.29,0,FALSE,TRUE
C,A,20240101,2024,52,2024,276,DEU,Germany,M,Import,300,GRC,Greece,0,W00,World,H6,HS,TRUE,2608,Zinc ores and concentrates,4,FALSE,C00,TOTAL CPC,0,0,TOTAL MOT,8,kg,11562000,FALSE,8,kg,11562000,FALSE,11562000,FALSE,0,FALSE,14907811.65,,14907811.65,0,FALSE,TRUE
C,A,20240101,2024,52,2024,276,DEU,Germany,M,Import,484,MEX,Mexico,0,W00,World,H6,HS,TRUE,2608,Zinc ores and concentrates,4,FALSE,C00,TOTAL CPC,0,0,TOTAL MOT,8,kg,1103,FALSE,8,kg,1103,FALSE,1103,FALSE,0,FALSE,927.369,,927.369,0,FALSE,TRUE
C,A,20240101,2024,52,2024,276,DEU,Germany,M,Import,604,PER,Peru,0,W00,World,H6,HS,TRUE,2608,Zinc ores and concentrates,4,FALSE,C00,TOTAL CPC,0,0,TOTAL MOT,8,kg,69983898,FALSE,8,kg,69983898,FALSE,69983898,FALSE,0,FALSE,80830595.08,,80830595.08,0,FALSE,TRUE
C,A,20240101,2024,52,2024,276,DEU,Germany,M,Import,616,POL,Poland,0,W00,World,H6,HS,TRUE,2608,Zinc ores and concentrates,4,FALSE,C00,TOTAL CPC,0,0,TOTAL MOT,8,kg,414.679,TRUE,-1,N/A,0,FALSE,414.679,TRUE,0,FALSE,271.4,,271.4,6,FALSE,TRUE
C,A,20240101,2024,52,2024,276,DEU,Germany,M,Import,620,PRT,Portugal,0,W00,World,H6,HS,TRUE,2608,Zinc ores and concentrates,4,FALSE,C00,TOTAL CPC,0,0,TOTAL MOT,8,kg,15281100,FALSE,8,kg,15281100,FALSE,15281100,FALSE,0,FALSE,8244332.605,,8244332.605,0,FALSE,TRUE
C,A,20240101,2024,52,2024,276,DEU,Germany,M,Import,682,SAU,Saudi Arabia,0,W00,World,H6,HS,TRUE,2608,Zinc ores and concentrates,4,FALSE,C00,TOTAL CPC,0,0,TOTAL MOT,8,kg,1,FALSE,8,kg,1,FALSE,1,FALSE,0,FALSE,1.048,,1.048,0,FALSE,TRUE
C,A,20240101,2024,52,2024,276,DEU,Germany,M,Import,710,ZAF,South Africa,0,W00,World,H6,HS,TRUE,2608,Zinc ores and concentrates,4,FALSE,C00,TOTAL CPC,0,0,TOTAL MOT,8,kg,63,FALSE,8,kg,63,FALSE,63,FALSE,0,FALSE,42.963,,42.963,0,FALSE,TRUE
C,A,20240101,2024,52,2024,276,DEU,Germany,M,Import,724,ESP,Spain,0,W00,World,H6,HS,TRUE,2608,Zinc ores and concentrates,4,FALSE,C00,TOTAL CPC,0,0,TOTAL MOT,8,kg,4667440,FALSE,8,kg,4667440,FALSE,4667440,FALSE,0,FALSE,5898663.37,,5898663.37,0,FALSE,TRUE
C,A,20240101,2024,52,2024,276,DEU,Germany,M,Import,752,SWE,Sweden,0,W00,World,H6,HS,TRUE,2608,Zinc ores and concentrates,4,FALSE,C00,TOTAL CPC,0,0,TOTAL MOT,8,kg,72055662,FALSE,8,kg,72055662,FALSE,72055662,FALSE,0,FALSE,59324646.74,,59324646.74,0,FALSE,TRUE
C,A,20240101,2024,52,2024,276,DEU,Germany,M,Import,757,CHE,Switzerland,0,W00,World,H6,HS,TRUE,2608,Zinc ores and concentrates,4,FALSE,C00,TOTAL CPC,0,0,TOTAL MOT,8,kg,257.333,TRUE,-1,N/A,0,FALSE,257.333,TRUE,0,FALSE,203.288,,203.288,6,FALSE,TRUE
C,A,20240101,2024,52,2024,276,DEU,Germany,M,Import,842,USA,USA,0,W00,World,H6,HS,TRUE,2608,Zinc ores and concentrates,4,FALSE,C00,TOTAL CPC,0,0,TOTAL MOT,8,kg,135.9,TRUE,-1,N/A,0,FALSE,135.9,TRUE,0,FALSE,137.272,,137.272,6,FALSE,TRUE
C,A,20240101,2024,52,2024,276,DEU,Germany,M,Import,0,W00,World,0,W00,World,H6,HS,TRUE,2610,Chromium ores and concentrates,4,FALSE,C00,TOTAL CPC,0,0,TOTAL MOT,8,kg,110887332,FALSE,8,kg,110887332,FALSE,110887332,FALSE,0,FALSE,37464891.79,,37464891.79,0,FALSE,TRUE
C,A,20240101,2024,52,2024,276,DEU,Germany,M,Import,8,ALB,Albania,0,W00,World,H6,HS,TRUE,2610,Chromium ores and concentrates,4,FALSE,C00,TOTAL CPC,0,0,TOTAL MOT,8,kg,2,FALSE,8,kg,2,FALSE,2,FALSE,0,FALSE,1.048,,1.048,0,FALSE,TRUE
C,A,20240101,2024,52,2024,276,DEU,Germany,M,Import,36,AUS,Australia,0,W00,World,H6,HS,TRUE,2610,Chromium ores and concentrates,4,FALSE,C00,TOTAL CPC,0,0,TOTAL MOT,8,kg,124532,FALSE,8,kg,124532,FALSE,124532,FALSE,0,FALSE,358697.043,,358697.043,0,FALSE,TRUE
C,A,20240101,2024,52,2024,276,DEU,Germany,M,Import,40,AUT,Austria,0,W00,World,H6,HS,TRUE,2610,Chromium ores and concentrates,4,FALSE,C00,TOTAL CPC,0,0,TOTAL MOT,8,kg,40000,FALSE,8,kg,40000,FALSE,40000,FALSE,0,FALSE,27405.075,,27405.075,0,FALSE,TRUE
C,A,20240101,2024,52,2024,276,DEU,Germany,M,Import,76,BRA,Brazil,0,W00,World,H6,HS,TRUE,2610,Chromium ores and concentrates,4,FALSE,C00,TOTAL CPC,0,0,TOTAL MOT,8,kg,4010,FALSE,8,kg,4010,FALSE,4010,FALSE,0,FALSE,2208.92,,2208.92,0,FALSE,TRUE
C,A,20240101,2024,52,2024,276,DEU,Germany,M,Import,203,CZE,Czechia,0,W00,World,H6,HS,TRUE,2610,Chromium ores and concentrates,4,FALSE,C00,TOTAL CPC,0,0,TOTAL MOT,8,kg,54264,FALSE,8,kg,54264,FALSE,54264,FALSE,0,FALSE,25091.367,,25091.367,0,FALSE,TRUE
C,A,20240101,2024,52,2024,276,DEU,Germany,M,Import,251,FRA,France,0,W00,World,H6,HS,TRUE,2610,Chromium ores and concentrates,4,FALSE,C00,TOTAL CPC,0,0,TOTAL MOT,8,kg,73950,FALSE,8,kg,73950,FALSE,73950,FALSE,0,FALSE,39265.972,,39265.972,0,FALSE,TRUE
C,A,20240101,2024,52,2024,276,DEU,Germany,M,Import,380,ITA,Italy,0,W00,World,H6,HS,TRUE,2610,Chromium ores and concentrates,4,FALSE,C00,TOTAL CPC,0,0,TOTAL MOT,8,kg,525970,FALSE,8,kg,525970,FALSE,525970,FALSE,0,FALSE,253183.366,,253183.366,0,FALSE,TRUE
C,A,20240101,2024,52,2024,276,DEU,Germany,M,Import,528,NLD,Netherlands,0,W00,World,H6,HS,TRUE,2610,Chromium ores and concentrates,4,FALSE,C00,TOTAL CPC,0,0,TOTAL MOT,8,kg,21009468,FALSE,8,kg,21009468,FALSE,21009468,FALSE,0,FALSE,5201656.739,,5201656.739,0,FALSE,TRUE
C,A,20240101,2024,52,2024,276,DEU,Germany,M,Import,586,PAK,Pakistan,0,W00,World,H6,HS,TRUE,2610,Chromium ores and concentrates,4,FALSE,C00,TOTAL CPC,0,0,TOTAL MOT,8,kg,1,FALSE,8,kg,1,FALSE,1,FALSE,0,FALSE,1.048,,1.048,0,FALSE,TRUE
C,A,20240101,2024,52,2024,276,DEU,Germany,M,Import,616,POL,Poland,0,W00,World,H6,HS,TRUE,2610,Chromium ores and concentrates,4,FALSE,C00,TOTAL CPC,0,0,TOTAL MOT,8,kg,55680,FALSE,8,kg,55680,FALSE,55680,FALSE,0,FALSE,50533.772,,50533.772,0,FALSE,TRUE
C,A,20240101,2024,52,2024,276,DEU,Germany,M,Import,705,SVN,Slovenia,0,W00,World,H6,HS,TRUE,2610,Chromium ores and concentrates,4,FALSE,C00,TOTAL CPC,0,0,TOTAL MOT,8,kg,353780,FALSE,8,kg,353780,FALSE,353780,FALSE,0,FALSE,490942.012,,490942.012,0,FALSE,TRUE
C,A,20240101,2024,52,2024,276,DEU,Germany,M,Import,710,ZAF,South Africa,0,W00,World,H6,HS,TRUE,2610,Chromium ores and concentrates,4,FALSE,C00,TOTAL CPC,0,0,TOTAL MOT,8,kg,55226951,FALSE,8,kg,55226951,FALSE,55226951,FALSE,0,FALSE,20083138.43,,20083138.43,0,FALSE,TRUE
C,A,20240101,2024,52,2024,276,DEU,Germany,M,Import,792,TUR,Türkiye,0,W00,World,H6,HS,TRUE,2610,Chromium ores and concentrates,4,FALSE,C00,TOTAL CPC,0,0,TOTAL MOT,8,kg,33418724,FALSE,8,kg,33418724,FALSE,33418724,FALSE,0,FALSE,10932766.99,,10932766.99,0,FALSE,TRUE
C,A,20240101,2024,52,2024,276,DEU,Germany,M,Import,0,W00,World,0,W00,World,H6,HS,TRUE,2613,Molybdenum ores and concentrates,4,FALSE,C00,TOTAL CPC,0,0,TOTAL MOT,8,kg,2325102.138,TRUE,-1,N/A,0,FALSE,2325102.138,TRUE,0,FALSE,60840953.3,,60840953.3,6,FALSE,TRUE
C,A,20240101,2024,52,2024,276,DEU,Germany,M,Import,51,ARM,Armenia,0,W00,World,H6,HS,TRUE,2613,Molybdenum ores and concentrates,4,FALSE,C00,TOTAL CPC,0,0,TOTAL MOT,8,kg,79520,FALSE,8,kg,79520,FALSE,79520,FALSE,0,FALSE,2148321.889,,2148321.889,0,FALSE,TRUE
C,A,20240101,2024,52,2024,276,DEU,Germany,M,Import,56,BEL,Belgium,0,W00,World,H6,HS,TRUE,2613,Molybdenum ores and concentrates,4,FALSE,C00,TOTAL CPC,0,0,TOTAL MOT,8,kg,192274,FALSE,8,kg,192274,FALSE,192274,FALSE,0,FALSE,4857098.673,,4857098.673,0,FALSE,TRUE
C,A,20240101,2024,52,2024,276,DEU,Germany,M,Import,152,CHL,Chile,0,W00,World,H6,HS,TRUE,2613,Molybdenum ores and concentrates,4,FALSE,C00,TOTAL CPC,0,0,TOTAL MOT,8,kg,226982,FALSE,8,kg,226982,FALSE,226982,FALSE,0,FALSE,6142350.893,,6142350.893,0,FALSE,TRUE
C,A,20240101,2024,52,2024,276,DEU,Germany,M,Import,156,CHN,China,0,W00,World,H6,HS,TRUE,2613,Molybdenum ores and concentrates,4,FALSE,C00,TOTAL CPC,0,0,TOTAL MOT,8,kg,1397.031,TRUE,-1,N/A,0,FALSE,1397.031,TRUE,0,FALSE,46659.778,,46659.778,6,FALSE,TRUE
C,A,20240101,2024,52,2024,276,DEU,Germany,M,Import,380,ITA,Italy,0,W00,World,H6,HS,TRUE,2613,Molybdenum ores and concentrates,4,FALSE,C00,TOTAL CPC,0,0,TOTAL MOT,8,kg,8045,FALSE,8,kg,8045,FALSE,8045,FALSE,0,FALSE,277845.104,,277845.104,0,FALSE,TRUE
C,A,20240101,2024,52,2024,276,DEU,Germany,M,Import,392,JPN,Japan,0,W00,World,H6,HS,TRUE,2613,Molybdenum ores and concentrates,4,FALSE,C00,TOTAL CPC,0,0,TOTAL MOT,8,kg,162.062,TRUE,-1,N/A,0,FALSE,162.062,TRUE,0,FALSE,7729.126,,7729.126,6,FALSE,TRUE
C,A,20240101,2024,52,2024,276,DEU,Germany,M,Import,528,NLD,Netherlands,0,W00,World,H6,HS,TRUE,2613,Molybdenum ores and concentrates,4,FALSE,C00,TOTAL CPC,0,0,TOTAL MOT,8,kg,1810210,FALSE,8,kg,1810210,FALSE,1810210,FALSE,0,FALSE,47168772.8,,47168772.8,0,FALSE,TRUE
C,A,20240101,2024,52,2024,276,DEU,Germany,M,Import,842,USA,USA,0,W00,World,H6,HS,TRUE,2613,Molybdenum ores and concentrates,4,FALSE,C00,TOTAL CPC,0,0,TOTAL MOT,8,kg,6512.046,TRUE,-1,N/A,0,FALSE,6512.046,TRUE,0,FALSE,192175.036,,192175.036,6,FALSE,TRUE
