typeCode,freqCode,refPeriodId,refYear,refMonth,Period,reporterCode,reporterISO,reporterDesc,flowCode,flowDesc,partnerCode,PartnerISO,PartnerDesc,partner2Code,partner2ISO,partner2Desc,classificationCode,classificationSearchCode,isOriginalClassification,cmdCode,cmdDesc,Commodity,aggrLevel,isLeaf,customsCode,customsDesc,mosCode,motCode,motDesc,qtyUnitCode,qtyUnitAbbr,qty,isQtyEstimated,altQtyUnitCode,altQtyUnitAbbr,altQty,isAltQtyEstimated,NetWgt,isNetWgtEstimated,grossWgt,isGrossWgtEstimated,cifvalue,fobvalue,primaryValue,legacyEstimationFlag,isReported,isAggregate,userEstimationNote
C,A,20230101,2023,52,2023,276,DEU,Germany,M,Import,0,W00,World,0,W00,World,H6,HS,TRUE,810520,"Cobalt; mattes and other intermediate products of cobalt metallurgy, unwrought cobalt, powders",Cobalt,6,TRUE,C00,TOTAL CPC,0,0,TOTAL MOT,8,kg,2180488.356,TRUE,-1,N/A,0,FALSE,2180488.356,TRUE,0,FALSE,102714248.1,,102714248.1,6,FALSE,TRUE,
C,A,20230101,2023,52,2023,276,DEU,Germany,M,Import,40,AUT,Austria,0,W00,World,H6,HS,TRUE,810520,"Cobalt; mattes and other intermediate products of cobalt metallurgy, unwrought cobalt, powders",Cobalt,6,TRUE,C00,TOTAL CPC,0,0,TOTAL MOT,8,kg,322,FALSE,8,kg,322,FALSE,322,FALSE,0,FALSE,25244.928,,25244.928,0,FALSE,TRUE,
C,A,20230101,2023,52,2023,276,DEU,Germany,M,Import,56,BEL,Belgium,0,W00,World,H6,HS,TRUE,810520,"Cobalt; mattes and other intermediate products of cobalt metallurgy, unwrought cobalt, powders",Cobalt,6,TRUE,C00,TOTAL CPC,0,0,TOTAL MOT,8,kg,308921,FALSE,8,kg,308921,FALSE,308921,FALSE,0,FALSE,15987449.13,,15987449.13,0,FALSE,TRUE,
C,A,20230101,2023,52,2023,276,DEU,Germany,M,Import,124,CAN,Canada,0,W00,World,H6,HS,TRUE,810520,"Cobalt; mattes and other intermediate products of cobalt metallurgy, unwrought cobalt, powders",Cobalt,6,TRUE,C00,TOTAL CPC,0,0,TOTAL MOT,8,kg,481448.046,TRUE,-1,N/A,0,FALSE,481448.046,TRUE,0,FALSE,17568825.7,,17568825.7,6,FALSE,TRUE,
C,A,20230101,2023,52,2023,276,DEU,Germany,M,Import,156,CHN,China,0,W00,World,H6,HS,TRUE,810520,"Cobalt; mattes and other intermediate products of cobalt metallurgy, unwrought cobalt, powders",Cobalt,6,TRUE,C00,TOTAL CPC,0,0,TOTAL MOT,8,kg,113347.655,TRUE,-1,N/A,0,FALSE,113347.655,TRUE,0,FALSE,5015221.025,,5015221.025,6,FALSE,TRUE,
C,A,20230101,2023,52,2023,276,DEU,Germany,M,Import,191,HRV,Croatia,0,W00,World,H6,HS,TRUE,810520,"Cobalt; mattes and other intermediate products of cobalt metallurgy, unwrought cobalt, powders",Cobalt,6,TRUE,C00,TOTAL CPC,0,0,TOTAL MOT,8,kg,107.351,TRUE,-1,N/A,0,FALSE,107.351,TRUE,0,FALSE,14099.828,,14099.828,6,FALSE,TRUE,
C,A,20230101,2023,52,2023,276,DEU,Germany,M,Import,246,FIN,Finland,0,W00,World,H6,HS,TRUE,810520,"Cobalt; mattes and other intermediate products of cobalt metallurgy, unwrought cobalt, powders",Cobalt,6,TRUE,C00,TOTAL CPC,0,0,TOTAL MOT,8,kg,182262,FALSE,8,kg,182262,FALSE,182262,FALSE,0,FALSE,8736549.54,,8736549.54,0,FALSE,TRUE,
C,A,20230101,2023,52,2023,276,DEU,Germany,M,Import,251,FRA,France,0,W00,World,H6,HS,TRUE,810520,"Cobalt; mattes and other intermediate products of cobalt metallurgy, unwrought cobalt, powders",Cobalt,6,TRUE,C00,TOTAL CPC,0,0,TOTAL MOT,8,kg,6985,FALSE,8,kg,6985,FALSE,6985,FALSE,0,FALSE,396945.255,,396945.255,0,FALSE,TRUE,
C,A,20230101,2023,52,2023,276,DEU,Germany,M,Import,372,IRL,Ireland,0,W00,World,H6,HS,TRUE,810520,"Cobalt; mattes and other intermediate products of cobalt metallurgy, unwrought cobalt, powders",Cobalt,6,TRUE,C00,TOTAL CPC,0,0,TOTAL MOT,8,kg,17979,FALSE,8,kg,17979,FALSE,17979,FALSE,0,FALSE,914903.492,,914903.492,0,FALSE,TRUE,
C,A,20230101,2023,52,2023,276,DEU,Germany,M,Import,380,ITA,Italy,0,W00,World,H6,HS,TRUE,810520,"Cobalt; mattes and other intermediate products of cobalt metallurgy, unwrought cobalt, powders",Cobalt,6,TRUE,C00,TOTAL CPC,0,0,TOTAL MOT,8,kg,1624.733,TRUE,-1,N/A,0,FALSE,1624.733,TRUE,0,FALSE,141230.511,,141230.511,6,FALSE,TRUE,
C,A,20230101,2023,52,2023,276,DEU,Germany,M,Import,392,JPN,Japan,0,W00,World,H6,HS,TRUE,810520,"Cobalt; mattes and other intermediate products of cobalt metallurgy, unwrought cobalt, powders",Cobalt,6,TRUE,C00,TOTAL CPC,0,0,TOTAL MOT,8,kg,70650,FALSE,8,kg,70650,FALSE,70650,FALSE,0,FALSE,2464035.372,,2464035.372,0,FALSE,TRUE,
C,A,20230101,2023,52,2023,276,DEU,Germany,M,Import,398,KAZ,Kazakhstan,0,W00,World,H6,HS,TRUE,810520,"Cobalt; mattes and other intermediate products of cobalt metallurgy, unwrought cobalt, powders",Cobalt,6,TRUE,C00,TOTAL CPC,0,0,TOTAL MOT,8,kg,2363,FALSE,8,kg,2363,FALSE,2363,FALSE,0,FALSE,26574.01,,26574.01,0,FALSE,TRUE,
C,A,20230101,2023,52,2023,276,DEU,Germany,M,Import,410,KOR,South Korea,0,W00,World,H6,HS,TRUE,810520,"Cobalt; mattes and other intermediate products of cobalt metallurgy, unwrought cobalt, powders",Cobalt,6,TRUE,C00,TOTAL CPC,0,0,TOTAL MOT,8,kg,4,FALSE,8,kg,4,FALSE,4,FALSE,0,FALSE,440.483,,440.483,0,FALSE,TRUE,
C,A,20230101,2023,52,2023,276,DEU,Germany,M,Import,440,LTU,Lithuania,0,W00,World,H6,HS,TRUE,810520,"Cobalt; mattes and other intermediate products of cobalt metallurgy, unwrought cobalt, powders",Cobalt,6,TRUE,C00,TOTAL CPC,0,0,TOTAL MOT,8,kg,70,FALSE,8,kg,70,FALSE,70,FALSE,0,FALSE,14112.911,,14112.911,0,FALSE,TRUE,
C,A,20230101,2023,52,2023,276,DEU,Germany,M,Import,442,LUX,Luxembourg,0,W00,World,H6,HS,TRUE,810520,"Cobalt; mattes and other intermediate products of cobalt metallurgy, unwrought cobalt, powders",Cobalt,6,TRUE,C00,TOTAL CPC,0,0,TOTAL MOT,8,kg,8500,FALSE,8,kg,8500,FALSE,8500,FALSE,0,FALSE,339626.818,,339626.818,0,FALSE,TRUE,
C,A,20230101,2023,52,2023,276,DEU,Germany,M,Import,446,MAC,Macao,0,W00,World,H6,HS,TRUE,810520,"Cobalt; mattes and other intermediate products of cobalt metallurgy, unwrought cobalt, powders",Cobalt,6,TRUE,C00,TOTAL CPC,0,0,TOTAL MOT,8,kg,956,FALSE,8,kg,956,FALSE,956,FALSE,0,FALSE,35199.415,,35199.415,0,FALSE,TRUE,
C,A,20230101,2023,52,2023,276,DEU,Germany,M,Import,450,MDG,Madagascar,0,W00,World,H6,HS,TRUE,810520,"Cobalt; mattes and other intermediate products of cobalt metallurgy, unwrought cobalt, powders",Cobalt,6,TRUE,C00,TOTAL CPC,0,0,TOTAL MOT,8,kg,38000,FALSE,8,kg,38000,FALSE,38000,FALSE,0,FALSE,1537079.646,,1537079.646,0,FALSE,TRUE,
C,A,20230101,2023,52,2023,276,DEU,Germany,M,Import,484,MEX,Mexico,0,W00,World,H6,HS,TRUE,810520,"Cobalt; mattes and other intermediate products of cobalt metallurgy, unwrought cobalt, powders",Cobalt,6,TRUE,C00,TOTAL CPC,0,0,TOTAL MOT,8,kg,9500,FALSE,8,kg,9500,FALSE,9500,FALSE,0,FALSE,334459.861,,334459.861,0,FALSE,TRUE,
C,A,20230101,2023,52,2023,276,DEU,Germany,M,Import,504,MAR,Morocco,0,W00,World,H6,HS,TRUE,810520,"Cobalt; mattes and other intermediate products of cobalt metallurgy, unwrought cobalt, powders",Cobalt,6,TRUE,C00,TOTAL CPC,0,0,TOTAL MOT,8,kg,217450,FALSE,8,kg,217450,FALSE,217450,FALSE,0,FALSE,8266699.933,,8266699.933,0,FALSE,TRUE,
C,A,20230101,2023,52,2023,276,DEU,Germany,M,Import,528,NLD,Netherlands,0,W00,World,H6,HS,TRUE,810520,"Cobalt; mattes and other intermediate products of cobalt metallurgy, unwrought cobalt, powders",Cobalt,6,TRUE,C00,TOTAL CPC,0,0,TOTAL MOT,8,kg,45800,FALSE,8,kg,45800,FALSE,45800,FALSE,0,FALSE,2346247.514,,2346247.514,0,FALSE,TRUE,
C,A,20230101,2023,52,2023,276,DEU,Germany,M,Import,579,NOR,Norway,0,W00,World,H6,HS,TRUE,810520,"Cobalt; mattes and other intermediate products of cobalt metallurgy, unwrought cobalt, powders",Cobalt,6,TRUE,C00,TOTAL CPC,0,0,TOTAL MOT,8,kg,35000,FALSE,8,kg,35000,FALSE,35000,FALSE,0,FALSE,1310846.756,,1310846.756,0,FALSE,TRUE,
C,A,20230101,2023,52,2023,276,DEU,Germany,M,Import,616,POL,Poland,0,W00,World,H6,HS,TRUE,810520,"Cobalt; mattes and other intermediate products of cobalt metallurgy, unwrought cobalt, powders",Cobalt,6,TRUE,C00,TOTAL CPC,0,0,TOTAL MOT,8,kg,351.268,TRUE,-1,N/A,0,FALSE,351.268,TRUE,0,FALSE,13253.751,,13253.751,6,FALSE,TRUE,
C,A,20230101,2023,52,2023,276,DEU,Germany,M,Import,643,RUS,Russia,0,W00,World,H6,HS,TRUE,810520,"Cobalt; mattes and other intermediate products of cobalt metallurgy, unwrought cobalt, powders",Cobalt,6,TRUE,C00,TOTAL CPC,0,0,TOTAL MOT,8,kg,130404,FALSE,8,kg,130404,FALSE,130404,FALSE,0,FALSE,4358314.286,,4358314.286,0,FALSE,TRUE,
C,A,20230101,2023,52,2023,276,DEU,Germany,M,Import,699,IND,India,0,W00,World,H6,HS,TRUE,810520,"Cobalt; mattes and other intermediate products of cobalt metallurgy, unwrought cobalt, powders",Cobalt,6,TRUE,C00,TOTAL CPC,0,0,TOTAL MOT,8,kg,0.694,TRUE,-1,N/A,0,FALSE,0.694,TRUE,0,FALSE,32.709,,32.709,6,FALSE,TRUE,
C,A,20230101,2023,52,2023,276,DEU,Germany,M,Import,704,VNM,Vietnam,0,W00,World,H6,HS,TRUE,810520,"Cobalt; mattes and other intermediate products of cobalt metallurgy, unwrought cobalt, powders",Cobalt,6,TRUE,C00,TOTAL CPC,0,0,TOTAL MOT,8,kg,30,FALSE,8,kg,30,FALSE,30,FALSE,0,FALSE,846.077,,846.077,0,FALSE,TRUE,
C,A,20230101,2023,52,2023,276,DEU,Germany,M,Import,705,SVN,Slovenia,0,W00,World,H6,HS,TRUE,810520,"Cobalt; mattes and other intermediate products of cobalt metallurgy, unwrought cobalt, powders",Cobalt,6,TRUE,C00,TOTAL CPC,0,0,TOTAL MOT,8,kg,81,FALSE,8,kg,81,FALSE,81,FALSE,0,FALSE,2545.863,,2545.863,0,FALSE,TRUE,
C,A,20230101,2023,52,2023,276,DEU,Germany,M,Import,710,ZAF,South Africa,0,W00,World,H6,HS,TRUE,810520,"Cobalt; mattes and other intermediate products of cobalt metallurgy, unwrought cobalt, powders",Cobalt,6,TRUE,C00,TOTAL CPC,0,0,TOTAL MOT,8,kg,143546.856,TRUE,-1,N/A,0,FALSE,143546.856,TRUE,0,FALSE,7188839.417,,7188839.417,6,FALSE,TRUE,
C,A,20230101,2023,52,2023,276,DEU,Germany,M,Import,724,ESP,Spain,0,W00,World,H6,HS,TRUE,810520,"Cobalt; mattes and other intermediate products of cobalt metallurgy, unwrought cobalt, powders",Cobalt,6,TRUE,C00,TOTAL CPC,0,0,TOTAL MOT,8,kg,45.597,TRUE,-1,N/A,0,FALSE,45.597,TRUE,0,FALSE,2147.901,,2147.901,6,FALSE,TRUE,
C,A,20230101,2023,52,2023,276,DEU,Germany,M,Import,752,SWE,Sweden,0,W00,World,H6,HS,TRUE,810520,"Cobalt; mattes and other intermediate products of cobalt metallurgy, unwrought cobalt, powders",Cobalt,6,TRUE,C00,TOTAL CPC,0,0,TOTAL MOT,8,kg,780,FALSE,8,kg,780,FALSE,780,FALSE,0,FALSE,20835.734,,20835.734,0,FALSE,TRUE,
C,A,20230101,2023,52,2023,276,DEU,Germany,M,Import,757,CHE,Switzerland,0,W00,World,H6,HS,TRUE,810520,"Cobalt; mattes and other intermediate products of cobalt metallurgy, unwrought cobalt, powders",Cobalt,6,TRUE,C00,TOTAL CPC,0,0,TOTAL MOT,8,kg,78.162,TRUE,-1,N/A,0,FALSE,78.162,TRUE,0,FALSE,13271.196,,13271.196,6,FALSE,TRUE,
C,A,20230101,2023,52,2023,276,DEU,Germany,M,Import,792,TUR,Turkey,0,W00,World,H6,HS,TRUE,810520,"Cobalt; mattes and other intermediate products of cobalt metallurgy, unwrought cobalt, powders",Cobalt,6,TRUE,C00,TOTAL CPC,0,0,TOTAL MOT,8,kg,297.625,TRUE,-1,N/A,0,FALSE,297.625,TRUE,0,FALSE,11052.424,,11052.424,6,FALSE,TRUE,
C,A,20230101,2023,52,2023,276,DEU,Germany,M,Import,826,GBR,United Kingdom,0,W00,World,H6,HS,TRUE,810520,"Cobalt; mattes and other intermediate products of cobalt metallurgy, unwrought cobalt, powders",Cobalt,6,TRUE,C00,TOTAL CPC,0,0,TOTAL MOT,8,kg,184712.134,TRUE,-1,N/A,0,FALSE,184712.134,TRUE,0,FALSE,10411966.03,,10411966.03,6,FALSE,TRUE,
C,A,20230101,2023,52,2023,276,DEU,Germany,M,Import,842,USA,USA,0,W00,World,H6,HS,TRUE,810520,"Cobalt; mattes and other intermediate products of cobalt metallurgy, unwrought cobalt, powders",Cobalt,6,TRUE,C00,TOTAL CPC,0,0,TOTAL MOT,8,kg,178621.234,TRUE,-1,N/A,0,FALSE,178621.234,TRUE,0,FALSE,15202583.08,,15202583.08,6,FALSE,TRUE,
C,A,20230101,2023,52,2023,276,DEU,Germany,M,Import,862,VEN,Venezuela,0,W00,World,H6,HS,TRUE,810520,"Cobalt; mattes and other intermediate products of cobalt metallurgy, unwrought cobalt, powders",Cobalt,6,TRUE,C00,TOTAL CPC,0,0,TOTAL MOT,8,kg,250,FALSE,8,kg,250,FALSE,250,FALSE,0,FALSE,12767.475,,12767.475,0,FALSE,TRUE,
C,A,20230101,2023,52,2023,276,DEU,Germany,M,Import,0,W00,World,0,W00,World,H6,HS,TRUE,810820,"Titanium; unwrought, powders",Titanium,6,TRUE,C00,TOTAL CPC,0,0,TOTAL MOT,8,kg,3183355.46,TRUE,-1,N/A,0,FALSE,3183355.46,TRUE,0,FALSE,49647481.78,,49647481.78,6,FALSE,TRUE,
C,A,20230101,2023,52,2023,276,DEU,Germany,M,Import,40,AUT,Austria,0,W00,World,H6,HS,TRUE,810820,"Titanium; unwrought, powders",Titanium,6,TRUE,C00,TOTAL CPC,0,0,TOTAL MOT,8,kg,7402,FALSE,8,kg,7402,FALSE,7402,FALSE,0,FALSE,182755.877,,182755.877,0,FALSE,TRUE,
C,A,20230101,2023,52,2023,276,DEU,Germany,M,Import,56,BEL,Belgium,0,W00,World,H6,HS,TRUE,810820,"Titanium; unwrought, powders",Titanium,6,TRUE,C00,TOTAL CPC,0,0,TOTAL MOT,8,kg,177604,FALSE,8,kg,177604,FALSE,177604,FALSE,0,FALSE,1423142.747,,1423142.747,0,FALSE,TRUE,
C,A,20230101,2023,52,2023,276,DEU,Germany,M,Import,124,CAN,Canada,0,W00,World,H6,HS,TRUE,810820,"Titanium; unwrought, powders",Titanium,6,TRUE,C00,TOTAL CPC,0,0,TOTAL MOT,8,kg,72548.419,TRUE,-1,N/A,0,FALSE,72548.419,TRUE,0,FALSE,7310046.472,,7310046.472,6,FALSE,TRUE,
C,A,20230101,2023,52,2023,276,DEU,Germany,M,Import,156,CHN,China,0,W00,World,H6,HS,TRUE,810820,"Titanium; unwrought, powders",Titanium,6,TRUE,C00,TOTAL CPC,0,0,TOTAL MOT,8,kg,709949.228,TRUE,-1,N/A,0,FALSE,709949.228,TRUE,0,FALSE,7070131.342,,7070131.342,6,FALSE,TRUE,
C,A,20230101,2023,52,2023,276,DEU,Germany,M,Import,233,EST,Estonia,0,W00,World,H6,HS,TRUE,810820,"Titanium; unwrought, powders",Titanium,6,TRUE,C00,TOTAL CPC,0,0,TOTAL MOT,8,kg,151913,FALSE,8,kg,151913,FALSE,151913,FALSE,0,FALSE,1561626.779,,1561626.779,0,FALSE,TRUE,
C,A,20230101,2023,52,2023,276,DEU,Germany,M,Import,246,FIN,Finland,0,W00,World,H6,HS,TRUE,810820,"Titanium; unwrought, powders",Titanium,6,TRUE,C00,TOTAL CPC,0,0,TOTAL MOT,8,kg,39850,FALSE,8,kg,39850,FALSE,39850,FALSE,0,FALSE,6419822.04,,6419822.04,0,FALSE,TRUE,
C,A,20230101,2023,52,2023,276,DEU,Germany,M,Import,251,FRA,France,0,W00,World,H6,HS,TRUE,810820,"Titanium; unwrought, powders",Titanium,6,TRUE,C00,TOTAL CPC,0,0,TOTAL MOT,8,kg,31978,FALSE,8,kg,31978,FALSE,31978,FALSE,0,FALSE,539849.385,,539849.385,0,FALSE,TRUE,
C,A,20230101,2023,52,2023,276,DEU,Germany,M,Import,376,ISR,Israel,0,W00,World,H6,HS,TRUE,810820,"Titanium; unwrought, powders",Titanium,6,TRUE,C00,TOTAL CPC,0,0,TOTAL MOT,8,kg,5,FALSE,8,kg,5,FALSE,5,FALSE,0,FALSE,2544.772,,2544.772,0,FALSE,TRUE,
C,A,20230101,2023,52,2023,276,DEU,Germany,M,Import,380,ITA,Italy,0,W00,World,H6,HS,TRUE,810820,"Titanium; unwrought, powders",Titanium,6,TRUE,C00,TOTAL CPC,0,0,TOTAL MOT,8,kg,749,FALSE,8,kg,749,FALSE,749,FALSE,0,FALSE,20898.971,,20898.971,0,FALSE,TRUE,
C,A,20230101,2023,52,2023,276,DEU,Germany,M,Import,392,JPN,Japan,0,W00,World,H6,HS,TRUE,810820,"Titanium; unwrought, powders",Titanium,6,TRUE,C00,TOTAL CPC,0,0,TOTAL MOT,8,kg,949304,FALSE,8,kg,949304,FALSE,949304,FALSE,0,FALSE,10724110.61,,10724110.61,0,FALSE,TRUE,
C,A,20230101,2023,52,2023,276,DEU,Germany,M,Import,410,KOR,South Korea,0,W00,World,H6,HS,TRUE,810820,"Titanium; unwrought, powders",Titanium,6,TRUE,C00,TOTAL CPC,0,0,TOTAL MOT,8,kg,2273,FALSE,8,kg,2273,FALSE,2273,FALSE,0,FALSE,256283.883,,256283.883,0,FALSE,TRUE,
C,A,20230101,2023,52,2023,276,DEU,Germany,M,Import,490,S19,"Other Asia, nes",0,W00,World,H6,HS,TRUE,810820,"Titanium; unwrought, powders",Titanium,6,TRUE,C00,TOTAL CPC,0,0,TOTAL MOT,8,kg,1664,FALSE,8,kg,1664,FALSE,1664,FALSE,0,FALSE,44718.87,,44718.87,0,FALSE,TRUE,
C,A,20230101,2023,52,2023,276,DEU,Germany,M,Import,528,NLD,Netherlands,0,W00,World,H6,HS,TRUE,810820,"Titanium; unwrought, powders",Titanium,6,TRUE,C00,TOTAL CPC,0,0,TOTAL MOT,8,kg,404957,FALSE,8,kg,404957,FALSE,404957,FALSE,0,FALSE,4941798.778,,4941798.778,0,FALSE,TRUE,
C,A,20230101,2023,52,2023,276,DEU,Germany,M,Import,616,POL,Poland,0,W00,World,H6,HS,TRUE,810820,"Titanium; unwrought, powders",Titanium,6,TRUE,C00,TOTAL CPC,0,0,TOTAL MOT,8,kg,8084,FALSE,8,kg,8084,FALSE,8084,FALSE,0,FALSE,65451.025,,65451.025,0,FALSE,TRUE,
C,A,20230101,2023,52,2023,276,DEU,Germany,M,Import,643,RUS,Russia,0,W00,World,H6,HS,TRUE,810820,"Titanium; unwrought, powders",Titanium,6,TRUE,C00,TOTAL CPC,0,0,TOTAL MOT,8,kg,334271,FALSE,8,kg,334271,FALSE,334271,FALSE,0,FALSE,4285308.536,,4285308.536,0,FALSE,TRUE,
C,A,20230101,2023,52,2023,276,DEU,Germany,M,Import,682,SAU,Saudi Arabia,0,W00,World,H6,HS,TRUE,810820,"Titanium; unwrought, powders",Titanium,6,TRUE,C00,TOTAL CPC,0,0,TOTAL MOT,8,kg,128002,FALSE,8,kg,128002,FALSE,128002,FALSE,0,FALSE,1073868.908,,1073868.908,0,FALSE,TRUE,
C,A,20230101,2023,52,2023,276,DEU,Germany,M,Import,702,SGP,Singapore,0,W00,World,H6,HS,TRUE,810820,"Titanium; unwrought, powders",Titanium,6,TRUE,C00,TOTAL CPC,0,0,TOTAL MOT,8,kg,15000,FALSE,8,kg,15000,FALSE,15000,FALSE,0,FALSE,152667.813,,152667.813,0,FALSE,TRUE,
C,A,20230101,2023,52,2023,276,DEU,Germany,M,Import,705,SVN,Slovenia,0,W00,World,H6,HS,TRUE,810820,"Titanium; unwrought, powders",Titanium,6,TRUE,C00,TOTAL CPC,0,0,TOTAL MOT,8,kg,40000,FALSE,8,kg,40000,FALSE,40000,FALSE,0,FALSE,448115.462,,448115.462,0,FALSE,TRUE,
C,A,20230101,2023,52,2023,276,DEU,Germany,M,Import,724,ESP,Spain,0,W00,World,H6,HS,TRUE,810820,"Titanium; unwrought, powders",Titanium,6,TRUE,C00,TOTAL CPC,0,0,TOTAL MOT,8,kg,4064,FALSE,8,kg,4064,FALSE,4064,FALSE,0,FALSE,27771.165,,27771.165,0,FALSE,TRUE,
C,A,20230101,2023,52,2023,276,DEU,Germany,M,Import,752,SWE,Sweden,0,W00,World,H6,HS,TRUE,810820,"Titanium; unwrought, powders",Titanium,6,TRUE,C00,TOTAL CPC,0,0,TOTAL MOT,8,kg,62703,FALSE,8,kg,62703,FALSE,62703,FALSE,0,FALSE,535747.657,,535747.657,0,FALSE,TRUE,
C,A,20230101,2023,52,2023,276,DEU,Germany,M,Import,757,CHE,Switzerland,0,W00,World,H6,HS,TRUE,810820,"Titanium; unwrought, powders",Titanium,6,TRUE,C00,TOTAL CPC,0,0,TOTAL MOT,8,kg,662,FALSE,8,kg,662,FALSE,662,FALSE,0,FALSE,62093.975,,62093.975,0,FALSE,TRUE,
C,A,20230101,2023,52,2023,276,DEU,Germany,M,Import,804,UKR,Ukraine,0,W00,World,H6,HS,TRUE,810820,"Titanium; unwrought, powders",Titanium,6,TRUE,C00,TOTAL CPC,0,0,TOTAL MOT,8,kg,18016,FALSE,8,kg,18016,FALSE,18016,FALSE,0,FALSE,141000.457,,141000.457,0,FALSE,TRUE,
C,A,20230101,2023,52,2023,276,DEU,Germany,M,Import,826,GBR,United Kingdom,0,W00,World,H6,HS,TRUE,810820,"Titanium; unwrought, powders",Titanium,6,TRUE,C00,TOTAL CPC,0,0,TOTAL MOT,8,kg,4420.812,TRUE,-1,N/A,0,FALSE,4420.812,TRUE,0,FALSE,112099.735,,112099.735,6,FALSE,TRUE,
C,A,20230101,2023,52,2023,276,DEU,Germany,M,Import,842,USA,USA,0,W00,World,H6,HS,TRUE,810820,"Titanium; unwrought, powders",Titanium,6,TRUE,C00,TOTAL CPC,0,0,TOTAL MOT,8,kg,17936,FALSE,8,kg,17936,FALSE,17936,FALSE,0,FALSE,2245626.513,,2245626.513,0,FALSE,TRUE,
C,A,20230101,2023,52,2023,276,DEU,Germany,M,Import,0,W00,World,0,W00,World,H6,HS,TRUE,811292,"Gallium, germanium, indium, niobium (columbium) and vanadium; articles thereof, unwrought, including waste and scrap, powders",Indium,6,TRUE,C00,TOTAL CPC,0,0,TOTAL MOT,8,kg,231091.581,TRUE,-1,N/A,0,FALSE,231091.581,TRUE,0,FALSE,28716316.02,,28716316.02,6,FALSE,TRUE,
C,A,20230101,2023,52,2023,276,DEU,Germany,M,Import,40,AUT,Austria,0,W00,World,H6,HS,TRUE,811292,"Gallium, germanium, indium, niobium (columbium) and vanadium; articles thereof, unwrought, including waste and scrap, powders",Indium,6,TRUE,C00,TOTAL CPC,0,0,TOTAL MOT,8,kg,245,FALSE,8,kg,245,FALSE,245,FALSE,0,FALSE,36756.371,,36756.371,0,FALSE,TRUE,
C,A,20230101,2023,52,2023,276,DEU,Germany,M,Import,51,ARM,Armenia,0,W00,World,H6,HS,TRUE,811292,"Gallium, germanium, indium, niobium (columbium) and vanadium; articles thereof, unwrought, including waste and scrap, powders",Indium,6,TRUE,C00,TOTAL CPC,0,0,TOTAL MOT,8,kg,29317,FALSE,8,kg,29317,FALSE,29317,FALSE,0,FALSE,1687962.63,,1687962.63,0,FALSE,TRUE,
C,A,20230101,2023,52,2023,276,DEU,Germany,M,Import,56,BEL,Belgium,0,W00,World,H6,HS,TRUE,811292,"Gallium, germanium, indium, niobium (columbium) and vanadium; articles thereof, unwrought, including waste and scrap, powders",Indium,6,TRUE,C00,TOTAL CPC,0,0,TOTAL MOT,8,kg,20405.23,TRUE,-1,N/A,0,FALSE,20405.23,TRUE,0,FALSE,1655402.844,,1655402.844,6,FALSE,TRUE,
C,A,20230101,2023,52,2023,276,DEU,Germany,M,Import,76,BRA,Brazil,0,W00,World,H6,HS,TRUE,811292,"Gallium, germanium, indium, niobium (columbium) and vanadium; articles thereof, unwrought, including waste and scrap, powders",Indium,6,TRUE,C00,TOTAL CPC,0,0,TOTAL MOT,8,kg,745,FALSE,8,kg,745,FALSE,745,FALSE,0,FALSE,84736.344,,84736.344,0,FALSE,TRUE,
C,A,20230101,2023,52,2023,276,DEU,Germany,M,Import,100,BGR,Bulgaria,0,W00,World,H6,HS,TRUE,811292,"Gallium, germanium, indium, niobium (columbium) and vanadium; articles thereof, unwrought, including waste and scrap, powders",Indium,6,TRUE,C00,TOTAL CPC,0,0,TOTAL MOT,8,kg,1990,FALSE,8,kg,1990,FALSE,1990,FALSE,0,FALSE,46219.13,,46219.13,0,FALSE,TRUE,
C,A,20230101,2023,52,2023,276,DEU,Germany,M,Import,124,CAN,Canada,0,W00,World,H6,HS,TRUE,811292,"Gallium, germanium, indium, niobium (columbium) and vanadium; articles thereof, unwrought, including waste and scrap, powders",Indium,6,TRUE,C00,TOTAL CPC,0,0,TOTAL MOT,8,kg,81.865,TRUE,-1,N/A,0,FALSE,81.865,TRUE,0,FALSE,24052.134,,24052.134,6,FALSE,TRUE,
C,A,20230101,2023,52,2023,276,DEU,Germany,M,Import,156,CHN,China,0,W00,World,H6,HS,TRUE,811292,"Gallium, germanium, indium, niobium (columbium) and vanadium; articles thereof, unwrought, including waste and scrap, powders",Indium,6,TRUE,C00,TOTAL CPC,0,0,TOTAL MOT,8,kg,55838.177,TRUE,-1,N/A,0,FALSE,55838.177,TRUE,0,FALSE,14356106.05,,14356106.05,6,FALSE,TRUE,
C,A,20230101,2023,52,2023,276,DEU,Germany,M,Import,208,DNK,Denmark,0,W00,World,H6,HS,TRUE,811292,"Gallium, germanium, indium, niobium (columbium) and vanadium; articles thereof, unwrought, including waste and scrap, powders",Indium,6,TRUE,C00,TOTAL CPC,0,0,TOTAL MOT,8,kg,6005.65,TRUE,-1,N/A,0,FALSE,6005.65,TRUE,0,FALSE,103751.268,,103751.268,6,FALSE,TRUE,
C,A,20230101,2023,52,2023,276,DEU,Germany,M,Import,251,FRA,France,0,W00,World,H6,HS,TRUE,811292,"Gallium, germanium, indium, niobium (columbium) and vanadium; articles thereof, unwrought, including waste and scrap, powders",Indium,6,TRUE,C00,TOTAL CPC,0,0,TOTAL MOT,8,kg,1042.15,TRUE,-1,N/A,0,FALSE,1042.15,TRUE,0,FALSE,283645.094,,283645.094,6,FALSE,TRUE,
C,A,20230101,2023,52,2023,276,DEU,Germany,M,Import,268,GEO,Georgia,0,W00,World,H6,HS,TRUE,811292,"Gallium, germanium, indium, niobium (columbium) and vanadium; articles thereof, unwrought, including waste and scrap, powders",Indium,6,TRUE,C00,TOTAL CPC,0,0,TOTAL MOT,8,kg,33,FALSE,8,kg,33,FALSE,33,FALSE,0,FALSE,1797.913,,1797.913,0,FALSE,TRUE,
C,A,20230101,2023,52,2023,276,DEU,Germany,M,Import,344,HKG,Hong Kong,0,W00,World,H6,HS,TRUE,811292,"Gallium, germanium, indium, niobium (columbium) and vanadium; articles thereof, unwrought, including waste and scrap, powders",Indium,6,TRUE,C00,TOTAL CPC,0,0,TOTAL MOT,8,kg,150,FALSE,8,kg,150,FALSE,150,FALSE,0,FALSE,44426.668,,44426.668,0,FALSE,TRUE,
C,A,20230101,2023,52,2023,276,DEU,Germany,M,Import,376,ISR,Israel,0,W00,World,H6,HS,TRUE,811292,"Gallium, germanium, indium, niobium (columbium) and vanadium; articles thereof, unwrought, including waste and scrap, powders",Indium,6,TRUE,C00,TOTAL CPC,0,0,TOTAL MOT,8,kg,10,FALSE,8,kg,10,FALSE,10,FALSE,0,FALSE,7274.517,,7274.517,0,FALSE,TRUE,
C,A,20230101,2023,52,2023,276,DEU,Germany,M,Import,380,ITA,Italy,0,W00,World,H6,HS,TRUE,811292,"Gallium, germanium, indium, niobium (columbium) and vanadium; articles thereof, unwrought, including waste and scrap, powders",Indium,6,TRUE,C00,TOTAL CPC,0,0,TOTAL MOT,8,kg,3218,FALSE,8,kg,3218,FALSE,3218,FALSE,0,FALSE,28477.683,,28477.683,0,FALSE,TRUE,
C,A,20230101,2023,52,2023,276,DEU,Germany,M,Import,392,JPN,Japan,0,W00,World,H6,HS,TRUE,811292,"Gallium, germanium, indium, niobium (columbium) and vanadium; articles thereof, unwrought, including waste and scrap, powders",Indium,6,TRUE,C00,TOTAL CPC,0,0,TOTAL MOT,8,kg,24617.785,TRUE,-1,N/A,0,FALSE,24617.785,TRUE,0,FALSE,660988.841,,660988.841,6,FALSE,TRUE,
C,A,20230101,2023,52,2023,276,DEU,Germany,M,Import,410,KOR,South Korea,0,W00,World,H6,HS,TRUE,811292,"Gallium, germanium, indium, niobium (columbium) and vanadium; articles thereof, unwrought, including waste and scrap, powders",Indium,6,TRUE,C00,TOTAL CPC,0,0,TOTAL MOT,8,kg,4324,FALSE,8,kg,4324,FALSE,4324,FALSE,0,FALSE,1192322.943,,1192322.943,0,FALSE,TRUE,
C,A,20230101,2023,52,2023,276,DEU,Germany,M,Import,442,LUX,Luxembourg,0,W00,World,H6,HS,TRUE,811292,"Gallium, germanium, indium, niobium (columbium) and vanadium; articles thereof, unwrought, including waste and scrap, powders",Indium,6,TRUE,C00,TOTAL CPC,0,0,TOTAL MOT,8,kg,224,FALSE,8,kg,224,FALSE,224,FALSE,0,FALSE,54283.028,,54283.028,0,FALSE,TRUE,
C,A,20230101,2023,52,2023,276,DEU,Germany,M,Import,490,S19,"Other Asia, nes",0,W00,World,H6,HS,TRUE,811292,"Gallium, germanium, indium, niobium (columbium) and vanadium; articles thereof, unwrought, including waste and scrap, powders",Indium,6,TRUE,C00,TOTAL CPC,0,0,TOTAL MOT,8,kg,991,FALSE,8,kg,991,FALSE,991,FALSE,0,FALSE,429388.379,,429388.379,0,FALSE,TRUE,
C,A,20230101,2023,52,2023,276,DEU,Germany,M,Import,528,NLD,Netherlands,0,W00,World,H6,HS,TRUE,811292,"Gallium, germanium, indium, niobium (columbium) and vanadium; articles thereof, unwrought, including waste and scrap, powders",Indium,6,TRUE,C00,TOTAL CPC,0,0,TOTAL MOT,8,kg,28582,FALSE,8,kg,28582,FALSE,28582,FALSE,0,FALSE,826554.966,,826554.966,0,FALSE,TRUE,
C,A,20230101,2023,52,2023,276,DEU,Germany,M,Import,616,POL,Poland,0,W00,World,H6,HS,TRUE,811292,"Gallium, germanium, indium, niobium (columbium) and vanadium; articles thereof, unwrought, including waste and scrap, powders",Indium,6,TRUE,C00,TOTAL CPC,0,0,TOTAL MOT,8,kg,503,FALSE,8,kg,503,FALSE,503,FALSE,0,FALSE,12401.132,,12401.132,0,FALSE,TRUE,
C,A,20230101,2023,52,2023,276,DEU,Germany,M,Import,642,ROU,Romania,0,W00,World,H6,HS,TRUE,811292,"Gallium, germanium, indium, niobium (columbium) and vanadium; articles thereof, unwrought, including waste and scrap, powders",Indium,6,TRUE,C00,TOTAL CPC,0,0,TOTAL MOT,8,kg,2002,FALSE,8,kg,2002,FALSE,2002,FALSE,0,FALSE,33643.549,,33643.549,0,FALSE,TRUE,
C,A,20230101,2023,52,2023,276,DEU,Germany,M,Import,643,RUS,Russia,0,W00,World,H6,HS,TRUE,811292,"Gallium, germanium, indium, niobium (columbium) and vanadium; articles thereof, unwrought, including waste and scrap, powders",Indium,6,TRUE,C00,TOTAL CPC,0,0,TOTAL MOT,8,kg,5249.641,TRUE,-1,N/A,0,FALSE,5249.641,TRUE,0,FALSE,986758.969,,986758.969,6,FALSE,TRUE,
C,A,20230101,2023,52,2023,276,DEU,Germany,M,Import,688,SRB,Serbia,0,W00,World,H6,HS,TRUE,811292,"Gallium, germanium, indium, niobium (columbium) and vanadium; articles thereof, unwrought, including waste and scrap, powders",Indium,6,TRUE,C00,TOTAL CPC,0,0,TOTAL MOT,8,kg,40,FALSE,8,kg,40,FALSE,40,FALSE,0,FALSE,545.153,,545.153,0,FALSE,TRUE,
C,A,20230101,2023,52,2023,276,DEU,Germany,M,Import,703,SVK,Slovakia,0,W00,World,H6,HS,TRUE,811292,"Gallium, germanium, indium, niobium (columbium) and vanadium; articles thereof, unwrought, including waste and scrap, powders",Indium,6,TRUE,C00,TOTAL CPC,0,0,TOTAL MOT,8,kg,15003.746,TRUE,-1,N/A,0,FALSE,15003.746,TRUE,0,FALSE,1747053.904,,1747053.904,6,FALSE,TRUE,
C,A,20230101,2023,52,2023,276,DEU,Germany,M,Import,705,SVN,Slovenia,0,W00,World,H6,HS,TRUE,811292,"Gallium, germanium, indium, niobium (columbium) and vanadium; articles thereof, unwrought, including waste and scrap, powders",Indium,6,TRUE,C00,TOTAL CPC,0,0,TOTAL MOT,8,kg,100,FALSE,8,kg,100,FALSE,100,FALSE,0,FALSE,32848.717,,32848.717,0,FALSE,TRUE,
C,A,20230101,2023,52,2023,276,DEU,Germany,M,Import,710,ZAF,South Africa,0,W00,World,H6,HS,TRUE,811292,"Gallium, germanium, indium, niobium (columbium) and vanadium; articles thereof, unwrought, including waste and scrap, powders",Indium,6,TRUE,C00,TOTAL CPC,0,0,TOTAL MOT,8,kg,8070,FALSE,8,kg,8070,FALSE,8070,FALSE,0,FALSE,208656.079,,208656.079,0,FALSE,TRUE,
C,A,20230101,2023,52,2023,276,DEU,Germany,M,Import,752,SWE,Sweden,0,W00,World,H6,HS,TRUE,811292,"Gallium, germanium, indium, niobium (columbium) and vanadium; articles thereof, unwrought, including waste and scrap, powders",Indium,6,TRUE,C00,TOTAL CPC,0,0,TOTAL MOT,8,kg,1385,FALSE,8,kg,1385,FALSE,1385,FALSE,0,FALSE,29161.304,,29161.304,0,FALSE,TRUE,
C,A,20230101,2023,52,2023,276,DEU,Germany,M,Import,757,CHE,Switzerland,0,W00,World,H6,HS,TRUE,811292,"Gallium, germanium, indium, niobium (columbium) and vanadium; articles thereof, unwrought, including waste and scrap, powders",Indium,6,TRUE,C00,TOTAL CPC,0,0,TOTAL MOT,8,kg,237,FALSE,8,kg,237,FALSE,237,FALSE,0,FALSE,161807.842,,161807.842,0,FALSE,TRUE,
C,A,20230101,2023,52,2023,276,DEU,Germany,M,Import,826,GBR,United Kingdom,0,W00,World,H6,HS,TRUE,811292,"Gallium, germanium, indium, niobium (columbium) and vanadium; articles thereof, unwrought, including waste and scrap, powders",Indium,6,TRUE,C00,TOTAL CPC,0,0,TOTAL MOT,8,kg,436.352,TRUE,-1,N/A,0,FALSE,436.352,TRUE,0,FALSE,103958.426,,103958.426,6,FALSE,TRUE,
C,A,20230101,2023,52,2023,276,DEU,Germany,M,Import,842,USA,USA,0,W00,World,H6,HS,TRUE,811292,"Gallium, germanium, indium, niobium (columbium) and vanadium; articles thereof, unwrought, including waste and scrap, powders",Indium,6,TRUE,C00,TOTAL CPC,0,0,TOTAL MOT,8,kg,20244.986,TRUE,-1,N/A,0,FALSE,20244.986,TRUE,0,FALSE,3875334.133,,3875334.133,6,FALSE,TRUE,
C,A,20230101,2023,52,2023,276,DEU,Germany,M,Import,0,W00,World,0,W00,World,H6,HS,TRUE,710811,"Metals; gold, non-monetary, powder",Gold,6,TRUE,C00,TOTAL CPC,0,0,TOTAL MOT,8,kg,79.429,FALSE,8,kg,79.429,FALSE,92.909,FALSE,0,FALSE,4251938.653,,4251938.653,0,FALSE,TRUE,
C,A,20230101,2023,52,2023,276,DEU,Germany,M,Import,156,CHN,China,0,W00,World,H6,HS,TRUE,710811,"Metals; gold, non-monetary, powder",Gold,6,TRUE,C00,TOTAL CPC,0,0,TOTAL MOT,8,kg,0.251,FALSE,8,kg,0.251,FALSE,0.251,FALSE,0,FALSE,7559.086,,7559.086,0,FALSE,TRUE,
C,A,20230101,2023,52,2023,276,DEU,Germany,M,Import,203,CZE,Czechia,0,W00,World,H6,HS,TRUE,710811,"Metals; gold, non-monetary, powder",Gold,6,TRUE,C00,TOTAL CPC,0,0,TOTAL MOT,8,kg,0.1,FALSE,8,kg,0.1,FALSE,0.1,FALSE,0,FALSE,6808.956,,6808.956,0,FALSE,TRUE,
C,A,20230101,2023,52,2023,276,DEU,Germany,M,Import,380,ITA,Italy,0,W00,World,H6,HS,TRUE,710811,"Metals; gold, non-monetary, powder",Gold,6,TRUE,C00,TOTAL CPC,0,0,TOTAL MOT,8,kg,25.686,FALSE,8,kg,25.686,FALSE,26.049,FALSE,0,FALSE,1669442.705,,1669442.705,0,FALSE,TRUE,
C,A,20230101,2023,52,2023,276,DEU,Germany,M,Import,392,JPN,Japan,0,W00,World,H6,HS,TRUE,710811,"Metals; gold, non-monetary, powder",Gold,6,TRUE,C00,TOTAL CPC,0,0,TOTAL MOT,8,kg,10.506,FALSE,8,kg,10.506,FALSE,11.356,FALSE,0,FALSE,50120.242,,50120.242,0,FALSE,TRUE,
C,A,20230101,2023,52,2023,276,DEU,Germany,M,Import,757,CHE,Switzerland,0,W00,World,H6,HS,TRUE,710811,"Metals; gold, non-monetary, powder",Gold,6,TRUE,C00,TOTAL CPC,0,0,TOTAL MOT,8,kg,40.639,FALSE,8,kg,40.639,FALSE,52.416,FALSE,0,FALSE,2344372.189,,2344372.189,0,FALSE,TRUE,
C,A,20230101,2023,52,2023,276,DEU,Germany,M,Import,792,TUR,Turkey,0,W00,World,H6,HS,TRUE,710811,"Metals; gold, non-monetary, powder",Gold,6,TRUE,C00,TOTAL CPC,0,0,TOTAL MOT,8,kg,0.049,FALSE,8,kg,0.049,FALSE,0.049,FALSE,0,FALSE,2356.15,,2356.15,0,FALSE,TRUE,
C,A,20230101,2023,52,2023,276,DEU,Germany,M,Import,826,GBR,United Kingdom,0,W00,World,H6,HS,TRUE,710811,"Metals; gold, non-monetary, powder",Gold,6,TRUE,C00,TOTAL CPC,0,0,TOTAL MOT,8,kg,1.069,FALSE,8,kg,1.069,FALSE,1.559,FALSE,0,FALSE,82509.941,,82509.941,0,FALSE,TRUE,
C,A,20230101,2023,52,2023,276,DEU,Germany,M,Import,842,USA,USA,0,W00,World,H6,HS,TRUE,710811,"Metals; gold, non-monetary, powder",Gold,6,TRUE,C00,TOTAL CPC,0,0,TOTAL MOT,8,kg,1.129,FALSE,8,kg,1.129,FALSE,1.129,FALSE,0,FALSE,88769.383,,88769.383,0,FALSE,TRUE,
C,A,20230101,2023,52,2023,276,DEU,Germany,M,Import,0,W00,World,0,W00,World,H6,HS,TRUE,710812,"Metals; gold, non-monetary, unwrought (but not powder)",Gold,6,TRUE,C00,TOTAL CPC,0,0,TOTAL MOT,8,kg,56793.613,TRUE,8,kg,56793.613,FALSE,56806.052,TRUE,0,FALSE,3277316269,,3277316269,6,FALSE,TRUE,
C,A,20230101,2023,52,2023,276,DEU,Germany,M,Import,36,AUS,Australia,0,W00,World,H6,HS,TRUE,710812,"Metals; gold, non-monetary, unwrought (but not powder)",Gold,6,TRUE,C00,TOTAL CPC,0,0,TOTAL MOT,8,kg,618.874,FALSE,8,kg,618.874,FALSE,619.816,FALSE,0,FALSE,34966311.02,,34966311.02,0,FALSE,TRUE,
C,A,20230101,2023,52,2023,276,DEU,Germany,M,Import,100,BGR,Bulgaria,0,W00,World,H6,HS,TRUE,710812,"Metals; gold, non-monetary, unwrought (but not powder)",Gold,6,TRUE,C00,TOTAL CPC,0,0,TOTAL MOT,8,kg,0.2,FALSE,8,kg,0.2,FALSE,0.2,FALSE,0,FALSE,13366.052,,13366.052,0,FALSE,TRUE,
C,A,20230101,2023,52,2023,276,DEU,Germany,M,Import,124,CAN,Canada,0,W00,World,H6,HS,TRUE,710812,"Metals; gold, non-monetary, unwrought (but not powder)",Gold,6,TRUE,C00,TOTAL CPC,0,0,TOTAL MOT,8,kg,127.604,FALSE,8,kg,127.604,FALSE,129.432,FALSE,0,FALSE,4565510.446,,4565510.446,0,FALSE,TRUE,
C,A,20230101,2023,52,2023,276,DEU,Germany,M,Import,156,CHN,China,0,W00,World,H6,HS,TRUE,710812,"Metals; gold, non-monetary, unwrought (but not powder)",Gold,6,TRUE,C00,TOTAL CPC,0,0,TOTAL MOT,8,kg,0.556,FALSE,8,kg,0.556,FALSE,0.556,FALSE,0,FALSE,49885.827,,49885.827,0,FALSE,TRUE,
C,A,20230101,2023,52,2023,276,DEU,Germany,M,Import,180,COD,Democratic Republic of the Congo,0,W00,World,H6,HS,TRUE,710812,"Metals; gold, non-monetary, unwrought (but not powder)",Gold,6,TRUE,C00,TOTAL CPC,0,0,TOTAL MOT,8,kg,1.031,FALSE,8,kg,1.031,FALSE,1,FALSE,0,FALSE,54260.132,,54260.132,0,FALSE,TRUE,
C,A,20230101,2023,52,2023,276,DEU,Germany,M,Import,191,HRV,Croatia,0,W00,World,H6,HS,TRUE,710812,"Metals; gold, non-monetary, unwrought (but not powder)",Gold,6,TRUE,C00,TOTAL CPC,0,0,TOTAL MOT,8,kg,24.19,FALSE,8,kg,24.19,FALSE,24,FALSE,0,FALSE,1040243.894,,1040243.894,0,FALSE,TRUE,
C,A,20230101,2023,52,2023,276,DEU,Germany,M,Import,196,CYP,Cyprus,0,W00,World,H6,HS,TRUE,710812,"Metals; gold, non-monetary, unwrought (but not powder)",Gold,6,TRUE,C00,TOTAL CPC,0,0,TOTAL MOT,8,kg,2.117,FALSE,8,kg,2.117,FALSE,2,FALSE,0,FALSE,121116.56,,121116.56,0,FALSE,TRUE,
C,A,20230101,2023,52,2023,276,DEU,Germany,M,Import,203,CZE,Czechia,0,W00,World,H6,HS,TRUE,710812,"Metals; gold, non-monetary, unwrought (but not powder)",Gold,6,TRUE,C00,TOTAL CPC,0,0,TOTAL MOT,8,kg,164.179,FALSE,8,kg,164.179,FALSE,165,FALSE,0,FALSE,8773122.739,,8773122.739,0,FALSE,TRUE,
C,A,20230101,2023,52,2023,276,DEU,Germany,M,Import,208,DNK,Denmark,0,W00,World,H6,HS,TRUE,710812,"Metals; gold, non-monetary, unwrought (but not powder)",Gold,6,TRUE,C00,TOTAL CPC,0,0,TOTAL MOT,8,kg,498.292,FALSE,8,kg,498.292,FALSE,495,FALSE,0,FALSE,20967858.89,,20967858.89,0,FALSE,TRUE,
C,A,20230101,2023,52,2023,276,DEU,Germany,M,Import,233,EST,Estonia,0,W00,World,H6,HS,TRUE,710812,"Metals; gold, non-monetary, unwrought (but not powder)",Gold,6,TRUE,C00,TOTAL CPC,0,0,TOTAL MOT,8,kg,5.973,FALSE,8,kg,5.973,FALSE,6.186,FALSE,0,FALSE,375822.772,,375822.772,0,FALSE,TRUE,
C,A,20230101,2023,52,2023,276,DEU,Germany,M,Import,246,FIN,Finland,0,W00,World,H6,HS,TRUE,710812,"Metals; gold, non-monetary, unwrought (but not powder)",Gold,6,TRUE,C00,TOTAL CPC,0,0,TOTAL MOT,8,kg,97.609,FALSE,8,kg,97.609,FALSE,97,FALSE,0,FALSE,4474564.814,,4474564.814,0,FALSE,TRUE,
C,A,20230101,2023,52,2023,276,DEU,Germany,M,Import,251,FRA,France,0,W00,World,H6,HS,TRUE,710812,"Metals; gold, non-monetary, unwrought (but not powder)",Gold,6,TRUE,C00,TOTAL CPC,0,0,TOTAL MOT,8,kg,3499.48,FALSE,8,kg,3499.48,FALSE,3500,FALSE,0,FALSE,167770675,,167770675,0,FALSE,TRUE,
C,A,20230101,2023,52,2023,276,DEU,Germany,M,Import,292,GIB,Gibraltar,0,W00,World,H6,HS,TRUE,710812,"Metals; gold, non-monetary, unwrought (but not powder)",Gold,6,TRUE,C00,TOTAL CPC,0,0,TOTAL MOT,8,kg,0.343,FALSE,8,kg,0.343,FALSE,0.343,FALSE,0,FALSE,23094.846,,23094.846,0,FALSE,TRUE,
C,A,20230101,2023,52,2023,276,DEU,Germany,M,Import,300,GRC,Greece,0,W00,World,H6,HS,TRUE,710812,"Metals; gold, non-monetary, unwrought (but not powder)",Gold,6,TRUE,C00,TOTAL CPC,0,0,TOTAL MOT,8,kg,58.769,FALSE,8,kg,58.769,FALSE,58.607,FALSE,0,FALSE,2267114.249,,2267114.249,0,FALSE,TRUE,
C,A,20230101,2023,52,2023,276,DEU,Germany,M,Import,344,HKG,Hong Kong,0,W00,World,H6,HS,TRUE,710812,"Metals; gold, non-monetary, unwrought (but not powder)",Gold,6,TRUE,C00,TOTAL CPC,0,0,TOTAL MOT,8,kg,19,FALSE,8,kg,19,FALSE,19,FALSE,0,FALSE,1245115.523,,1245115.523,0,FALSE,TRUE,
C,A,20230101,2023,52,2023,276,DEU,Germany,M,Import,348,HUN,Hungary,0,W00,World,H6,HS,TRUE,710812,"Metals; gold, non-monetary, unwrought (but not powder)",Gold,6,TRUE,C00,TOTAL CPC,0,0,TOTAL MOT,8,kg,39.877,FALSE,8,kg,39.877,FALSE,40.263,FALSE,0,FALSE,1985285.604,,1985285.604,0,FALSE,TRUE,
C,A,20230101,2023,52,2023,276,DEU,Germany,M,Import,360,IDN,Indonesia,0,W00,World,H6,HS,TRUE,710812,"Metals; gold, non-monetary, unwrought (but not powder)",Gold,6,TRUE,C00,TOTAL CPC,0,0,TOTAL MOT,8,kg,0.157,FALSE,8,kg,0.157,FALSE,0.157,FALSE,0,FALSE,13368.233,,13368.233,0,FALSE,TRUE,
C,A,20230101,2023,52,2023,276,DEU,Germany,M,Import,372,IRL,Ireland,0,W00,World,H6,HS,TRUE,710812,"Metals; gold, non-monetary, unwrought (but not powder)",Gold,6,TRUE,C00,TOTAL CPC,0,0,TOTAL MOT,8,kg,150.695,FALSE,8,kg,150.695,FALSE,150,FALSE,0,FALSE,8679921.265,,8679921.265,0,FALSE,TRUE,
C,A,20230101,2023,52,2023,276,DEU,Germany,M,Import,376,ISR,Israel,0,W00,World,H6,HS,TRUE,710812,"Metals; gold, non-monetary, unwrought (but not powder)",Gold,6,TRUE,C00,TOTAL CPC,0,0,TOTAL MOT,8,kg,0.006,FALSE,8,kg,0.006,FALSE,0.006,FALSE,0,FALSE,430.671,,430.671,0,FALSE,TRUE,
C,A,20230101,2023,52,2023,276,DEU,Germany,M,Import,380,ITA,Italy,0,W00,World,H6,HS,TRUE,710812,"Metals; gold, non-monetary, unwrought (but not powder)",Gold,6,TRUE,C00,TOTAL CPC,0,0,TOTAL MOT,8,kg,113.541,FALSE,8,kg,113.541,FALSE,114.365,FALSE,0,FALSE,6448240.847,,6448240.847,0,FALSE,TRUE,
C,A,20230101,2023,52,2023,276,DEU,Germany,M,Import,392,JPN,Japan,0,W00,World,H6,HS,TRUE,710812,"Metals; gold, non-monetary, unwrought (but not powder)",Gold,6,TRUE,C00,TOTAL CPC,0,0,TOTAL MOT,8,kg,0.012,FALSE,8,kg,0.012,FALSE,0.012,FALSE,0,FALSE,743.588,,743.588,0,FALSE,TRUE,
C,A,20230101,2023,52,2023,276,DEU,Germany,M,Import,428,LVA,Latvia,0,W00,World,H6,HS,TRUE,710812,"Metals; gold, non-monetary, unwrought (but not powder)",Gold,6,TRUE,C00,TOTAL CPC,0,0,TOTAL MOT,8,kg,0.23,FALSE,8,kg,0.23,FALSE,0.23,FALSE,0,FALSE,13819.619,,13819.619,0,FALSE,TRUE,
C,A,20230101,2023,52,2023,276,DEU,Germany,M,Import,440,LTU,Lithuania,0,W00,World,H6,HS,TRUE,710812,"Metals; gold, non-monetary, unwrought (but not powder)",Gold,6,TRUE,C00,TOTAL CPC,0,0,TOTAL MOT,8,kg,7.46,FALSE,8,kg,7.46,FALSE,7.87,FALSE,0,FALSE,468239.226,,468239.226,0,FALSE,TRUE,
C,A,20230101,2023,52,2023,276,DEU,Germany,M,Import,442,LUX,Luxembourg,0,W00,World,H6,HS,TRUE,710812,"Metals; gold, non-monetary, unwrought (but not powder)",Gold,6,TRUE,C00,TOTAL CPC,0,0,TOTAL MOT,8,kg,1799.764,FALSE,8,kg,1799.764,FALSE,1798.428,FALSE,0,FALSE,108326700.2,,108326700.2,0,FALSE,TRUE,
C,A,20230101,2023,52,2023,276,DEU,Germany,M,Import,490,S19,"Other Asia, nes",0,W00,World,H6,HS,TRUE,710812,"Metals; gold, non-monetary, unwrought (but not powder)",Gold,6,TRUE,C00,TOTAL CPC,0,0,TOTAL MOT,8,kg,0.01,FALSE,8,kg,0.01,FALSE,0.01,FALSE,0,FALSE,1143.73,,1143.73,0,FALSE,TRUE,
C,A,20230101,2023,52,2023,276,DEU,Germany,M,Import,504,MAR,Morocco,0,W00,World,H6,HS,TRUE,710812,"Metals; gold, non-monetary, unwrought (but not powder)",Gold,6,TRUE,C00,TOTAL CPC,0,0,TOTAL MOT,8,kg,0.151,FALSE,8,kg,0.151,FALSE,0.151,FALSE,0,FALSE,13737.846,,13737.846,0,FALSE,TRUE,
C,A,20230101,2023,52,2023,276,DEU,Germany,M,Import,579,NOR,Norway,0,W00,World,H6,HS,TRUE,710812,"Metals; gold, non-monetary, unwrought (but not powder)",Gold,6,TRUE,C00,TOTAL CPC,0,0,TOTAL MOT,8,kg,0.25,FALSE,8,kg,0.25,FALSE,0.25,FALSE,0,FALSE,16071.1,,16071.1,0,FALSE,TRUE,
C,A,20230101,2023,52,2023,276,DEU,Germany,M,Import,616,POL,Poland,0,W00,World,H6,HS,TRUE,710812,"Metals; gold, non-monetary, unwrought (but not powder)",Gold,6,TRUE,C00,TOTAL CPC,0,0,TOTAL MOT,8,kg,786.565,FALSE,8,kg,786.565,FALSE,788.491,FALSE,0,FALSE,29238935.31,,29238935.31,0,FALSE,TRUE,
C,A,20230101,2023,52,2023,276,DEU,Germany,M,Import,620,PRT,Portugal,0,W00,World,H6,HS,TRUE,710812,"Metals; gold, non-monetary, unwrought (but not powder)",Gold,6,TRUE,C00,TOTAL CPC,0,0,TOTAL MOT,8,kg,759.974,FALSE,8,kg,759.974,FALSE,759,FALSE,0,FALSE,47676244.76,,47676244.76,0,FALSE,TRUE,
C,A,20230101,2023,52,2023,276,DEU,Germany,M,Import,642,ROU,Romania,0,W00,World,H6,HS,TRUE,710812,"Metals; gold, non-monetary, unwrought (but not powder)",Gold,6,TRUE,C00,TOTAL CPC,0,0,TOTAL MOT,8,kg,31.769,FALSE,8,kg,31.769,FALSE,33,FALSE,0,FALSE,2012265.207,,2012265.207,0,FALSE,TRUE,
C,A,20230101,2023,52,2023,276,DEU,Germany,M,Import,702,SGP,Singapore,0,W00,World,H6,HS,TRUE,710812,"Metals; gold, non-monetary, unwrought (but not powder)",Gold,6,TRUE,C00,TOTAL CPC,0,0,TOTAL MOT,8,kg,5.115,FALSE,8,kg,5.115,FALSE,5.115,FALSE,0,FALSE,328164.438,,328164.438,0,FALSE,TRUE,
C,A,20230101,2023,52,2023,276,DEU,Germany,M,Import,703,SVK,Slovakia,0,W00,World,H6,HS,TRUE,710812,"Metals; gold, non-monetary, unwrought (but not powder)",Gold,6,TRUE,C00,TOTAL CPC,0,0,TOTAL MOT,8,kg,39.682,FALSE,8,kg,39.682,FALSE,39.682,FALSE,0,FALSE,1591911.098,,1591911.098,0,FALSE,TRUE,
C,A,20230101,2023,52,2023,276,DEU,Germany,M,Import,705,SVN,Slovenia,0,W00,World,H6,HS,TRUE,710812,"Metals; gold, non-monetary, unwrought (but not powder)",Gold,6,TRUE,C00,TOTAL CPC,0,0,TOTAL MOT,8,kg,54.316,FALSE,8,kg,54.316,FALSE,54.405,FALSE,0,FALSE,3493305.344,,3493305.344,0,FALSE,TRUE,
C,A,20230101,2023,52,2023,276,DEU,Germany,M,Import,710,ZAF,South Africa,0,W00,World,H6,HS,TRUE,710812,"Metals; gold, non-monetary, unwrought (but not powder)",Gold,6,TRUE,C00,TOTAL CPC,0,0,TOTAL MOT,8,kg,79.429,FALSE,8,kg,79.429,FALSE,78.651,FALSE,0,FALSE,5017806.138,,5017806.138,0,FALSE,TRUE,
C,A,20230101,2023,52,2023,276,DEU,Germany,M,Import,724,ESP,Spain,0,W00,World,H6,HS,TRUE,710812,"Metals; gold, non-monetary, unwrought (but not powder)",Gold,6,TRUE,C00,TOTAL CPC,0,0,TOTAL MOT,8,kg,12.5,FALSE,8,kg,12.5,FALSE,12.551,FALSE,0,FALSE,618750.416,,618750.416,0,FALSE,TRUE,
C,A,20230101,2023,52,2023,276,DEU,Germany,M,Import,752,SWE,Sweden,0,W00,World,H6,HS,TRUE,710812,"Metals; gold, non-monetary, unwrought (but not powder)",Gold,6,TRUE,C00,TOTAL CPC,0,0,TOTAL MOT,8,kg,2221.956,FALSE,8,kg,2221.956,FALSE,2224,FALSE,0,FALSE,90895570.2,,90895570.2,0,FALSE,TRUE,
C,A,20230101,2023,52,2023,276,DEU,Germany,M,Import,757,CHE,Switzerland,0,W00,World,H6,HS,TRUE,710812,"Metals; gold, non-monetary, unwrought (but not powder)",Gold,6,TRUE,C00,TOTAL CPC,0,0,TOTAL MOT,8,kg,27034.292,TRUE,8,kg,27034.292,FALSE,27069.537,TRUE,0,FALSE,1698255018,,1698255018,6,FALSE,TRUE,
C,A,20230101,2023,52,2023,276,DEU,Germany,M,Import,764,THA,Thailand,0,W00,World,H6,HS,TRUE,710812,"Metals; gold, non-monetary, unwrought (but not powder)",Gold,6,TRUE,C00,TOTAL CPC,0,0,TOTAL MOT,8,kg,589.443,FALSE,8,kg,589.443,FALSE,591,FALSE,0,FALSE,22344610.24,,22344610.24,0,FALSE,TRUE,
C,A,20230101,2023,52,2023,276,DEU,Germany,M,Import,768,TGO,Togo,0,W00,World,H6,HS,TRUE,710812,"Metals; gold, non-monetary, unwrought (but not powder)",Gold,6,TRUE,C00,TOTAL CPC,0,0,TOTAL MOT,8,kg,0.1,FALSE,8,kg,0.1,FALSE,0.1,FALSE,0,FALSE,5029.578,,5029.578,0,FALSE,TRUE,
C,A,20230101,2023,52,2023,276,DEU,Germany,M,Import,784,ARE,United Arab Emirates,0,W00,World,H6,HS,TRUE,710812,"Metals; gold, non-monetary, unwrought (but not powder)",Gold,6,TRUE,C00,TOTAL CPC,0,0,TOTAL MOT,8,kg,4.143,FALSE,8,kg,4.143,FALSE,4.143,FALSE,0,FALSE,267404.997,,267404.997,0,FALSE,TRUE,
C,A,20230101,2023,52,2023,276,DEU,Germany,M,Import,792,TUR,Turkey,0,W00,World,H6,HS,TRUE,710812,"Metals; gold, non-monetary, unwrought (but not powder)",Gold,6,TRUE,C00,TOTAL CPC,0,0,TOTAL MOT,8,kg,36.362,FALSE,8,kg,36.362,FALSE,37.373,FALSE,0,FALSE,2279589.522,,2279589.522,0,FALSE,TRUE,
C,A,20230101,2023,52,2023,276,DEU,Germany,M,Import,826,GBR,United Kingdom,0,W00,World,H6,HS,TRUE,710812,"Metals; gold, non-monetary, unwrought (but not powder)",Gold,6,TRUE,C00,TOTAL CPC,0,0,TOTAL MOT,8,kg,381.062,FALSE,8,kg,381.062,FALSE,367.567,FALSE,0,FALSE,23548281.08,,23548281.08,0,FALSE,TRUE,
C,A,20230101,2023,52,2023,276,DEU,Germany,M,Import,839,XX ,Special Categories,0,W00,World,H6,HS,TRUE,710812,"Metals; gold, non-monetary, unwrought (but not powder)",Gold,6,TRUE,C00,TOTAL CPC,0,0,TOTAL MOT,8,kg,1512.19,FALSE,8,kg,1512.19,FALSE,1511,FALSE,0,FALSE,84931292.96,,84931292.96,0,FALSE,TRUE,
C,A,20230101,2023,52,2023,276,DEU,Germany,M,Import,842,USA,USA,0,W00,World,H6,HS,TRUE,710812,"Metals; gold, non-monetary, unwrought (but not powder)",Gold,6,TRUE,C00,TOTAL CPC,0,0,TOTAL MOT,8,kg,149.845,FALSE,8,kg,149.845,FALSE,146.555,FALSE,0,FALSE,9482162.424,,9482162.424,0,FALSE,TRUE,
C,A,20230101,2023,52,2023,276,DEU,Germany,M,Import,899,_X ,"Areas, nes",0,W00,World,H6,HS,TRUE,710812,"Metals; gold, non-monetary, unwrought (but not powder)",Gold,6,TRUE,C00,TOTAL CPC,0,0,TOTAL MOT,8,kg,15864.5,FALSE,8,kg,15864.5,FALSE,15854,FALSE,0,FALSE,882654162.4,,882654162.4,0,FALSE,TRUE,
C,A,20230101,2023,52,2023,276,DEU,Germany,M,Import,0,W00,World,0,W00,World,H6,HS,TRUE,711011,"Metals; platinum, unwrought or in powder form",Platinum,6,TRUE,C00,TOTAL CPC,0,0,TOTAL MOT,8,kg,35046.293,TRUE,8,kg,35046.293,FALSE,35049.052,TRUE,0,FALSE,1095893625,,1095893625,6,FALSE,TRUE,
C,A,20230101,2023,52,2023,276,DEU,Germany,M,Import,40,AUT,Austria,0,W00,World,H6,HS,TRUE,711011,"Metals; platinum, unwrought or in powder form",Platinum,6,TRUE,C00,TOTAL CPC,0,0,TOTAL MOT,8,kg,215.376,FALSE,8,kg,215.376,FALSE,214.344,FALSE,0,FALSE,7065593.491,,7065593.491,0,FALSE,TRUE,
C,A,20230101,2023,52,2023,276,DEU,Germany,M,Import,124,CAN,Canada,0,W00,World,H6,HS,TRUE,711011,"Metals; platinum, unwrought or in powder form",Platinum,6,TRUE,C00,TOTAL CPC,0,0,TOTAL MOT,8,kg,1260.62,FALSE,8,kg,1260.62,FALSE,1260,FALSE,0,FALSE,15060312.42,,15060312.42,0,FALSE,TRUE,
C,A,20230101,2023,52,2023,276,DEU,Germany,M,Import,156,CHN,China,0,W00,World,H6,HS,TRUE,711011,"Metals; platinum, unwrought or in powder form",Platinum,6,TRUE,C00,TOTAL CPC,0,0,TOTAL MOT,8,kg,0.004,FALSE,8,kg,0.004,FALSE,0.004,FALSE,0,FALSE,1616.923,,1616.923,0,FALSE,TRUE,
C,A,20230101,2023,52,2023,276,DEU,Germany,M,Import,203,CZE,Czechia,0,W00,World,H6,HS,TRUE,711011,"Metals; platinum, unwrought or in powder form",Platinum,6,TRUE,C00,TOTAL CPC,0,0,TOTAL MOT,8,kg,9.293,FALSE,8,kg,9.293,FALSE,8.968,FALSE,0,FALSE,301892.443,,301892.443,0,FALSE,TRUE,
C,A,20230101,2023,52,2023,276,DEU,Germany,M,Import,208,DNK,Denmark,0,W00,World,H6,HS,TRUE,711011,"Metals; platinum, unwrought or in powder form",Platinum,6,TRUE,C00,TOTAL CPC,0,0,TOTAL MOT,8,kg,3.337,FALSE,8,kg,3.337,FALSE,4.389,FALSE,0,FALSE,102533.397,,102533.397,0,FALSE,TRUE,
C,A,20230101,2023,52,2023,276,DEU,Germany,M,Import,246,FIN,Finland,0,W00,World,H6,HS,TRUE,711011,"Metals; platinum, unwrought or in powder form",Platinum,6,TRUE,C00,TOTAL CPC,0,0,TOTAL MOT,8,kg,0.06,FALSE,8,kg,0.06,FALSE,0.06,FALSE,0,FALSE,1824.081,,1824.081,0,FALSE,TRUE,
C,A,20230101,2023,52,2023,276,DEU,Germany,M,Import,251,FRA,France,0,W00,World,H6,HS,TRUE,711011,"Metals; platinum, unwrought or in powder form",Platinum,6,TRUE,C00,TOTAL CPC,0,0,TOTAL MOT,8,kg,299.512,FALSE,8,kg,299.512,FALSE,300.005,FALSE,0,FALSE,11589445.55,,11589445.55,0,FALSE,TRUE,
C,A,20230101,2023,52,2023,276,DEU,Germany,M,Import,320,GTM,Guatemala,0,W00,World,H6,HS,TRUE,711011,"Metals; platinum, unwrought or in powder form",Platinum,6,TRUE,C00,TOTAL CPC,0,0,TOTAL MOT,8,kg,0.004,FALSE,8,kg,0.004,FALSE,0.004,FALSE,0,FALSE,127.566,,127.566,0,FALSE,TRUE,
C,A,20230101,2023,52,2023,276,DEU,Germany,M,Import,344,HKG,Hong Kong,0,W00,World,H6,HS,TRUE,711011,"Metals; platinum, unwrought or in powder form",Platinum,6,TRUE,C00,TOTAL CPC,0,0,TOTAL MOT,8,kg,120.573,FALSE,8,kg,120.573,FALSE,120,FALSE,0,FALSE,3704774.41,,3704774.41,0,FALSE,TRUE,
C,A,20230101,2023,52,2023,276,DEU,Germany,M,Import,348,HUN,Hungary,0,W00,World,H6,HS,TRUE,711011,"Metals; platinum, unwrought or in powder form",Platinum,6,TRUE,C00,TOTAL CPC,0,0,TOTAL MOT,8,kg,23.255,FALSE,8,kg,23.255,FALSE,23,FALSE,0,FALSE,709690.597,,709690.597,0,FALSE,TRUE,
C,A,20230101,2023,52,2023,276,DEU,Germany,M,Import,372,IRL,Ireland,0,W00,World,H6,HS,TRUE,711011,"Metals; platinum, unwrought or in powder form",Platinum,6,TRUE,C00,TOTAL CPC,0,0,TOTAL MOT,8,kg,4.164,FALSE,8,kg,4.164,FALSE,4.208,FALSE,0,FALSE,131381.784,,131381.784,0,FALSE,TRUE,
C,A,20230101,2023,52,2023,276,DEU,Germany,M,Import,380,ITA,Italy,0,W00,World,H6,HS,TRUE,711011,"Metals; platinum, unwrought or in powder form",Platinum,6,TRUE,C00,TOTAL CPC,0,0,TOTAL MOT,8,kg,7769.721,FALSE,8,kg,7769.721,FALSE,7768.109,FALSE,0,FALSE,254511184.5,,254511184.5,0,FALSE,TRUE,
C,A,20230101,2023,52,2023,276,DEU,Germany,M,Import,392,JPN,Japan,0,W00,World,H6,HS,TRUE,711011,"Metals; platinum, unwrought or in powder form",Platinum,6,TRUE,C00,TOTAL CPC,0,0,TOTAL MOT,8,kg,271.869,FALSE,8,kg,271.869,FALSE,272.02,FALSE,0,FALSE,8294905.04,,8294905.04,0,FALSE,TRUE,
C,A,20230101,2023,52,2023,276,DEU,Germany,M,Import,410,KOR,South Korea,0,W00,World,H6,HS,TRUE,711011,"Metals; platinum, unwrought or in powder form",Platinum,6,TRUE,C00,TOTAL CPC,0,0,TOTAL MOT,8,kg,226.629,FALSE,8,kg,226.629,FALSE,226,FALSE,0,FALSE,6978854.256,,6978854.256,0,FALSE,TRUE,
C,A,20230101,2023,52,2023,276,DEU,Germany,M,Import,428,LVA,Latvia,0,W00,World,H6,HS,TRUE,711011,"Metals; platinum, unwrought or in powder form",Platinum,6,TRUE,C00,TOTAL CPC,0,0,TOTAL MOT,8,kg,2.45,FALSE,8,kg,2.45,FALSE,3.55,FALSE,0,FALSE,77328.81,,77328.81,0,FALSE,TRUE,
C,A,20230101,2023,52,2023,276,DEU,Germany,M,Import,440,LTU,Lithuania,0,W00,World,H6,HS,TRUE,711011,"Metals; platinum, unwrought or in powder form",Platinum,6,TRUE,C00,TOTAL CPC,0,0,TOTAL MOT,8,kg,88.56,FALSE,8,kg,88.56,FALSE,88,FALSE,0,FALSE,2690830.86,,2690830.86,0,FALSE,TRUE,
C,A,20230101,2023,52,2023,276,DEU,Germany,M,Import,442,LUX,Luxembourg,0,W00,World,H6,HS,TRUE,711011,"Metals; platinum, unwrought or in powder form",Platinum,6,TRUE,C00,TOTAL CPC,0,0,TOTAL MOT,8,kg,1.378,FALSE,8,kg,1.378,FALSE,1.378,FALSE,0,FALSE,37988.416,,37988.416,0,FALSE,TRUE,
C,A,20230101,2023,52,2023,276,DEU,Germany,M,Import,484,MEX,Mexico,0,W00,World,H6,HS,TRUE,711011,"Metals; platinum, unwrought or in powder form",Platinum,6,TRUE,C00,TOTAL CPC,0,0,TOTAL MOT,8,kg,0,TRUE,8,kg,0,FALSE,0,TRUE,0,FALSE,1.09,,1.09,6,FALSE,TRUE,
C,A,20230101,2023,52,2023,276,DEU,Germany,M,Import,616,POL,Poland,0,W00,World,H6,HS,TRUE,711011,"Metals; platinum, unwrought or in powder form",Platinum,6,TRUE,C00,TOTAL CPC,0,0,TOTAL MOT,8,kg,359.508,FALSE,8,kg,359.508,FALSE,359,FALSE,0,FALSE,11585687.27,,11585687.27,0,FALSE,TRUE,
C,A,20230101,2023,52,2023,276,DEU,Germany,M,Import,620,PRT,Portugal,0,W00,World,H6,HS,TRUE,711011,"Metals; platinum, unwrought or in powder form",Platinum,6,TRUE,C00,TOTAL CPC,0,0,TOTAL MOT,8,kg,0.351,FALSE,8,kg,0.351,FALSE,0.351,FALSE,0,FALSE,10291.391,,10291.391,0,FALSE,TRUE,
C,A,20230101,2023,52,2023,276,DEU,Germany,M,Import,642,ROU,Romania,0,W00,World,H6,HS,TRUE,711011,"Metals; platinum, unwrought or in powder form",Platinum,6,TRUE,C00,TOTAL CPC,0,0,TOTAL MOT,8,kg,14.26,FALSE,8,kg,14.26,FALSE,15,FALSE,0,FALSE,474326.4,,474326.4,0,FALSE,TRUE,
C,A,20230101,2023,52,2023,276,DEU,Germany,M,Import,705,SVN,Slovenia,0,W00,World,H6,HS,TRUE,711011,"Metals; platinum, unwrought or in powder form",Platinum,6,TRUE,C00,TOTAL CPC,0,0,TOTAL MOT,8,kg,1.337,FALSE,8,kg,1.337,FALSE,1.27,FALSE,0,FALSE,43132.476,,43132.476,0,FALSE,TRUE,
C,A,20230101,2023,52,2023,276,DEU,Germany,M,Import,710,ZAF,South Africa,0,W00,World,H6,HS,TRUE,711011,"Metals; platinum, unwrought or in powder form",Platinum,6,TRUE,C00,TOTAL CPC,0,0,TOTAL MOT,8,kg,12740.88,FALSE,8,kg,12740.88,FALSE,12742,FALSE,0,FALSE,407940907.6,,407940907.6,0,FALSE,TRUE,
C,A,20230101,2023,52,2023,276,DEU,Germany,M,Import,724,ESP,Spain,0,W00,World,H6,HS,TRUE,711011,"Metals; platinum, unwrought or in powder form",Platinum,6,TRUE,C00,TOTAL CPC,0,0,TOTAL MOT,8,kg,1.209,FALSE,8,kg,1.209,FALSE,1.459,FALSE,0,FALSE,38660.044,,38660.044,0,FALSE,TRUE,
C,A,20230101,2023,52,2023,276,DEU,Germany,M,Import,752,SWE,Sweden,0,W00,World,H6,HS,TRUE,711011,"Metals; platinum, unwrought or in powder form",Platinum,6,TRUE,C00,TOTAL CPC,0,0,TOTAL MOT,8,kg,10.662,FALSE,8,kg,10.662,FALSE,11.066,FALSE,0,FALSE,369080.324,,369080.324,0,FALSE,TRUE,
C,A,20230101,2023,52,2023,276,DEU,Germany,M,Import,757,CHE,Switzerland,0,W00,World,H6,HS,TRUE,711011,"Metals; platinum, unwrought or in powder form",Platinum,6,TRUE,C00,TOTAL CPC,0,0,TOTAL MOT,8,kg,861.401,FALSE,8,kg,861.401,FALSE,867.602,FALSE,0,FALSE,28072106.97,,28072106.97,0,FALSE,TRUE,
C,A,20230101,2023,52,2023,276,DEU,Germany,M,Import,764,THA,Thailand,0,W00,World,H6,HS,TRUE,711011,"Metals; platinum, unwrought or in powder form",Platinum,6,TRUE,C00,TOTAL CPC,0,0,TOTAL MOT,8,kg,144.538,FALSE,8,kg,144.538,FALSE,143,FALSE,0,FALSE,803731.606,,803731.606,0,FALSE,TRUE,
C,A,20230101,2023,52,2023,276,DEU,Germany,M,Import,784,ARE,United Arab Emirates,0,W00,World,H6,HS,TRUE,711011,"Metals; platinum, unwrought or in powder form",Platinum,6,TRUE,C00,TOTAL CPC,0,0,TOTAL MOT,8,kg,0.023,FALSE,8,kg,0.023,FALSE,0.023,FALSE,0,FALSE,753.401,,753.401,0,FALSE,TRUE,
C,A,20230101,2023,52,2023,276,DEU,Germany,M,Import,826,GBR,United Kingdom,0,W00,World,H6,HS,TRUE,711011,"Metals; platinum, unwrought or in powder form",Platinum,6,TRUE,C00,TOTAL CPC,0,0,TOTAL MOT,8,kg,885.57,FALSE,8,kg,885.57,FALSE,885.17,FALSE,0,FALSE,28650712.35,,28650712.35,0,FALSE,TRUE,
C,A,20230101,2023,52,2023,276,DEU,Germany,M,Import,839,XX ,Special Categories,0,W00,World,H6,HS,TRUE,711011,"Metals; platinum, unwrought or in powder form",Platinum,6,TRUE,C00,TOTAL CPC,0,0,TOTAL MOT,8,kg,679.707,FALSE,8,kg,679.707,FALSE,680,FALSE,0,FALSE,21138702.09,,21138702.09,0,FALSE,TRUE,
C,A,20230101,2023,52,2023,276,DEU,Germany,M,Import,842,USA,USA,0,W00,World,H6,HS,TRUE,711011,"Metals; platinum, unwrought or in powder form",Platinum,6,TRUE,C00,TOTAL CPC,0,0,TOTAL MOT,8,kg,1055.012,FALSE,8,kg,1055.012,FALSE,1056.072,FALSE,0,FALSE,29702292.15,,29702292.15,0,FALSE,TRUE,
C,A,20230101,2023,52,2023,276,DEU,Germany,M,Import,899,_X ,"Areas, nes",0,W00,World,H6,HS,TRUE,711011,"Metals; platinum, unwrought or in powder form",Platinum,6,TRUE,C00,TOTAL CPC,0,0,TOTAL MOT,8,kg,7995.03,FALSE,8,kg,7995.03,FALSE,7993,FALSE,0,FALSE,255802955.3,,255802955.3,0,FALSE,TRUE,
C,A,20230101,2023,52,2023,276,DEU,Germany,M,Import,0,W00,World,0,W00,World,H6,HS,TRUE,720280,Ferro-alloys,Tungsten,6,TRUE,C00,TOTAL CPC,0,0,TOTAL MOT,8,kg,549388,FALSE,8,kg,549388,FALSE,549388,FALSE,0,FALSE,15673548.07,,15673548.07,0,FALSE,TRUE,
C,A,20230101,2023,52,2023,276,DEU,Germany,M,Import,40,AUT,Austria,0,W00,World,H6,HS,TRUE,720280,Ferro-alloys,Tungsten,6,TRUE,C00,TOTAL CPC,0,0,TOTAL MOT,8,kg,10000,FALSE,8,kg,10000,FALSE,10000,FALSE,0,FALSE,259492.652,,259492.652,0,FALSE,TRUE,
C,A,20230101,2023,52,2023,276,DEU,Germany,M,Import,56,BEL,Belgium,0,W00,World,H6,HS,TRUE,720280,Ferro-alloys,Tungsten,6,TRUE,C00,TOTAL CPC,0,0,TOTAL MOT,8,kg,23962,FALSE,8,kg,23962,FALSE,23962,FALSE,0,FALSE,547359.408,,547359.408,0,FALSE,TRUE,
C,A,20230101,2023,52,2023,276,DEU,Germany,M,Import,156,CHN,China,0,W00,World,H6,HS,TRUE,720280,Ferro-alloys,Tungsten,6,TRUE,C00,TOTAL CPC,0,0,TOTAL MOT,8,kg,255718,FALSE,8,kg,255718,FALSE,255718,FALSE,0,FALSE,7370302.192,,7370302.192,0,FALSE,TRUE,
C,A,20230101,2023,52,2023,276,DEU,Germany,M,Import,208,DNK,Denmark,0,W00,World,H6,HS,TRUE,720280,Ferro-alloys,Tungsten,6,TRUE,C00,TOTAL CPC,0,0,TOTAL MOT,8,kg,5943,FALSE,8,kg,5943,FALSE,5943,FALSE,0,FALSE,56631.546,,56631.546,0,FALSE,TRUE,
C,A,20230101,2023,52,2023,276,DEU,Germany,M,Import,251,FRA,France,0,W00,World,H6,HS,TRUE,720280,Ferro-alloys,Tungsten,6,TRUE,C00,TOTAL CPC,0,0,TOTAL MOT,8,kg,550,FALSE,8,kg,550,FALSE,550,FALSE,0,FALSE,17129.786,,17129.786,0,FALSE,TRUE,
C,A,20230101,2023,52,2023,276,DEU,Germany,M,Import,528,NLD,Netherlands,0,W00,World,H6,HS,TRUE,720280,Ferro-alloys,Tungsten,6,TRUE,C00,TOTAL CPC,0,0,TOTAL MOT,8,kg,223162,FALSE,8,kg,223162,FALSE,223162,FALSE,0,FALSE,6421518.555,,6421518.555,0,FALSE,TRUE,
C,A,20230101,2023,52,2023,276,DEU,Germany,M,Import,643,RUS,Russia,0,W00,World,H6,HS,TRUE,720280,Ferro-alloys,Tungsten,6,TRUE,C00,TOTAL CPC,0,0,TOTAL MOT,8,kg,1037,FALSE,8,kg,1037,FALSE,1037,FALSE,0,FALSE,30072.8,,30072.8,0,FALSE,TRUE,
C,A,20230101,2023,52,2023,276,DEU,Germany,M,Import,704,VNM,Vietnam,0,W00,World,H6,HS,TRUE,720280,Ferro-alloys,Tungsten,6,TRUE,C00,TOTAL CPC,0,0,TOTAL MOT,8,kg,16250,FALSE,8,kg,16250,FALSE,16250,FALSE,0,FALSE,504781.897,,504781.897,0,FALSE,TRUE,
C,A,20230101,2023,52,2023,276,DEU,Germany,M,Import,724,ESP,Spain,0,W00,World,H6,HS,TRUE,720280,Ferro-alloys,Tungsten,6,TRUE,C00,TOTAL CPC,0,0,TOTAL MOT,8,kg,7766,FALSE,8,kg,7766,FALSE,7766,FALSE,0,FALSE,317823.983,,317823.983,0,FALSE,TRUE,
C,A,20230101,2023,52,2023,276,DEU,Germany,M,Import,757,CHE,Switzerland,0,W00,World,H6,HS,TRUE,720280,Ferro-alloys,Tungsten,6,TRUE,C00,TOTAL CPC,0,0,TOTAL MOT,8,kg,4000,FALSE,8,kg,4000,FALSE,4000,FALSE,0,FALSE,120111.298,,120111.298,0,FALSE,TRUE,
C,A,20230101,2023,52,2023,276,DEU,Germany,M,Import,826,GBR,United Kingdom,0,W00,World,H6,HS,TRUE,720280,Ferro-alloys,Tungsten,6,TRUE,C00,TOTAL CPC,0,0,TOTAL MOT,8,kg,1000,FALSE,8,kg,1000,FALSE,1000,FALSE,0,FALSE,28323.95,,28323.95,0,FALSE,TRUE,
C,A,20230101,2023,52,2023,276,DEU,Germany,M,Import,0,W00,World,0,W00,World,H6,HS,TRUE,720292,Ferro-alloys,Vanadium,6,TRUE,C00,TOTAL CPC,0,0,TOTAL MOT,8,kg,3361711.257,TRUE,-1,N/A,0,FALSE,3361711.257,TRUE,0,FALSE,85567361.78,,85567361.78,6,FALSE,TRUE,
C,A,20230101,2023,52,2023,276,DEU,Germany,M,Import,40,AUT,Austria,0,W00,World,H6,HS,TRUE,720292,Ferro-alloys,Vanadium,6,TRUE,C00,TOTAL CPC,0,0,TOTAL MOT,8,kg,1498235,FALSE,8,kg,1498235,FALSE,1498235,FALSE,0,FALSE,36446413.49,,36446413.49,0,FALSE,TRUE,
C,A,20230101,2023,52,2023,276,DEU,Germany,M,Import,56,BEL,Belgium,0,W00,World,H6,HS,TRUE,720292,Ferro-alloys,Vanadium,6,TRUE,C00,TOTAL CPC,0,0,TOTAL MOT,8,kg,12000,FALSE,8,kg,12000,FALSE,12000,FALSE,0,FALSE,384092.737,,384092.737,0,FALSE,TRUE,
C,A,20230101,2023,52,2023,276,DEU,Germany,M,Import,156,CHN,China,0,W00,World,H6,HS,TRUE,720292,Ferro-alloys,Vanadium,6,TRUE,C00,TOTAL CPC,0,0,TOTAL MOT,8,kg,338856,FALSE,8,kg,338856,FALSE,338856,FALSE,0,FALSE,9463492.037,,9463492.037,0,FALSE,TRUE,
C,A,20230101,2023,52,2023,276,DEU,Germany,M,Import,203,CZE,Czechia,0,W00,World,H6,HS,TRUE,720292,Ferro-alloys,Vanadium,6,TRUE,C00,TOTAL CPC,0,0,TOTAL MOT,8,kg,5451,FALSE,8,kg,5451,FALSE,5451,FALSE,0,FALSE,127609.328,,127609.328,0,FALSE,TRUE,
C,A,20230101,2023,52,2023,276,DEU,Germany,M,Import,251,FRA,France,0,W00,World,H6,HS,TRUE,720292,Ferro-alloys,Vanadium,6,TRUE,C00,TOTAL CPC,0,0,TOTAL MOT,8,kg,19578,FALSE,8,kg,19578,FALSE,19578,FALSE,0,FALSE,553000.647,,553000.647,0,FALSE,TRUE,
C,A,20230101,2023,52,2023,276,DEU,Germany,M,Import,268,GEO,Georgia,0,W00,World,H6,HS,TRUE,720292,Ferro-alloys,Vanadium,6,TRUE,C00,TOTAL CPC,0,0,TOTAL MOT,8,kg,281,FALSE,8,kg,281,FALSE,281,FALSE,0,FALSE,5504.951,,5504.951,0,FALSE,TRUE,
C,A,20230101,2023,52,2023,276,DEU,Germany,M,Import,376,ISR,Israel,0,W00,World,H6,HS,TRUE,720292,Ferro-alloys,Vanadium,6,TRUE,C00,TOTAL CPC,0,0,TOTAL MOT,8,kg,3.214,TRUE,-1,N/A,0,FALSE,3.214,TRUE,0,FALSE,106.85,,106.85,6,FALSE,TRUE,
C,A,20230101,2023,52,2023,276,DEU,Germany,M,Import,410,KOR,South Korea,0,W00,World,H6,HS,TRUE,720292,Ferro-alloys,Vanadium,6,TRUE,C00,TOTAL CPC,0,0,TOTAL MOT,8,kg,393713,FALSE,8,kg,393713,FALSE,393713,FALSE,0,FALSE,10620099.85,,10620099.85,0,FALSE,TRUE,
C,A,20230101,2023,52,2023,276,DEU,Germany,M,Import,428,LVA,Latvia,0,W00,World,H6,HS,TRUE,720292,Ferro-alloys,Vanadium,6,TRUE,C00,TOTAL CPC,0,0,TOTAL MOT,8,kg,131630,FALSE,8,kg,131630,FALSE,131630,FALSE,0,FALSE,2592430.81,,2592430.81,0,FALSE,TRUE,
C,A,20230101,2023,52,2023,276,DEU,Germany,M,Import,442,LUX,Luxembourg,0,W00,World,H6,HS,TRUE,720292,Ferro-alloys,Vanadium,6,TRUE,C00,TOTAL CPC,0,0,TOTAL MOT,8,kg,22978,FALSE,8,kg,22978,FALSE,22978,FALSE,0,FALSE,651301.479,,651301.479,0,FALSE,TRUE,
C,A,20230101,2023,52,2023,276,DEU,Germany,M,Import,528,NLD,Netherlands,0,W00,World,H6,HS,TRUE,720292,Ferro-alloys,Vanadium,6,TRUE,C00,TOTAL CPC,0,0,TOTAL MOT,8,kg,353260,FALSE,8,kg,353260,FALSE,353260,FALSE,0,FALSE,9428730.924,,9428730.924,0,FALSE,TRUE,
C,A,20230101,2023,52,2023,276,DEU,Germany,M,Import,616,POL,Poland,0,W00,World,H6,HS,TRUE,720292,Ferro-alloys,Vanadium,6,TRUE,C00,TOTAL CPC,0,0,TOTAL MOT,8,kg,174,FALSE,8,kg,174,FALSE,174,FALSE,0,FALSE,4025.407,,4025.407,0,FALSE,TRUE,
C,A,20230101,2023,52,2023,276,DEU,Germany,M,Import,705,SVN,Slovenia,0,W00,World,H6,HS,TRUE,720292,Ferro-alloys,Vanadium,6,TRUE,C00,TOTAL CPC,0,0,TOTAL MOT,8,kg,593,FALSE,8,kg,593,FALSE,593,FALSE,0,FALSE,12443.654,,12443.654,0,FALSE,TRUE,
C,A,20230101,2023,52,2023,276,DEU,Germany,M,Import,710,ZAF,South Africa,0,W00,World,H6,HS,TRUE,720292,Ferro-alloys,Vanadium,6,TRUE,C00,TOTAL CPC,0,0,TOTAL MOT,8,kg,559459.043,TRUE,-1,N/A,0,FALSE,559459.043,TRUE,0,FALSE,14609937.84,,14609937.84,6,FALSE,TRUE,
C,A,20230101,2023,52,2023,276,DEU,Germany,M,Import,724,ESP,Spain,0,W00,World,H6,HS,TRUE,720292,Ferro-alloys,Vanadium,6,TRUE,C00,TOTAL CPC,0,0,TOTAL MOT,8,kg,7000,FALSE,8,kg,7000,FALSE,7000,FALSE,0,FALSE,213089.26,,213089.26,0,FALSE,TRUE,
C,A,20230101,2023,52,2023,276,DEU,Germany,M,Import,752,SWE,Sweden,0,W00,World,H6,HS,TRUE,720292,Ferro-alloys,Vanadium,6,TRUE,C00,TOTAL CPC,0,0,TOTAL MOT,8,kg,4000,FALSE,8,kg,4000,FALSE,4000,FALSE,0,FALSE,121536.327,,121536.327,0,FALSE,TRUE,
C,A,20230101,2023,52,2023,276,DEU,Germany,M,Import,826,GBR,United Kingdom,0,W00,World,H6,HS,TRUE,720292,Ferro-alloys,Vanadium,6,TRUE,C00,TOTAL CPC,0,0,TOTAL MOT,8,kg,14500,FALSE,8,kg,14500,FALSE,14500,FALSE,0,FALSE,333546.185,,333546.185,0,FALSE,TRUE,
C,A,20230101,2023,52,2023,276,DEU,Germany,M,Import,0,W00,World,0,W00,World,H6,HS,TRUE,720293,Ferro-alloys,Niobium,6,TRUE,C00,TOTAL CPC,0,0,TOTAL MOT,8,kg,5895712.104,TRUE,-1,N/A,0,FALSE,5895712.104,TRUE,0,FALSE,184580867.4,,184580867.4,6,FALSE,TRUE,
C,A,20230101,2023,52,2023,276,DEU,Germany,M,Import,40,AUT,Austria,0,W00,World,H6,HS,TRUE,720293,Ferro-alloys,Niobium,6,TRUE,C00,TOTAL CPC,0,0,TOTAL MOT,8,kg,20500,FALSE,8,kg,20500,FALSE,20500,FALSE,0,FALSE,646834.499,,646834.499,0,FALSE,TRUE,
C,A,20230101,2023,52,2023,276,DEU,Germany,M,Import,51,ARM,Armenia,0,W00,World,H6,HS,TRUE,720293,Ferro-alloys,Niobium,6,TRUE,C00,TOTAL CPC,0,0,TOTAL MOT,8,kg,4500,FALSE,8,kg,4500,FALSE,4500,FALSE,0,FALSE,156442.45,,156442.45,0,FALSE,TRUE,
C,A,20230101,2023,52,2023,276,DEU,Germany,M,Import,56,BEL,Belgium,0,W00,World,H6,HS,TRUE,720293,Ferro-alloys,Niobium,6,TRUE,C00,TOTAL CPC,0,0,TOTAL MOT,8,kg,32258,FALSE,8,kg,32258,FALSE,32258,FALSE,0,FALSE,1055817.814,,1055817.814,0,FALSE,TRUE,
C,A,20230101,2023,52,2023,276,DEU,Germany,M,Import,76,BRA,Brazil,0,W00,World,H6,HS,TRUE,720293,Ferro-alloys,Niobium,6,TRUE,C00,TOTAL CPC,0,0,TOTAL MOT,8,kg,2329840,FALSE,8,kg,2329840,FALSE,2329840,FALSE,0,FALSE,71932574.43,,71932574.43,0,FALSE,TRUE,
C,A,20230101,2023,52,2023,276,DEU,Germany,M,Import,124,CAN,Canada,0,W00,World,H6,HS,TRUE,720293,Ferro-alloys,Niobium,6,TRUE,C00,TOTAL CPC,0,0,TOTAL MOT,8,kg,1407603,FALSE,8,kg,1407603,FALSE,1407603,FALSE,0,FALSE,43379937.22,,43379937.22,0,FALSE,TRUE,
C,A,20230101,2023,52,2023,276,DEU,Germany,M,Import,156,CHN,China,0,W00,World,H6,HS,TRUE,720293,Ferro-alloys,Niobium,6,TRUE,C00,TOTAL CPC,0,0,TOTAL MOT,8,kg,62,FALSE,8,kg,62,FALSE,62,FALSE,0,FALSE,2065.038,,2065.038,0,FALSE,TRUE,
C,A,20230101,2023,52,2023,276,DEU,Germany,M,Import,251,FRA,France,0,W00,World,H6,HS,TRUE,720293,Ferro-alloys,Niobium,6,TRUE,C00,TOTAL CPC,0,0,TOTAL MOT,8,kg,325,FALSE,8,kg,325,FALSE,325,FALSE,0,FALSE,16102.718,,16102.718,0,FALSE,TRUE,
C,A,20230101,2023,52,2023,276,DEU,Germany,M,Import,442,LUX,Luxembourg,0,W00,World,H6,HS,TRUE,720293,Ferro-alloys,Niobium,6,TRUE,C00,TOTAL CPC,0,0,TOTAL MOT,8,kg,54,FALSE,8,kg,54,FALSE,54,FALSE,0,FALSE,1290.921,,1290.921,0,FALSE,TRUE,
C,A,20230101,2023,52,2023,276,DEU,Germany,M,Import,528,NLD,Netherlands,0,W00,World,H6,HS,TRUE,720293,Ferro-alloys,Niobium,6,TRUE,C00,TOTAL CPC,0,0,TOTAL MOT,8,kg,2055424,FALSE,8,kg,2055424,FALSE,2055424,FALSE,0,FALSE,65974977.49,,65974977.49,0,FALSE,TRUE,
C,A,20230101,2023,52,2023,276,DEU,Germany,M,Import,616,POL,Poland,0,W00,World,H6,HS,TRUE,720293,Ferro-alloys,Niobium,6,TRUE,C00,TOTAL CPC,0,0,TOTAL MOT,8,kg,11792,FALSE,8,kg,11792,FALSE,11792,FALSE,0,FALSE,162346.453,,162346.453,0,FALSE,TRUE,
C,A,20230101,2023,52,2023,276,DEU,Germany,M,Import,643,RUS,Russia,0,W00,World,H6,HS,TRUE,720293,Ferro-alloys,Niobium,6,TRUE,C00,TOTAL CPC,0,0,TOTAL MOT,8,kg,14000,FALSE,8,kg,14000,FALSE,14000,FALSE,0,FALSE,749802.927,,749802.927,0,FALSE,TRUE,
C,A,20230101,2023,52,2023,276,DEU,Germany,M,Import,710,ZAF,South Africa,0,W00,World,H6,HS,TRUE,720293,Ferro-alloys,Niobium,6,TRUE,C00,TOTAL CPC,0,0,TOTAL MOT,8,kg,13437.104,TRUE,-1,N/A,0,FALSE,13437.104,TRUE,0,FALSE,361471.083,,361471.083,6,FALSE,TRUE,
C,A,20230101,2023,52,2023,276,DEU,Germany,M,Import,724,ESP,Spain,0,W00,World,H6,HS,TRUE,720293,Ferro-alloys,Niobium,6,TRUE,C00,TOTAL CPC,0,0,TOTAL MOT,8,kg,2825,FALSE,8,kg,2825,FALSE,2825,FALSE,0,FALSE,82992.946,,82992.946,0,FALSE,TRUE,
C,A,20230101,2023,52,2023,276,DEU,Germany,M,Import,752,SWE,Sweden,0,W00,World,H6,HS,TRUE,720293,Ferro-alloys,Niobium,6,TRUE,C00,TOTAL CPC,0,0,TOTAL MOT,8,kg,2575,FALSE,8,kg,2575,FALSE,2575,FALSE,0,FALSE,41588.604,,41588.604,0,FALSE,TRUE,
C,A,20230101,2023,52,2023,276,DEU,Germany,M,Import,826,GBR,United Kingdom,0,W00,World,H6,HS,TRUE,720293,Ferro-alloys,Niobium,6,TRUE,C00,TOTAL CPC,0,0,TOTAL MOT,8,kg,517,FALSE,8,kg,517,FALSE,517,FALSE,0,FALSE,16622.794,,16622.794,0,FALSE,TRUE,
C,A,20230101,2023,52,2023,276,DEU,Germany,M,Import,0,W00,World,0,W00,World,H6,HS,TRUE,760110,"Aluminium; unwrought, (not alloyed)",Aluminium,6,TRUE,C00,TOTAL CPC,0,0,TOTAL MOT,8,kg,771567046,TRUE,-1,N/A,0,FALSE,771567046,TRUE,0,FALSE,2065903498,,2065903498,6,FALSE,TRUE,
C,A,20230101,2023,52,2023,276,DEU,Germany,M,Import,36,AUS,Australia,0,W00,World,H6,HS,TRUE,760110,"Aluminium; unwrought, (not alloyed)",Aluminium,6,TRUE,C00,TOTAL CPC,0,0,TOTAL MOT,8,kg,7613600,FALSE,8,kg,7613600,FALSE,7613600,FALSE,0,FALSE,20707438.39,,20707438.39,0,FALSE,TRUE,
C,A,20230101,2023,52,2023,276,DEU,Germany,M,Import,40,AUT,Austria,0,W00,World,H6,HS,TRUE,760110,"Aluminium; unwrought, (not alloyed)",Aluminium,6,TRUE,C00,TOTAL CPC,0,0,TOTAL MOT,8,kg,648238,FALSE,8,kg,648238,FALSE,648238,FALSE,0,FALSE,2126549.914,,2126549.914,0,FALSE,TRUE,
C,A,20230101,2023,52,2023,276,DEU,Germany,M,Import,44,BHS,Bahamas,0,W00,World,H6,HS,TRUE,760110,"Aluminium; unwrought, (not alloyed)",Aluminium,6,TRUE,C00,TOTAL CPC,0,0,TOTAL MOT,8,kg,406955,FALSE,8,kg,406955,FALSE,406955,FALSE,0,FALSE,1069277.633,,1069277.633,0,FALSE,TRUE,
C,A,20230101,2023,52,2023,276,DEU,Germany,M,Import,48,BHR,Bahrain,0,W00,World,H6,HS,TRUE,760110,"Aluminium; unwrought, (not alloyed)",Aluminium,6,TRUE,C00,TOTAL CPC,0,0,TOTAL MOT,8,kg,14972054,FALSE,8,kg,14972054,FALSE,14972054,FALSE,0,FALSE,39560969.69,,39560969.69,0,FALSE,TRUE,
C,A,20230101,2023,52,2023,276,DEU,Germany,M,Import,56,BEL,Belgium,0,W00,World,H6,HS,TRUE,760110,"Aluminium; unwrought, (not alloyed)",Aluminium,6,TRUE,C00,TOTAL CPC,0,0,TOTAL MOT,8,kg,1308430,FALSE,8,kg,1308430,FALSE,1308430,FALSE,0,FALSE,2973332.224,,2973332.224,0,FALSE,TRUE,
C,A,20230101,2023,52,2023,276,DEU,Germany,M,Import,70,BIH,Bosnia and Herzegovina,0,W00,World,H6,HS,TRUE,760110,"Aluminium; unwrought, (not alloyed)",Aluminium,6,TRUE,C00,TOTAL CPC,0,0,TOTAL MOT,8,kg,216910,FALSE,8,kg,216910,FALSE,216910,FALSE,0,FALSE,578244.485,,578244.485,0,FALSE,TRUE,
C,A,20230101,2023,52,2023,276,DEU,Germany,M,Import,76,BRA,Brazil,0,W00,World,H6,HS,TRUE,760110,"Aluminium; unwrought, (not alloyed)",Aluminium,6,TRUE,C00,TOTAL CPC,0,0,TOTAL MOT,8,kg,1793290,FALSE,8,kg,1793290,FALSE,1793290,FALSE,0,FALSE,4763146.81,,4763146.81,0,FALSE,TRUE,
C,A,20230101,2023,52,2023,276,DEU,Germany,M,Import,120,CMR,Cameroon,0,W00,World,H6,HS,TRUE,760110,"Aluminium; unwrought, (not alloyed)",Aluminium,6,TRUE,C00,TOTAL CPC,0,0,TOTAL MOT,8,kg,540670,FALSE,8,kg,540670,FALSE,540670,FALSE,0,FALSE,1377342.294,,1377342.294,0,FALSE,TRUE,
C,A,20230101,2023,52,2023,276,DEU,Germany,M,Import,124,CAN,Canada,0,W00,World,H6,HS,TRUE,760110,"Aluminium; unwrought, (not alloyed)",Aluminium,6,TRUE,C00,TOTAL CPC,0,0,TOTAL MOT,8,kg,7846604,FALSE,8,kg,7846604,FALSE,7846604,FALSE,0,FALSE,20665528.15,,20665528.15,0,FALSE,TRUE,
C,A,20230101,2023,52,2023,276,DEU,Germany,M,Import,156,CHN,China,0,W00,World,H6,HS,TRUE,760110,"Aluminium; unwrought, (not alloyed)",Aluminium,6,TRUE,C00,TOTAL CPC,0,0,TOTAL MOT,8,kg,57257.787,TRUE,-1,N/A,0,FALSE,57257.787,TRUE,0,FALSE,308238.019,,308238.019,6,FALSE,TRUE,
C,A,20230101,2023,52,2023,276,DEU,Germany,M,Import,203,CZE,Czechia,0,W00,World,H6,HS,TRUE,760110,"Aluminium; unwrought, (not alloyed)",Aluminium,6,TRUE,C00,TOTAL CPC,0,0,TOTAL MOT,8,kg,230417,FALSE,8,kg,230417,FALSE,230417,FALSE,0,FALSE,664520.34,,664520.34,0,FALSE,TRUE,
C,A,20230101,2023,52,2023,276,DEU,Germany,M,Import,251,FRA,France,0,W00,World,H6,HS,TRUE,760110,"Aluminium; unwrought, (not alloyed)",Aluminium,6,TRUE,C00,TOTAL CPC,0,0,TOTAL MOT,8,kg,30231640,FALSE,8,kg,30231640,FALSE,30231640,FALSE,0,FALSE,85101677.14,,85101677.14,0,FALSE,TRUE,
C,A,20230101,2023,52,2023,276,DEU,Germany,M,Import,288,GHA,Ghana,0,W00,World,H6,HS,TRUE,760110,"Aluminium; unwrought, (not alloyed)",Aluminium,6,TRUE,C00,TOTAL CPC,0,0,TOTAL MOT,8,kg,1002960,FALSE,8,kg,1002960,FALSE,1002960,FALSE,0,FALSE,2539504.122,,2539504.122,0,FALSE,TRUE,
C,A,20230101,2023,52,2023,276,DEU,Germany,M,Import,348,HUN,Hungary,0,W00,World,H6,HS,TRUE,760110,"Aluminium; unwrought, (not alloyed)",Aluminium,6,TRUE,C00,TOTAL CPC,0,0,TOTAL MOT,8,kg,21193,FALSE,8,kg,21193,FALSE,21193,FALSE,0,FALSE,73963.038,,73963.038,0,FALSE,TRUE,
C,A,20230101,2023,52,2023,276,DEU,Germany,M,Import,352,ISL,Iceland,0,W00,World,H6,HS,TRUE,760110,"Aluminium; unwrought, (not alloyed)",Aluminium,6,TRUE,C00,TOTAL CPC,0,0,TOTAL MOT,8,kg,87494734,FALSE,8,kg,87494734,FALSE,87494734,FALSE,0,FALSE,239882534.9,,239882534.9,0,FALSE,TRUE,
C,A,20230101,2023,52,2023,276,DEU,Germany,M,Import,360,IDN,Indonesia,0,W00,World,H6,HS,TRUE,760110,"Aluminium; unwrought, (not alloyed)",Aluminium,6,TRUE,C00,TOTAL CPC,0,0,TOTAL MOT,8,kg,8299620,FALSE,8,kg,8299620,FALSE,8299620,FALSE,0,FALSE,21614087.18,,21614087.18,0,FALSE,TRUE,
C,A,20230101,2023,52,2023,276,DEU,Germany,M,Import,380,ITA,Italy,0,W00,World,H6,HS,TRUE,760110,"Aluminium; unwrought, (not alloyed)",Aluminium,6,TRUE,C00,TOTAL CPC,0,0,TOTAL MOT,8,kg,817811.576,TRUE,-1,N/A,0,FALSE,817811.576,TRUE,0,FALSE,2182218.72,,2182218.72,6,FALSE,TRUE,
C,A,20230101,2023,52,2023,276,DEU,Germany,M,Import,392,JPN,Japan,0,W00,World,H6,HS,TRUE,760110,"Aluminium; unwrought, (not alloyed)",Aluminium,6,TRUE,C00,TOTAL CPC,0,0,TOTAL MOT,8,kg,74,FALSE,8,kg,74,FALSE,74,FALSE,0,FALSE,428.49,,428.49,0,FALSE,TRUE,
C,A,20230101,2023,52,2023,276,DEU,Germany,M,Import,398,KAZ,Kazakhstan,0,W00,World,H6,HS,TRUE,760110,"Aluminium; unwrought, (not alloyed)",Aluminium,6,TRUE,C00,TOTAL CPC,0,0,TOTAL MOT,8,kg,2027910,FALSE,8,kg,2027910,FALSE,2027910,FALSE,0,FALSE,5049638.691,,5049638.691,0,FALSE,TRUE,
C,A,20230101,2023,52,2023,276,DEU,Germany,M,Import,440,LTU,Lithuania,0,W00,World,H6,HS,TRUE,760110,"Aluminium; unwrought, (not alloyed)",Aluminium,6,TRUE,C00,TOTAL CPC,0,0,TOTAL MOT,8,kg,24440,FALSE,8,kg,24440,FALSE,24440,FALSE,0,FALSE,54093.315,,54093.315,0,FALSE,TRUE,
C,A,20230101,2023,52,2023,276,DEU,Germany,M,Import,458,MYS,Malaysia,0,W00,World,H6,HS,TRUE,760110,"Aluminium; unwrought, (not alloyed)",Aluminium,6,TRUE,C00,TOTAL CPC,0,0,TOTAL MOT,8,kg,21265244,FALSE,8,kg,21265244,FALSE,21265244,FALSE,0,FALSE,55877705.18,,55877705.18,0,FALSE,TRUE,
C,A,20230101,2023,52,2023,276,DEU,Germany,M,Import,508,MOZ,Mozambique,0,W00,World,H6,HS,TRUE,760110,"Aluminium; unwrought, (not alloyed)",Aluminium,6,TRUE,C00,TOTAL CPC,0,0,TOTAL MOT,8,kg,36411790,FALSE,8,kg,36411790,FALSE,36411790,FALSE,0,FALSE,96686206.51,,96686206.51,0,FALSE,TRUE,
C,A,20230101,2023,52,2023,276,DEU,Germany,M,Import,512,OMN,Oman,0,W00,World,H6,HS,TRUE,760110,"Aluminium; unwrought, (not alloyed)",Aluminium,6,TRUE,C00,TOTAL CPC,0,0,TOTAL MOT,8,kg,9109143,FALSE,8,kg,9109143,FALSE,9109143,FALSE,0,FALSE,23967110.94,,23967110.94,0,FALSE,TRUE,
C,A,20230101,2023,52,2023,276,DEU,Germany,M,Import,528,NLD,Netherlands,0,W00,World,H6,HS,TRUE,760110,"Aluminium; unwrought, (not alloyed)",Aluminium,6,TRUE,C00,TOTAL CPC,0,0,TOTAL MOT,8,kg,195181145,FALSE,8,kg,195181145,FALSE,195181145,FALSE,0,FALSE,509185776.4,,509185776.4,0,FALSE,TRUE,
C,A,20230101,2023,52,2023,276,DEU,Germany,M,Import,554,NZL,New Zealand,0,W00,World,H6,HS,TRUE,760110,"Aluminium; unwrought, (not alloyed)",Aluminium,6,TRUE,C00,TOTAL CPC,0,0,TOTAL MOT,8,kg,7848505.612,TRUE,-1,N/A,0,FALSE,7848505.612,TRUE,0,FALSE,22695249.14,,22695249.14,6,FALSE,TRUE,
C,A,20230101,2023,52,2023,276,DEU,Germany,M,Import,579,NOR,Norway,0,W00,World,H6,HS,TRUE,760110,"Aluminium; unwrought, (not alloyed)",Aluminium,6,TRUE,C00,TOTAL CPC,0,0,TOTAL MOT,8,kg,25701290.52,TRUE,-1,N/A,0,FALSE,25701290.52,TRUE,0,FALSE,81486423.34,,81486423.34,6,FALSE,TRUE,
C,A,20230101,2023,52,2023,276,DEU,Germany,M,Import,616,POL,Poland,0,W00,World,H6,HS,TRUE,760110,"Aluminium; unwrought, (not alloyed)",Aluminium,6,TRUE,C00,TOTAL CPC,0,0,TOTAL MOT,8,kg,413801,FALSE,8,kg,413801,FALSE,413801,FALSE,0,FALSE,1172917.69,,1172917.69,0,FALSE,TRUE,
C,A,20230101,2023,52,2023,276,DEU,Germany,M,Import,634,QAT,Qatar,0,W00,World,H6,HS,TRUE,760110,"Aluminium; unwrought, (not alloyed)",Aluminium,6,TRUE,C00,TOTAL CPC,0,0,TOTAL MOT,8,kg,370319,FALSE,8,kg,370319,FALSE,370319,FALSE,0,FALSE,1043399.237,,1043399.237,0,FALSE,TRUE,
C,A,20230101,2023,52,2023,276,DEU,Germany,M,Import,643,RUS,Russia,0,W00,World,H6,HS,TRUE,760110,"Aluminium; unwrought, (not alloyed)",Aluminium,6,TRUE,C00,TOTAL CPC,0,0,TOTAL MOT,8,kg,70720012.04,TRUE,-1,N/A,0,FALSE,70720012.04,TRUE,0,FALSE,178307840.8,,178307840.8,6,FALSE,TRUE,
C,A,20230101,2023,52,2023,276,DEU,Germany,M,Import,682,SAU,Saudi Arabia,0,W00,World,H6,HS,TRUE,760110,"Aluminium; unwrought, (not alloyed)",Aluminium,6,TRUE,C00,TOTAL CPC,0,0,TOTAL MOT,8,kg,249263,FALSE,8,kg,249263,FALSE,249263,FALSE,0,FALSE,725751.884,,725751.884,0,FALSE,TRUE,
C,A,20230101,2023,52,2023,276,DEU,Germany,M,Import,699,IND,India,0,W00,World,H6,HS,TRUE,760110,"Aluminium; unwrought, (not alloyed)",Aluminium,6,TRUE,C00,TOTAL CPC,0,0,TOTAL MOT,8,kg,102386862.9,TRUE,-1,N/A,0,FALSE,102386862.9,TRUE,0,FALSE,269553780.6,,269553780.6,6,FALSE,TRUE,
C,A,20230101,2023,52,2023,276,DEU,Germany,M,Import,703,SVK,Slovakia,0,W00,World,H6,HS,TRUE,760110,"Aluminium; unwrought, (not alloyed)",Aluminium,6,TRUE,C00,TOTAL CPC,0,0,TOTAL MOT,8,kg,22855,FALSE,8,kg,22855,FALSE,22855,FALSE,0,FALSE,59658.233,,59658.233,0,FALSE,TRUE,
C,A,20230101,2023,52,2023,276,DEU,Germany,M,Import,710,ZAF,South Africa,0,W00,World,H6,HS,TRUE,760110,"Aluminium; unwrought, (not alloyed)",Aluminium,6,TRUE,C00,TOTAL CPC,0,0,TOTAL MOT,8,kg,36894630,FALSE,8,kg,36894630,FALSE,36894630,FALSE,0,FALSE,97486339.02,,97486339.02,0,FALSE,TRUE,
C,A,20230101,2023,52,2023,276,DEU,Germany,M,Import,724,ESP,Spain,0,W00,World,H6,HS,TRUE,760110,"Aluminium; unwrought, (not alloyed)",Aluminium,6,TRUE,C00,TOTAL CPC,0,0,TOTAL MOT,8,kg,1075622,FALSE,8,kg,1075622,FALSE,1075622,FALSE,0,FALSE,3019366.002,,3019366.002,0,FALSE,TRUE,
C,A,20230101,2023,52,2023,276,DEU,Germany,M,Import,757,CHE,Switzerland,0,W00,World,H6,HS,TRUE,760110,"Aluminium; unwrought, (not alloyed)",Aluminium,6,TRUE,C00,TOTAL CPC,0,0,TOTAL MOT,8,kg,6103,FALSE,8,kg,6103,FALSE,6103,FALSE,0,FALSE,35407.663,,35407.663,0,FALSE,TRUE,
C,A,20230101,2023,52,2023,276,DEU,Germany,M,Import,784,ARE,United Arab Emirates,0,W00,World,H6,HS,TRUE,760110,"Aluminium; unwrought, (not alloyed)",Aluminium,6,TRUE,C00,TOTAL CPC,0,0,TOTAL MOT,8,kg,98251787.41,TRUE,-1,N/A,0,FALSE,98251787.41,TRUE,0,FALSE,272936066.7,,272936066.7,6,FALSE,TRUE,
C,A,20230101,2023,52,2023,276,DEU,Germany,M,Import,792,TUR,Turkey,0,W00,World,H6,HS,TRUE,760110,"Aluminium; unwrought, (not alloyed)",Aluminium,6,TRUE,C00,TOTAL CPC,0,0,TOTAL MOT,8,kg,182,FALSE,8,kg,182,FALSE,182,FALSE,0,FALSE,448.115,,448.115,0,FALSE,TRUE,
C,A,20230101,2023,52,2023,276,DEU,Germany,M,Import,818,EGY,Egypt,0,W00,World,H6,HS,TRUE,760110,"Aluminium; unwrought, (not alloyed)",Aluminium,6,TRUE,C00,TOTAL CPC,0,0,TOTAL MOT,8,kg,48550,FALSE,8,kg,48550,FALSE,48550,FALSE,0,FALSE,139104.416,,139104.416,0,FALSE,TRUE,
C,A,20230101,2023,52,2023,276,DEU,Germany,M,Import,826,GBR,United Kingdom,0,W00,World,H6,HS,TRUE,760110,"Aluminium; unwrought, (not alloyed)",Aluminium,6,TRUE,C00,TOTAL CPC,0,0,TOTAL MOT,8,kg,31058,FALSE,8,kg,31058,FALSE,31058,FALSE,0,FALSE,145855.586,,145855.586,0,FALSE,TRUE,
C,A,20230101,2023,52,2023,276,DEU,Germany,M,Import,842,USA,USA,0,W00,World,H6,HS,TRUE,760110,"Aluminium; unwrought, (not alloyed)",Aluminium,6,TRUE,C00,TOTAL CPC,0,0,TOTAL MOT,8,kg,24074.118,TRUE,-1,N/A,0,FALSE,24074.118,TRUE,0,FALSE,86357.628,,86357.628,6,FALSE,TRUE,
C,A,20230101,2023,52,2023,276,DEU,Germany,M,Import,0,W00,World,0,W00,World,H6,HS,TRUE,790111,"Zinc; unwrought, (not alloyed), containing by weight 99.99% or more of zinc",Zinc,6,TRUE,C00,TOTAL CPC,0,0,TOTAL MOT,8,kg,296313848.9,TRUE,-1,N/A,0,FALSE,296313848.9,TRUE,0,FALSE,918297488.7,,918297488.7,6,FALSE,TRUE,
C,A,20230101,2023,52,2023,276,DEU,Germany,M,Import,36,AUS,Australia,0,W00,World,H6,HS,TRUE,790111,"Zinc; unwrought, (not alloyed), containing by weight 99.99% or more of zinc",Zinc,6,TRUE,C00,TOTAL CPC,0,0,TOTAL MOT,8,kg,312240,FALSE,8,kg,312240,FALSE,312240,FALSE,0,FALSE,1007651.399,,1007651.399,0,FALSE,TRUE,
C,A,20230101,2023,52,2023,276,DEU,Germany,M,Import,40,AUT,Austria,0,W00,World,H6,HS,TRUE,790111,"Zinc; unwrought, (not alloyed), containing by weight 99.99% or more of zinc",Zinc,6,TRUE,C00,TOTAL CPC,0,0,TOTAL MOT,8,kg,4009865,FALSE,8,kg,4009865,FALSE,4009865,FALSE,0,FALSE,13325007.64,,13325007.64,0,FALSE,TRUE,
C,A,20230101,2023,52,2023,276,DEU,Germany,M,Import,56,BEL,Belgium,0,W00,World,H6,HS,TRUE,790111,"Zinc; unwrought, (not alloyed), containing by weight 99.99% or more of zinc",Zinc,6,TRUE,C00,TOTAL CPC,0,0,TOTAL MOT,8,kg,14736203,FALSE,8,kg,14736203,FALSE,14736203,FALSE,0,FALSE,47662452.39,,47662452.39,0,FALSE,TRUE,
C,A,20230101,2023,52,2023,276,DEU,Germany,M,Import,100,BGR,Bulgaria,0,W00,World,H6,HS,TRUE,790111,"Zinc; unwrought, (not alloyed), containing by weight 99.99% or more of zinc",Zinc,6,TRUE,C00,TOTAL CPC,0,0,TOTAL MOT,8,kg,497738,FALSE,8,kg,497738,FALSE,497738,FALSE,0,FALSE,1562364.916,,1562364.916,0,FALSE,TRUE,
C,A,20230101,2023,52,2023,276,DEU,Germany,M,Import,124,CAN,Canada,0,W00,World,H6,HS,TRUE,790111,"Zinc; unwrought, (not alloyed), containing by weight 99.99% or more of zinc",Zinc,6,TRUE,C00,TOTAL CPC,0,0,TOTAL MOT,8,kg,48164,FALSE,8,kg,48164,FALSE,48164,FALSE,0,FALSE,170953.323,,170953.323,0,FALSE,TRUE,
C,A,20230101,2023,52,2023,276,DEU,Germany,M,Import,156,CHN,China,0,W00,World,H6,HS,TRUE,790111,"Zinc; unwrought, (not alloyed), containing by weight 99.99% or more of zinc",Zinc,6,TRUE,C00,TOTAL CPC,0,0,TOTAL MOT,8,kg,59002.795,TRUE,-1,N/A,0,FALSE,59002.795,TRUE,0,FALSE,160967.217,,160967.217,6,FALSE,TRUE,
C,A,20230101,2023,52,2023,276,DEU,Germany,M,Import,246,FIN,Finland,0,W00,World,H6,HS,TRUE,790111,"Zinc; unwrought, (not alloyed), containing by weight 99.99% or more of zinc",Zinc,6,TRUE,C00,TOTAL CPC,0,0,TOTAL MOT,8,kg,86565345,FALSE,8,kg,86565345,FALSE,86565345,FALSE,0,FALSE,273053706.2,,273053706.2,0,FALSE,TRUE,
C,A,20230101,2023,52,2023,276,DEU,Germany,M,Import,251,FRA,France,0,W00,World,H6,HS,TRUE,790111,"Zinc; unwrought, (not alloyed), containing by weight 99.99% or more of zinc",Zinc,6,TRUE,C00,TOTAL CPC,0,0,TOTAL MOT,8,kg,238337,FALSE,8,kg,238337,FALSE,238337,FALSE,0,FALSE,841432.181,,841432.181,0,FALSE,TRUE,
C,A,20230101,2023,52,2023,276,DEU,Germany,M,Import,360,IDN,Indonesia,0,W00,World,H6,HS,TRUE,790111,"Zinc; unwrought, (not alloyed), containing by weight 99.99% or more of zinc",Zinc,6,TRUE,C00,TOTAL CPC,0,0,TOTAL MOT,8,kg,49041,FALSE,8,kg,49041,FALSE,49041,FALSE,0,FALSE,169204.473,,169204.473,0,FALSE,TRUE,
C,A,20230101,2023,52,2023,276,DEU,Germany,M,Import,380,ITA,Italy,0,W00,World,H6,HS,TRUE,790111,"Zinc; unwrought, (not alloyed), containing by weight 99.99% or more of zinc",Zinc,6,TRUE,C00,TOTAL CPC,0,0,TOTAL MOT,8,kg,308796,FALSE,8,kg,308796,FALSE,308796,FALSE,0,FALSE,963412.263,,963412.263,0,FALSE,TRUE,
C,A,20230101,2023,52,2023,276,DEU,Germany,M,Import,392,JPN,Japan,0,W00,World,H6,HS,TRUE,790111,"Zinc; unwrought, (not alloyed), containing by weight 99.99% or more of zinc",Zinc,6,TRUE,C00,TOTAL CPC,0,0,TOTAL MOT,8,kg,593252,FALSE,8,kg,593252,FALSE,593252,FALSE,0,FALSE,2093593.257,,2093593.257,0,FALSE,TRUE,
C,A,20230101,2023,52,2023,276,DEU,Germany,M,Import,398,KAZ,Kazakhstan,0,W00,World,H6,HS,TRUE,790111,"Zinc; unwrought, (not alloyed), containing by weight 99.99% or more of zinc",Zinc,6,TRUE,C00,TOTAL CPC,0,0,TOTAL MOT,8,kg,1012740,FALSE,8,kg,1012740,FALSE,1012740,FALSE,0,FALSE,3028178.939,,3028178.939,0,FALSE,TRUE,
C,A,20230101,2023,52,2023,276,DEU,Germany,M,Import,410,KOR,South Korea,0,W00,World,H6,HS,TRUE,790111,"Zinc; unwrought, (not alloyed), containing by weight 99.99% or more of zinc",Zinc,6,TRUE,C00,TOTAL CPC,0,0,TOTAL MOT,8,kg,1843946,FALSE,8,kg,1843946,FALSE,1843946,FALSE,0,FALSE,5756277.523,,5756277.523,0,FALSE,TRUE,
C,A,20230101,2023,52,2023,276,DEU,Germany,M,Import,442,LUX,Luxembourg,0,W00,World,H6,HS,TRUE,790111,"Zinc; unwrought, (not alloyed), containing by weight 99.99% or more of zinc",Zinc,6,TRUE,C00,TOTAL CPC,0,0,TOTAL MOT,8,kg,859305,FALSE,8,kg,859305,FALSE,859305,FALSE,0,FALSE,2965579.063,,2965579.063,0,FALSE,TRUE,
C,A,20230101,2023,52,2023,276,DEU,Germany,M,Import,484,MEX,Mexico,0,W00,World,H6,HS,TRUE,790111,"Zinc; unwrought, (not alloyed), containing by weight 99.99% or more of zinc",Zinc,6,TRUE,C00,TOTAL CPC,0,0,TOTAL MOT,8,kg,12112241,FALSE,8,kg,12112241,FALSE,12112241,FALSE,0,FALSE,38056404.03,,38056404.03,0,FALSE,TRUE,
C,A,20230101,2023,52,2023,276,DEU,Germany,M,Import,528,NLD,Netherlands,0,W00,World,H6,HS,TRUE,790111,"Zinc; unwrought, (not alloyed), containing by weight 99.99% or more of zinc",Zinc,6,TRUE,C00,TOTAL CPC,0,0,TOTAL MOT,8,kg,12780488,FALSE,8,kg,12780488,FALSE,12780488,FALSE,0,FALSE,40809259.09,,40809259.09,0,FALSE,TRUE,
C,A,20230101,2023,52,2023,276,DEU,Germany,M,Import,566,NGA,Nigeria,0,W00,World,H6,HS,TRUE,790111,"Zinc; unwrought, (not alloyed), containing by weight 99.99% or more of zinc",Zinc,6,TRUE,C00,TOTAL CPC,0,0,TOTAL MOT,8,kg,24670,FALSE,8,kg,24670,FALSE,24670,FALSE,0,FALSE,64606.038,,64606.038,0,FALSE,TRUE,
C,A,20230101,2023,52,2023,276,DEU,Germany,M,Import,579,NOR,Norway,0,W00,World,H6,HS,TRUE,790111,"Zinc; unwrought, (not alloyed), containing by weight 99.99% or more of zinc",Zinc,6,TRUE,C00,TOTAL CPC,0,0,TOTAL MOT,8,kg,19662514,FALSE,8,kg,19662514,FALSE,19662514,FALSE,0,FALSE,61671420.52,,61671420.52,0,FALSE,TRUE,
C,A,20230101,2023,52,2023,276,DEU,Germany,M,Import,604,PER,Peru,0,W00,World,H6,HS,TRUE,790111,"Zinc; unwrought, (not alloyed), containing by weight 99.99% or more of zinc",Zinc,6,TRUE,C00,TOTAL CPC,0,0,TOTAL MOT,8,kg,6531502,FALSE,8,kg,6531502,FALSE,6531502,FALSE,0,FALSE,21690641.87,,21690641.87,0,FALSE,TRUE,
C,A,20230101,2023,52,2023,276,DEU,Germany,M,Import,616,POL,Poland,0,W00,World,H6,HS,TRUE,790111,"Zinc; unwrought, (not alloyed), containing by weight 99.99% or more of zinc",Zinc,6,TRUE,C00,TOTAL CPC,0,0,TOTAL MOT,8,kg,8648178,FALSE,8,kg,8648178,FALSE,8648178,FALSE,0,FALSE,27360726.4,,27360726.4,0,FALSE,TRUE,
C,A,20230101,2023,52,2023,276,DEU,Germany,M,Import,699,IND,India,0,W00,World,H6,HS,TRUE,790111,"Zinc; unwrought, (not alloyed), containing by weight 99.99% or more of zinc",Zinc,6,TRUE,C00,TOTAL CPC,0,0,TOTAL MOT,8,kg,2515629,FALSE,8,kg,2515629,FALSE,2515629,FALSE,0,FALSE,9177149.527,,9177149.527,0,FALSE,TRUE,
C,A,20230101,2023,52,2023,276,DEU,Germany,M,Import,702,SGP,Singapore,0,W00,World,H6,HS,TRUE,790111,"Zinc; unwrought, (not alloyed), containing by weight 99.99% or more of zinc",Zinc,6,TRUE,C00,TOTAL CPC,0,0,TOTAL MOT,8,kg,2895992,FALSE,8,kg,2895992,FALSE,2895992,FALSE,0,FALSE,9412496.279,,9412496.279,0,FALSE,TRUE,
C,A,20230101,2023,52,2023,276,DEU,Germany,M,Import,705,SVN,Slovenia,0,W00,World,H6,HS,TRUE,790111,"Zinc; unwrought, (not alloyed), containing by weight 99.99% or more of zinc",Zinc,6,TRUE,C00,TOTAL CPC,0,0,TOTAL MOT,8,kg,168907,FALSE,8,kg,168907,FALSE,168907,FALSE,0,FALSE,668421.452,,668421.452,0,FALSE,TRUE,
C,A,20230101,2023,52,2023,276,DEU,Germany,M,Import,724,ESP,Spain,0,W00,World,H6,HS,TRUE,790111,"Zinc; unwrought, (not alloyed), containing by weight 99.99% or more of zinc",Zinc,6,TRUE,C00,TOTAL CPC,0,0,TOTAL MOT,8,kg,112760620,FALSE,8,kg,112760620,FALSE,112760620,FALSE,0,FALSE,332551238,,332551238,0,FALSE,TRUE,
C,A,20230101,2023,52,2023,276,DEU,Germany,M,Import,752,SWE,Sweden,0,W00,World,H6,HS,TRUE,790111,"Zinc; unwrought, (not alloyed), containing by weight 99.99% or more of zinc",Zinc,6,TRUE,C00,TOTAL CPC,0,0,TOTAL MOT,8,kg,5981350,FALSE,8,kg,5981350,FALSE,5981350,FALSE,0,FALSE,19845386.36,,19845386.36,0,FALSE,TRUE,
C,A,20230101,2023,52,2023,276,DEU,Germany,M,Import,757,CHE,Switzerland,0,W00,World,H6,HS,TRUE,790111,"Zinc; unwrought, (not alloyed), containing by weight 99.99% or more of zinc",Zinc,6,TRUE,C00,TOTAL CPC,0,0,TOTAL MOT,8,kg,1633.048,TRUE,-1,N/A,0,FALSE,1633.048,TRUE,0,FALSE,5927.99,,5927.99,6,FALSE,TRUE,
C,A,20230101,2023,52,2023,276,DEU,Germany,M,Import,842,USA,USA,0,W00,World,H6,HS,TRUE,790111,"Zinc; unwrought, (not alloyed), containing by weight 99.99% or more of zinc",Zinc,6,TRUE,C00,TOTAL CPC,0,0,TOTAL MOT,8,kg,3188.071,TRUE,-1,N/A,0,FALSE,3188.071,TRUE,0,FALSE,12289.921,,12289.921,6,FALSE,TRUE,
C,A,20230101,2023,52,2023,276,DEU,Germany,M,Import,860,UZB,Uzbekistan,0,W00,World,H6,HS,TRUE,790111,"Zinc; unwrought, (not alloyed), containing by weight 99.99% or more of zinc",Zinc,6,TRUE,C00,TOTAL CPC,0,0,TOTAL MOT,8,kg,1092962,FALSE,8,kg,1092962,FALSE,1092962,FALSE,0,FALSE,4210740.379,,4210740.379,0,FALSE,TRUE,
C,A,20230101,2023,52,2023,276,DEU,Germany,M,Import,0,W00,World,0,W00,World,H6,HS,TRUE,810320,"Tantalum; unwrought, including bars and rods obtained simply by sintering, powders",Tantalum,6,TRUE,C00,TOTAL CPC,0,0,TOTAL MOT,8,kg,30256.681,TRUE,-1,N/A,0,FALSE,30256.681,TRUE,0,FALSE,10652778.48,,10652778.48,6,FALSE,TRUE,
C,A,20230101,2023,52,2023,276,DEU,Germany,M,Import,40,AUT,Austria,0,W00,World,H6,HS,TRUE,810320,"Tantalum; unwrought, including bars and rods obtained simply by sintering, powders",Tantalum,6,TRUE,C00,TOTAL CPC,0,0,TOTAL MOT,8,kg,750.102,TRUE,-1,N/A,0,FALSE,750.102,TRUE,0,FALSE,255321.144,,255321.144,6,FALSE,TRUE,
C,A,20230101,2023,52,2023,276,DEU,Germany,M,Import,156,CHN,China,0,W00,World,H6,HS,TRUE,810320,"Tantalum; unwrought, including bars and rods obtained simply by sintering, powders",Tantalum,6,TRUE,C00,TOTAL CPC,0,0,TOTAL MOT,8,kg,340.595,TRUE,-1,N/A,0,FALSE,340.595,TRUE,0,FALSE,180730.09,,180730.09,6,FALSE,TRUE,
C,A,20230101,2023,52,2023,276,DEU,Germany,M,Import,233,EST,Estonia,0,W00,World,H6,HS,TRUE,810320,"Tantalum; unwrought, including bars and rods obtained simply by sintering, powders",Tantalum,6,TRUE,C00,TOTAL CPC,0,0,TOTAL MOT,8,kg,2964,FALSE,8,kg,2964,FALSE,2964,FALSE,0,FALSE,1187522.329,,1187522.329,0,FALSE,TRUE,
C,A,20230101,2023,52,2023,276,DEU,Germany,M,Import,251,FRA,France,0,W00,World,H6,HS,TRUE,810320,"Tantalum; unwrought, including bars and rods obtained simply by sintering, powders",Tantalum,6,TRUE,C00,TOTAL CPC,0,0,TOTAL MOT,8,kg,25,FALSE,8,kg,25,FALSE,25,FALSE,0,FALSE,48082.462,,48082.462,0,FALSE,TRUE,
C,A,20230101,2023,52,2023,276,DEU,Germany,M,Import,392,JPN,Japan,0,W00,World,H6,HS,TRUE,810320,"Tantalum; unwrought, including bars and rods obtained simply by sintering, powders",Tantalum,6,TRUE,C00,TOTAL CPC,0,0,TOTAL MOT,8,kg,86.526,TRUE,-1,N/A,0,FALSE,86.526,TRUE,0,FALSE,27638.148,,27638.148,6,FALSE,TRUE,
C,A,20230101,2023,52,2023,276,DEU,Germany,M,Import,398,KAZ,Kazakhstan,0,W00,World,H6,HS,TRUE,810320,"Tantalum; unwrought, including bars and rods obtained simply by sintering, powders",Tantalum,6,TRUE,C00,TOTAL CPC,0,0,TOTAL MOT,8,kg,1948,FALSE,8,kg,1948,FALSE,1948,FALSE,0,FALSE,2685712.967,,2685712.967,0,FALSE,TRUE,
C,A,20230101,2023,52,2023,276,DEU,Germany,M,Import,410,KOR,South Korea,0,W00,World,H6,HS,TRUE,810320,"Tantalum; unwrought, including bars and rods obtained simply by sintering, powders",Tantalum,6,TRUE,C00,TOTAL CPC,0,0,TOTAL MOT,8,kg,548,FALSE,8,kg,548,FALSE,548,FALSE,0,FALSE,87500.268,,87500.268,0,FALSE,TRUE,
C,A,20230101,2023,52,2023,276,DEU,Germany,M,Import,490,S19,"Other Asia, nes",0,W00,World,H6,HS,TRUE,810320,"Tantalum; unwrought, including bars and rods obtained simply by sintering, powders",Tantalum,6,TRUE,C00,TOTAL CPC,0,0,TOTAL MOT,8,kg,2000,FALSE,8,kg,2000,FALSE,2000,FALSE,0,FALSE,395754.642,,395754.642,0,FALSE,TRUE,
C,A,20230101,2023,52,2023,276,DEU,Germany,M,Import,528,NLD,Netherlands,0,W00,World,H6,HS,TRUE,810320,"Tantalum; unwrought, including bars and rods obtained simply by sintering, powders",Tantalum,6,TRUE,C00,TOTAL CPC,0,0,TOTAL MOT,8,kg,4,FALSE,8,kg,4,FALSE,4,FALSE,0,FALSE,594.216,,594.216,0,FALSE,TRUE,
C,A,20230101,2023,52,2023,276,DEU,Germany,M,Import,757,CHE,Switzerland,0,W00,World,H6,HS,TRUE,810320,"Tantalum; unwrought, including bars and rods obtained simply by sintering, powders",Tantalum,6,TRUE,C00,TOTAL CPC,0,0,TOTAL MOT,8,kg,25,FALSE,8,kg,25,FALSE,25,FALSE,0,FALSE,6877.646,,6877.646,0,FALSE,TRUE,
C,A,20230101,2023,52,2023,276,DEU,Germany,M,Import,764,THA,Thailand,0,W00,World,H6,HS,TRUE,810320,"Tantalum; unwrought, including bars and rods obtained simply by sintering, powders",Tantalum,6,TRUE,C00,TOTAL CPC,0,0,TOTAL MOT,8,kg,12298,FALSE,8,kg,12298,FALSE,12298,FALSE,0,FALSE,1991286.644,,1991286.644,0,FALSE,TRUE,
C,A,20230101,2023,52,2023,276,DEU,Germany,M,Import,826,GBR,United Kingdom,0,W00,World,H6,HS,TRUE,810320,"Tantalum; unwrought, including bars and rods obtained simply by sintering, powders",Tantalum,6,TRUE,C00,TOTAL CPC,0,0,TOTAL MOT,8,kg,1404.917,TRUE,-1,N/A,0,FALSE,1404.917,TRUE,0,FALSE,659104.794,,659104.794,6,FALSE,TRUE,
C,A,20230101,2023,52,2023,276,DEU,Germany,M,Import,842,USA,USA,0,W00,World,H6,HS,TRUE,810320,"Tantalum; unwrought, including bars and rods obtained simply by sintering, powders",Tantalum,6,TRUE,C00,TOTAL CPC,0,0,TOTAL MOT,8,kg,7862.541,TRUE,-1,N/A,0,FALSE,7862.541,TRUE,0,FALSE,3126653.13,,3126653.13,6,FALSE,TRUE,
C,A,20230101,2023,52,2023,276,DEU,Germany,M,Import,0,W00,World,0,W00,World,H6,HS,TRUE,810411,"Magnesium; unwrought, containing at least 99.8% by weight of magnesium",Magnesium,6,TRUE,C00,TOTAL CPC,0,0,TOTAL MOT,8,kg,14661874.63,TRUE,-1,N/A,0,FALSE,14661874.63,TRUE,0,FALSE,59000379.79,,59000379.79,6,FALSE,TRUE,
C,A,20230101,2023,52,2023,276,DEU,Germany,M,Import,40,AUT,Austria,0,W00,World,H6,HS,TRUE,810411,"Magnesium; unwrought, containing at least 99.8% by weight of magnesium",Magnesium,6,TRUE,C00,TOTAL CPC,0,0,TOTAL MOT,8,kg,440542,FALSE,8,kg,440542,FALSE,440542,FALSE,0,FALSE,2322475.589,,2322475.589,0,FALSE,TRUE,
C,A,20230101,2023,52,2023,276,DEU,Germany,M,Import,56,BEL,Belgium,0,W00,World,H6,HS,TRUE,810411,"Magnesium; unwrought, containing at least 99.8% by weight of magnesium",Magnesium,6,TRUE,C00,TOTAL CPC,0,0,TOTAL MOT,8,kg,24131,FALSE,8,kg,24131,FALSE,24131,FALSE,0,FALSE,77220.87,,77220.87,0,FALSE,TRUE,
C,A,20230101,2023,52,2023,276,DEU,Germany,M,Import,156,CHN,China,0,W00,World,H6,HS,TRUE,810411,"Magnesium; unwrought, containing at least 99.8% by weight of magnesium",Magnesium,6,TRUE,C00,TOTAL CPC,0,0,TOTAL MOT,8,kg,11589588.63,TRUE,-1,N/A,0,FALSE,11589588.63,TRUE,0,FALSE,46640577.96,,46640577.96,6,FALSE,TRUE,
C,A,20230101,2023,52,2023,276,DEU,Germany,M,Import,251,FRA,France,0,W00,World,H6,HS,TRUE,810411,"Magnesium; unwrought, containing at least 99.8% by weight of magnesium",Magnesium,6,TRUE,C00,TOTAL CPC,0,0,TOTAL MOT,8,kg,13948,FALSE,8,kg,13948,FALSE,13948,FALSE,0,FALSE,71495.677,,71495.677,0,FALSE,TRUE,
C,A,20230101,2023,52,2023,276,DEU,Germany,M,Import,344,HKG,Hong Kong,0,W00,World,H6,HS,TRUE,810411,"Magnesium; unwrought, containing at least 99.8% by weight of magnesium",Magnesium,6,TRUE,C00,TOTAL CPC,0,0,TOTAL MOT,8,kg,50040,FALSE,8,kg,50040,FALSE,50040,FALSE,0,FALSE,167559.203,,167559.203,0,FALSE,TRUE,
C,A,20230101,2023,52,2023,276,DEU,Germany,M,Import,376,ISR,Israel,0,W00,World,H6,HS,TRUE,810411,"Magnesium; unwrought, containing at least 99.8% by weight of magnesium",Magnesium,6,TRUE,C00,TOTAL CPC,0,0,TOTAL MOT,8,kg,4428,FALSE,8,kg,4428,FALSE,4428,FALSE,0,FALSE,68516.963,,68516.963,0,FALSE,TRUE,
C,A,20230101,2023,52,2023,276,DEU,Germany,M,Import,380,ITA,Italy,0,W00,World,H6,HS,TRUE,810411,"Magnesium; unwrought, containing at least 99.8% by weight of magnesium",Magnesium,6,TRUE,C00,TOTAL CPC,0,0,TOTAL MOT,8,kg,225000,FALSE,8,kg,225000,FALSE,225000,FALSE,0,FALSE,863266.634,,863266.634,0,FALSE,TRUE,
C,A,20230101,2023,52,2023,276,DEU,Germany,M,Import,442,LUX,Luxembourg,0,W00,World,H6,HS,TRUE,810411,"Magnesium; unwrought, containing at least 99.8% by weight of magnesium",Magnesium,6,TRUE,C00,TOTAL CPC,0,0,TOTAL MOT,8,kg,101452,FALSE,8,kg,101452,FALSE,101452,FALSE,0,FALSE,434523.716,,434523.716,0,FALSE,TRUE,
C,A,20230101,2023,52,2023,276,DEU,Germany,M,Import,528,NLD,Netherlands,0,W00,World,H6,HS,TRUE,810411,"Magnesium; unwrought, containing at least 99.8% by weight of magnesium",Magnesium,6,TRUE,C00,TOTAL CPC,0,0,TOTAL MOT,8,kg,2152550,FALSE,8,kg,2152550,FALSE,2152550,FALSE,0,FALSE,7972525.761,,7972525.761,0,FALSE,TRUE,
C,A,20230101,2023,52,2023,276,DEU,Germany,M,Import,699,IND,India,0,W00,World,H6,HS,TRUE,810411,"Magnesium; unwrought, containing at least 99.8% by weight of magnesium",Magnesium,6,TRUE,C00,TOTAL CPC,0,0,TOTAL MOT,8,kg,20000,FALSE,8,kg,20000,FALSE,20000,FALSE,0,FALSE,59653.872,,59653.872,0,FALSE,TRUE,
C,A,20230101,2023,52,2023,276,DEU,Germany,M,Import,724,ESP,Spain,0,W00,World,H6,HS,TRUE,810411,"Magnesium; unwrought, containing at least 99.8% by weight of magnesium",Magnesium,6,TRUE,C00,TOTAL CPC,0,0,TOTAL MOT,8,kg,39772,FALSE,8,kg,39772,FALSE,39772,FALSE,0,FALSE,318070.392,,318070.392,0,FALSE,TRUE,
C,A,20230101,2023,52,2023,276,DEU,Germany,M,Import,752,SWE,Sweden,0,W00,World,H6,HS,TRUE,810411,"Magnesium; unwrought, containing at least 99.8% by weight of magnesium",Magnesium,6,TRUE,C00,TOTAL CPC,0,0,TOTAL MOT,8,kg,400,FALSE,8,kg,400,FALSE,400,FALSE,0,FALSE,2353.969,,2353.969,0,FALSE,TRUE,
C,A,20230101,2023,52,2023,276,DEU,Germany,M,Import,826,GBR,United Kingdom,0,W00,World,H6,HS,TRUE,810411,"Magnesium; unwrought, containing at least 99.8% by weight of magnesium",Magnesium,6,TRUE,C00,TOTAL CPC,0,0,TOTAL MOT,8,kg,20,FALSE,8,kg,20,FALSE,20,FALSE,0,FALSE,2117.373,,2117.373,0,FALSE,TRUE,
C,A,20230101,2023,52,2023,276,DEU,Germany,M,Import,842,USA,USA,0,W00,World,H6,HS,TRUE,810411,"Magnesium; unwrought, containing at least 99.8% by weight of magnesium",Magnesium,6,TRUE,C00,TOTAL CPC,0,0,TOTAL MOT,8,kg,3,FALSE,8,kg,3,FALSE,3,FALSE,0,FALSE,21.806,,21.806,0,FALSE,TRUE,
C,A,20230101,2023,52,2023,276,DEU,Germany,M,Import,0,W00,World,0,W00,World,H6,HS,TRUE,282540,Nickel oxides and hydroxides,Nickel,6,TRUE,C00,TOTAL CPC,0,0,TOTAL MOT,8,kg,238992.912,TRUE,-1,N/A,0,FALSE,238992.912,TRUE,0,FALSE,5736545.179,,5736545.179,6,FALSE,TRUE,
C,A,20230101,2023,52,2023,276,DEU,Germany,M,Import,56,BEL,Belgium,0,W00,World,H6,HS,TRUE,282540,Nickel oxides and hydroxides,Nickel,6,TRUE,C00,TOTAL CPC,0,0,TOTAL MOT,8,kg,109.134,TRUE,-1,N/A,0,FALSE,109.134,TRUE,0,FALSE,3635.078,,3635.078,6,FALSE,TRUE,
C,A,20230101,2023,52,2023,276,DEU,Germany,M,Import,156,CHN,China,0,W00,World,H6,HS,TRUE,282540,Nickel oxides and hydroxides,Nickel,6,TRUE,C00,TOTAL CPC,0,0,TOTAL MOT,8,kg,2642.483,TRUE,-1,N/A,0,FALSE,2642.483,TRUE,0,FALSE,66500.989,,66500.989,6,FALSE,TRUE,
C,A,20230101,2023,52,2023,276,DEU,Germany,M,Import,192,CUB,Cuba,0,W00,World,H6,HS,TRUE,282540,Nickel oxides and hydroxides,Nickel,6,TRUE,C00,TOTAL CPC,0,0,TOTAL MOT,8,kg,2500,FALSE,8,kg,2500,FALSE,2500,FALSE,0,FALSE,50836.573,,50836.573,0,FALSE,TRUE,
C,A,20230101,2023,52,2023,276,DEU,Germany,M,Import,203,CZE,Czechia,0,W00,World,H6,HS,TRUE,282540,Nickel oxides and hydroxides,Nickel,6,TRUE,C00,TOTAL CPC,0,0,TOTAL MOT,8,kg,144760,FALSE,8,kg,144760,FALSE,144760,FALSE,0,FALSE,3233749.454,,3233749.454,0,FALSE,TRUE,
C,A,20230101,2023,52,2023,276,DEU,Germany,M,Import,251,FRA,France,0,W00,World,H6,HS,TRUE,282540,Nickel oxides and hydroxides,Nickel,6,TRUE,C00,TOTAL CPC,0,0,TOTAL MOT,8,kg,84,FALSE,8,kg,84,FALSE,84,FALSE,0,FALSE,2561.127,,2561.127,0,FALSE,TRUE,
C,A,20230101,2023,52,2023,276,DEU,Germany,M,Import,380,ITA,Italy,0,W00,World,H6,HS,TRUE,282540,Nickel oxides and hydroxides,Nickel,6,TRUE,C00,TOTAL CPC,0,0,TOTAL MOT,8,kg,53123.908,TRUE,-1,N/A,0,FALSE,53123.908,TRUE,0,FALSE,1302203.907,,1302203.907,6,FALSE,TRUE,
C,A,20230101,2023,52,2023,276,DEU,Germany,M,Import,392,JPN,Japan,0,W00,World,H6,HS,TRUE,282540,Nickel oxides and hydroxides,Nickel,6,TRUE,C00,TOTAL CPC,0,0,TOTAL MOT,8,kg,11252.454,TRUE,-1,N/A,0,FALSE,11252.454,TRUE,0,FALSE,312350.651,,312350.651,6,FALSE,TRUE,
C,A,20230101,2023,52,2023,276,DEU,Germany,M,Import,398,KAZ,Kazakhstan,0,W00,World,H6,HS,TRUE,282540,Nickel oxides and hydroxides,Nickel,6,TRUE,C00,TOTAL CPC,0,0,TOTAL MOT,8,kg,250,FALSE,8,kg,250,FALSE,250,FALSE,0,FALSE,6078.452,,6078.452,0,FALSE,TRUE,
C,A,20230101,2023,52,2023,276,DEU,Germany,M,Import,410,KOR,South Korea,0,W00,World,H6,HS,TRUE,282540,Nickel oxides and hydroxides,Nickel,6,TRUE,C00,TOTAL CPC,0,0,TOTAL MOT,8,kg,30,FALSE,8,kg,30,FALSE,30,FALSE,0,FALSE,2790.091,,2790.091,0,FALSE,TRUE,
C,A,20230101,2023,52,2023,276,DEU,Germany,M,Import,528,NLD,Netherlands,0,W00,World,H6,HS,TRUE,282540,Nickel oxides and hydroxides,Nickel,6,TRUE,C00,TOTAL CPC,0,0,TOTAL MOT,8,kg,8739.235,TRUE,-1,N/A,0,FALSE,8739.235,TRUE,0,FALSE,146507.589,,146507.589,6,FALSE,TRUE,
C,A,20230101,2023,52,2023,276,DEU,Germany,M,Import,579,NOR,Norway,0,W00,World,H6,HS,TRUE,282540,Nickel oxides and hydroxides,Nickel,6,TRUE,C00,TOTAL CPC,0,0,TOTAL MOT,8,kg,0.454,TRUE,-1,N/A,0,FALSE,0.454,TRUE,0,FALSE,10.903,,10.903,6,FALSE,TRUE,
C,A,20230101,2023,52,2023,276,DEU,Germany,M,Import,608,PHL,Philippines,0,W00,World,H6,HS,TRUE,282540,Nickel oxides and hydroxides,Nickel,6,TRUE,C00,TOTAL CPC,0,0,TOTAL MOT,8,kg,9780,FALSE,8,kg,9780,FALSE,9780,FALSE,0,FALSE,232774.721,,232774.721,0,FALSE,TRUE,
C,A,20230101,2023,52,2023,276,DEU,Germany,M,Import,699,IND,India,0,W00,World,H6,HS,TRUE,282540,Nickel oxides and hydroxides,Nickel,6,TRUE,C00,TOTAL CPC,0,0,TOTAL MOT,8,kg,46,FALSE,8,kg,46,FALSE,46,FALSE,0,FALSE,3511.873,,3511.873,0,FALSE,TRUE,
C,A,20230101,2023,52,2023,276,DEU,Germany,M,Import,724,ESP,Spain,0,W00,World,H6,HS,TRUE,282540,Nickel oxides and hydroxides,Nickel,6,TRUE,C00,TOTAL CPC,0,0,TOTAL MOT,8,kg,4500,FALSE,8,kg,4500,FALSE,4500,FALSE,0,FALSE,128023.644,,128023.644,0,FALSE,TRUE,
C,A,20230101,2023,52,2023,276,DEU,Germany,M,Import,757,CHE,Switzerland,0,W00,World,H6,HS,TRUE,282540,Nickel oxides and hydroxides,Nickel,6,TRUE,C00,TOTAL CPC,0,0,TOTAL MOT,8,kg,288.921,TRUE,-1,N/A,0,FALSE,288.921,TRUE,0,FALSE,179679.036,,179679.036,6,FALSE,TRUE,
C,A,20230101,2023,52,2023,276,DEU,Germany,M,Import,826,GBR,United Kingdom,0,W00,World,H6,HS,TRUE,282540,Nickel oxides and hydroxides,Nickel,6,TRUE,C00,TOTAL CPC,0,0,TOTAL MOT,8,kg,20,FALSE,8,kg,20,FALSE,20,FALSE,0,FALSE,1285.47,,1285.47,0,FALSE,TRUE,
C,A,20230101,2023,52,2023,276,DEU,Germany,M,Import,842,USA,USA,0,W00,World,H6,HS,TRUE,282540,Nickel oxides and hydroxides,Nickel,6,TRUE,C00,TOTAL CPC,0,0,TOTAL MOT,8,kg,866.321,TRUE,-1,N/A,0,FALSE,866.321,TRUE,0,FALSE,64045.621,,64045.621,6,FALSE,TRUE,
C,A,20230101,2023,52,2023,276,DEU,Germany,M,Import,0,W00,World,0,W00,World,H6,HS,TRUE,282550,Copper oxides and hydroxides,Copper,6,TRUE,C00,TOTAL CPC,0,0,TOTAL MOT,8,kg,1136559.622,TRUE,-1,N/A,0,FALSE,1136559.622,TRUE,0,FALSE,10064501.01,,10064501.01,6,FALSE,TRUE,
C,A,20230101,2023,52,2023,276,DEU,Germany,M,Import,36,AUS,Australia,0,W00,World,H6,HS,TRUE,282550,Copper oxides and hydroxides,Copper,6,TRUE,C00,TOTAL CPC,0,0,TOTAL MOT,8,kg,643491,FALSE,8,kg,643491,FALSE,643491,FALSE,0,FALSE,5252336.251,,5252336.251,0,FALSE,TRUE,
C,A,20230101,2023,52,2023,276,DEU,Germany,M,Import,40,AUT,Austria,0,W00,World,H6,HS,TRUE,282550,Copper oxides and hydroxides,Copper,6,TRUE,C00,TOTAL CPC,0,0,TOTAL MOT,8,kg,5506,FALSE,8,kg,5506,FALSE,5506,FALSE,0,FALSE,62333.842,,62333.842,0,FALSE,TRUE,
C,A,20230101,2023,52,2023,276,DEU,Germany,M,Import,56,BEL,Belgium,0,W00,World,H6,HS,TRUE,282550,Copper oxides and hydroxides,Copper,6,TRUE,C00,TOTAL CPC,0,0,TOTAL MOT,8,kg,14780,FALSE,8,kg,14780,FALSE,14780,FALSE,0,FALSE,139537.267,,139537.267,0,FALSE,TRUE,
C,A,20230101,2023,52,2023,276,DEU,Germany,M,Import,156,CHN,China,0,W00,World,H6,HS,TRUE,282550,Copper oxides and hydroxides,Copper,6,TRUE,C00,TOTAL CPC,0,0,TOTAL MOT,8,kg,9950.865,TRUE,-1,N/A,0,FALSE,9950.865,TRUE,0,FALSE,116178.567,,116178.567,6,FALSE,TRUE,
C,A,20230101,2023,52,2023,276,DEU,Germany,M,Import,251,FRA,France,0,W00,World,H6,HS,TRUE,282550,Copper oxides and hydroxides,Copper,6,TRUE,C00,TOTAL CPC,0,0,TOTAL MOT,8,kg,2370.562,TRUE,-1,N/A,0,FALSE,2370.562,TRUE,0,FALSE,49335.223,,49335.223,6,FALSE,TRUE,
C,A,20230101,2023,52,2023,276,DEU,Germany,M,Import,360,IDN,Indonesia,0,W00,World,H6,HS,TRUE,282550,Copper oxides and hydroxides,Copper,6,TRUE,C00,TOTAL CPC,0,0,TOTAL MOT,8,kg,8000,FALSE,8,kg,8000,FALSE,8000,FALSE,0,FALSE,75623.573,,75623.573,0,FALSE,TRUE,
C,A,20230101,2023,52,2023,276,DEU,Germany,M,Import,380,ITA,Italy,0,W00,World,H6,HS,TRUE,282550,Copper oxides and hydroxides,Copper,6,TRUE,C00,TOTAL CPC,0,0,TOTAL MOT,8,kg,45725,FALSE,8,kg,45725,FALSE,45725,FALSE,0,FALSE,454647.481,,454647.481,0,FALSE,TRUE,
C,A,20230101,2023,52,2023,276,DEU,Germany,M,Import,392,JPN,Japan,0,W00,World,H6,HS,TRUE,282550,Copper oxides and hydroxides,Copper,6,TRUE,C00,TOTAL CPC,0,0,TOTAL MOT,8,kg,363.595,TRUE,-1,N/A,0,FALSE,363.595,TRUE,0,FALSE,3285.09,,3285.09,6,FALSE,TRUE,
C,A,20230101,2023,52,2023,276,DEU,Germany,M,Import,490,S19,"Other Asia, nes",0,W00,World,H6,HS,TRUE,282550,Copper oxides and hydroxides,Copper,6,TRUE,C00,TOTAL CPC,0,0,TOTAL MOT,8,kg,95182,FALSE,8,kg,95182,FALSE,95182,FALSE,0,FALSE,924484.004,,924484.004,0,FALSE,TRUE,
C,A,20230101,2023,52,2023,276,DEU,Germany,M,Import,528,NLD,Netherlands,0,W00,World,H6,HS,TRUE,282550,Copper oxides and hydroxides,Copper,6,TRUE,C00,TOTAL CPC,0,0,TOTAL MOT,8,kg,9917,FALSE,8,kg,9917,FALSE,9917,FALSE,0,FALSE,102660.963,,102660.963,0,FALSE,TRUE,
C,A,20230101,2023,52,2023,276,DEU,Germany,M,Import,642,ROU,Romania,0,W00,World,H6,HS,TRUE,282550,Copper oxides and hydroxides,Copper,6,TRUE,C00,TOTAL CPC,0,0,TOTAL MOT,8,kg,531,FALSE,8,kg,531,FALSE,531,FALSE,0,FALSE,5456.978,,5456.978,0,FALSE,TRUE,
C,A,20230101,2023,52,2023,276,DEU,Germany,M,Import,699,IND,India,0,W00,World,H6,HS,TRUE,282550,Copper oxides and hydroxides,Copper,6,TRUE,C00,TOTAL CPC,0,0,TOTAL MOT,8,kg,13169.321,TRUE,-1,N/A,0,FALSE,13169.321,TRUE,0,FALSE,112877.123,,112877.123,6,FALSE,TRUE,
C,A,20230101,2023,52,2023,276,DEU,Germany,M,Import,724,ESP,Spain,0,W00,World,H6,HS,TRUE,282550,Copper oxides and hydroxides,Copper,6,TRUE,C00,TOTAL CPC,0,0,TOTAL MOT,8,kg,44000,FALSE,8,kg,44000,FALSE,44000,FALSE,0,FALSE,419419.718,,419419.718,0,FALSE,TRUE,
C,A,20230101,2023,52,2023,276,DEU,Germany,M,Import,757,CHE,Switzerland,0,W00,World,H6,HS,TRUE,282550,Copper oxides and hydroxides,Copper,6,TRUE,C00,TOTAL CPC,0,0,TOTAL MOT,8,kg,10810,FALSE,8,kg,10810,FALSE,10810,FALSE,0,FALSE,88976.541,,88976.541,0,FALSE,TRUE,
C,A,20230101,2023,52,2023,276,DEU,Germany,M,Import,826,GBR,United Kingdom,0,W00,World,H6,HS,TRUE,282550,Copper oxides and hydroxides,Copper,6,TRUE,C00,TOTAL CPC,0,0,TOTAL MOT,8,kg,2298.884,TRUE,-1,N/A,0,FALSE,2298.884,TRUE,0,FALSE,23834.073,,23834.073,6,FALSE,TRUE,
C,A,20230101,2023,52,2023,276,DEU,Germany,M,Import,842,USA,USA,0,W00,World,H6,HS,TRUE,282550,Copper oxides and hydroxides,Copper,6,TRUE,C00,TOTAL CPC,0,0,TOTAL MOT,8,kg,230464.396,TRUE,-1,N/A,0,FALSE,230464.396,TRUE,0,FALSE,2233514.312,,2233514.312,6,FALSE,TRUE,
C,A,20230101,2023,52,2023,276,DEU,Germany,M,Import,0,W00,World,0,W00,World,H6,HS,TRUE,282570,Molybdenum oxides and hydroxides,Molybdenum,6,TRUE,C00,TOTAL CPC,0,0,TOTAL MOT,8,kg,1714852.615,TRUE,-1,N/A,0,FALSE,1714852.615,TRUE,0,FALSE,67669158.13,,67669158.13,6,FALSE,TRUE,
C,A,20230101,2023,52,2023,276,DEU,Germany,M,Import,40,AUT,Austria,0,W00,World,H6,HS,TRUE,282570,Molybdenum oxides and hydroxides,Molybdenum,6,TRUE,C00,TOTAL CPC,0,0,TOTAL MOT,8,kg,10340,FALSE,8,kg,10340,FALSE,10340,FALSE,0,FALSE,564606.947,,564606.947,0,FALSE,TRUE,
C,A,20230101,2023,52,2023,276,DEU,Germany,M,Import,56,BEL,Belgium,0,W00,World,H6,HS,TRUE,282570,Molybdenum oxides and hydroxides,Molybdenum,6,TRUE,C00,TOTAL CPC,0,0,TOTAL MOT,8,kg,40018.821,TRUE,-1,N/A,0,FALSE,40018.821,TRUE,0,FALSE,1431071.447,,1431071.447,6,FALSE,TRUE,
C,A,20230101,2023,52,2023,276,DEU,Germany,M,Import,152,CHL,Chile,0,W00,World,H6,HS,TRUE,282570,Molybdenum oxides and hydroxides,Molybdenum,6,TRUE,C00,TOTAL CPC,0,0,TOTAL MOT,8,kg,1461760,FALSE,8,kg,1461760,FALSE,1461760,FALSE,0,FALSE,57376865.1,,57376865.1,0,FALSE,TRUE,
C,A,20230101,2023,52,2023,276,DEU,Germany,M,Import,156,CHN,China,0,W00,World,H6,HS,TRUE,282570,Molybdenum oxides and hydroxides,Molybdenum,6,TRUE,C00,TOTAL CPC,0,0,TOTAL MOT,8,kg,120037.672,TRUE,-1,N/A,0,FALSE,120037.672,TRUE,0,FALSE,4937543.317,,4937543.317,6,FALSE,TRUE,
C,A,20230101,2023,52,2023,276,DEU,Germany,M,Import,251,FRA,France,0,W00,World,H6,HS,TRUE,282570,Molybdenum oxides and hydroxides,Molybdenum,6,TRUE,C00,TOTAL CPC,0,0,TOTAL MOT,8,kg,7600,FALSE,8,kg,7600,FALSE,7600,FALSE,0,FALSE,151476.11,,151476.11,0,FALSE,TRUE,
C,A,20230101,2023,52,2023,276,DEU,Germany,M,Import,380,ITA,Italy,0,W00,World,H6,HS,TRUE,282570,Molybdenum oxides and hydroxides,Molybdenum,6,TRUE,C00,TOTAL CPC,0,0,TOTAL MOT,8,kg,200,FALSE,8,kg,200,FALSE,200,FALSE,0,FALSE,8417.157,,8417.157,0,FALSE,TRUE,
C,A,20230101,2023,52,2023,276,DEU,Germany,M,Import,442,LUX,Luxembourg,0,W00,World,H6,HS,TRUE,282570,Molybdenum oxides and hydroxides,Molybdenum,6,TRUE,C00,TOTAL CPC,0,0,TOTAL MOT,8,kg,36000,FALSE,8,kg,36000,FALSE,36000,FALSE,0,FALSE,1437551.131,,1437551.131,0,FALSE,TRUE,
C,A,20230101,2023,52,2023,276,DEU,Germany,M,Import,528,NLD,Netherlands,0,W00,World,H6,HS,TRUE,282570,Molybdenum oxides and hydroxides,Molybdenum,6,TRUE,C00,TOTAL CPC,0,0,TOTAL MOT,8,kg,5000,FALSE,8,kg,5000,FALSE,5000,FALSE,0,FALSE,215064.893,,215064.893,0,FALSE,TRUE,
C,A,20230101,2023,52,2023,276,DEU,Germany,M,Import,699,IND,India,0,W00,World,H6,HS,TRUE,282570,Molybdenum oxides and hydroxides,Molybdenum,6,TRUE,C00,TOTAL CPC,0,0,TOTAL MOT,8,kg,25,FALSE,8,kg,25,FALSE,25,FALSE,0,FALSE,3346.147,,3346.147,0,FALSE,TRUE,
C,A,20230101,2023,52,2023,276,DEU,Germany,M,Import,724,ESP,Spain,0,W00,World,H6,HS,TRUE,282570,Molybdenum oxides and hydroxides,Molybdenum,6,TRUE,C00,TOTAL CPC,0,0,TOTAL MOT,8,kg,200,FALSE,8,kg,200,FALSE,200,FALSE,0,FALSE,9376.625,,9376.625,0,FALSE,TRUE,
C,A,20230101,2023,52,2023,276,DEU,Germany,M,Import,842,USA,USA,0,W00,World,H6,HS,TRUE,282570,Molybdenum oxides and hydroxides,Molybdenum,6,TRUE,C00,TOTAL CPC,0,0,TOTAL MOT,8,kg,33671.122,TRUE,-1,N/A,0,FALSE,33671.122,TRUE,0,FALSE,1533839.259,,1533839.259,6,FALSE,TRUE,
C,A,20230101,2023,52,2023,276,DEU,Germany,M,Import,0,W00,World,0,W00,World,H6,HS,TRUE,282580,Antimony oxides,Antimony,6,TRUE,C00,TOTAL CPC,0,0,TOTAL MOT,8,kg,3709789.791,TRUE,-1,N/A,0,FALSE,3709789.791,TRUE,0,FALSE,41591077.74,,41591077.74,6,FALSE,TRUE,
C,A,20230101,2023,52,2023,276,DEU,Germany,M,Import,56,BEL,Belgium,0,W00,World,H6,HS,TRUE,282580,Antimony oxides,Antimony,6,TRUE,C00,TOTAL CPC,0,0,TOTAL MOT,8,kg,1192230,FALSE,8,kg,1192230,FALSE,1192230,FALSE,0,FALSE,13484134.42,,13484134.42,0,FALSE,TRUE,
C,A,20230101,2023,52,2023,276,DEU,Germany,M,Import,156,CHN,China,0,W00,World,H6,HS,TRUE,282580,Antimony oxides,Antimony,6,TRUE,C00,TOTAL CPC,0,0,TOTAL MOT,8,kg,475306.097,TRUE,-1,N/A,0,FALSE,475306.097,TRUE,0,FALSE,5110076.492,,5110076.492,6,FALSE,TRUE,
C,A,20230101,2023,52,2023,276,DEU,Germany,M,Import,203,CZE,Czechia,0,W00,World,H6,HS,TRUE,282580,Antimony oxides,Antimony,6,TRUE,C00,TOTAL CPC,0,0,TOTAL MOT,8,kg,1000,FALSE,8,kg,1000,FALSE,1000,FALSE,0,FALSE,16136.518,,16136.518,0,FALSE,TRUE,
C,A,20230101,2023,52,2023,276,DEU,Germany,M,Import,251,FRA,France,0,W00,World,H6,HS,TRUE,282580,Antimony oxides,Antimony,6,TRUE,C00,TOTAL CPC,0,0,TOTAL MOT,8,kg,1710480,FALSE,8,kg,1710480,FALSE,1710480,FALSE,0,FALSE,19088159.54,,19088159.54,0,FALSE,TRUE,
C,A,20230101,2023,52,2023,276,DEU,Germany,M,Import,380,ITA,Italy,0,W00,World,H6,HS,TRUE,282580,Antimony oxides,Antimony,6,TRUE,C00,TOTAL CPC,0,0,TOTAL MOT,8,kg,13467,FALSE,8,kg,13467,FALSE,13467,FALSE,0,FALSE,168857.756,,168857.756,0,FALSE,TRUE,
C,A,20230101,2023,52,2023,276,DEU,Germany,M,Import,392,JPN,Japan,0,W00,World,H6,HS,TRUE,282580,Antimony oxides,Antimony,6,TRUE,C00,TOTAL CPC,0,0,TOTAL MOT,8,kg,74.649,TRUE,-1,N/A,0,FALSE,74.649,TRUE,0,FALSE,6232.185,,6232.185,6,FALSE,TRUE,
C,A,20230101,2023,52,2023,276,DEU,Germany,M,Import,410,KOR,South Korea,0,W00,World,H6,HS,TRUE,282580,Antimony oxides,Antimony,6,TRUE,C00,TOTAL CPC,0,0,TOTAL MOT,8,kg,212978,FALSE,8,kg,212978,FALSE,212978,FALSE,0,FALSE,2348323.456,,2348323.456,0,FALSE,TRUE,
C,A,20230101,2023,52,2023,276,DEU,Germany,M,Import,528,NLD,Netherlands,0,W00,World,H6,HS,TRUE,282580,Antimony oxides,Antimony,6,TRUE,C00,TOTAL CPC,0,0,TOTAL MOT,8,kg,3000,FALSE,8,kg,3000,FALSE,3000,FALSE,0,FALSE,104698.743,,104698.743,0,FALSE,TRUE,
C,A,20230101,2023,52,2023,276,DEU,Germany,M,Import,724,ESP,Spain,0,W00,World,H6,HS,TRUE,282580,Antimony oxides,Antimony,6,TRUE,C00,TOTAL CPC,0,0,TOTAL MOT,8,kg,7125,FALSE,8,kg,7125,FALSE,7125,FALSE,0,FALSE,81688.941,,81688.941,0,FALSE,TRUE,
C,A,20230101,2023,52,2023,276,DEU,Germany,M,Import,826,GBR,United Kingdom,0,W00,World,H6,HS,TRUE,282580,Antimony oxides,Antimony,6,TRUE,C00,TOTAL CPC,0,0,TOTAL MOT,8,kg,10743.987,TRUE,-1,N/A,0,FALSE,10743.987,TRUE,0,FALSE,116218.909,,116218.909,6,FALSE,TRUE,
C,A,20230101,2023,52,2023,276,DEU,Germany,M,Import,842,USA,USA,0,W00,World,H6,HS,TRUE,282580,Antimony oxides,Antimony,6,TRUE,C00,TOTAL CPC,0,0,TOTAL MOT,8,kg,83385.057,TRUE,-1,N/A,0,FALSE,83385.057,TRUE,0,FALSE,1066550.779,,1066550.779,6,FALSE,TRUE,
C,A,20230101,2023,52,2023,276,DEU,Germany,M,Import,0,W00,World,0,W00,World,H6,HS,TRUE,283691,Carbonates,Lithium,6,TRUE,C00,TOTAL CPC,0,0,TOTAL MOT,8,kg,2916898.219,TRUE,-1,N/A,0,FALSE,2916898.219,TRUE,0,FALSE,65930959.69,,65930959.69,6,FALSE,TRUE,
C,A,20230101,2023,52,2023,276,DEU,Germany,M,Import,32,ARG,Argentina,0,W00,World,H6,HS,TRUE,283691,Carbonates,Lithium,6,TRUE,C00,TOTAL CPC,0,0,TOTAL MOT,8,kg,38398,FALSE,8,kg,38398,FALSE,38398,FALSE,0,FALSE,1281463.03,,1281463.03,0,FALSE,TRUE,
C,A,20230101,2023,52,2023,276,DEU,Germany,M,Import,36,AUS,Australia,0,W00,World,H6,HS,TRUE,283691,Carbonates,Lithium,6,TRUE,C00,TOTAL CPC,0,0,TOTAL MOT,8,kg,1224,FALSE,8,kg,1224,FALSE,1224,FALSE,0,FALSE,71208.927,,71208.927,0,FALSE,TRUE,
C,A,20230101,2023,52,2023,276,DEU,Germany,M,Import,40,AUT,Austria,0,W00,World,H6,HS,TRUE,283691,Carbonates,Lithium,6,TRUE,C00,TOTAL CPC,0,0,TOTAL MOT,8,kg,62.675,TRUE,-1,N/A,0,FALSE,62.675,TRUE,0,FALSE,1706.328,,1706.328,6,FALSE,TRUE,
C,A,20230101,2023,52,2023,276,DEU,Germany,M,Import,56,BEL,Belgium,0,W00,World,H6,HS,TRUE,283691,Carbonates,Lithium,6,TRUE,C00,TOTAL CPC,0,0,TOTAL MOT,8,kg,107031.185,TRUE,-1,N/A,0,FALSE,107031.185,TRUE,0,FALSE,3201983.411,,3201983.411,6,FALSE,TRUE,
C,A,20230101,2023,52,2023,276,DEU,Germany,M,Import,76,BRA,Brazil,0,W00,World,H6,HS,TRUE,283691,Carbonates,Lithium,6,TRUE,C00,TOTAL CPC,0,0,TOTAL MOT,8,kg,14000,FALSE,8,kg,14000,FALSE,14000,FALSE,0,FALSE,838465.461,,838465.461,0,FALSE,TRUE,
C,A,20230101,2023,52,2023,276,DEU,Germany,M,Import,152,CHL,Chile,0,W00,World,H6,HS,TRUE,283691,Carbonates,Lithium,6,TRUE,C00,TOTAL CPC,0,0,TOTAL MOT,8,kg,2360943.965,TRUE,-1,N/A,0,FALSE,2360943.965,TRUE,0,FALSE,48436916.94,,48436916.94,6,FALSE,TRUE,
C,A,20230101,2023,52,2023,276,DEU,Germany,M,Import,156,CHN,China,0,W00,World,H6,HS,TRUE,283691,Carbonates,Lithium,6,TRUE,C00,TOTAL CPC,0,0,TOTAL MOT,8,kg,4186.786,TRUE,-1,N/A,0,FALSE,4186.786,TRUE,0,FALSE,91536.578,,91536.578,6,FALSE,TRUE,
C,A,20230101,2023,52,2023,276,DEU,Germany,M,Import,251,FRA,France,0,W00,World,H6,HS,TRUE,283691,Carbonates,Lithium,6,TRUE,C00,TOTAL CPC,0,0,TOTAL MOT,8,kg,124950,FALSE,8,kg,124950,FALSE,124950,FALSE,0,FALSE,5746599.974,,5746599.974,0,FALSE,TRUE,
C,A,20230101,2023,52,2023,276,DEU,Germany,M,Import,380,ITA,Italy,0,W00,World,H6,HS,TRUE,283691,Carbonates,Lithium,6,TRUE,C00,TOTAL CPC,0,0,TOTAL MOT,8,kg,14701,FALSE,8,kg,14701,FALSE,14701,FALSE,0,FALSE,329708.311,,329708.311,0,FALSE,TRUE,
C,A,20230101,2023,52,2023,276,DEU,Germany,M,Import,410,KOR,South Korea,0,W00,World,H6,HS,TRUE,283691,Carbonates,Lithium,6,TRUE,C00,TOTAL CPC,0,0,TOTAL MOT,8,kg,315,FALSE,8,kg,315,FALSE,315,FALSE,0,FALSE,4308.886,,4308.886,0,FALSE,TRUE,
C,A,20230101,2023,52,2023,276,DEU,Germany,M,Import,528,NLD,Netherlands,0,W00,World,H6,HS,TRUE,283691,Carbonates,Lithium,6,TRUE,C00,TOTAL CPC,0,0,TOTAL MOT,8,kg,114712.737,TRUE,-1,N/A,0,FALSE,114712.737,TRUE,0,FALSE,1839217.408,,1839217.408,6,FALSE,TRUE,
C,A,20230101,2023,52,2023,276,DEU,Germany,M,Import,699,IND,India,0,W00,World,H6,HS,TRUE,283691,Carbonates,Lithium,6,TRUE,C00,TOTAL CPC,0,0,TOTAL MOT,8,kg,1879.605,TRUE,-1,N/A,0,FALSE,1879.605,TRUE,0,FALSE,20303.665,,20303.665,6,FALSE,TRUE,
C,A,20230101,2023,52,2023,276,DEU,Germany,M,Import,724,ESP,Spain,0,W00,World,H6,HS,TRUE,283691,Carbonates,Lithium,6,TRUE,C00,TOTAL CPC,0,0,TOTAL MOT,8,kg,2975,FALSE,8,kg,2975,FALSE,2975,FALSE,0,FALSE,68398.12,,68398.12,0,FALSE,TRUE,
C,A,20230101,2023,52,2023,276,DEU,Germany,M,Import,757,CHE,Switzerland,0,W00,World,H6,HS,TRUE,283691,Carbonates,Lithium,6,TRUE,C00,TOTAL CPC,0,0,TOTAL MOT,8,kg,370,FALSE,8,kg,370,FALSE,370,FALSE,0,FALSE,3581.653,,3581.653,0,FALSE,TRUE,
C,A,20230101,2023,52,2023,276,DEU,Germany,M,Import,826,GBR,United Kingdom,0,W00,World,H6,HS,TRUE,283691,Carbonates,Lithium,6,TRUE,C00,TOTAL CPC,0,0,TOTAL MOT,8,kg,125647.399,TRUE,-1,N/A,0,FALSE,125647.399,TRUE,0,FALSE,3815706.429,,3815706.429,6,FALSE,TRUE,
C,A,20230101,2023,52,2023,276,DEU,Germany,M,Import,842,USA,USA,0,W00,World,H6,HS,TRUE,283691,Carbonates,Lithium,6,TRUE,C00,TOTAL CPC,0,0,TOTAL MOT,8,kg,5500.867,TRUE,-1,N/A,0,FALSE,5500.867,TRUE,0,FALSE,179854.575,,179854.575,6,FALSE,TRUE,
C,A,20230101,2023,52,2023,276,DEU,Germany,M,Import,0,W00,World,0,W00,World,H6,HS,TRUE,283692,Carbonates,Strontium,6,TRUE,C00,TOTAL CPC,0,0,TOTAL MOT,8,kg,46119.757,TRUE,-1,N/A,0,FALSE,46119.757,TRUE,0,FALSE,261298.197,,261298.197,6,FALSE,TRUE,
C,A,20230101,2023,52,2023,276,DEU,Germany,M,Import,156,CHN,China,0,W00,World,H6,HS,TRUE,283692,Carbonates,Strontium,6,TRUE,C00,TOTAL CPC,0,0,TOTAL MOT,8,kg,151.093,TRUE,-1,N/A,0,FALSE,151.093,TRUE,0,FALSE,2456.458,,2456.458,6,FALSE,TRUE,
C,A,20230101,2023,52,2023,276,DEU,Germany,M,Import,251,FRA,France,0,W00,World,H6,HS,TRUE,283692,Carbonates,Strontium,6,TRUE,C00,TOTAL CPC,0,0,TOTAL MOT,8,kg,31005,FALSE,8,kg,31005,FALSE,31005,FALSE,0,FALSE,24906.933,,24906.933,0,FALSE,TRUE,
C,A,20230101,2023,52,2023,276,DEU,Germany,M,Import,380,ITA,Italy,0,W00,World,H6,HS,TRUE,283692,Carbonates,Strontium,6,TRUE,C00,TOTAL CPC,0,0,TOTAL MOT,8,kg,13612.894,TRUE,-1,N/A,0,FALSE,13612.894,TRUE,0,FALSE,168399.828,,168399.828,6,FALSE,TRUE,
C,A,20230101,2023,52,2023,276,DEU,Germany,M,Import,699,IND,India,0,W00,World,H6,HS,TRUE,283692,Carbonates,Strontium,6,TRUE,C00,TOTAL CPC,0,0,TOTAL MOT,8,kg,104,FALSE,8,kg,104,FALSE,104,FALSE,0,FALSE,32500.909,,32500.909,0,FALSE,TRUE,
C,A,20230101,2023,52,2023,276,DEU,Germany,M,Import,757,CHE,Switzerland,0,W00,World,H6,HS,TRUE,283692,Carbonates,Strontium,6,TRUE,C00,TOTAL CPC,0,0,TOTAL MOT,8,kg,631,FALSE,8,kg,631,FALSE,631,FALSE,0,FALSE,8419.337,,8419.337,0,FALSE,TRUE,
C,A,20230101,2023,52,2023,276,DEU,Germany,M,Import,842,USA,USA,0,W00,World,H6,HS,TRUE,283692,Carbonates,Strontium,6,TRUE,C00,TOTAL CPC,0,0,TOTAL MOT,8,kg,615.771,TRUE,-1,N/A,0,FALSE,615.771,TRUE,0,FALSE,24614.732,,24614.732,6,FALSE,TRUE,
C,A,20230101,2023,52,2023,276,DEU,Germany,M,Import,0,W00,World,0,W00,World,H6,HS,TRUE,284321,Silver compounds,Silver,6,TRUE,C00,TOTAL CPC,0,0,TOTAL MOT,8,kg,77700.608,TRUE,-1,N/A,0,FALSE,77700.608,TRUE,0,FALSE,27066697.24,,27066697.24,6,FALSE,TRUE,
C,A,20230101,2023,52,2023,276,DEU,Germany,M,Import,40,AUT,Austria,0,W00,World,H6,HS,TRUE,284321,Silver compounds,Silver,6,TRUE,C00,TOTAL CPC,0,0,TOTAL MOT,8,kg,163.833,TRUE,-1,N/A,0,FALSE,163.833,TRUE,0,FALSE,30282.138,,30282.138,6,FALSE,TRUE,
C,A,20230101,2023,52,2023,276,DEU,Germany,M,Import,56,BEL,Belgium,0,W00,World,H6,HS,TRUE,284321,Silver compounds,Silver,6,TRUE,C00,TOTAL CPC,0,0,TOTAL MOT,8,kg,1799.33,TRUE,-1,N/A,0,FALSE,1799.33,TRUE,0,FALSE,152623.111,,152623.111,6,FALSE,TRUE,
C,A,20230101,2023,52,2023,276,DEU,Germany,M,Import,100,BGR,Bulgaria,0,W00,World,H6,HS,TRUE,284321,Silver compounds,Silver,6,TRUE,C00,TOTAL CPC,0,0,TOTAL MOT,8,kg,200.332,TRUE,-1,N/A,0,FALSE,200.332,TRUE,0,FALSE,99115.29,,99115.29,6,FALSE,TRUE,
C,A,20230101,2023,52,2023,276,DEU,Germany,M,Import,203,CZE,Czechia,0,W00,World,H6,HS,TRUE,284321,Silver compounds,Silver,6,TRUE,C00,TOTAL CPC,0,0,TOTAL MOT,8,kg,3748,FALSE,8,kg,3748,FALSE,3748,FALSE,0,FALSE,1902528.163,,1902528.163,0,FALSE,TRUE,
C,A,20230101,2023,52,2023,276,DEU,Germany,M,Import,251,FRA,France,0,W00,World,H6,HS,TRUE,284321,Silver compounds,Silver,6,TRUE,C00,TOTAL CPC,0,0,TOTAL MOT,8,kg,3665.872,TRUE,-1,N/A,0,FALSE,3665.872,TRUE,0,FALSE,278786.694,,278786.694,6,FALSE,TRUE,
C,A,20230101,2023,52,2023,276,DEU,Germany,M,Import,372,IRL,Ireland,0,W00,World,H6,HS,TRUE,284321,Silver compounds,Silver,6,TRUE,C00,TOTAL CPC,0,0,TOTAL MOT,8,kg,53,FALSE,8,kg,53,FALSE,53,FALSE,0,FALSE,6089.355,,6089.355,0,FALSE,TRUE,
C,A,20230101,2023,52,2023,276,DEU,Germany,M,Import,380,ITA,Italy,0,W00,World,H6,HS,TRUE,284321,Silver compounds,Silver,6,TRUE,C00,TOTAL CPC,0,0,TOTAL MOT,8,kg,8,FALSE,8,kg,8,FALSE,8,FALSE,0,FALSE,1226.593,,1226.593,0,FALSE,TRUE,
C,A,20230101,2023,52,2023,276,DEU,Germany,M,Import,392,JPN,Japan,0,W00,World,H6,HS,TRUE,284321,Silver compounds,Silver,6,TRUE,C00,TOTAL CPC,0,0,TOTAL MOT,8,kg,2,FALSE,8,kg,2,FALSE,2,FALSE,0,FALSE,1178.62,,1178.62,0,FALSE,TRUE,
C,A,20230101,2023,52,2023,276,DEU,Germany,M,Import,528,NLD,Netherlands,0,W00,World,H6,HS,TRUE,284321,Silver compounds,Silver,6,TRUE,C00,TOTAL CPC,0,0,TOTAL MOT,8,kg,646.57,TRUE,-1,N/A,0,FALSE,646.57,TRUE,0,FALSE,287925.632,,287925.632,6,FALSE,TRUE,
C,A,20230101,2023,52,2023,276,DEU,Germany,M,Import,616,POL,Poland,0,W00,World,H6,HS,TRUE,284321,Silver compounds,Silver,6,TRUE,C00,TOTAL CPC,0,0,TOTAL MOT,8,kg,57.808,TRUE,-1,N/A,0,FALSE,57.808,TRUE,0,FALSE,29244.168,,29244.168,6,FALSE,TRUE,
C,A,20230101,2023,52,2023,276,DEU,Germany,M,Import,705,SVN,Slovenia,0,W00,World,H6,HS,TRUE,284321,Silver compounds,Silver,6,TRUE,C00,TOTAL CPC,0,0,TOTAL MOT,8,kg,175,FALSE,8,kg,175,FALSE,175,FALSE,0,FALSE,21005.821,,21005.821,0,FALSE,TRUE,
C,A,20230101,2023,52,2023,276,DEU,Germany,M,Import,724,ESP,Spain,0,W00,World,H6,HS,TRUE,284321,Silver compounds,Silver,6,TRUE,C00,TOTAL CPC,0,0,TOTAL MOT,8,kg,152,FALSE,8,kg,152,FALSE,152,FALSE,0,FALSE,24078.301,,24078.301,0,FALSE,TRUE,
C,A,20230101,2023,52,2023,276,DEU,Germany,M,Import,757,CHE,Switzerland,0,W00,World,H6,HS,TRUE,284321,Silver compounds,Silver,6,TRUE,C00,TOTAL CPC,0,0,TOTAL MOT,8,kg,482,FALSE,8,kg,482,FALSE,482,FALSE,0,FALSE,173858.986,,173858.986,0,FALSE,TRUE,
C,A,20230101,2023,52,2023,276,DEU,Germany,M,Import,784,ARE,United Arab Emirates,0,W00,World,H6,HS,TRUE,284321,Silver compounds,Silver,6,TRUE,C00,TOTAL CPC,0,0,TOTAL MOT,8,kg,7,FALSE,8,kg,7,FALSE,7,FALSE,0,FALSE,3395.211,,3395.211,0,FALSE,TRUE,
C,A,20230101,2023,52,2023,276,DEU,Germany,M,Import,807,MKD,North Macedonia,0,W00,World,H6,HS,TRUE,284321,Silver compounds,Silver,6,TRUE,C00,TOTAL CPC,0,0,TOTAL MOT,8,kg,1643,FALSE,8,kg,1643,FALSE,1643,FALSE,0,FALSE,1001149.909,,1001149.909,0,FALSE,TRUE,
C,A,20230101,2023,52,2023,276,DEU,Germany,M,Import,826,GBR,United Kingdom,0,W00,World,H6,HS,TRUE,284321,Silver compounds,Silver,6,TRUE,C00,TOTAL CPC,0,0,TOTAL MOT,8,kg,64623.969,TRUE,-1,N/A,0,FALSE,64623.969,TRUE,0,FALSE,22912807.56,,22912807.56,6,FALSE,TRUE,
C,A,20230101,2023,52,2023,276,DEU,Germany,M,Import,842,USA,USA,0,W00,World,H6,HS,TRUE,284321,Silver compounds,Silver,6,TRUE,C00,TOTAL CPC,0,0,TOTAL MOT,8,kg,272.895,TRUE,-1,N/A,0,FALSE,272.895,TRUE,0,FALSE,141401.689,,141401.689,6,FALSE,TRUE,
C,A,20230101,2023,52,2023,276,DEU,Germany,M,Import,0,W00,World,0,W00,World,H6,HS,TRUE,284420,"Uranium; enriched in U235, plutonium, their compounds, alloys dispersions (including cermets), ceramic products and mixtures containing uranium enriched in U235, plutonium or compounds of these products",Uranium,6,TRUE,C00,TOTAL CPC,0,0,TOTAL MOT,8,kg,175342.498,TRUE,38,gi F/S,7186633,FALSE,175342.498,TRUE,0,FALSE,338541643.3,,338541643.3,6,FALSE,TRUE,
C,A,20230101,2023,52,2023,276,DEU,Germany,M,Import,36,AUS,Australia,0,W00,World,H6,HS,TRUE,284420,"Uranium; enriched in U235, plutonium, their compounds, alloys dispersions (including cermets), ceramic products and mixtures containing uranium enriched in U235, plutonium or compounds of these products",Uranium,6,TRUE,C00,TOTAL CPC,0,0,TOTAL MOT,8,kg,27141,FALSE,38,gi F/S,1253870,FALSE,27141,FALSE,0,FALSE,94685349.17,,94685349.17,0,FALSE,TRUE,
C,A,20230101,2023,52,2023,276,DEU,Germany,M,Import,124,CAN,Canada,0,W00,World,H6,HS,TRUE,284420,"Uranium; enriched in U235, plutonium, their compounds, alloys dispersions (including cermets), ceramic products and mixtures containing uranium enriched in U235, plutonium or compounds of these products",Uranium,6,TRUE,C00,TOTAL CPC,0,0,TOTAL MOT,8,kg,6341,FALSE,38,gi F/S,85523,FALSE,6341,FALSE,0,FALSE,4429174.315,,4429174.315,0,FALSE,TRUE,
C,A,20230101,2023,52,2023,276,DEU,Germany,M,Import,156,CHN,China,0,W00,World,H6,HS,TRUE,284420,"Uranium; enriched in U235, plutonium, their compounds, alloys dispersions (including cermets), ceramic products and mixtures containing uranium enriched in U235, plutonium or compounds of these products",Uranium,6,TRUE,C00,TOTAL CPC,0,0,TOTAL MOT,8,kg,12024,FALSE,38,gi F/S,531000,FALSE,12024,FALSE,0,FALSE,31272397.14,,31272397.14,0,FALSE,TRUE,
C,A,20230101,2023,52,2023,276,DEU,Germany,M,Import,251,FRA,France,0,W00,World,H6,HS,TRUE,284420,"Uranium; enriched in U235, plutonium, their compounds, alloys dispersions (including cermets), ceramic products and mixtures containing uranium enriched in U235, plutonium or compounds of these products",Uranium,6,TRUE,C00,TOTAL CPC,0,0,TOTAL MOT,8,kg,58009,FALSE,38,gi F/S,2410960,FALSE,58009,FALSE,0,FALSE,125310807.1,,125310807.1,0,FALSE,TRUE,
C,A,20230101,2023,52,2023,276,DEU,Germany,M,Import,528,NLD,Netherlands,0,W00,World,H6,HS,TRUE,284420,"Uranium; enriched in U235, plutonium, their compounds, alloys dispersions (including cermets), ceramic products and mixtures containing uranium enriched in U235, plutonium or compounds of these products",Uranium,6,TRUE,C00,TOTAL CPC,0,0,TOTAL MOT,8,kg,37682,FALSE,38,gi F/S,1449070,FALSE,37682,FALSE,0,FALSE,38662961.57,,38662961.57,0,FALSE,TRUE,
C,A,20230101,2023,52,2023,276,DEU,Germany,M,Import,643,RUS,Russia,0,W00,World,H6,HS,TRUE,284420,"Uranium; enriched in U235, plutonium, their compounds, alloys dispersions (including cermets), ceramic products and mixtures containing uranium enriched in U235, plutonium or compounds of these products",Uranium,6,TRUE,C00,TOTAL CPC,0,0,TOTAL MOT,8,kg,29541,FALSE,38,gi F/S,1309310,FALSE,29541,FALSE,0,FALSE,36578151.81,,36578151.81,0,FALSE,TRUE,
C,A,20230101,2023,52,2023,276,DEU,Germany,M,Import,826,GBR,United Kingdom,0,W00,World,H6,HS,TRUE,284420,"Uranium; enriched in U235, plutonium, their compounds, alloys dispersions (including cermets), ceramic products and mixtures containing uranium enriched in U235, plutonium or compounds of these products",Uranium,6,TRUE,C00,TOTAL CPC,0,0,TOTAL MOT,8,kg,4561,FALSE,38,gi F/S,145843,FALSE,4561,FALSE,0,FALSE,7569326.515,,7569326.515,0,FALSE,TRUE,
C,A,20230101,2023,52,2023,276,DEU,Germany,M,Import,842,USA,USA,0,W00,World,H6,HS,TRUE,284420,"Uranium; enriched in U235, plutonium, their compounds, alloys dispersions (including cermets), ceramic products and mixtures containing uranium enriched in U235, plutonium or compounds of these products",Uranium,6,TRUE,C00,TOTAL CPC,0,0,TOTAL MOT,8,kg,43.498,TRUE,38,gi F/S,1057,FALSE,43.498,TRUE,0,FALSE,33475.642,,33475.642,6,FALSE,TRUE,
C,A,20230101,2023,52,2023,276,DEU,Germany,M,Import,0,W00,World,0,W00,World,H6,HS,TRUE,710610,Metals,Silver,6,TRUE,C00,TOTAL CPC,0,0,TOTAL MOT,8,kg,86411.252,FALSE,8,kg,86411.252,FALSE,86411.666,FALSE,0,FALSE,62220463.36,,62220463.36,0,FALSE,TRUE,
C,A,20230101,2023,52,2023,276,DEU,Germany,M,Import,40,AUT,Austria,0,W00,World,H6,HS,TRUE,710610,Metals,Silver,6,TRUE,C00,TOTAL CPC,0,0,TOTAL MOT,8,kg,36156,FALSE,8,kg,36156,FALSE,36156,FALSE,0,FALSE,26703146.95,,26703146.95,0,FALSE,TRUE,
C,A,20230101,2023,52,2023,276,DEU,Germany,M,Import,56,BEL,Belgium,0,W00,World,H6,HS,TRUE,710610,Metals,Silver,6,TRUE,C00,TOTAL CPC,0,0,TOTAL MOT,8,kg,3,FALSE,8,kg,3,FALSE,3,FALSE,0,FALSE,10794.022,,10794.022,0,FALSE,TRUE,
C,A,20230101,2023,52,2023,276,DEU,Germany,M,Import,76,BRA,Brazil,0,W00,World,H6,HS,TRUE,710610,Metals,Silver,6,TRUE,C00,TOTAL CPC,0,0,TOTAL MOT,8,kg,10,FALSE,8,kg,10,FALSE,10,FALSE,0,FALSE,7857.83,,7857.83,0,FALSE,TRUE,
C,A,20230101,2023,52,2023,276,DEU,Germany,M,Import,124,CAN,Canada,0,W00,World,H6,HS,TRUE,710610,Metals,Silver,6,TRUE,C00,TOTAL CPC,0,0,TOTAL MOT,8,kg,3877.6,FALSE,8,kg,3877.6,FALSE,3877.3,FALSE,0,FALSE,2253532.316,,2253532.316,0,FALSE,TRUE,
C,A,20230101,2023,52,2023,276,DEU,Germany,M,Import,156,CHN,China,0,W00,World,H6,HS,TRUE,710610,Metals,Silver,6,TRUE,C00,TOTAL CPC,0,0,TOTAL MOT,8,kg,30.212,FALSE,8,kg,30.212,FALSE,30.911,FALSE,0,FALSE,30544.902,,30544.902,0,FALSE,TRUE,
C,A,20230101,2023,52,2023,276,DEU,Germany,M,Import,203,CZE,Czechia,0,W00,World,H6,HS,TRUE,710610,Metals,Silver,6,TRUE,C00,TOTAL CPC,0,0,TOTAL MOT,8,kg,132,FALSE,8,kg,132,FALSE,132,FALSE,0,FALSE,108764.492,,108764.492,0,FALSE,TRUE,
C,A,20230101,2023,52,2023,276,DEU,Germany,M,Import,208,DNK,Denmark,0,W00,World,H6,HS,TRUE,710610,Metals,Silver,6,TRUE,C00,TOTAL CPC,0,0,TOTAL MOT,8,kg,0.4,FALSE,8,kg,0.4,FALSE,0.4,FALSE,0,FALSE,1831.713,,1831.713,0,FALSE,TRUE,
C,A,20230101,2023,52,2023,276,DEU,Germany,M,Import,251,FRA,France,0,W00,World,H6,HS,TRUE,710610,Metals,Silver,6,TRUE,C00,TOTAL CPC,0,0,TOTAL MOT,8,kg,230.975,FALSE,8,kg,230.975,FALSE,231.1,FALSE,0,FALSE,136026.484,,136026.484,0,FALSE,TRUE,
C,A,20230101,2023,52,2023,276,DEU,Germany,M,Import,380,ITA,Italy,0,W00,World,H6,HS,TRUE,710610,Metals,Silver,6,TRUE,C00,TOTAL CPC,0,0,TOTAL MOT,8,kg,696.462,FALSE,8,kg,696.462,FALSE,696.273,FALSE,0,FALSE,119028.625,,119028.625,0,FALSE,TRUE,
C,A,20230101,2023,52,2023,276,DEU,Germany,M,Import,392,JPN,Japan,0,W00,World,H6,HS,TRUE,710610,Metals,Silver,6,TRUE,C00,TOTAL CPC,0,0,TOTAL MOT,8,kg,798.46,FALSE,8,kg,798.46,FALSE,798,FALSE,0,FALSE,201070.825,,201070.825,0,FALSE,TRUE,
C,A,20230101,2023,52,2023,276,DEU,Germany,M,Import,410,KOR,South Korea,0,W00,World,H6,HS,TRUE,710610,Metals,Silver,6,TRUE,C00,TOTAL CPC,0,0,TOTAL MOT,8,kg,251.342,FALSE,8,kg,251.342,FALSE,252,FALSE,0,FALSE,257877.91,,257877.91,0,FALSE,TRUE,
C,A,20230101,2023,52,2023,276,DEU,Germany,M,Import,490,S19,"Other Asia, nes",0,W00,World,H6,HS,TRUE,710610,Metals,Silver,6,TRUE,C00,TOTAL CPC,0,0,TOTAL MOT,8,kg,22.38,FALSE,8,kg,22.38,FALSE,22,FALSE,0,FALSE,9870.534,,9870.534,0,FALSE,TRUE,
C,A,20230101,2023,52,2023,276,DEU,Germany,M,Import,579,NOR,Norway,0,W00,World,H6,HS,TRUE,710610,Metals,Silver,6,TRUE,C00,TOTAL CPC,0,0,TOTAL MOT,8,kg,2.5,FALSE,8,kg,2.5,FALSE,3,FALSE,0,FALSE,6563.638,,6563.638,0,FALSE,TRUE,
C,A,20230101,2023,52,2023,276,DEU,Germany,M,Import,642,ROU,Romania,0,W00,World,H6,HS,TRUE,710610,Metals,Silver,6,TRUE,C00,TOTAL CPC,0,0,TOTAL MOT,8,kg,8007.25,FALSE,8,kg,8007.25,FALSE,8007,FALSE,0,FALSE,631091.581,,631091.581,0,FALSE,TRUE,
C,A,20230101,2023,52,2023,276,DEU,Germany,M,Import,702,SGP,Singapore,0,W00,World,H6,HS,TRUE,710610,Metals,Silver,6,TRUE,C00,TOTAL CPC,0,0,TOTAL MOT,8,kg,689.872,FALSE,8,kg,689.872,FALSE,690,FALSE,0,FALSE,1259172.829,,1259172.829,0,FALSE,TRUE,
C,A,20230101,2023,52,2023,276,DEU,Germany,M,Import,757,CHE,Switzerland,0,W00,World,H6,HS,TRUE,710610,Metals,Silver,6,TRUE,C00,TOTAL CPC,0,0,TOTAL MOT,8,kg,1718.997,FALSE,8,kg,1718.997,FALSE,1717.955,FALSE,0,FALSE,1495288.246,,1495288.246,0,FALSE,TRUE,
C,A,20230101,2023,52,2023,276,DEU,Germany,M,Import,792,TUR,Turkey,0,W00,World,H6,HS,TRUE,710610,Metals,Silver,6,TRUE,C00,TOTAL CPC,0,0,TOTAL MOT,8,kg,2.314,FALSE,8,kg,2.314,FALSE,2.089,FALSE,0,FALSE,1712.87,,1712.87,0,FALSE,TRUE,
C,A,20230101,2023,52,2023,276,DEU,Germany,M,Import,826,GBR,United Kingdom,0,W00,World,H6,HS,TRUE,710610,Metals,Silver,6,TRUE,C00,TOTAL CPC,0,0,TOTAL MOT,8,kg,2868.768,FALSE,8,kg,2868.768,FALSE,2871.248,FALSE,0,FALSE,2442412.438,,2442412.438,0,FALSE,TRUE,
C,A,20230101,2023,52,2023,276,DEU,Germany,M,Import,842,USA,USA,0,W00,World,H6,HS,TRUE,710610,Metals,Silver,6,TRUE,C00,TOTAL CPC,0,0,TOTAL MOT,8,kg,30912.72,FALSE,8,kg,30912.72,FALSE,30911.39,FALSE,0,FALSE,26543875.16,,26543875.16,0,FALSE,TRUE,
C,A,20230101,2023,52,2023,276,DEU,Germany,M,Import,0,W00,World,0,W00,World,H6,HS,TRUE,271129,"Petroleum gases and other gaseous hydrocarbons; in gaseous state, other than natural gas",Natural gas,6,TRUE,C00,TOTAL CPC,0,0,TOTAL MOT,8,kg,2733240,FALSE,8,kg,2733240,FALSE,2733240,FALSE,0,FALSE,8443607.413,,8443607.413,0,FALSE,TRUE,
C,A,20230101,2023,52,2023,276,DEU,Germany,M,Import,839,XX ,Special Categories,0,W00,World,H6,HS,TRUE,271129,"Petroleum gases and other gaseous hydrocarbons; in gaseous state, other than natural gas",Natural gas,6,TRUE,C00,TOTAL CPC,0,0,TOTAL MOT,8,kg,145160,FALSE,8,kg,145160,FALSE,145160,FALSE,0,FALSE,340965.712,,340965.712,0,FALSE,TRUE,
C,A,20230101,2023,52,2023,276,DEU,Germany,M,Import,899,_X ,"Areas, nes",0,W00,World,H6,HS,TRUE,271129,"Petroleum gases and other gaseous hydrocarbons; in gaseous state, other than natural gas",Natural gas,6,TRUE,C00,TOTAL CPC,0,0,TOTAL MOT,8,kg,2588080,FALSE,8,kg,2588080,FALSE,2588080,FALSE,0,FALSE,8102641.7,,8102641.7,0,FALSE,TRUE,
C,A,20230101,2023,52,2023,276,DEU,Germany,M,Import,0,W00,World,0,W00,World,H6,HS,TRUE,280470,Phosphorus,Phosphorus,6,TRUE,C00,TOTAL CPC,0,0,TOTAL MOT,8,kg,20283492.245,FALSE,-1,N/A,0,FALSE,20283492.245,FALSE,0,FALSE,95937659.61,,95937659.61,0,FALSE,TRUE,World NetWgt = sum of partners (all partner weights reported)
C,A,20230101,2023,52,2023,276,DEU,Germany,M,Import,56,BEL,Belgium,0,W00,World,H6,HS,TRUE,280470,Phosphorus,Phosphorus,6,TRUE,C00,TOTAL CPC,0,0,TOTAL MOT,8,kg,48931,FALSE,8,kg,48931,FALSE,48931,FALSE,0,FALSE,527007.77,,527007.77,0,FALSE,TRUE,
C,A,20230101,2023,52,2023,276,DEU,Germany,M,Import,156,CHN,China,0,W00,World,H6,HS,TRUE,280470,Phosphorus,Phosphorus,6,TRUE,C00,TOTAL CPC,0,0,TOTAL MOT,8,kg,336935.243,TRUE,-1,N/A,0,FALSE,336935.243,TRUE,0,FALSE,2094903.804,,2094903.804,6,FALSE,TRUE,
C,A,20230101,2023,52,2023,276,DEU,Germany,M,Import,203,CZE,Czechia,0,W00,World,H6,HS,TRUE,280470,Phosphorus,Phosphorus,6,TRUE,C00,TOTAL CPC,0,0,TOTAL MOT,8,kg,3,FALSE,8,kg,3,FALSE,3,FALSE,0,FALSE,1444.654,,1444.654,0,FALSE,TRUE,
C,A,20230101,2023,52,2023,276,DEU,Germany,M,Import,251,FRA,France,0,W00,World,H6,HS,TRUE,280470,Phosphorus,Phosphorus,6,TRUE,C00,TOTAL CPC,0,0,TOTAL MOT,8,kg,380460,FALSE,8,kg,380460,FALSE,380460,FALSE,0,FALSE,1889471.758,,1889471.758,0,FALSE,TRUE,
C,A,20230101,2023,52,2023,276,DEU,Germany,M,Import,380,ITA,Italy,0,W00,World,H6,HS,TRUE,280470,Phosphorus,Phosphorus,6,TRUE,C00,TOTAL CPC,0,0,TOTAL MOT,8,kg,797973,FALSE,8,kg,797973,FALSE,797973,FALSE,0,FALSE,9385581.003,,9385581.003,0,FALSE,TRUE,
C,A,20230101,2023,52,2023,276,DEU,Germany,M,Import,392,JPN,Japan,0,W00,World,H6,HS,TRUE,280470,Phosphorus,Phosphorus,6,TRUE,C00,TOTAL CPC,0,0,TOTAL MOT,8,kg,1471.472,TRUE,-1,N/A,0,FALSE,1471.472,TRUE,0,FALSE,270678.094,,270678.094,6,FALSE,TRUE,
C,A,20230101,2023,52,2023,276,DEU,Germany,M,Import,398,KAZ,Kazakhstan,0,W00,World,H6,HS,TRUE,280470,Phosphorus,Phosphorus,6,TRUE,C00,TOTAL CPC,0,0,TOTAL MOT,8,kg,12113771.53,TRUE,-1,N/A,0,FALSE,12113771.53,TRUE,0,FALSE,47874611.62,,47874611.62,6,FALSE,TRUE,
C,A,20230101,2023,52,2023,276,DEU,Germany,M,Import,528,NLD,Netherlands,0,W00,World,H6,HS,TRUE,280470,Phosphorus,Phosphorus,6,TRUE,C00,TOTAL CPC,0,0,TOTAL MOT,8,kg,1197083,FALSE,8,kg,1197083,FALSE,1197083,FALSE,0,FALSE,6336231.607,,6336231.607,0,FALSE,TRUE,
C,A,20230101,2023,52,2023,276,DEU,Germany,M,Import,616,POL,Poland,0,W00,World,H6,HS,TRUE,280470,Phosphorus,Phosphorus,6,TRUE,C00,TOTAL CPC,0,0,TOTAL MOT,8,kg,3105750,FALSE,8,kg,3105750,FALSE,3105750,FALSE,0,FALSE,16395010.69,,16395010.69,0,FALSE,TRUE,
C,A,20230101,2023,52,2023,276,DEU,Germany,M,Import,704,VNM,Vietnam,0,W00,World,H6,HS,TRUE,280470,Phosphorus,Phosphorus,6,TRUE,C00,TOTAL CPC,0,0,TOTAL MOT,8,kg,2301114,FALSE,8,kg,2301114,FALSE,2301114,FALSE,0,FALSE,11162718.61,,11162718.61,0,FALSE,TRUE,"Reported NetWgt was present; qty unit was missing, qty set equal to NetWgt (kg)"
C,A,20230101,2023,52,2023,276,DEU,Germany,M,Import,0,W00,World,0,W00,World,H6,HS,TRUE,280490,Selenium,Selenium,6,TRUE,C00,TOTAL CPC,0,0,TOTAL MOT,8,kg,96655.61,TRUE,-1,N/A,0,FALSE,96655.61,TRUE,0,FALSE,1582763.437,,1582763.437,6,FALSE,TRUE,
C,A,20230101,2023,52,2023,276,DEU,Germany,M,Import,56,BEL,Belgium,0,W00,World,H6,HS,TRUE,280490,Selenium,Selenium,6,TRUE,C00,TOTAL CPC,0,0,TOTAL MOT,8,kg,3563.701,TRUE,-1,N/A,0,FALSE,3563.701,TRUE,0,FALSE,66253.489,,66253.489,6,FALSE,TRUE,
C,A,20230101,2023,52,2023,276,DEU,Germany,M,Import,152,CHL,Chile,0,W00,World,H6,HS,TRUE,280490,Selenium,Selenium,6,TRUE,C00,TOTAL CPC,0,0,TOTAL MOT,8,kg,2500,FALSE,8,kg,2500,FALSE,2500,FALSE,0,FALSE,39796.142,,39796.142,0,FALSE,TRUE,
C,A,20230101,2023,52,2023,276,DEU,Germany,M,Import,156,CHN,China,0,W00,World,H6,HS,TRUE,280490,Selenium,Selenium,6,TRUE,C00,TOTAL CPC,0,0,TOTAL MOT,8,kg,1316.618,TRUE,-1,N/A,0,FALSE,1316.618,TRUE,0,FALSE,30887.258,,30887.258,6,FALSE,TRUE,
C,A,20230101,2023,52,2023,276,DEU,Germany,M,Import,251,FRA,France,0,W00,World,H6,HS,TRUE,280490,Selenium,Selenium,6,TRUE,C00,TOTAL CPC,0,0,TOTAL MOT,8,kg,4239.457,TRUE,-1,N/A,0,FALSE,4239.457,TRUE,0,FALSE,90302.353,,90302.353,6,FALSE,TRUE,
C,A,20230101,2023,52,2023,276,DEU,Germany,M,Import,392,JPN,Japan,0,W00,World,H6,HS,TRUE,280490,Selenium,Selenium,6,TRUE,C00,TOTAL CPC,0,0,TOTAL MOT,8,kg,5502.833,TRUE,-1,N/A,0,FALSE,5502.833,TRUE,0,FALSE,145862.128,,145862.128,6,FALSE,TRUE,
C,A,20230101,2023,52,2023,276,DEU,Germany,M,Import,410,KOR,South Korea,0,W00,World,H6,HS,TRUE,280490,Selenium,Selenium,6,TRUE,C00,TOTAL CPC,0,0,TOTAL MOT,8,kg,1650,FALSE,8,kg,1650,FALSE,1650,FALSE,0,FALSE,26355.949,,26355.949,0,FALSE,TRUE,
C,A,20230101,2023,52,2023,276,DEU,Germany,M,Import,442,LUX,Luxembourg,0,W00,World,H6,HS,TRUE,280490,Selenium,Selenium,6,TRUE,C00,TOTAL CPC,0,0,TOTAL MOT,8,kg,1500,FALSE,8,kg,1500,FALSE,1500,FALSE,0,FALSE,30228.713,,30228.713,0,FALSE,TRUE,
C,A,20230101,2023,52,2023,276,DEU,Germany,M,Import,528,NLD,Netherlands,0,W00,World,H6,HS,TRUE,280490,Selenium,Selenium,6,TRUE,C00,TOTAL CPC,0,0,TOTAL MOT,8,kg,249.465,TRUE,-1,N/A,0,FALSE,249.465,TRUE,0,FALSE,921.308,,921.308,6,FALSE,TRUE,
C,A,20230101,2023,52,2023,276,DEU,Germany,M,Import,699,IND,India,0,W00,World,H6,HS,TRUE,280490,Selenium,Selenium,6,TRUE,C00,TOTAL CPC,0,0,TOTAL MOT,8,kg,8,FALSE,8,kg,8,FALSE,8,FALSE,0,FALSE,9421.328,,9421.328,0,FALSE,TRUE,
C,A,20230101,2023,52,2023,276,DEU,Germany,M,Import,724,ESP,Spain,0,W00,World,H6,HS,TRUE,280490,Selenium,Selenium,6,TRUE,C00,TOTAL CPC,0,0,TOTAL MOT,8,kg,15672.109,TRUE,-1,N/A,0,FALSE,15672.109,TRUE,0,FALSE,322730.357,,322730.357,6,FALSE,TRUE,
C,A,20230101,2023,52,2023,276,DEU,Germany,M,Import,752,SWE,Sweden,0,W00,World,H6,HS,TRUE,280490,Selenium,Selenium,6,TRUE,C00,TOTAL CPC,0,0,TOTAL MOT,8,kg,60024,FALSE,8,kg,60024,FALSE,60024,FALSE,0,FALSE,799819.591,,799819.591,0,FALSE,TRUE,
C,A,20230101,2023,52,2023,276,DEU,Germany,M,Import,757,CHE,Switzerland,0,W00,World,H6,HS,TRUE,280490,Selenium,Selenium,6,TRUE,C00,TOTAL CPC,0,0,TOTAL MOT,8,kg,180.505,TRUE,-1,N/A,0,FALSE,180.505,TRUE,0,FALSE,2955.818,,2955.818,6,FALSE,TRUE,
C,A,20230101,2023,52,2023,276,DEU,Germany,M,Import,842,USA,USA,0,W00,World,H6,HS,TRUE,280490,Selenium,Selenium,6,TRUE,C00,TOTAL CPC,0,0,TOTAL MOT,8,kg,248.922,TRUE,-1,N/A,0,FALSE,248.922,TRUE,0,FALSE,17229.004,,17229.004,6,FALSE,TRUE,
C,A,20230101,2023,52,2023,276,DEU,Germany,M,Import,0,W00,World,0,W00,World,H6,HS,TRUE,280530,"Earth-metals, rare; scandium and yttrium, whether or not intermixed or interalloyed",Rare earths,6,TRUE,C00,TOTAL CPC,0,0,TOTAL MOT,8,kg,345462.188,TRUE,-1,N/A,0,FALSE,345462.188,TRUE,0,FALSE,4281089.055,,4281089.055,6,FALSE,TRUE,
C,A,20230101,2023,52,2023,276,DEU,Germany,M,Import,40,AUT,Austria,0,W00,World,H6,HS,TRUE,280530,"Earth-metals, rare; scandium and yttrium, whether or not intermixed or interalloyed",Rare earths,6,TRUE,C00,TOTAL CPC,0,0,TOTAL MOT,8,kg,11001,FALSE,8,kg,11001,FALSE,11001,FALSE,0,FALSE,41306.215,,41306.215,0,FALSE,TRUE,
C,A,20230101,2023,52,2023,276,DEU,Germany,M,Import,124,CAN,Canada,0,W00,World,H6,HS,TRUE,280530,"Earth-metals, rare; scandium and yttrium, whether or not intermixed or interalloyed",Rare earths,6,TRUE,C00,TOTAL CPC,0,0,TOTAL MOT,8,kg,2,FALSE,8,kg,2,FALSE,2,FALSE,0,FALSE,2148.992,,2148.992,0,FALSE,TRUE,
C,A,20230101,2023,52,2023,276,DEU,Germany,M,Import,156,CHN,China,0,W00,World,H6,HS,TRUE,280530,"Earth-metals, rare; scandium and yttrium, whether or not intermixed or interalloyed",Rare earths,6,TRUE,C00,TOTAL CPC,0,0,TOTAL MOT,8,kg,326683.11,TRUE,-1,N/A,0,FALSE,326683.11,TRUE,0,FALSE,3898597.976,,3898597.976,6,FALSE,TRUE,
C,A,20230101,2023,52,2023,276,DEU,Germany,M,Import,203,CZE,Czechia,0,W00,World,H6,HS,TRUE,280530,"Earth-metals, rare; scandium and yttrium, whether or not intermixed or interalloyed",Rare earths,6,TRUE,C00,TOTAL CPC,0,0,TOTAL MOT,8,kg,545.489,TRUE,-1,N/A,0,FALSE,545.489,TRUE,0,FALSE,6759.893,,6759.893,6,FALSE,TRUE,
C,A,20230101,2023,52,2023,276,DEU,Germany,M,Import,208,DNK,Denmark,0,W00,World,H6,HS,TRUE,280530,"Earth-metals, rare; scandium and yttrium, whether or not intermixed or interalloyed",Rare earths,6,TRUE,C00,TOTAL CPC,0,0,TOTAL MOT,8,kg,100.652,TRUE,-1,N/A,0,FALSE,100.652,TRUE,0,FALSE,1247.309,,1247.309,6,FALSE,TRUE,
C,A,20230101,2023,52,2023,276,DEU,Germany,M,Import,251,FRA,France,0,W00,World,H6,HS,TRUE,280530,"Earth-metals, rare; scandium and yttrium, whether or not intermixed or interalloyed",Rare earths,6,TRUE,C00,TOTAL CPC,0,0,TOTAL MOT,8,kg,1000,FALSE,8,kg,1000,FALSE,1000,FALSE,0,FALSE,6280.158,,6280.158,0,FALSE,TRUE,
C,A,20230101,2023,52,2023,276,DEU,Germany,M,Import,380,ITA,Italy,0,W00,World,H6,HS,TRUE,280530,"Earth-metals, rare; scandium and yttrium, whether or not intermixed or interalloyed",Rare earths,6,TRUE,C00,TOTAL CPC,0,0,TOTAL MOT,8,kg,4008.191,TRUE,-1,N/A,0,FALSE,4008.191,TRUE,0,FALSE,163856.526,,163856.526,6,FALSE,TRUE,
C,A,20230101,2023,52,2023,276,DEU,Germany,M,Import,710,ZAF,South Africa,0,W00,World,H6,HS,TRUE,280530,"Earth-metals, rare; scandium and yttrium, whether or not intermixed or interalloyed",Rare earths,6,TRUE,C00,TOTAL CPC,0,0,TOTAL MOT,8,kg,1000,FALSE,8,kg,1000,FALSE,1000,FALSE,0,FALSE,29165.666,,29165.666,0,FALSE,TRUE,
C,A,20230101,2023,52,2023,276,DEU,Germany,M,Import,764,THA,Thailand,0,W00,World,H6,HS,TRUE,280530,"Earth-metals, rare; scandium and yttrium, whether or not intermixed or interalloyed",Rare earths,6,TRUE,C00,TOTAL CPC,0,0,TOTAL MOT,8,kg,10,FALSE,8,kg,10,FALSE,10,FALSE,0,FALSE,2977.624,,2977.624,0,FALSE,TRUE,
C,A,20230101,2023,52,2023,276,DEU,Germany,M,Import,826,GBR,United Kingdom,0,W00,World,H6,HS,TRUE,280530,"Earth-metals, rare; scandium and yttrium, whether or not intermixed or interalloyed",Rare earths,6,TRUE,C00,TOTAL CPC,0,0,TOTAL MOT,8,kg,235.527,TRUE,-1,N/A,0,FALSE,235.527,TRUE,0,FALSE,49118.252,,49118.252,6,FALSE,TRUE,
C,A,20230101,2023,52,2023,276,DEU,Germany,M,Import,842,USA,USA,0,W00,World,H6,HS,TRUE,280530,"Earth-metals, rare; scandium and yttrium, whether or not intermixed or interalloyed",Rare earths,6,TRUE,C00,TOTAL CPC,0,0,TOTAL MOT,8,kg,876.219,TRUE,-1,N/A,0,FALSE,876.219,TRUE,0,FALSE,79630.445,,79630.445,6,FALSE,TRUE,
C,A,20230101,2023,52,2023,276,DEU,Germany,M,Import,0,W00,World,0,W00,World,H6,HS,TRUE,281820,Aluminium oxide,Aluminium,6,TRUE,C00,TOTAL CPC,0,0,TOTAL MOT,8,kg,607573963.1,TRUE,-1,N/A,0,FALSE,607573963.1,TRUE,0,FALSE,325179331.9,,325179331.9,6,FALSE,TRUE,
C,A,20230101,2023,52,2023,276,DEU,Germany,M,Import,36,AUS,Australia,0,W00,World,H6,HS,TRUE,281820,Aluminium oxide,Aluminium,6,TRUE,C00,TOTAL CPC,0,0,TOTAL MOT,8,kg,29098684.07,TRUE,-1,N/A,0,FALSE,29098684.07,TRUE,0,FALSE,12793747.68,,12793747.68,6,FALSE,TRUE,
C,A,20230101,2023,52,2023,276,DEU,Germany,M,Import,40,AUT,Austria,0,W00,World,H6,HS,TRUE,281820,Aluminium oxide,Aluminium,6,TRUE,C00,TOTAL CPC,0,0,TOTAL MOT,8,kg,9819470,FALSE,8,kg,9819470,FALSE,9819470,FALSE,0,FALSE,4880541.067,,4880541.067,0,FALSE,TRUE,
C,A,20230101,2023,52,2023,276,DEU,Germany,M,Import,56,BEL,Belgium,0,W00,World,H6,HS,TRUE,281820,Aluminium oxide,Aluminium,6,TRUE,C00,TOTAL CPC,0,0,TOTAL MOT,8,kg,525388.689,TRUE,-1,N/A,0,FALSE,525388.689,TRUE,0,FALSE,4368462.848,,4368462.848,6,FALSE,TRUE,
C,A,20230101,2023,52,2023,276,DEU,Germany,M,Import,70,BIH,Bosnia and Herzegovina,0,W00,World,H6,HS,TRUE,281820,Aluminium oxide,Aluminium,6,TRUE,C00,TOTAL CPC,0,0,TOTAL MOT,8,kg,1538620,FALSE,8,kg,1538620,FALSE,1538620,FALSE,0,FALSE,1058055.121,,1058055.121,0,FALSE,TRUE,
C,A,20230101,2023,52,2023,276,DEU,Germany,M,Import,76,BRA,Brazil,0,W00,World,H6,HS,TRUE,281820,Aluminium oxide,Aluminium,6,TRUE,C00,TOTAL CPC,0,0,TOTAL MOT,8,kg,29424986,FALSE,8,kg,29424986,FALSE,29424986,FALSE,0,FALSE,14162037.17,,14162037.17,0,FALSE,TRUE,
C,A,20230101,2023,52,2023,276,DEU,Germany,M,Import,124,CAN,Canada,0,W00,World,H6,HS,TRUE,281820,Aluminium oxide,Aluminium,6,TRUE,C00,TOTAL CPC,0,0,TOTAL MOT,8,kg,36873.796,TRUE,-1,N/A,0,FALSE,36873.796,TRUE,0,FALSE,307146.624,,307146.624,6,FALSE,TRUE,
C,A,20230101,2023,52,2023,276,DEU,Germany,M,Import,156,CHN,China,0,W00,World,H6,HS,TRUE,281820,Aluminium oxide,Aluminium,6,TRUE,C00,TOTAL CPC,0,0,TOTAL MOT,8,kg,6747854.629,TRUE,-1,N/A,0,FALSE,6747854.629,TRUE,0,FALSE,16929834.86,,16929834.86,6,FALSE,TRUE,
C,A,20230101,2023,52,2023,276,DEU,Germany,M,Import,203,CZE,Czechia,0,W00,World,H6,HS,TRUE,281820,Aluminium oxide,Aluminium,6,TRUE,C00,TOTAL CPC,0,0,TOTAL MOT,8,kg,155548,FALSE,8,kg,155548,FALSE,155548,FALSE,0,FALSE,169369.109,,169369.109,0,FALSE,TRUE,
C,A,20230101,2023,52,2023,276,DEU,Germany,M,Import,208,DNK,Denmark,0,W00,World,H6,HS,TRUE,281820,Aluminium oxide,Aluminium,6,TRUE,C00,TOTAL CPC,0,0,TOTAL MOT,8,kg,2535,FALSE,8,kg,2535,FALSE,2535,FALSE,0,FALSE,58690.042,,58690.042,0,FALSE,TRUE,
C,A,20230101,2023,52,2023,276,DEU,Germany,M,Import,251,FRA,France,0,W00,World,H6,HS,TRUE,281820,Aluminium oxide,Aluminium,6,TRUE,C00,TOTAL CPC,0,0,TOTAL MOT,8,kg,9886680.716,TRUE,-1,N/A,0,FALSE,9886680.716,TRUE,0,FALSE,18127265.88,,18127265.88,6,FALSE,TRUE,
C,A,20230101,2023,52,2023,276,DEU,Germany,M,Import,300,GRC,Greece,0,W00,World,H6,HS,TRUE,281820,Aluminium oxide,Aluminium,6,TRUE,C00,TOTAL CPC,0,0,TOTAL MOT,8,kg,9538260,FALSE,8,kg,9538260,FALSE,9538260,FALSE,0,FALSE,3901924.498,,3901924.498,0,FALSE,TRUE,
C,A,20230101,2023,52,2023,276,DEU,Germany,M,Import,348,HUN,Hungary,0,W00,World,H6,HS,TRUE,281820,Aluminium oxide,Aluminium,6,TRUE,C00,TOTAL CPC,0,0,TOTAL MOT,8,kg,721557,FALSE,8,kg,721557,FALSE,721557,FALSE,0,FALSE,884658.424,,884658.424,0,FALSE,TRUE,
C,A,20230101,2023,52,2023,276,DEU,Germany,M,Import,376,ISR,Israel,0,W00,World,H6,HS,TRUE,281820,Aluminium oxide,Aluminium,6,TRUE,C00,TOTAL CPC,0,0,TOTAL MOT,8,kg,2600.638,TRUE,-1,N/A,0,FALSE,2600.638,TRUE,0,FALSE,49570.729,,49570.729,6,FALSE,TRUE,
C,A,20230101,2023,52,2023,276,DEU,Germany,M,Import,380,ITA,Italy,0,W00,World,H6,HS,TRUE,281820,Aluminium oxide,Aluminium,6,TRUE,C00,TOTAL CPC,0,0,TOTAL MOT,8,kg,1210880,FALSE,8,kg,1210880,FALSE,1210880,FALSE,0,FALSE,1772319.548,,1772319.548,0,FALSE,TRUE,
C,A,20230101,2023,52,2023,276,DEU,Germany,M,Import,392,JPN,Japan,0,W00,World,H6,HS,TRUE,281820,Aluminium oxide,Aluminium,6,TRUE,C00,TOTAL CPC,0,0,TOTAL MOT,8,kg,1616619.226,TRUE,-1,N/A,0,FALSE,1616619.226,TRUE,0,FALSE,18139395.53,,18139395.53,6,FALSE,TRUE,
C,A,20230101,2023,52,2023,276,DEU,Germany,M,Import,410,KOR,South Korea,0,W00,World,H6,HS,TRUE,281820,Aluminium oxide,Aluminium,6,TRUE,C00,TOTAL CPC,0,0,TOTAL MOT,8,kg,1262.362,TRUE,-1,N/A,0,FALSE,1262.362,TRUE,0,FALSE,5829.862,,5829.862,6,FALSE,TRUE,
C,A,20230101,2023,52,2023,276,DEU,Germany,M,Import,440,LTU,Lithuania,0,W00,World,H6,HS,TRUE,281820,Aluminium oxide,Aluminium,6,TRUE,C00,TOTAL CPC,0,0,TOTAL MOT,8,kg,951,FALSE,8,kg,951,FALSE,951,FALSE,0,FALSE,5130.977,,5130.977,0,FALSE,TRUE,
C,A,20230101,2023,52,2023,276,DEU,Germany,M,Import,442,LUX,Luxembourg,0,W00,World,H6,HS,TRUE,281820,Aluminium oxide,Aluminium,6,TRUE,C00,TOTAL CPC,0,0,TOTAL MOT,8,kg,2945190,FALSE,8,kg,2945190,FALSE,2945190,FALSE,0,FALSE,3126519.022,,3126519.022,0,FALSE,TRUE,
C,A,20230101,2023,52,2023,276,DEU,Germany,M,Import,490,S19,"Other Asia, nes",0,W00,World,H6,HS,TRUE,281820,Aluminium oxide,Aluminium,6,TRUE,C00,TOTAL CPC,0,0,TOTAL MOT,8,kg,5481,FALSE,8,kg,5481,FALSE,5481,FALSE,0,FALSE,284980.718,,284980.718,0,FALSE,TRUE,
C,A,20230101,2023,52,2023,276,DEU,Germany,M,Import,528,NLD,Netherlands,0,W00,World,H6,HS,TRUE,281820,Aluminium oxide,Aluminium,6,TRUE,C00,TOTAL CPC,0,0,TOTAL MOT,8,kg,376772334,FALSE,8,kg,376772334,FALSE,376772334,FALSE,0,FALSE,127053590.3,,127053590.3,0,FALSE,TRUE,
C,A,20230101,2023,52,2023,276,DEU,Germany,M,Import,616,POL,Poland,0,W00,World,H6,HS,TRUE,281820,Aluminium oxide,Aluminium,6,TRUE,C00,TOTAL CPC,0,0,TOTAL MOT,8,kg,23250,FALSE,8,kg,23250,FALSE,23250,FALSE,0,FALSE,25935.091,,25935.091,0,FALSE,TRUE,
C,A,20230101,2023,52,2023,276,DEU,Germany,M,Import,642,ROU,Romania,0,W00,World,H6,HS,TRUE,281820,Aluminium oxide,Aluminium,6,TRUE,C00,TOTAL CPC,0,0,TOTAL MOT,8,kg,2717,FALSE,8,kg,2717,FALSE,2717,FALSE,0,FALSE,1362.882,,1362.882,0,FALSE,TRUE,
C,A,20230101,2023,52,2023,276,DEU,Germany,M,Import,699,IND,India,0,W00,World,H6,HS,TRUE,281820,Aluminium oxide,Aluminium,6,TRUE,C00,TOTAL CPC,0,0,TOTAL MOT,8,kg,132951,FALSE,8,kg,132951,FALSE,132951,FALSE,0,FALSE,172725.069,,172725.069,0,FALSE,TRUE,
C,A,20230101,2023,52,2023,276,DEU,Germany,M,Import,702,SGP,Singapore,0,W00,World,H6,HS,TRUE,281820,Aluminium oxide,Aluminium,6,TRUE,C00,TOTAL CPC,0,0,TOTAL MOT,8,kg,554919,FALSE,8,kg,554919,FALSE,554919,FALSE,0,FALSE,3818955.538,,3818955.538,0,FALSE,TRUE,
C,A,20230101,2023,52,2023,276,DEU,Germany,M,Import,703,SVK,Slovakia,0,W00,World,H6,HS,TRUE,281820,Aluminium oxide,Aluminium,6,TRUE,C00,TOTAL CPC,0,0,TOTAL MOT,8,kg,98600,FALSE,8,kg,98600,FALSE,98600,FALSE,0,FALSE,133775.004,,133775.004,0,FALSE,TRUE,
C,A,20230101,2023,52,2023,276,DEU,Germany,M,Import,704,VNM,Vietnam,0,W00,World,H6,HS,TRUE,281820,Aluminium oxide,Aluminium,6,TRUE,C00,TOTAL CPC,0,0,TOTAL MOT,8,kg,1230,FALSE,8,kg,1230,FALSE,1230,FALSE,0,FALSE,4045.033,,4045.033,0,FALSE,TRUE,
C,A,20230101,2023,52,2023,276,DEU,Germany,M,Import,705,SVN,Slovenia,0,W00,World,H6,HS,TRUE,281820,Aluminium oxide,Aluminium,6,TRUE,C00,TOTAL CPC,0,0,TOTAL MOT,8,kg,16890350,FALSE,8,kg,16890350,FALSE,16890350,FALSE,0,FALSE,16526614.9,,16526614.9,0,FALSE,TRUE,
C,A,20230101,2023,52,2023,276,DEU,Germany,M,Import,724,ESP,Spain,0,W00,World,H6,HS,TRUE,281820,Aluminium oxide,Aluminium,6,TRUE,C00,TOTAL CPC,0,0,TOTAL MOT,8,kg,105280931,FALSE,8,kg,105280931,FALSE,105280931,FALSE,0,FALSE,48145983.15,,48145983.15,0,FALSE,TRUE,
C,A,20230101,2023,52,2023,276,DEU,Germany,M,Import,752,SWE,Sweden,0,W00,World,H6,HS,TRUE,281820,Aluminium oxide,Aluminium,6,TRUE,C00,TOTAL CPC,0,0,TOTAL MOT,8,kg,166320,FALSE,8,kg,166320,FALSE,166320,FALSE,0,FALSE,21000.37,,21000.37,0,FALSE,TRUE,
C,A,20230101,2023,52,2023,276,DEU,Germany,M,Import,757,CHE,Switzerland,0,W00,World,H6,HS,TRUE,281820,Aluminium oxide,Aluminium,6,TRUE,C00,TOTAL CPC,0,0,TOTAL MOT,8,kg,81606.771,TRUE,-1,N/A,0,FALSE,81606.771,TRUE,0,FALSE,603695.481,,603695.481,6,FALSE,TRUE,
C,A,20230101,2023,52,2023,276,DEU,Germany,M,Import,764,THA,Thailand,0,W00,World,H6,HS,TRUE,281820,Aluminium oxide,Aluminium,6,TRUE,C00,TOTAL CPC,0,0,TOTAL MOT,8,kg,8000,FALSE,8,kg,8000,FALSE,8000,FALSE,0,FALSE,90686.14,,90686.14,0,FALSE,TRUE,
C,A,20230101,2023,52,2023,276,DEU,Germany,M,Import,792,TUR,Turkey,0,W00,World,H6,HS,TRUE,281820,Aluminium oxide,Aluminium,6,TRUE,C00,TOTAL CPC,0,0,TOTAL MOT,8,kg,591.486,TRUE,-1,N/A,0,FALSE,591.486,TRUE,0,FALSE,2745.389,,2745.389,6,FALSE,TRUE,
C,A,20230101,2023,52,2023,276,DEU,Germany,M,Import,804,UKR,Ukraine,0,W00,World,H6,HS,TRUE,281820,Aluminium oxide,Aluminium,6,TRUE,C00,TOTAL CPC,0,0,TOTAL MOT,8,kg,745,FALSE,8,kg,745,FALSE,745,FALSE,0,FALSE,1041.242,,1041.242,0,FALSE,TRUE,
C,A,20230101,2023,52,2023,276,DEU,Germany,M,Import,826,GBR,United Kingdom,0,W00,World,H6,HS,TRUE,281820,Aluminium oxide,Aluminium,6,TRUE,C00,TOTAL CPC,0,0,TOTAL MOT,8,kg,57604.627,TRUE,-1,N/A,0,FALSE,57604.627,TRUE,0,FALSE,520891.157,,520891.157,6,FALSE,TRUE,
C,A,20230101,2023,52,2023,276,DEU,Germany,M,Import,842,USA,USA,0,W00,World,H6,HS,TRUE,281820,Aluminium oxide,Aluminium,6,TRUE,C00,TOTAL CPC,0,0,TOTAL MOT,8,kg,4222371.039,TRUE,-1,N/A,0,FALSE,4222371.039,TRUE,0,FALSE,27030805.48,,27030805.48,6,FALSE,TRUE,
C,A,20230101,2023,52,2023,276,DEU,Germany,M,Import,0,W00,World,0,W00,World,H6,HS,TRUE,281830,Aluminium hydroxide,Aluminium,6,TRUE,C00,TOTAL CPC,0,0,TOTAL MOT,8,kg,148571685.3,TRUE,-1,N/A,0,FALSE,148571685.3,TRUE,0,FALSE,91960260.92,,91960260.92,6,FALSE,TRUE,
C,A,20230101,2023,52,2023,276,DEU,Germany,M,Import,36,AUS,Australia,0,W00,World,H6,HS,TRUE,281830,Aluminium hydroxide,Aluminium,6,TRUE,C00,TOTAL CPC,0,0,TOTAL MOT,8,kg,2584720,FALSE,8,kg,2584720,FALSE,2584720,FALSE,0,FALSE,1381637.006,,1381637.006,0,FALSE,TRUE,
C,A,20230101,2023,52,2023,276,DEU,Germany,M,Import,40,AUT,Austria,0,W00,World,H6,HS,TRUE,281830,Aluminium hydroxide,Aluminium,6,TRUE,C00,TOTAL CPC,0,0,TOTAL MOT,8,kg,67790,FALSE,8,kg,67790,FALSE,67790,FALSE,0,FALSE,121868.87,,121868.87,0,FALSE,TRUE,
C,A,20230101,2023,52,2023,276,DEU,Germany,M,Import,56,BEL,Belgium,0,W00,World,H6,HS,TRUE,281830,Aluminium hydroxide,Aluminium,6,TRUE,C00,TOTAL CPC,0,0,TOTAL MOT,8,kg,816857,FALSE,8,kg,816857,FALSE,816857,FALSE,0,FALSE,2017051.647,,2017051.647,0,FALSE,TRUE,
C,A,20230101,2023,52,2023,276,DEU,Germany,M,Import,70,BIH,Bosnia and Herzegovina,0,W00,World,H6,HS,TRUE,281830,Aluminium hydroxide,Aluminium,6,TRUE,C00,TOTAL CPC,0,0,TOTAL MOT,8,kg,19981273,FALSE,8,kg,19981273,FALSE,19981273,FALSE,0,FALSE,11590818.25,,11590818.25,0,FALSE,TRUE,
C,A,20230101,2023,52,2023,276,DEU,Germany,M,Import,76,BRA,Brazil,0,W00,World,H6,HS,TRUE,281830,Aluminium hydroxide,Aluminium,6,TRUE,C00,TOTAL CPC,0,0,TOTAL MOT,8,kg,19318720,FALSE,8,kg,19318720,FALSE,19318720,FALSE,0,FALSE,6794193.615,,6794193.615,0,FALSE,TRUE,
C,A,20230101,2023,52,2023,276,DEU,Germany,M,Import,156,CHN,China,0,W00,World,H6,HS,TRUE,281830,Aluminium hydroxide,Aluminium,6,TRUE,C00,TOTAL CPC,0,0,TOTAL MOT,8,kg,3566071.569,TRUE,-1,N/A,0,FALSE,3566071.569,TRUE,0,FALSE,8562392.9,,8562392.9,6,FALSE,TRUE,
C,A,20230101,2023,52,2023,276,DEU,Germany,M,Import,203,CZE,Czechia,0,W00,World,H6,HS,TRUE,281830,Aluminium hydroxide,Aluminium,6,TRUE,C00,TOTAL CPC,0,0,TOTAL MOT,8,kg,1540,FALSE,8,kg,1540,FALSE,1540,FALSE,0,FALSE,5425.359,,5425.359,0,FALSE,TRUE,
C,A,20230101,2023,52,2023,276,DEU,Germany,M,Import,208,DNK,Denmark,0,W00,World,H6,HS,TRUE,281830,Aluminium hydroxide,Aluminium,6,TRUE,C00,TOTAL CPC,0,0,TOTAL MOT,8,kg,508653,FALSE,8,kg,508653,FALSE,508653,FALSE,0,FALSE,4034561.223,,4034561.223,0,FALSE,TRUE,
C,A,20230101,2023,52,2023,276,DEU,Germany,M,Import,251,FRA,France,0,W00,World,H6,HS,TRUE,281830,Aluminium hydroxide,Aluminium,6,TRUE,C00,TOTAL CPC,0,0,TOTAL MOT,8,kg,3571735,FALSE,8,kg,3571735,FALSE,3571735,FALSE,0,FALSE,975041.459,,975041.459,0,FALSE,TRUE,
C,A,20230101,2023,52,2023,276,DEU,Germany,M,Import,300,GRC,Greece,0,W00,World,H6,HS,TRUE,281830,Aluminium hydroxide,Aluminium,6,TRUE,C00,TOTAL CPC,0,0,TOTAL MOT,8,kg,14798030,FALSE,8,kg,14798030,FALSE,14798030,FALSE,0,FALSE,5908550.646,,5908550.646,0,FALSE,TRUE,
C,A,20230101,2023,52,2023,276,DEU,Germany,M,Import,348,HUN,Hungary,0,W00,World,H6,HS,TRUE,281830,Aluminium hydroxide,Aluminium,6,TRUE,C00,TOTAL CPC,0,0,TOTAL MOT,8,kg,2704881,FALSE,8,kg,2704881,FALSE,2704881,FALSE,0,FALSE,1643710.411,,1643710.411,0,FALSE,TRUE,
C,A,20230101,2023,52,2023,276,DEU,Germany,M,Import,360,IDN,Indonesia,0,W00,World,H6,HS,TRUE,281830,Aluminium hydroxide,Aluminium,6,TRUE,C00,TOTAL CPC,0,0,TOTAL MOT,8,kg,300,FALSE,8,kg,300,FALSE,300,FALSE,0,FALSE,3145.531,,3145.531,0,FALSE,TRUE,
C,A,20230101,2023,52,2023,276,DEU,Germany,M,Import,380,ITA,Italy,0,W00,World,H6,HS,TRUE,281830,Aluminium hydroxide,Aluminium,6,TRUE,C00,TOTAL CPC,0,0,TOTAL MOT,8,kg,277083,FALSE,8,kg,277083,FALSE,277083,FALSE,0,FALSE,315806.919,,315806.919,0,FALSE,TRUE,
C,A,20230101,2023,52,2023,276,DEU,Germany,M,Import,392,JPN,Japan,0,W00,World,H6,HS,TRUE,281830,Aluminium hydroxide,Aluminium,6,TRUE,C00,TOTAL CPC,0,0,TOTAL MOT,8,kg,197201.088,TRUE,-1,N/A,0,FALSE,197201.088,TRUE,0,FALSE,367484.117,,367484.117,6,FALSE,TRUE,
C,A,20230101,2023,52,2023,276,DEU,Germany,M,Import,410,KOR,South Korea,0,W00,World,H6,HS,TRUE,281830,Aluminium hydroxide,Aluminium,6,TRUE,C00,TOTAL CPC,0,0,TOTAL MOT,8,kg,222072.673,TRUE,-1,N/A,0,FALSE,222072.673,TRUE,0,FALSE,203806.401,,203806.401,6,FALSE,TRUE,
C,A,20230101,2023,52,2023,276,DEU,Germany,M,Import,528,NLD,Netherlands,0,W00,World,H6,HS,TRUE,281830,Aluminium hydroxide,Aluminium,6,TRUE,C00,TOTAL CPC,0,0,TOTAL MOT,8,kg,34306550,FALSE,8,kg,34306550,FALSE,34306550,FALSE,0,FALSE,22658110.07,,22658110.07,0,FALSE,TRUE,
C,A,20230101,2023,52,2023,276,DEU,Germany,M,Import,616,POL,Poland,0,W00,World,H6,HS,TRUE,281830,Aluminium hydroxide,Aluminium,6,TRUE,C00,TOTAL CPC,0,0,TOTAL MOT,8,kg,5852,FALSE,8,kg,5852,FALSE,5852,FALSE,0,FALSE,11896.321,,11896.321,0,FALSE,TRUE,
C,A,20230101,2023,52,2023,276,DEU,Germany,M,Import,643,RUS,Russia,0,W00,World,H6,HS,TRUE,281830,Aluminium hydroxide,Aluminium,6,TRUE,C00,TOTAL CPC,0,0,TOTAL MOT,8,kg,432000,FALSE,8,kg,432000,FALSE,432000,FALSE,0,FALSE,350938.735,,350938.735,0,FALSE,TRUE,
C,A,20230101,2023,52,2023,276,DEU,Germany,M,Import,699,IND,India,0,W00,World,H6,HS,TRUE,281830,Aluminium hydroxide,Aluminium,6,TRUE,C00,TOTAL CPC,0,0,TOTAL MOT,8,kg,17866.448,TRUE,-1,N/A,0,FALSE,17866.448,TRUE,0,FALSE,77988.445,,77988.445,6,FALSE,TRUE,
C,A,20230101,2023,52,2023,276,DEU,Germany,M,Import,703,SVK,Slovakia,0,W00,World,H6,HS,TRUE,281830,Aluminium hydroxide,Aluminium,6,TRUE,C00,TOTAL CPC,0,0,TOTAL MOT,8,kg,21505,FALSE,8,kg,21505,FALSE,21505,FALSE,0,FALSE,29753.34,,29753.34,0,FALSE,TRUE,
C,A,20230101,2023,52,2023,276,DEU,Germany,M,Import,705,SVN,Slovenia,0,W00,World,H6,HS,TRUE,281830,Aluminium hydroxide,Aluminium,6,TRUE,C00,TOTAL CPC,0,0,TOTAL MOT,8,kg,9959290,FALSE,8,kg,9959290,FALSE,9959290,FALSE,0,FALSE,9022786.289,,9022786.289,0,FALSE,TRUE,
C,A,20230101,2023,52,2023,276,DEU,Germany,M,Import,724,ESP,Spain,0,W00,World,H6,HS,TRUE,281830,Aluminium hydroxide,Aluminium,6,TRUE,C00,TOTAL CPC,0,0,TOTAL MOT,8,kg,34653250,FALSE,8,kg,34653250,FALSE,34653250,FALSE,0,FALSE,13579973.35,,13579973.35,0,FALSE,TRUE,
C,A,20230101,2023,52,2023,276,DEU,Germany,M,Import,757,CHE,Switzerland,0,W00,World,H6,HS,TRUE,281830,Aluminium hydroxide,Aluminium,6,TRUE,C00,TOTAL CPC,0,0,TOTAL MOT,8,kg,29479.854,TRUE,-1,N/A,0,FALSE,29479.854,TRUE,0,FALSE,37400.741,,37400.741,6,FALSE,TRUE,
C,A,20230101,2023,52,2023,276,DEU,Germany,M,Import,792,TUR,Turkey,0,W00,World,H6,HS,TRUE,281830,Aluminium hydroxide,Aluminium,6,TRUE,C00,TOTAL CPC,0,0,TOTAL MOT,8,kg,5321.795,TRUE,-1,N/A,0,FALSE,5321.795,TRUE,0,FALSE,2997.249,,2997.249,6,FALSE,TRUE,
C,A,20230101,2023,52,2023,276,DEU,Germany,M,Import,826,GBR,United Kingdom,0,W00,World,H6,HS,TRUE,281830,Aluminium hydroxide,Aluminium,6,TRUE,C00,TOTAL CPC,0,0,TOTAL MOT,8,kg,4847,FALSE,8,kg,4847,FALSE,4847,FALSE,0,FALSE,7867.643,,7867.643,0,FALSE,TRUE,
C,A,20230101,2023,52,2023,276,DEU,Germany,M,Import,842,USA,USA,0,W00,World,H6,HS,TRUE,281830,Aluminium hydroxide,Aluminium,6,TRUE,C00,TOTAL CPC,0,0,TOTAL MOT,8,kg,518795.845,TRUE,-1,N/A,0,FALSE,518795.845,TRUE,0,FALSE,2255054.383,,2255054.383,6,FALSE,TRUE,
C,A,20230101,2023,52,2023,276,DEU,Germany,M,Import,0,W00,World,0,W00,World,H6,HS,TRUE,281910,Chromium trioxide,Chromium,6,TRUE,C00,TOTAL CPC,0,0,TOTAL MOT,8,kg,3312430.926,TRUE,-1,N/A,0,FALSE,3312430.926,TRUE,0,FALSE,10574699.54,,10574699.54,6,FALSE,TRUE,
C,A,20230101,2023,52,2023,276,DEU,Germany,M,Import,56,BEL,Belgium,0,W00,World,H6,HS,TRUE,281910,Chromium trioxide,Chromium,6,TRUE,C00,TOTAL CPC,0,0,TOTAL MOT,8,kg,91.15,TRUE,-1,N/A,0,FALSE,91.15,TRUE,0,FALSE,478.644,,478.644,6,FALSE,TRUE,
C,A,20230101,2023,52,2023,276,DEU,Germany,M,Import,156,CHN,China,0,W00,World,H6,HS,TRUE,281910,Chromium trioxide,Chromium,6,TRUE,C00,TOTAL CPC,0,0,TOTAL MOT,8,kg,40046,FALSE,8,kg,40046,FALSE,40046,FALSE,0,FALSE,199547.669,,199547.669,0,FALSE,TRUE,
C,A,20230101,2023,52,2023,276,DEU,Germany,M,Import,208,DNK,Denmark,0,W00,World,H6,HS,TRUE,281910,Chromium trioxide,Chromium,6,TRUE,C00,TOTAL CPC,0,0,TOTAL MOT,8,kg,2700,FALSE,8,kg,2700,FALSE,2700,FALSE,0,FALSE,5225.833,,5225.833,0,FALSE,TRUE,
C,A,20230101,2023,52,2023,276,DEU,Germany,M,Import,380,ITA,Italy,0,W00,World,H6,HS,TRUE,281910,Chromium trioxide,Chromium,6,TRUE,C00,TOTAL CPC,0,0,TOTAL MOT,8,kg,608400,FALSE,8,kg,608400,FALSE,608400,FALSE,0,FALSE,1268160.215,,1268160.215,0,FALSE,TRUE,
C,A,20230101,2023,52,2023,276,DEU,Germany,M,Import,398,KAZ,Kazakhstan,0,W00,World,H6,HS,TRUE,281910,Chromium trioxide,Chromium,6,TRUE,C00,TOTAL CPC,0,0,TOTAL MOT,8,kg,1308320,FALSE,8,kg,1308320,FALSE,1308320,FALSE,0,FALSE,4110890.223,,4110890.223,0,FALSE,TRUE,
C,A,20230101,2023,52,2023,276,DEU,Germany,M,Import,528,NLD,Netherlands,0,W00,World,H6,HS,TRUE,281910,Chromium trioxide,Chromium,6,TRUE,C00,TOTAL CPC,0,0,TOTAL MOT,8,kg,900,FALSE,8,kg,900,FALSE,900,FALSE,0,FALSE,4022.136,,4022.136,0,FALSE,TRUE,
C,A,20230101,2023,52,2023,276,DEU,Germany,M,Import,643,RUS,Russia,0,W00,World,H6,HS,TRUE,281910,Chromium trioxide,Chromium,6,TRUE,C00,TOTAL CPC,0,0,TOTAL MOT,8,kg,99000,FALSE,8,kg,99000,FALSE,99000,FALSE,0,FALSE,313000.473,,313000.473,0,FALSE,TRUE,
C,A,20230101,2023,52,2023,276,DEU,Germany,M,Import,710,ZAF,South Africa,0,W00,World,H6,HS,TRUE,281910,Chromium trioxide,Chromium,6,TRUE,C00,TOTAL CPC,0,0,TOTAL MOT,8,kg,402928.025,TRUE,-1,N/A,0,FALSE,402928.025,TRUE,0,FALSE,1659263.615,,1659263.615,6,FALSE,TRUE,
C,A,20230101,2023,52,2023,276,DEU,Germany,M,Import,792,TUR,Turkey,0,W00,World,H6,HS,TRUE,281910,Chromium trioxide,Chromium,6,TRUE,C00,TOTAL CPC,0,0,TOTAL MOT,8,kg,759908.527,TRUE,-1,N/A,0,FALSE,759908.527,TRUE,0,FALSE,2672033.997,,2672033.997,6,FALSE,TRUE,
C,A,20230101,2023,52,2023,276,DEU,Germany,M,Import,842,USA,USA,0,W00,World,H6,HS,TRUE,281910,Chromium trioxide,Chromium,6,TRUE,C00,TOTAL CPC,0,0,TOTAL MOT,8,kg,90137.224,TRUE,-1,N/A,0,FALSE,90137.224,TRUE,0,FALSE,342076.733,,342076.733,6,FALSE,TRUE,
C,A,20230101,2023,52,2023,276,DEU,Germany,M,Import,0,W00,World,0,W00,World,H6,HS,TRUE,282110,Iron oxides and hydroxides,Iron,6,TRUE,C00,TOTAL CPC,0,0,TOTAL MOT,8,kg,29879651.39,TRUE,-1,N/A,0,FALSE,29879651.39,TRUE,0,FALSE,32233834.86,,32233834.86,6,FALSE,TRUE,
C,A,20230101,2023,52,2023,276,DEU,Germany,M,Import,40,AUT,Austria,0,W00,World,H6,HS,TRUE,282110,Iron oxides and hydroxides,Iron,6,TRUE,C00,TOTAL CPC,0,0,TOTAL MOT,8,kg,1580370,FALSE,8,kg,1580370,FALSE,1580370,FALSE,0,FALSE,1072574.716,,1072574.716,0,FALSE,TRUE,
C,A,20230101,2023,52,2023,276,DEU,Germany,M,Import,56,BEL,Belgium,0,W00,World,H6,HS,TRUE,282110,Iron oxides and hydroxides,Iron,6,TRUE,C00,TOTAL CPC,0,0,TOTAL MOT,8,kg,729676,FALSE,8,kg,729676,FALSE,729676,FALSE,0,FALSE,1149028.011,,1149028.011,0,FALSE,TRUE,
C,A,20230101,2023,52,2023,276,DEU,Germany,M,Import,76,BRA,Brazil,0,W00,World,H6,HS,TRUE,282110,Iron oxides and hydroxides,Iron,6,TRUE,C00,TOTAL CPC,0,0,TOTAL MOT,8,kg,1744431.139,TRUE,-1,N/A,0,FALSE,1744431.139,TRUE,0,FALSE,2149435.422,,2149435.422,6,FALSE,TRUE,
C,A,20230101,2023,52,2023,276,DEU,Germany,M,Import,124,CAN,Canada,0,W00,World,H6,HS,TRUE,282110,Iron oxides and hydroxides,Iron,6,TRUE,C00,TOTAL CPC,0,0,TOTAL MOT,8,kg,6344,FALSE,8,kg,6344,FALSE,6344,FALSE,0,FALSE,10722.062,,10722.062,0,FALSE,TRUE,
C,A,20230101,2023,52,2023,276,DEU,Germany,M,Import,156,CHN,China,0,W00,World,H6,HS,TRUE,282110,Iron oxides and hydroxides,Iron,6,TRUE,C00,TOTAL CPC,0,0,TOTAL MOT,8,kg,6801652.043,TRUE,-1,N/A,0,FALSE,6801652.043,TRUE,0,FALSE,10543629.11,,10543629.11,6,FALSE,TRUE,
C,A,20230101,2023,52,2023,276,DEU,Germany,M,Import,170,COL,Colombia,0,W00,World,H6,HS,TRUE,282110,Iron oxides and hydroxides,Iron,6,TRUE,C00,TOTAL CPC,0,0,TOTAL MOT,8,kg,2000,FALSE,8,kg,2000,FALSE,2000,FALSE,0,FALSE,3824.791,,3824.791,0,FALSE,TRUE,
C,A,20230101,2023,52,2023,276,DEU,Germany,M,Import,203,CZE,Czechia,0,W00,World,H6,HS,TRUE,282110,Iron oxides and hydroxides,Iron,6,TRUE,C00,TOTAL CPC,0,0,TOTAL MOT,8,kg,241274,FALSE,8,kg,241274,FALSE,241274,FALSE,0,FALSE,517525.385,,517525.385,0,FALSE,TRUE,
C,A,20230101,2023,52,2023,276,DEU,Germany,M,Import,208,DNK,Denmark,0,W00,World,H6,HS,TRUE,282110,Iron oxides and hydroxides,Iron,6,TRUE,C00,TOTAL CPC,0,0,TOTAL MOT,8,kg,261329,FALSE,8,kg,261329,FALSE,261329,FALSE,0,FALSE,550314.135,,550314.135,0,FALSE,TRUE,
C,A,20230101,2023,52,2023,276,DEU,Germany,M,Import,246,FIN,Finland,0,W00,World,H6,HS,TRUE,282110,Iron oxides and hydroxides,Iron,6,TRUE,C00,TOTAL CPC,0,0,TOTAL MOT,8,kg,4443990,FALSE,8,kg,4443990,FALSE,4443990,FALSE,0,FALSE,315540.884,,315540.884,0,FALSE,TRUE,
C,A,20230101,2023,52,2023,276,DEU,Germany,M,Import,251,FRA,France,0,W00,World,H6,HS,TRUE,282110,Iron oxides and hydroxides,Iron,6,TRUE,C00,TOTAL CPC,0,0,TOTAL MOT,8,kg,1085683.655,TRUE,-1,N/A,0,FALSE,1085683.655,TRUE,0,FALSE,893186.791,,893186.791,6,FALSE,TRUE,
C,A,20230101,2023,52,2023,276,DEU,Germany,M,Import,344,HKG,Hong Kong,0,W00,World,H6,HS,TRUE,282110,Iron oxides and hydroxides,Iron,6,TRUE,C00,TOTAL CPC,0,0,TOTAL MOT,8,kg,1090,FALSE,8,kg,1090,FALSE,1090,FALSE,0,FALSE,1625.645,,1625.645,0,FALSE,TRUE,
C,A,20230101,2023,52,2023,276,DEU,Germany,M,Import,348,HUN,Hungary,0,W00,World,H6,HS,TRUE,282110,Iron oxides and hydroxides,Iron,6,TRUE,C00,TOTAL CPC,0,0,TOTAL MOT,8,kg,4000,FALSE,8,kg,4000,FALSE,4000,FALSE,0,FALSE,15264.274,,15264.274,0,FALSE,TRUE,
C,A,20230101,2023,52,2023,276,DEU,Germany,M,Import,380,ITA,Italy,0,W00,World,H6,HS,TRUE,282110,Iron oxides and hydroxides,Iron,6,TRUE,C00,TOTAL CPC,0,0,TOTAL MOT,8,kg,1702584,FALSE,8,kg,1702584,FALSE,1702584,FALSE,0,FALSE,5281911.872,,5281911.872,0,FALSE,TRUE,
C,A,20230101,2023,52,2023,276,DEU,Germany,M,Import,392,JPN,Japan,0,W00,World,H6,HS,TRUE,282110,Iron oxides and hydroxides,Iron,6,TRUE,C00,TOTAL CPC,0,0,TOTAL MOT,8,kg,326350.263,TRUE,-1,N/A,0,FALSE,326350.263,TRUE,0,FALSE,1570888.922,,1570888.922,6,FALSE,TRUE,
C,A,20230101,2023,52,2023,276,DEU,Germany,M,Import,410,KOR,South Korea,0,W00,World,H6,HS,TRUE,282110,Iron oxides and hydroxides,Iron,6,TRUE,C00,TOTAL CPC,0,0,TOTAL MOT,8,kg,281149.295,TRUE,-1,N/A,0,FALSE,281149.295,TRUE,0,FALSE,371078.853,,371078.853,6,FALSE,TRUE,
C,A,20230101,2023,52,2023,276,DEU,Germany,M,Import,442,LUX,Luxembourg,0,W00,World,H6,HS,TRUE,282110,Iron oxides and hydroxides,Iron,6,TRUE,C00,TOTAL CPC,0,0,TOTAL MOT,8,kg,8280,FALSE,8,kg,8280,FALSE,8280,FALSE,0,FALSE,20763.773,,20763.773,0,FALSE,TRUE,
C,A,20230101,2023,52,2023,276,DEU,Germany,M,Import,490,S19,"Other Asia, nes",0,W00,World,H6,HS,TRUE,282110,Iron oxides and hydroxides,Iron,6,TRUE,C00,TOTAL CPC,0,0,TOTAL MOT,8,kg,70005.053,TRUE,-1,N/A,0,FALSE,70005.053,TRUE,0,FALSE,36935.181,,36935.181,6,FALSE,TRUE,
C,A,20230101,2023,52,2023,276,DEU,Germany,M,Import,528,NLD,Netherlands,0,W00,World,H6,HS,TRUE,282110,Iron oxides and hydroxides,Iron,6,TRUE,C00,TOTAL CPC,0,0,TOTAL MOT,8,kg,3901900,FALSE,8,kg,3901900,FALSE,3901900,FALSE,0,FALSE,1275378.036,,1275378.036,0,FALSE,TRUE,
C,A,20230101,2023,52,2023,276,DEU,Germany,M,Import,579,NOR,Norway,0,W00,World,H6,HS,TRUE,282110,Iron oxides and hydroxides,Iron,6,TRUE,C00,TOTAL CPC,0,0,TOTAL MOT,8,kg,1573616,FALSE,8,kg,1573616,FALSE,1573616,FALSE,0,FALSE,1802579.88,,1802579.88,0,FALSE,TRUE,
C,A,20230101,2023,52,2023,276,DEU,Germany,M,Import,616,POL,Poland,0,W00,World,H6,HS,TRUE,282110,Iron oxides and hydroxides,Iron,6,TRUE,C00,TOTAL CPC,0,0,TOTAL MOT,8,kg,17492,FALSE,8,kg,17492,FALSE,17492,FALSE,0,FALSE,40655.303,,40655.303,0,FALSE,TRUE,
C,A,20230101,2023,52,2023,276,DEU,Germany,M,Import,642,ROU,Romania,0,W00,World,H6,HS,TRUE,282110,Iron oxides and hydroxides,Iron,6,TRUE,C00,TOTAL CPC,0,0,TOTAL MOT,8,kg,20000,FALSE,8,kg,20000,FALSE,20000,FALSE,0,FALSE,72168.395,,72168.395,0,FALSE,TRUE,
C,A,20230101,2023,52,2023,276,DEU,Germany,M,Import,682,SAU,Saudi Arabia,0,W00,World,H6,HS,TRUE,282110,Iron oxides and hydroxides,Iron,6,TRUE,C00,TOTAL CPC,0,0,TOTAL MOT,8,kg,48000,FALSE,8,kg,48000,FALSE,48000,FALSE,0,FALSE,38182.49,,38182.49,0,FALSE,TRUE,
C,A,20230101,2023,52,2023,276,DEU,Germany,M,Import,699,IND,India,0,W00,World,H6,HS,TRUE,282110,Iron oxides and hydroxides,Iron,6,TRUE,C00,TOTAL CPC,0,0,TOTAL MOT,8,kg,97170,FALSE,8,kg,97170,FALSE,97170,FALSE,0,FALSE,41393.439,,41393.439,0,FALSE,TRUE,
C,A,20230101,2023,52,2023,276,DEU,Germany,M,Import,705,SVN,Slovenia,0,W00,World,H6,HS,TRUE,282110,Iron oxides and hydroxides,Iron,6,TRUE,C00,TOTAL CPC,0,0,TOTAL MOT,8,kg,23003,FALSE,8,kg,23003,FALSE,23003,FALSE,0,FALSE,54189.262,,54189.262,0,FALSE,TRUE,
C,A,20230101,2023,52,2023,276,DEU,Germany,M,Import,710,ZAF,South Africa,0,W00,World,H6,HS,TRUE,282110,Iron oxides and hydroxides,Iron,6,TRUE,C00,TOTAL CPC,0,0,TOTAL MOT,8,kg,38847.262,TRUE,-1,N/A,0,FALSE,38847.262,TRUE,0,FALSE,43376.704,,43376.704,6,FALSE,TRUE,
C,A,20230101,2023,52,2023,276,DEU,Germany,M,Import,724,ESP,Spain,0,W00,World,H6,HS,TRUE,282110,Iron oxides and hydroxides,Iron,6,TRUE,C00,TOTAL CPC,0,0,TOTAL MOT,8,kg,1254280,FALSE,8,kg,1254280,FALSE,1254280,FALSE,0,FALSE,1206129.478,,1206129.478,0,FALSE,TRUE,
C,A,20230101,2023,52,2023,276,DEU,Germany,M,Import,752,SWE,Sweden,0,W00,World,H6,HS,TRUE,282110,Iron oxides and hydroxides,Iron,6,TRUE,C00,TOTAL CPC,0,0,TOTAL MOT,8,kg,2576402.817,TRUE,-1,N/A,0,FALSE,2576402.817,TRUE,0,FALSE,416663.426,,416663.426,6,FALSE,TRUE,
C,A,20230101,2023,52,2023,276,DEU,Germany,M,Import,757,CHE,Switzerland,0,W00,World,H6,HS,TRUE,282110,Iron oxides and hydroxides,Iron,6,TRUE,C00,TOTAL CPC,0,0,TOTAL MOT,8,kg,22545.956,TRUE,-1,N/A,0,FALSE,22545.956,TRUE,0,FALSE,122191.601,,122191.601,6,FALSE,TRUE,
C,A,20230101,2023,52,2023,276,DEU,Germany,M,Import,792,TUR,Turkey,0,W00,World,H6,HS,TRUE,282110,Iron oxides and hydroxides,Iron,6,TRUE,C00,TOTAL CPC,0,0,TOTAL MOT,8,kg,636620.025,TRUE,-1,N/A,0,FALSE,636620.025,TRUE,0,FALSE,112649.249,,112649.249,6,FALSE,TRUE,
C,A,20230101,2023,52,2023,276,DEU,Germany,M,Import,818,EGY,Egypt,0,W00,World,H6,HS,TRUE,282110,Iron oxides and hydroxides,Iron,6,TRUE,C00,TOTAL CPC,0,0,TOTAL MOT,8,kg,25,FALSE,8,kg,25,FALSE,25,FALSE,0,FALSE,343.446,,343.446,0,FALSE,TRUE,
C,A,20230101,2023,52,2023,276,DEU,Germany,M,Import,826,GBR,United Kingdom,0,W00,World,H6,HS,TRUE,282110,Iron oxides and hydroxides,Iron,6,TRUE,C00,TOTAL CPC,0,0,TOTAL MOT,8,kg,284715.313,TRUE,-1,N/A,0,FALSE,284715.313,TRUE,0,FALSE,660182.016,,660182.016,6,FALSE,TRUE,
C,A,20230101,2023,52,2023,276,DEU,Germany,M,Import,842,USA,USA,0,W00,World,H6,HS,TRUE,282110,Iron oxides and hydroxides,Iron,6,TRUE,C00,TOTAL CPC,0,0,TOTAL MOT,8,kg,94825.569,TRUE,-1,N/A,0,FALSE,94825.569,TRUE,0,FALSE,1843502.308,,1843502.308,6,FALSE,TRUE,
C,A,20230101,2023,52,2023,276,DEU,Germany,M,Import,0,W00,World,0,W00,World,H6,HS,TRUE,282300,Titanium oxides,Titanium,6,TRUE,C00,TOTAL CPC,0,0,TOTAL MOT,8,kg,15318208.95,TRUE,-1,N/A,0,FALSE,15318208.95,TRUE,0,FALSE,77520502.28,,77520502.28,6,FALSE,TRUE,
C,A,20230101,2023,52,2023,276,DEU,Germany,M,Import,36,AUS,Australia,0,W00,World,H6,HS,TRUE,282300,Titanium oxides,Titanium,6,TRUE,C00,TOTAL CPC,0,0,TOTAL MOT,8,kg,46000,FALSE,8,kg,46000,FALSE,46000,FALSE,0,FALSE,154635.814,,154635.814,0,FALSE,TRUE,
C,A,20230101,2023,52,2023,276,DEU,Germany,M,Import,40,AUT,Austria,0,W00,World,H6,HS,TRUE,282300,Titanium oxides,Titanium,6,TRUE,C00,TOTAL CPC,0,0,TOTAL MOT,8,kg,50752,FALSE,8,kg,50752,FALSE,50752,FALSE,0,FALSE,147703.654,,147703.654,0,FALSE,TRUE,
C,A,20230101,2023,52,2023,276,DEU,Germany,M,Import,56,BEL,Belgium,0,W00,World,H6,HS,TRUE,282300,Titanium oxides,Titanium,6,TRUE,C00,TOTAL CPC,0,0,TOTAL MOT,8,kg,518652,FALSE,8,kg,518652,FALSE,518652,FALSE,0,FALSE,1963537.285,,1963537.285,0,FALSE,TRUE,
C,A,20230101,2023,52,2023,276,DEU,Germany,M,Import,124,CAN,Canada,0,W00,World,H6,HS,TRUE,282300,Titanium oxides,Titanium,6,TRUE,C00,TOTAL CPC,0,0,TOTAL MOT,8,kg,35534,FALSE,8,kg,35534,FALSE,35534,FALSE,0,FALSE,227521.631,,227521.631,0,FALSE,TRUE,
C,A,20230101,2023,52,2023,276,DEU,Germany,M,Import,156,CHN,China,0,W00,World,H6,HS,TRUE,282300,Titanium oxides,Titanium,6,TRUE,C00,TOTAL CPC,0,0,TOTAL MOT,8,kg,4611951.117,TRUE,-1,N/A,0,FALSE,4611951.117,TRUE,0,FALSE,12730788,,12730788,6,FALSE,TRUE,
C,A,20230101,2023,52,2023,276,DEU,Germany,M,Import,203,CZE,Czechia,0,W00,World,H6,HS,TRUE,282300,Titanium oxides,Titanium,6,TRUE,C00,TOTAL CPC,0,0,TOTAL MOT,8,kg,1321180,FALSE,8,kg,1321180,FALSE,1321180,FALSE,0,FALSE,3692942.418,,3692942.418,0,FALSE,TRUE,
C,A,20230101,2023,52,2023,276,DEU,Germany,M,Import,208,DNK,Denmark,0,W00,World,H6,HS,TRUE,282300,Titanium oxides,Titanium,6,TRUE,C00,TOTAL CPC,0,0,TOTAL MOT,8,kg,44900,FALSE,8,kg,44900,FALSE,44900,FALSE,0,FALSE,220555.67,,220555.67,0,FALSE,TRUE,
C,A,20230101,2023,52,2023,276,DEU,Germany,M,Import,251,FRA,France,0,W00,World,H6,HS,TRUE,282300,Titanium oxides,Titanium,6,TRUE,C00,TOTAL CPC,0,0,TOTAL MOT,8,kg,6171165,FALSE,8,kg,6171165,FALSE,6171165,FALSE,0,FALSE,46279402.35,,46279402.35,0,FALSE,TRUE,
C,A,20230101,2023,52,2023,276,DEU,Germany,M,Import,380,ITA,Italy,0,W00,World,H6,HS,TRUE,282300,Titanium oxides,Titanium,6,TRUE,C00,TOTAL CPC,0,0,TOTAL MOT,8,kg,71987,FALSE,8,kg,71987,FALSE,71987,FALSE,0,FALSE,596323.927,,596323.927,0,FALSE,TRUE,
C,A,20230101,2023,52,2023,276,DEU,Germany,M,Import,392,JPN,Japan,0,W00,World,H6,HS,TRUE,282300,Titanium oxides,Titanium,6,TRUE,C00,TOTAL CPC,0,0,TOTAL MOT,8,kg,324391.812,TRUE,-1,N/A,0,FALSE,324391.812,TRUE,0,FALSE,3978203.344,,3978203.344,6,FALSE,TRUE,
C,A,20230101,2023,52,2023,276,DEU,Germany,M,Import,410,KOR,South Korea,0,W00,World,H6,HS,TRUE,282300,Titanium oxides,Titanium,6,TRUE,C00,TOTAL CPC,0,0,TOTAL MOT,8,kg,917487.004,TRUE,-1,N/A,0,FALSE,917487.004,TRUE,0,FALSE,2750968.827,,2750968.827,6,FALSE,TRUE,
C,A,20230101,2023,52,2023,276,DEU,Germany,M,Import,528,NLD,Netherlands,0,W00,World,H6,HS,TRUE,282300,Titanium oxides,Titanium,6,TRUE,C00,TOTAL CPC,0,0,TOTAL MOT,8,kg,649146,FALSE,8,kg,649146,FALSE,649146,FALSE,0,FALSE,2787791.707,,2787791.707,0,FALSE,TRUE,
C,A,20230101,2023,52,2023,276,DEU,Germany,M,Import,579,NOR,Norway,0,W00,World,H6,HS,TRUE,282300,Titanium oxides,Titanium,6,TRUE,C00,TOTAL CPC,0,0,TOTAL MOT,8,kg,415,FALSE,8,kg,415,FALSE,415,FALSE,0,FALSE,1646.361,,1646.361,0,FALSE,TRUE,
C,A,20230101,2023,52,2023,276,DEU,Germany,M,Import,616,POL,Poland,0,W00,World,H6,HS,TRUE,282300,Titanium oxides,Titanium,6,TRUE,C00,TOTAL CPC,0,0,TOTAL MOT,8,kg,61078,FALSE,8,kg,61078,FALSE,61078,FALSE,0,FALSE,196758.668,,196758.668,0,FALSE,TRUE,
C,A,20230101,2023,52,2023,276,DEU,Germany,M,Import,699,IND,India,0,W00,World,H6,HS,TRUE,282300,Titanium oxides,Titanium,6,TRUE,C00,TOTAL CPC,0,0,TOTAL MOT,8,kg,5922.65,TRUE,-1,N/A,0,FALSE,5922.65,TRUE,0,FALSE,21890.059,,21890.059,6,FALSE,TRUE,
C,A,20230101,2023,52,2023,276,DEU,Germany,M,Import,752,SWE,Sweden,0,W00,World,H6,HS,TRUE,282300,Titanium oxides,Titanium,6,TRUE,C00,TOTAL CPC,0,0,TOTAL MOT,8,kg,4000,FALSE,8,kg,4000,FALSE,4000,FALSE,0,FALSE,13189.423,,13189.423,0,FALSE,TRUE,
C,A,20230101,2023,52,2023,276,DEU,Germany,M,Import,757,CHE,Switzerland,0,W00,World,H6,HS,TRUE,282300,Titanium oxides,Titanium,6,TRUE,C00,TOTAL CPC,0,0,TOTAL MOT,8,kg,24030.609,TRUE,-1,N/A,0,FALSE,24030.609,TRUE,0,FALSE,111357.237,,111357.237,6,FALSE,TRUE,
C,A,20230101,2023,52,2023,276,DEU,Germany,M,Import,792,TUR,Turkey,0,W00,World,H6,HS,TRUE,282300,Titanium oxides,Titanium,6,TRUE,C00,TOTAL CPC,0,0,TOTAL MOT,8,kg,824,FALSE,8,kg,824,FALSE,824,FALSE,0,FALSE,3439.913,,3439.913,0,FALSE,TRUE,
C,A,20230101,2023,52,2023,276,DEU,Germany,M,Import,804,UKR,Ukraine,0,W00,World,H6,HS,TRUE,282300,Titanium oxides,Titanium,6,TRUE,C00,TOTAL CPC,0,0,TOTAL MOT,8,kg,63000,FALSE,8,kg,63000,FALSE,63000,FALSE,0,FALSE,167000.966,,167000.966,0,FALSE,TRUE,
C,A,20230101,2023,52,2023,276,DEU,Germany,M,Import,826,GBR,United Kingdom,0,W00,World,H6,HS,TRUE,282300,Titanium oxides,Titanium,6,TRUE,C00,TOTAL CPC,0,0,TOTAL MOT,8,kg,334064.654,TRUE,-1,N/A,0,FALSE,334064.654,TRUE,0,FALSE,1194899.334,,1194899.334,6,FALSE,TRUE,
C,A,20230101,2023,52,2023,276,DEU,Germany,M,Import,842,USA,USA,0,W00,World,H6,HS,TRUE,282300,Titanium oxides,Titanium,6,TRUE,C00,TOTAL CPC,0,0,TOTAL MOT,8,kg,61728.1,TRUE,-1,N/A,0,FALSE,61728.1,TRUE,0,FALSE,279945.688,,279945.688,6,FALSE,TRUE,
C,A,20230101,2023,52,2023,276,DEU,Germany,M,Import,0,W00,World,0,W00,World,H6,HS,TRUE,260200,"Manganese ores and concentrates, including ferruginous manganese ores and concentrates with a manganese content of 20% or more, calculated on the dry weight",Manganese,6,TRUE,C00,TOTAL CPC,0,0,TOTAL MOT,8,kg,16188227.82,TRUE,-1,N/A,0,FALSE,16188227.82,TRUE,0,FALSE,10551269.97,,10551269.97,6,FALSE,TRUE,
C,A,20230101,2023,52,2023,276,DEU,Germany,M,Import,56,BEL,Belgium,0,W00,World,H6,HS,TRUE,260200,"Manganese ores and concentrates, including ferruginous manganese ores and concentrates with a manganese content of 20% or more, calculated on the dry weight",Manganese,6,TRUE,C00,TOTAL CPC,0,0,TOTAL MOT,8,kg,1362500,FALSE,8,kg,1362500,FALSE,1362500,FALSE,0,FALSE,1312071.169,,1312071.169,0,FALSE,TRUE,
C,A,20230101,2023,52,2023,276,DEU,Germany,M,Import,76,BRA,Brazil,0,W00,World,H6,HS,TRUE,260200,"Manganese ores and concentrates, including ferruginous manganese ores and concentrates with a manganese content of 20% or more, calculated on the dry weight",Manganese,6,TRUE,C00,TOTAL CPC,0,0,TOTAL MOT,8,kg,3362618,FALSE,8,kg,3362618,FALSE,3362618,FALSE,0,FALSE,2689014.411,,2689014.411,0,FALSE,TRUE,
C,A,20230101,2023,52,2023,276,DEU,Germany,M,Import,156,CHN,China,0,W00,World,H6,HS,TRUE,260200,"Manganese ores and concentrates, including ferruginous manganese ores and concentrates with a manganese content of 20% or more, calculated on the dry weight",Manganese,6,TRUE,C00,TOTAL CPC,0,0,TOTAL MOT,8,kg,1850,FALSE,8,kg,1850,FALSE,1850,FALSE,0,FALSE,1432.661,,1432.661,0,FALSE,TRUE,
C,A,20230101,2023,52,2023,276,DEU,Germany,M,Import,251,FRA,France,0,W00,World,H6,HS,TRUE,260200,"Manganese ores and concentrates, including ferruginous manganese ores and concentrates with a manganese content of 20% or more, calculated on the dry weight",Manganese,6,TRUE,C00,TOTAL CPC,0,0,TOTAL MOT,8,kg,857172,FALSE,8,kg,857172,FALSE,857172,FALSE,0,FALSE,524872.952,,524872.952,0,FALSE,TRUE,
C,A,20230101,2023,52,2023,276,DEU,Germany,M,Import,266,GAB,Gabon,0,W00,World,H6,HS,TRUE,260200,"Manganese ores and concentrates, including ferruginous manganese ores and concentrates with a manganese content of 20% or more, calculated on the dry weight",Manganese,6,TRUE,C00,TOTAL CPC,0,0,TOTAL MOT,8,kg,1298400,FALSE,8,kg,1298400,FALSE,1298400,FALSE,0,FALSE,359172.72,,359172.72,0,FALSE,TRUE,
C,A,20230101,2023,52,2023,276,DEU,Germany,M,Import,398,KAZ,Kazakhstan,0,W00,World,H6,HS,TRUE,260200,"Manganese ores and concentrates, including ferruginous manganese ores and concentrates with a manganese content of 20% or more, calculated on the dry weight",Manganese,6,TRUE,C00,TOTAL CPC,0,0,TOTAL MOT,8,kg,900,FALSE,8,kg,900,FALSE,900,FALSE,0,FALSE,2419.387,,2419.387,0,FALSE,TRUE,
C,A,20230101,2023,52,2023,276,DEU,Germany,M,Import,504,MAR,Morocco,0,W00,World,H6,HS,TRUE,260200,"Manganese ores and concentrates, including ferruginous manganese ores and concentrates with a manganese content of 20% or more, calculated on the dry weight",Manganese,6,TRUE,C00,TOTAL CPC,0,0,TOTAL MOT,8,kg,2528337.746,TRUE,-1,N/A,0,FALSE,2528337.746,TRUE,0,FALSE,1251497.08,,1251497.08,6,FALSE,TRUE,
C,A,20230101,2023,52,2023,276,DEU,Germany,M,Import,528,NLD,Netherlands,0,W00,World,H6,HS,TRUE,260200,"Manganese ores and concentrates, including ferruginous manganese ores and concentrates with a manganese content of 20% or more, calculated on the dry weight",Manganese,6,TRUE,C00,TOTAL CPC,0,0,TOTAL MOT,8,kg,5312150,FALSE,8,kg,5312150,FALSE,5312150,FALSE,0,FALSE,3273624.098,,3273624.098,0,FALSE,TRUE,
C,A,20230101,2023,52,2023,276,DEU,Germany,M,Import,616,POL,Poland,0,W00,World,H6,HS,TRUE,260200,"Manganese ores and concentrates, including ferruginous manganese ores and concentrates with a manganese content of 20% or more, calculated on the dry weight",Manganese,6,TRUE,C00,TOTAL CPC,0,0,TOTAL MOT,8,kg,96000,FALSE,8,kg,96000,FALSE,96000,FALSE,0,FALSE,116958.136,,116958.136,0,FALSE,TRUE,
C,A,20230101,2023,52,2023,276,DEU,Germany,M,Import,699,IND,India,0,W00,World,H6,HS,TRUE,260200,"Manganese ores and concentrates, including ferruginous manganese ores and concentrates with a manganese content of 20% or more, calculated on the dry weight",Manganese,6,TRUE,C00,TOTAL CPC,0,0,TOTAL MOT,8,kg,36,FALSE,8,kg,36,FALSE,36,FALSE,0,FALSE,143.92,,143.92,0,FALSE,TRUE,
C,A,20230101,2023,52,2023,276,DEU,Germany,M,Import,710,ZAF,South Africa,0,W00,World,H6,HS,TRUE,260200,"Manganese ores and concentrates, including ferruginous manganese ores and concentrates with a manganese content of 20% or more, calculated on the dry weight",Manganese,6,TRUE,C00,TOTAL CPC,0,0,TOTAL MOT,8,kg,587800,FALSE,8,kg,587800,FALSE,587800,FALSE,0,FALSE,312491.3,,312491.3,0,FALSE,TRUE,
C,A,20230101,2023,52,2023,276,DEU,Germany,M,Import,724,ESP,Spain,0,W00,World,H6,HS,TRUE,260200,"Manganese ores and concentrates, including ferruginous manganese ores and concentrates with a manganese content of 20% or more, calculated on the dry weight",Manganese,6,TRUE,C00,TOTAL CPC,0,0,TOTAL MOT,8,kg,120000,FALSE,8,kg,120000,FALSE,120000,FALSE,0,FALSE,104669.305,,104669.305,0,FALSE,TRUE,
C,A,20230101,2023,52,2023,276,DEU,Germany,M,Import,792,TUR,Turkey,0,W00,World,H6,HS,TRUE,260200,"Manganese ores and concentrates, including ferruginous manganese ores and concentrates with a manganese content of 20% or more, calculated on the dry weight",Manganese,6,TRUE,C00,TOTAL CPC,0,0,TOTAL MOT,8,kg,556402,FALSE,8,kg,556402,FALSE,556402,FALSE,0,FALSE,166823.247,,166823.247,0,FALSE,TRUE,
C,A,20230101,2023,52,2023,276,DEU,Germany,M,Import,842,USA,USA,0,W00,World,H6,HS,TRUE,260200,"Manganese ores and concentrates, including ferruginous manganese ores and concentrates with a manganese content of 20% or more, calculated on the dry weight",Manganese,6,TRUE,C00,TOTAL CPC,0,0,TOTAL MOT,8,kg,104062.074,TRUE,-1,N/A,0,FALSE,104062.074,TRUE,0,FALSE,436079.582,,436079.582,6,FALSE,TRUE,
C,A,20230101,2023,52,2023,276,DEU,Germany,M,Import,0,W00,World,0,W00,World,H6,HS,TRUE,261610,Silver ores and concentrates,Silver,6,TRUE,C00,TOTAL CPC,0,0,TOTAL MOT,8,kg,5778202.392,TRUE,-1,N/A,0,FALSE,5778202.392,TRUE,0,FALSE,48188104.91,,48188104.91,6,FALSE,TRUE,
C,A,20230101,2023,52,2023,276,DEU,Germany,M,Import,156,CHN,China,0,W00,World,H6,HS,TRUE,261610,Silver ores and concentrates,Silver,6,TRUE,C00,TOTAL CPC,0,0,TOTAL MOT,8,kg,1633530.131,TRUE,-1,N/A,0,FALSE,1633530.131,TRUE,0,FALSE,15330690.68,,15330690.68,6,FALSE,TRUE,
C,A,20230101,2023,52,2023,276,DEU,Germany,M,Import,484,MEX,Mexico,0,W00,World,H6,HS,TRUE,261610,Silver ores and concentrates,Silver,6,TRUE,C00,TOTAL CPC,0,0,TOTAL MOT,8,kg,1228862,FALSE,8,kg,1228862,FALSE,1228862,FALSE,0,FALSE,9519161.933,,9519161.933,0,FALSE,TRUE,
C,A,20230101,2023,52,2023,276,DEU,Germany,M,Import,604,PER,Peru,0,W00,World,H6,HS,TRUE,261610,Silver ores and concentrates,Silver,6,TRUE,C00,TOTAL CPC,0,0,TOTAL MOT,8,kg,2915810.261,TRUE,-1,N/A,0,FALSE,2915810.261,TRUE,0,FALSE,23338252.31,,23338252.31,6,FALSE,TRUE,
C,A,20230101,2023,52,2023,276,DEU,Germany,M,Import,0,W00,World,0,W00,World,H6,HS,TRUE,261710,Antimony ores and concentrates,Antimony,6,TRUE,C00,TOTAL CPC,0,0,TOTAL MOT,8,kg,10469.132,TRUE,-1,N/A,0,FALSE,10469.132,TRUE,0,FALSE,326942.206,,326942.206,6,FALSE,TRUE,
C,A,20230101,2023,52,2023,276,DEU,Germany,M,Import,528,NLD,Netherlands,0,W00,World,H6,HS,TRUE,261710,Antimony ores and concentrates,Antimony,6,TRUE,C00,TOTAL CPC,0,0,TOTAL MOT,8,kg,10000,FALSE,8,kg,10000,FALSE,10000,FALSE,0,FALSE,323482.668,,323482.668,0,FALSE,TRUE,
C,A,20230101,2023,52,2023,276,DEU,Germany,M,Import,842,USA,USA,0,W00,World,H6,HS,TRUE,261710,Antimony ores and concentrates,Antimony,6,TRUE,C00,TOTAL CPC,0,0,TOTAL MOT,8,kg,469.132,TRUE,-1,N/A,0,FALSE,469.132,TRUE,0,FALSE,3459.539,,3459.539,6,FALSE,TRUE,
C,A,20230101,2023,52,2023,276,DEU,Germany,M,Import,0,W00,World,0,W00,World,H6,HS,TRUE,271111,"Petroleum gases and other gaseous hydrocarbons; liquefied, natural gas",Natural gas,6,TRUE,C00,TOTAL CPC,0,0,TOTAL MOT,8,kg,4855835000,FALSE,3,1000 kWh,74546410,FALSE,4855835000,FALSE,0,FALSE,3408101053,,3408101053,0,FALSE,TRUE,
C,A,20230101,2023,52,2023,276,DEU,Germany,M,Import,839,XX ,Special Categories,0,W00,World,H6,HS,TRUE,271111,"Petroleum gases and other gaseous hydrocarbons; liquefied, natural gas",Natural gas,6,TRUE,C00,TOTAL CPC,0,0,TOTAL MOT,8,kg,453715000,FALSE,3,1000 kWh,6923110,FALSE,453715000,FALSE,0,FALSE,253752438.9,,253752438.9,0,FALSE,TRUE,
C,A,20230101,2023,52,2023,276,DEU,Germany,M,Import,899,_X ,"Areas, nes",0,W00,World,H6,HS,TRUE,271111,"Petroleum gases and other gaseous hydrocarbons; liquefied, natural gas",Natural gas,6,TRUE,C00,TOTAL CPC,0,0,TOTAL MOT,8,kg,4402120000,FALSE,3,1000 kWh,67623300,FALSE,4402120000,FALSE,0,FALSE,3154348614,,3154348614,0,FALSE,TRUE,
C,A,20230101,2023,52,2023,276,DEU,Germany,M,Import,0,W00,World,0,W00,World,H6,HS,TRUE,2824,Lead oxides,Lead,4,FALSE,C00,TOTAL CPC,0,0,TOTAL MOT,8,kg,1963239.968,TRUE,-1,N/A,0,FALSE,1963239.968,TRUE,0,FALSE,5736450.322,,5736450.322,6,FALSE,TRUE,
C,A,20230101,2023,52,2023,276,DEU,Germany,M,Import,40,AUT,Austria,0,W00,World,H6,HS,TRUE,2824,Lead oxides,Lead,4,FALSE,C00,TOTAL CPC,0,0,TOTAL MOT,8,kg,8,FALSE,8,kg,8,FALSE,8,FALSE,0,FALSE,1061.957,,1061.957,0,FALSE,TRUE,
C,A,20230101,2023,52,2023,276,DEU,Germany,M,Import,56,BEL,Belgium,0,W00,World,H6,HS,TRUE,2824,Lead oxides,Lead,4,FALSE,C00,TOTAL CPC,0,0,TOTAL MOT,8,kg,289.247,TRUE,-1,N/A,0,FALSE,289.247,TRUE,0,FALSE,915.856,,915.856,6,FALSE,TRUE,
C,A,20230101,2023,52,2023,276,DEU,Germany,M,Import,156,CHN,China,0,W00,World,H6,HS,TRUE,2824,Lead oxides,Lead,4,FALSE,C00,TOTAL CPC,0,0,TOTAL MOT,8,kg,22,FALSE,8,kg,22,FALSE,22,FALSE,0,FALSE,7034.65,,7034.65,0,FALSE,TRUE,
C,A,20230101,2023,52,2023,276,DEU,Germany,M,Import,251,FRA,France,0,W00,World,H6,HS,TRUE,2824,Lead oxides,Lead,4,FALSE,C00,TOTAL CPC,0,0,TOTAL MOT,8,kg,21,FALSE,8,kg,21,FALSE,21,FALSE,0,FALSE,82.863,,82.863,0,FALSE,TRUE,
C,A,20230101,2023,52,2023,276,DEU,Germany,M,Import,380,ITA,Italy,0,W00,World,H6,HS,TRUE,2824,Lead oxides,Lead,4,FALSE,C00,TOTAL CPC,0,0,TOTAL MOT,8,kg,1174440,FALSE,8,kg,1174440,FALSE,1174440,FALSE,0,FALSE,3255431.265,,3255431.265,0,FALSE,TRUE,
C,A,20230101,2023,52,2023,276,DEU,Germany,M,Import,392,JPN,Japan,0,W00,World,H6,HS,TRUE,2824,Lead oxides,Lead,4,FALSE,C00,TOTAL CPC,0,0,TOTAL MOT,8,kg,36504,FALSE,8,kg,36504,FALSE,36504,FALSE,0,FALSE,189029.494,,189029.494,0,FALSE,TRUE,
C,A,20230101,2023,52,2023,276,DEU,Germany,M,Import,410,KOR,South Korea,0,W00,World,H6,HS,TRUE,2824,Lead oxides,Lead,4,FALSE,C00,TOTAL CPC,0,0,TOTAL MOT,8,kg,25286,FALSE,8,kg,25286,FALSE,25286,FALSE,0,FALSE,97347.905,,97347.905,0,FALSE,TRUE,
C,A,20230101,2023,52,2023,276,DEU,Germany,M,Import,428,LVA,Latvia,0,W00,World,H6,HS,TRUE,2824,Lead oxides,Lead,4,FALSE,C00,TOTAL CPC,0,0,TOTAL MOT,8,kg,500,FALSE,8,kg,500,FALSE,500,FALSE,0,FALSE,40777.417,,40777.417,0,FALSE,TRUE,
C,A,20230101,2023,52,2023,276,DEU,Germany,M,Import,616,POL,Poland,0,W00,World,H6,HS,TRUE,2824,Lead oxides,Lead,4,FALSE,C00,TOTAL CPC,0,0,TOTAL MOT,8,kg,142285,FALSE,8,kg,142285,FALSE,142285,FALSE,0,FALSE,436247.489,,436247.489,0,FALSE,TRUE,
C,A,20230101,2023,52,2023,276,DEU,Germany,M,Import,699,IND,India,0,W00,World,H6,HS,TRUE,2824,Lead oxides,Lead,4,FALSE,C00,TOTAL CPC,0,0,TOTAL MOT,8,kg,22800,FALSE,8,kg,22800,FALSE,22800,FALSE,0,FALSE,143245.395,,143245.395,0,FALSE,TRUE,
C,A,20230101,2023,52,2023,276,DEU,Germany,M,Import,710,ZAF,South Africa,0,W00,World,H6,HS,TRUE,2824,Lead oxides,Lead,4,FALSE,C00,TOTAL CPC,0,0,TOTAL MOT,8,kg,40000,FALSE,8,kg,40000,FALSE,40000,FALSE,0,FALSE,204492.203,,204492.203,0,FALSE,TRUE,
C,A,20230101,2023,52,2023,276,DEU,Germany,M,Import,724,ESP,Spain,0,W00,World,H6,HS,TRUE,2824,Lead oxides,Lead,4,FALSE,C00,TOTAL CPC,0,0,TOTAL MOT,8,kg,517246,FALSE,8,kg,517246,FALSE,517246,FALSE,0,FALSE,1318235.755,,1318235.755,0,FALSE,TRUE,
C,A,20230101,2023,52,2023,276,DEU,Germany,M,Import,757,CHE,Switzerland,0,W00,World,H6,HS,TRUE,2824,Lead oxides,Lead,4,FALSE,C00,TOTAL CPC,0,0,TOTAL MOT,8,kg,306.721,TRUE,-1,N/A,0,FALSE,306.721,TRUE,0,FALSE,8591.605,,8591.605,6,FALSE,TRUE,
C,A,20230101,2023,52,2023,276,DEU,Germany,M,Import,826,GBR,United Kingdom,0,W00,World,H6,HS,TRUE,2824,Lead oxides,Lead,4,FALSE,C00,TOTAL CPC,0,0,TOTAL MOT,8,kg,980,FALSE,8,kg,980,FALSE,980,FALSE,0,FALSE,973.643,,973.643,0,FALSE,TRUE,
C,A,20230101,2023,52,2023,276,DEU,Germany,M,Import,842,USA,USA,0,W00,World,H6,HS,TRUE,2824,Lead oxides,Lead,4,FALSE,C00,TOTAL CPC,0,0,TOTAL MOT,8,kg,2552,FALSE,8,kg,2552,FALSE,2552,FALSE,0,FALSE,32982.824,,32982.824,0,FALSE,TRUE,
C,A,20230101,2023,52,2023,276,DEU,Germany,M,Import,0,W00,World,0,W00,World,H6,HS,TRUE,7403,"Copper; refined and copper alloys, unwrought",Copper,4,FALSE,C00,TOTAL CPC,0,0,TOTAL MOT,8,kg,487294301.9,TRUE,-1,N/A,0,FALSE,487294301.9,TRUE,0,FALSE,4253288142,,4253288142,6,FALSE,TRUE,
C,A,20230101,2023,52,2023,276,DEU,Germany,M,Import,40,AUT,Austria,0,W00,World,H6,HS,TRUE,7403,"Copper; refined and copper alloys, unwrought",Copper,4,FALSE,C00,TOTAL CPC,0,0,TOTAL MOT,8,kg,33664347,FALSE,8,kg,33664347,FALSE,33664347,FALSE,0,FALSE,302659310.1,,302659310.1,0,FALSE,TRUE,
C,A,20230101,2023,52,2023,276,DEU,Germany,M,Import,56,BEL,Belgium,0,W00,World,H6,HS,TRUE,7403,"Copper; refined and copper alloys, unwrought",Copper,4,FALSE,C00,TOTAL CPC,0,0,TOTAL MOT,8,kg,90288219,FALSE,8,kg,90288219,FALSE,90288219,FALSE,0,FALSE,777688016.4,,777688016.4,0,FALSE,TRUE,
C,A,20230101,2023,52,2023,276,DEU,Germany,M,Import,76,BRA,Brazil,0,W00,World,H6,HS,TRUE,7403,"Copper; refined and copper alloys, unwrought",Copper,4,FALSE,C00,TOTAL CPC,0,0,TOTAL MOT,8,kg,250,FALSE,8,kg,250,FALSE,250,FALSE,0,FALSE,2766.104,,2766.104,0,FALSE,TRUE,
C,A,20230101,2023,52,2023,276,DEU,Germany,M,Import,100,BGR,Bulgaria,0,W00,World,H6,HS,TRUE,7403,"Copper; refined and copper alloys, unwrought",Copper,4,FALSE,C00,TOTAL CPC,0,0,TOTAL MOT,8,kg,3517534.634,TRUE,-1,N/A,0,FALSE,3517534.634,TRUE,0,FALSE,28853437.17,,28853437.17,6,FALSE,TRUE,
C,A,20230101,2023,52,2023,276,DEU,Germany,M,Import,152,CHL,Chile,0,W00,World,H6,HS,TRUE,7403,"Copper; refined and copper alloys, unwrought",Copper,4,FALSE,C00,TOTAL CPC,0,0,TOTAL MOT,8,kg,38465582,FALSE,8,kg,38465582,FALSE,38465582,FALSE,0,FALSE,328108531.9,,328108531.9,0,FALSE,TRUE,
C,A,20230101,2023,52,2023,276,DEU,Germany,M,Import,156,CHN,China,0,W00,World,H6,HS,TRUE,7403,"Copper; refined and copper alloys, unwrought",Copper,4,FALSE,C00,TOTAL CPC,0,0,TOTAL MOT,8,kg,2119421.122,TRUE,-1,N/A,0,FALSE,2119421.122,TRUE,0,FALSE,18528385.92,,18528385.92,6,FALSE,TRUE,
C,A,20230101,2023,52,2023,276,DEU,Germany,M,Import,178,COG,Republic of the Congo,0,W00,World,H6,HS,TRUE,7403,"Copper; refined and copper alloys, unwrought",Copper,4,FALSE,C00,TOTAL CPC,0,0,TOTAL MOT,8,kg,4551460,FALSE,8,kg,4551460,FALSE,4551460,FALSE,0,FALSE,39189744.73,,39189744.73,0,FALSE,TRUE,
C,A,20230101,2023,52,2023,276,DEU,Germany,M,Import,180,COD,Democratic Republic of the Congo,0,W00,World,H6,HS,TRUE,7403,"Copper; refined and copper alloys, unwrought",Copper,4,FALSE,C00,TOTAL CPC,0,0,TOTAL MOT,8,kg,19175336,FALSE,8,kg,19175336,FALSE,19175336,FALSE,0,FALSE,168415095.6,,168415095.6,0,FALSE,TRUE,
C,A,20230101,2023,52,2023,276,DEU,Germany,M,Import,191,HRV,Croatia,0,W00,World,H6,HS,TRUE,7403,"Copper; refined and copper alloys, unwrought",Copper,4,FALSE,C00,TOTAL CPC,0,0,TOTAL MOT,8,kg,9484,FALSE,8,kg,9484,FALSE,9484,FALSE,0,FALSE,107383.075,,107383.075,0,FALSE,TRUE,
C,A,20230101,2023,52,2023,276,DEU,Germany,M,Import,203,CZE,Czechia,0,W00,World,H6,HS,TRUE,7403,"Copper; refined and copper alloys, unwrought",Copper,4,FALSE,C00,TOTAL CPC,0,0,TOTAL MOT,8,kg,716675.469,TRUE,-1,N/A,0,FALSE,716675.469,TRUE,0,FALSE,6552613.589,,6552613.589,6,FALSE,TRUE,
C,A,20230101,2023,52,2023,276,DEU,Germany,M,Import,208,DNK,Denmark,0,W00,World,H6,HS,TRUE,7403,"Copper; refined and copper alloys, unwrought",Copper,4,FALSE,C00,TOTAL CPC,0,0,TOTAL MOT,8,kg,223840,FALSE,8,kg,223840,FALSE,223840,FALSE,0,FALSE,1118285.764,,1118285.764,0,FALSE,TRUE,
C,A,20230101,2023,52,2023,276,DEU,Germany,M,Import,246,FIN,Finland,0,W00,World,H6,HS,TRUE,7403,"Copper; refined and copper alloys, unwrought",Copper,4,FALSE,C00,TOTAL CPC,0,0,TOTAL MOT,8,kg,38093084,FALSE,8,kg,38093084,FALSE,38093084,FALSE,0,FALSE,307804348.3,,307804348.3,0,FALSE,TRUE,
C,A,20230101,2023,52,2023,276,DEU,Germany,M,Import,251,FRA,France,0,W00,World,H6,HS,TRUE,7403,"Copper; refined and copper alloys, unwrought",Copper,4,FALSE,C00,TOTAL CPC,0,0,TOTAL MOT,8,kg,12364620.24,TRUE,-1,N/A,0,FALSE,12364620.24,TRUE,0,FALSE,106077649,,106077649,6,FALSE,TRUE,
C,A,20230101,2023,52,2023,276,DEU,Germany,M,Import,300,GRC,Greece,0,W00,World,H6,HS,TRUE,7403,"Copper; refined and copper alloys, unwrought",Copper,4,FALSE,C00,TOTAL CPC,0,0,TOTAL MOT,8,kg,34256,FALSE,8,kg,34256,FALSE,34256,FALSE,0,FALSE,338828.714,,338828.714,0,FALSE,TRUE,
C,A,20230101,2023,52,2023,276,DEU,Germany,M,Import,344,HKG,Hong Kong,0,W00,World,H6,HS,TRUE,7403,"Copper; refined and copper alloys, unwrought",Copper,4,FALSE,C00,TOTAL CPC,0,0,TOTAL MOT,8,kg,855893,FALSE,8,kg,855893,FALSE,855893,FALSE,0,FALSE,9893490.986,,9893490.986,0,FALSE,TRUE,
C,A,20230101,2023,52,2023,276,DEU,Germany,M,Import,348,HUN,Hungary,0,W00,World,H6,HS,TRUE,7403,"Copper; refined and copper alloys, unwrought",Copper,4,FALSE,C00,TOTAL CPC,0,0,TOTAL MOT,8,kg,326296.484,TRUE,-1,N/A,0,FALSE,326296.484,TRUE,0,FALSE,3305805.548,,3305805.548,6,FALSE,TRUE,
C,A,20230101,2023,52,2023,276,DEU,Germany,M,Import,360,IDN,Indonesia,0,W00,World,H6,HS,TRUE,7403,"Copper; refined and copper alloys, unwrought",Copper,4,FALSE,C00,TOTAL CPC,0,0,TOTAL MOT,8,kg,356,FALSE,8,kg,356,FALSE,356,FALSE,0,FALSE,9052.805,,9052.805,0,FALSE,TRUE,
C,A,20230101,2023,52,2023,276,DEU,Germany,M,Import,372,IRL,Ireland,0,W00,World,H6,HS,TRUE,7403,"Copper; refined and copper alloys, unwrought",Copper,4,FALSE,C00,TOTAL CPC,0,0,TOTAL MOT,8,kg,1755,FALSE,8,kg,1755,FALSE,1755,FALSE,0,FALSE,138153.67,,138153.67,0,FALSE,TRUE,
C,A,20230101,2023,52,2023,276,DEU,Germany,M,Import,380,ITA,Italy,0,W00,World,H6,HS,TRUE,7403,"Copper; refined and copper alloys, unwrought",Copper,4,FALSE,C00,TOTAL CPC,0,0,TOTAL MOT,8,kg,8018698,FALSE,8,kg,8018698,FALSE,8018698,FALSE,0,FALSE,72703265.43,,72703265.43,0,FALSE,TRUE,
C,A,20230101,2023,52,2023,276,DEU,Germany,M,Import,384,CIV,Ivory Coast,0,W00,World,H6,HS,TRUE,7403,"Copper; refined and copper alloys, unwrought",Copper,4,FALSE,C00,TOTAL CPC,0,0,TOTAL MOT,8,kg,2003030,FALSE,8,kg,2003030,FALSE,2003030,FALSE,0,FALSE,16542175.73,,16542175.73,0,FALSE,TRUE,
C,A,20230101,2023,52,2023,276,DEU,Germany,M,Import,392,JPN,Japan,0,W00,World,H6,HS,TRUE,7403,"Copper; refined and copper alloys, unwrought",Copper,4,FALSE,C00,TOTAL CPC,0,0,TOTAL MOT,8,kg,589240,FALSE,8,kg,589240,FALSE,589240,FALSE,0,FALSE,6181689.559,,6181689.559,0,FALSE,TRUE,
C,A,20230101,2023,52,2023,276,DEU,Germany,M,Import,398,KAZ,Kazakhstan,0,W00,World,H6,HS,TRUE,7403,"Copper; refined and copper alloys, unwrought",Copper,4,FALSE,C00,TOTAL CPC,0,0,TOTAL MOT,8,kg,2575576,FALSE,8,kg,2575576,FALSE,2575576,FALSE,0,FALSE,22611273.83,,22611273.83,0,FALSE,TRUE,
C,A,20230101,2023,52,2023,276,DEU,Germany,M,Import,410,KOR,South Korea,0,W00,World,H6,HS,TRUE,7403,"Copper; refined and copper alloys, unwrought",Copper,4,FALSE,C00,TOTAL CPC,0,0,TOTAL MOT,8,kg,314,FALSE,8,kg,314,FALSE,314,FALSE,0,FALSE,3205.497,,3205.497,0,FALSE,TRUE,
C,A,20230101,2023,52,2023,276,DEU,Germany,M,Import,428,LVA,Latvia,0,W00,World,H6,HS,TRUE,7403,"Copper; refined and copper alloys, unwrought",Copper,4,FALSE,C00,TOTAL CPC,0,0,TOTAL MOT,8,kg,3284,FALSE,8,kg,3284,FALSE,3284,FALSE,0,FALSE,30417.336,,30417.336,0,FALSE,TRUE,
C,A,20230101,2023,52,2023,276,DEU,Germany,M,Import,442,LUX,Luxembourg,0,W00,World,H6,HS,TRUE,7403,"Copper; refined and copper alloys, unwrought",Copper,4,FALSE,C00,TOTAL CPC,0,0,TOTAL MOT,8,kg,1928370,FALSE,8,kg,1928370,FALSE,1928370,FALSE,0,FALSE,17498479.21,,17498479.21,0,FALSE,TRUE,
C,A,20230101,2023,52,2023,276,DEU,Germany,M,Import,470,MLT,Malta,0,W00,World,H6,HS,TRUE,7403,"Copper; refined and copper alloys, unwrought",Copper,4,FALSE,C00,TOTAL CPC,0,0,TOTAL MOT,8,kg,20390,FALSE,8,kg,20390,FALSE,20390,FALSE,0,FALSE,114361.028,,114361.028,0,FALSE,TRUE,
C,A,20230101,2023,52,2023,276,DEU,Germany,M,Import,490,S19,"Other Asia, nes",0,W00,World,H6,HS,TRUE,7403,"Copper; refined and copper alloys, unwrought",Copper,4,FALSE,C00,TOTAL CPC,0,0,TOTAL MOT,8,kg,193543,FALSE,8,kg,193543,FALSE,193543,FALSE,0,FALSE,1477388.704,,1477388.704,0,FALSE,TRUE,
C,A,20230101,2023,52,2023,276,DEU,Germany,M,Import,528,NLD,Netherlands,0,W00,World,H6,HS,TRUE,7403,"Copper; refined and copper alloys, unwrought",Copper,4,FALSE,C00,TOTAL CPC,0,0,TOTAL MOT,8,kg,4298697,FALSE,8,kg,4298697,FALSE,4298697,FALSE,0,FALSE,38166570.66,,38166570.66,0,FALSE,TRUE,
C,A,20230101,2023,52,2023,276,DEU,Germany,M,Import,554,NZL,New Zealand,0,W00,World,H6,HS,TRUE,7403,"Copper; refined and copper alloys, unwrought",Copper,4,FALSE,C00,TOTAL CPC,0,0,TOTAL MOT,8,kg,974,FALSE,8,kg,974,FALSE,974,FALSE,0,FALSE,6187.482,,6187.482,0,FALSE,TRUE,
C,A,20230101,2023,52,2023,276,DEU,Germany,M,Import,579,NOR,Norway,0,W00,World,H6,HS,TRUE,7403,"Copper; refined and copper alloys, unwrought",Copper,4,FALSE,C00,TOTAL CPC,0,0,TOTAL MOT,8,kg,4528422,FALSE,8,kg,4528422,FALSE,4528422,FALSE,0,FALSE,36542263.32,,36542263.32,0,FALSE,TRUE,
C,A,20230101,2023,52,2023,276,DEU,Germany,M,Import,586,PAK,Pakistan,0,W00,World,H6,HS,TRUE,7403,"Copper; refined and copper alloys, unwrought",Copper,4,FALSE,C00,TOTAL CPC,0,0,TOTAL MOT,8,kg,61,FALSE,8,kg,61,FALSE,61,FALSE,0,FALSE,1346.527,,1346.527,0,FALSE,TRUE,
C,A,20230101,2023,52,2023,276,DEU,Germany,M,Import,616,POL,Poland,0,W00,World,H6,HS,TRUE,7403,"Copper; refined and copper alloys, unwrought",Copper,4,FALSE,C00,TOTAL CPC,0,0,TOTAL MOT,8,kg,110218315.9,TRUE,-1,N/A,0,FALSE,110218315.9,TRUE,0,FALSE,956779296,,956779296,6,FALSE,TRUE,
C,A,20230101,2023,52,2023,276,DEU,Germany,M,Import,620,PRT,Portugal,0,W00,World,H6,HS,TRUE,7403,"Copper; refined and copper alloys, unwrought",Copper,4,FALSE,C00,TOTAL CPC,0,0,TOTAL MOT,8,kg,564553,FALSE,8,kg,564553,FALSE,564553,FALSE,0,FALSE,5277752.357,,5277752.357,0,FALSE,TRUE,
C,A,20230101,2023,52,2023,276,DEU,Germany,M,Import,642,ROU,Romania,0,W00,World,H6,HS,TRUE,7403,"Copper; refined and copper alloys, unwrought",Copper,4,FALSE,C00,TOTAL CPC,0,0,TOTAL MOT,8,kg,175390,FALSE,8,kg,175390,FALSE,175390,FALSE,0,FALSE,1461560.743,,1461560.743,0,FALSE,TRUE,
C,A,20230101,2023,52,2023,276,DEU,Germany,M,Import,643,RUS,Russia,0,W00,World,H6,HS,TRUE,7403,"Copper; refined and copper alloys, unwrought",Copper,4,FALSE,C00,TOTAL CPC,0,0,TOTAL MOT,8,kg,12426258,FALSE,8,kg,12426258,FALSE,12426258,FALSE,0,FALSE,109706952.5,,109706952.5,0,FALSE,TRUE,
C,A,20230101,2023,52,2023,276,DEU,Germany,M,Import,688,SRB,Serbia,0,W00,World,H6,HS,TRUE,7403,"Copper; refined and copper alloys, unwrought",Copper,4,FALSE,C00,TOTAL CPC,0,0,TOTAL MOT,8,kg,1051048,FALSE,8,kg,1051048,FALSE,1051048,FALSE,0,FALSE,8845303.128,,8845303.128,0,FALSE,TRUE,
C,A,20230101,2023,52,2023,276,DEU,Germany,M,Import,699,IND,India,0,W00,World,H6,HS,TRUE,7403,"Copper; refined and copper alloys, unwrought",Copper,4,FALSE,C00,TOTAL CPC,0,0,TOTAL MOT,8,kg,166601.239,TRUE,-1,N/A,0,FALSE,166601.239,TRUE,0,FALSE,1657545.294,,1657545.294,6,FALSE,TRUE,
C,A,20230101,2023,52,2023,276,DEU,Germany,M,Import,702,SGP,Singapore,0,W00,World,H6,HS,TRUE,7403,"Copper; refined and copper alloys, unwrought",Copper,4,FALSE,C00,TOTAL CPC,0,0,TOTAL MOT,8,kg,2572500,FALSE,8,kg,2572500,FALSE,2572500,FALSE,0,FALSE,21169770.34,,21169770.34,0,FALSE,TRUE,
C,A,20230101,2023,52,2023,276,DEU,Germany,M,Import,703,SVK,Slovakia,0,W00,World,H6,HS,TRUE,7403,"Copper; refined and copper alloys, unwrought",Copper,4,FALSE,C00,TOTAL CPC,0,0,TOTAL MOT,8,kg,9311,FALSE,8,kg,9311,FALSE,9311,FALSE,0,FALSE,152710.335,,152710.335,0,FALSE,TRUE,
C,A,20230101,2023,52,2023,276,DEU,Germany,M,Import,704,VNM,Vietnam,0,W00,World,H6,HS,TRUE,7403,"Copper; refined and copper alloys, unwrought",Copper,4,FALSE,C00,TOTAL CPC,0,0,TOTAL MOT,8,kg,7211081.916,TRUE,-1,N/A,0,FALSE,7211081.916,TRUE,0,FALSE,64640164.74,,64640164.74,6,FALSE,TRUE,
C,A,20230101,2023,52,2023,276,DEU,Germany,M,Import,705,SVN,Slovenia,0,W00,World,H6,HS,TRUE,7403,"Copper; refined and copper alloys, unwrought",Copper,4,FALSE,C00,TOTAL CPC,0,0,TOTAL MOT,8,kg,18503,FALSE,8,kg,18503,FALSE,18503,FALSE,0,FALSE,70609.259,,70609.259,0,FALSE,TRUE,
C,A,20230101,2023,52,2023,276,DEU,Germany,M,Import,710,ZAF,South Africa,0,W00,World,H6,HS,TRUE,7403,"Copper; refined and copper alloys, unwrought",Copper,4,FALSE,C00,TOTAL CPC,0,0,TOTAL MOT,8,kg,874000,FALSE,8,kg,874000,FALSE,874000,FALSE,0,FALSE,7061892.995,,7061892.995,0,FALSE,TRUE,
C,A,20230101,2023,52,2023,276,DEU,Germany,M,Import,724,ESP,Spain,0,W00,World,H6,HS,TRUE,7403,"Copper; refined and copper alloys, unwrought",Copper,4,FALSE,C00,TOTAL CPC,0,0,TOTAL MOT,8,kg,9864853.452,TRUE,-1,N/A,0,FALSE,9864853.452,TRUE,0,FALSE,87817092.2,,87817092.2,6,FALSE,TRUE,
C,A,20230101,2023,52,2023,276,DEU,Germany,M,Import,752,SWE,Sweden,0,W00,World,H6,HS,TRUE,7403,"Copper; refined and copper alloys, unwrought",Copper,4,FALSE,C00,TOTAL CPC,0,0,TOTAL MOT,8,kg,69184688.43,TRUE,-1,N/A,0,FALSE,69184688.43,TRUE,0,FALSE,633157261.3,,633157261.3,6,FALSE,TRUE,
C,A,20230101,2023,52,2023,276,DEU,Germany,M,Import,757,CHE,Switzerland,0,W00,World,H6,HS,TRUE,7403,"Copper; refined and copper alloys, unwrought",Copper,4,FALSE,C00,TOTAL CPC,0,0,TOTAL MOT,8,kg,815334.104,TRUE,-1,N/A,0,FALSE,815334.104,TRUE,0,FALSE,9565241.504,,9565241.504,6,FALSE,TRUE,
C,A,20230101,2023,52,2023,276,DEU,Germany,M,Import,764,THA,Thailand,0,W00,World,H6,HS,TRUE,7403,"Copper; refined and copper alloys, unwrought",Copper,4,FALSE,C00,TOTAL CPC,0,0,TOTAL MOT,8,kg,270,FALSE,8,kg,270,FALSE,270,FALSE,0,FALSE,6798.053,,6798.053,0,FALSE,TRUE,
C,A,20230101,2023,52,2023,276,DEU,Germany,M,Import,784,ARE,United Arab Emirates,0,W00,World,H6,HS,TRUE,7403,"Copper; refined and copper alloys, unwrought",Copper,4,FALSE,C00,TOTAL CPC,0,0,TOTAL MOT,8,kg,215,FALSE,8,kg,215,FALSE,215,FALSE,0,FALSE,741.408,,741.408,0,FALSE,TRUE,
C,A,20230101,2023,52,2023,276,DEU,Germany,M,Import,788,TUN,Tunisia,0,W00,World,H6,HS,TRUE,7403,"Copper; refined and copper alloys, unwrought",Copper,4,FALSE,C00,TOTAL CPC,0,0,TOTAL MOT,8,kg,54114,FALSE,8,kg,54114,FALSE,54114,FALSE,0,FALSE,455308.206,,455308.206,0,FALSE,TRUE,
C,A,20230101,2023,52,2023,276,DEU,Germany,M,Import,792,TUR,Turkey,0,W00,World,H6,HS,TRUE,7403,"Copper; refined and copper alloys, unwrought",Copper,4,FALSE,C00,TOTAL CPC,0,0,TOTAL MOT,8,kg,283763.746,TRUE,-1,N/A,0,FALSE,283763.746,TRUE,0,FALSE,3171000.206,,3171000.206,6,FALSE,TRUE,
C,A,20230101,2023,52,2023,276,DEU,Germany,M,Import,804,UKR,Ukraine,0,W00,World,H6,HS,TRUE,7403,"Copper; refined and copper alloys, unwrought",Copper,4,FALSE,C00,TOTAL CPC,0,0,TOTAL MOT,8,kg,22950,FALSE,8,kg,22950,FALSE,22950,FALSE,0,FALSE,160732.801,,160732.801,0,FALSE,TRUE,
C,A,20230101,2023,52,2023,276,DEU,Germany,M,Import,826,GBR,United Kingdom,0,W00,World,H6,HS,TRUE,7403,"Copper; refined and copper alloys, unwrought",Copper,4,FALSE,C00,TOTAL CPC,0,0,TOTAL MOT,8,kg,1027964.647,TRUE,-1,N/A,0,FALSE,1027964.647,TRUE,0,FALSE,8405603.733,,8405603.733,6,FALSE,TRUE,
C,A,20230101,2023,52,2023,276,DEU,Germany,M,Import,842,USA,USA,0,W00,World,H6,HS,TRUE,7403,"Copper; refined and copper alloys, unwrought",Copper,4,FALSE,C00,TOTAL CPC,0,0,TOTAL MOT,8,kg,600638.492,TRUE,-1,N/A,0,FALSE,600638.492,TRUE,0,FALSE,9894991.246,,9894991.246,6,FALSE,TRUE,
C,A,20230101,2023,52,2023,276,DEU,Germany,M,Import,860,UZB,Uzbekistan,0,W00,World,H6,HS,TRUE,7403,"Copper; refined and copper alloys, unwrought",Copper,4,FALSE,C00,TOTAL CPC,0,0,TOTAL MOT,8,kg,297000,FALSE,8,kg,297000,FALSE,297000,FALSE,0,FALSE,2524361.962,,2524361.962,0,FALSE,TRUE,
C,A,20230101,2023,52,2023,276,DEU,Germany,M,Import,894,ZMB,Zambia,0,W00,World,H6,HS,TRUE,7403,"Copper; refined and copper alloys, unwrought",Copper,4,FALSE,C00,TOTAL CPC,0,0,TOTAL MOT,8,kg,1285939,FALSE,8,kg,1285939,FALSE,1285939,FALSE,0,FALSE,10635927.81,,10635927.81,0,FALSE,TRUE,
C,A,20230101,2023,52,2023,276,DEU,Germany,M,Import,0,W00,World,0,W00,World,H6,HS,TRUE,7502,Nickel,Nickel,4,FALSE,C00,TOTAL CPC,0,0,TOTAL MOT,8,kg,55540907.07,TRUE,-1,N/A,0,FALSE,55540907.07,TRUE,0,FALSE,1298770900,,1298770900,6,FALSE,TRUE,
C,A,20230101,2023,52,2023,276,DEU,Germany,M,Import,36,AUS,Australia,0,W00,World,H6,HS,TRUE,7502,Nickel,Nickel,4,FALSE,C00,TOTAL CPC,0,0,TOTAL MOT,8,kg,5253846,FALSE,8,kg,5253846,FALSE,5253846,FALSE,0,FALSE,123617507.5,,123617507.5,0,FALSE,TRUE,
C,A,20230101,2023,52,2023,276,DEU,Germany,M,Import,40,AUT,Austria,0,W00,World,H6,HS,TRUE,7502,Nickel,Nickel,4,FALSE,C00,TOTAL CPC,0,0,TOTAL MOT,8,kg,155823,FALSE,8,kg,155823,FALSE,155823,FALSE,0,FALSE,5028592.528,,5028592.528,0,FALSE,TRUE,
C,A,20230101,2023,52,2023,276,DEU,Germany,M,Import,51,ARM,Armenia,0,W00,World,H6,HS,TRUE,7502,Nickel,Nickel,4,FALSE,C00,TOTAL CPC,0,0,TOTAL MOT,8,kg,3948,FALSE,8,kg,3948,FALSE,3948,FALSE,0,FALSE,99060.775,,99060.775,0,FALSE,TRUE,
C,A,20230101,2023,52,2023,276,DEU,Germany,M,Import,56,BEL,Belgium,0,W00,World,H6,HS,TRUE,7502,Nickel,Nickel,4,FALSE,C00,TOTAL CPC,0,0,TOTAL MOT,8,kg,532026,FALSE,8,kg,532026,FALSE,532026,FALSE,0,FALSE,13170949.69,,13170949.69,0,FALSE,TRUE,
C,A,20230101,2023,52,2023,276,DEU,Germany,M,Import,76,BRA,Brazil,0,W00,World,H6,HS,TRUE,7502,Nickel,Nickel,4,FALSE,C00,TOTAL CPC,0,0,TOTAL MOT,8,kg,10629,FALSE,8,kg,10629,FALSE,10629,FALSE,0,FALSE,264818.793,,264818.793,0,FALSE,TRUE,
C,A,20230101,2023,52,2023,276,DEU,Germany,M,Import,124,CAN,Canada,0,W00,World,H6,HS,TRUE,7502,Nickel,Nickel,4,FALSE,C00,TOTAL CPC,0,0,TOTAL MOT,8,kg,2265533,FALSE,8,kg,2265533,FALSE,2265533,FALSE,0,FALSE,53823085.98,,53823085.98,0,FALSE,TRUE,
C,A,20230101,2023,52,2023,276,DEU,Germany,M,Import,152,CHL,Chile,0,W00,World,H6,HS,TRUE,7502,Nickel,Nickel,4,FALSE,C00,TOTAL CPC,0,0,TOTAL MOT,8,kg,36000,FALSE,8,kg,36000,FALSE,36000,FALSE,0,FALSE,988798.931,,988798.931,0,FALSE,TRUE,
C,A,20230101,2023,52,2023,276,DEU,Germany,M,Import,156,CHN,China,0,W00,World,H6,HS,TRUE,7502,Nickel,Nickel,4,FALSE,C00,TOTAL CPC,0,0,TOTAL MOT,8,kg,12269.362,TRUE,-1,N/A,0,FALSE,12269.362,TRUE,0,FALSE,320176.862,,320176.862,6,FALSE,TRUE,
C,A,20230101,2023,52,2023,276,DEU,Germany,M,Import,203,CZE,Czechia,0,W00,World,H6,HS,TRUE,7502,Nickel,Nickel,4,FALSE,C00,TOTAL CPC,0,0,TOTAL MOT,8,kg,250,FALSE,8,kg,250,FALSE,250,FALSE,0,FALSE,7837.114,,7837.114,0,FALSE,TRUE,
C,A,20230101,2023,52,2023,276,DEU,Germany,M,Import,214,DOM,Dominican Republic,0,W00,World,H6,HS,TRUE,7502,Nickel,Nickel,4,FALSE,C00,TOTAL CPC,0,0,TOTAL MOT,8,kg,479980,FALSE,8,kg,479980,FALSE,479980,FALSE,0,FALSE,5491749.842,,5491749.842,0,FALSE,TRUE,
C,A,20230101,2023,52,2023,276,DEU,Germany,M,Import,233,EST,Estonia,0,W00,World,H6,HS,TRUE,7502,Nickel,Nickel,4,FALSE,C00,TOTAL CPC,0,0,TOTAL MOT,8,kg,701,FALSE,8,kg,701,FALSE,701,FALSE,0,FALSE,4655.603,,4655.603,0,FALSE,TRUE,
C,A,20230101,2023,52,2023,276,DEU,Germany,M,Import,246,FIN,Finland,0,W00,World,H6,HS,TRUE,7502,Nickel,Nickel,4,FALSE,C00,TOTAL CPC,0,0,TOTAL MOT,8,kg,2094888,FALSE,8,kg,2094888,FALSE,2094888,FALSE,0,FALSE,48125247.73,,48125247.73,0,FALSE,TRUE,
C,A,20230101,2023,52,2023,276,DEU,Germany,M,Import,251,FRA,France,0,W00,World,H6,HS,TRUE,7502,Nickel,Nickel,4,FALSE,C00,TOTAL CPC,0,0,TOTAL MOT,8,kg,2423129,FALSE,8,kg,2423129,FALSE,2423129,FALSE,0,FALSE,56219271.65,,56219271.65,0,FALSE,TRUE,
C,A,20230101,2023,52,2023,276,DEU,Germany,M,Import,380,ITA,Italy,0,W00,World,H6,HS,TRUE,7502,Nickel,Nickel,4,FALSE,C00,TOTAL CPC,0,0,TOTAL MOT,8,kg,257192,FALSE,8,kg,257192,FALSE,257192,FALSE,0,FALSE,7015076.377,,7015076.377,0,FALSE,TRUE,
C,A,20230101,2023,52,2023,276,DEU,Germany,M,Import,392,JPN,Japan,0,W00,World,H6,HS,TRUE,7502,Nickel,Nickel,4,FALSE,C00,TOTAL CPC,0,0,TOTAL MOT,8,kg,491673.55,TRUE,-1,N/A,0,FALSE,491673.55,TRUE,0,FALSE,11771531.98,,11771531.98,6,FALSE,TRUE,
C,A,20230101,2023,52,2023,276,DEU,Germany,M,Import,398,KAZ,Kazakhstan,0,W00,World,H6,HS,TRUE,7502,Nickel,Nickel,4,FALSE,C00,TOTAL CPC,0,0,TOTAL MOT,8,kg,256595,FALSE,8,kg,256595,FALSE,256595,FALSE,0,FALSE,8049372.656,,8049372.656,0,FALSE,TRUE,
C,A,20230101,2023,52,2023,276,DEU,Germany,M,Import,442,LUX,Luxembourg,0,W00,World,H6,HS,TRUE,7502,Nickel,Nickel,4,FALSE,C00,TOTAL CPC,0,0,TOTAL MOT,8,kg,1181540,FALSE,8,kg,1181540,FALSE,1181540,FALSE,0,FALSE,27095197.82,,27095197.82,0,FALSE,TRUE,
C,A,20230101,2023,52,2023,276,DEU,Germany,M,Import,450,MDG,Madagascar,0,W00,World,H6,HS,TRUE,7502,Nickel,Nickel,4,FALSE,C00,TOTAL CPC,0,0,TOTAL MOT,8,kg,96000,FALSE,8,kg,96000,FALSE,96000,FALSE,0,FALSE,2526039.942,,2526039.942,0,FALSE,TRUE,
C,A,20230101,2023,52,2023,276,DEU,Germany,M,Import,484,MEX,Mexico,0,W00,World,H6,HS,TRUE,7502,Nickel,Nickel,4,FALSE,C00,TOTAL CPC,0,0,TOTAL MOT,8,kg,12070,FALSE,8,kg,12070,FALSE,12070,FALSE,0,FALSE,337460.381,,337460.381,0,FALSE,TRUE,
C,A,20230101,2023,52,2023,276,DEU,Germany,M,Import,504,MAR,Morocco,0,W00,World,H6,HS,TRUE,7502,Nickel,Nickel,4,FALSE,C00,TOTAL CPC,0,0,TOTAL MOT,8,kg,289,FALSE,8,kg,289,FALSE,289,FALSE,0,FALSE,37420.367,,37420.367,0,FALSE,TRUE,
C,A,20230101,2023,52,2023,276,DEU,Germany,M,Import,528,NLD,Netherlands,0,W00,World,H6,HS,TRUE,7502,Nickel,Nickel,4,FALSE,C00,TOTAL CPC,0,0,TOTAL MOT,8,kg,3402431,FALSE,8,kg,3402431,FALSE,3402431,FALSE,0,FALSE,78891213.34,,78891213.34,0,FALSE,TRUE,
C,A,20230101,2023,52,2023,276,DEU,Germany,M,Import,579,NOR,Norway,0,W00,World,H6,HS,TRUE,7502,Nickel,Nickel,4,FALSE,C00,TOTAL CPC,0,0,TOTAL MOT,8,kg,14811597.8,TRUE,-1,N/A,0,FALSE,14811597.8,TRUE,0,FALSE,353336591.8,,353336591.8,6,FALSE,TRUE,
C,A,20230101,2023,52,2023,276,DEU,Germany,M,Import,608,PHL,Philippines,0,W00,World,H6,HS,TRUE,7502,Nickel,Nickel,4,FALSE,C00,TOTAL CPC,0,0,TOTAL MOT,8,kg,901,FALSE,8,kg,901,FALSE,901,FALSE,0,FALSE,22007.812,,22007.812,0,FALSE,TRUE,
C,A,20230101,2023,52,2023,276,DEU,Germany,M,Import,616,POL,Poland,0,W00,World,H6,HS,TRUE,7502,Nickel,Nickel,4,FALSE,C00,TOTAL CPC,0,0,TOTAL MOT,8,kg,7931,FALSE,8,kg,7931,FALSE,7931,FALSE,0,FALSE,185064.054,,185064.054,0,FALSE,TRUE,
C,A,20230101,2023,52,2023,276,DEU,Germany,M,Import,642,ROU,Romania,0,W00,World,H6,HS,TRUE,7502,Nickel,Nickel,4,FALSE,C00,TOTAL CPC,0,0,TOTAL MOT,8,kg,41600,FALSE,8,kg,41600,FALSE,41600,FALSE,0,FALSE,1114519.85,,1114519.85,0,FALSE,TRUE,
C,A,20230101,2023,52,2023,276,DEU,Germany,M,Import,643,RUS,Russia,0,W00,World,H6,HS,TRUE,7502,Nickel,Nickel,4,FALSE,C00,TOTAL CPC,0,0,TOTAL MOT,8,kg,11841925,FALSE,8,kg,11841925,FALSE,11841925,FALSE,0,FALSE,284508102.2,,284508102.2,0,FALSE,TRUE,
C,A,20230101,2023,52,2023,276,DEU,Germany,M,Import,699,IND,India,0,W00,World,H6,HS,TRUE,7502,Nickel,Nickel,4,FALSE,C00,TOTAL CPC,0,0,TOTAL MOT,8,kg,249,FALSE,8,kg,249,FALSE,249,FALSE,0,FALSE,6439.343,,6439.343,0,FALSE,TRUE,
C,A,20230101,2023,52,2023,276,DEU,Germany,M,Import,705,SVN,Slovenia,0,W00,World,H6,HS,TRUE,7502,Nickel,Nickel,4,FALSE,C00,TOTAL CPC,0,0,TOTAL MOT,8,kg,989724,FALSE,8,kg,989724,FALSE,989724,FALSE,0,FALSE,19797416.19,,19797416.19,0,FALSE,TRUE,
C,A,20230101,2023,52,2023,276,DEU,Germany,M,Import,710,ZAF,South Africa,0,W00,World,H6,HS,TRUE,7502,Nickel,Nickel,4,FALSE,C00,TOTAL CPC,0,0,TOTAL MOT,8,kg,2309539,FALSE,8,kg,2309539,FALSE,2309539,FALSE,0,FALSE,55944687,,55944687,0,FALSE,TRUE,
C,A,20230101,2023,52,2023,276,DEU,Germany,M,Import,724,ESP,Spain,0,W00,World,H6,HS,TRUE,7502,Nickel,Nickel,4,FALSE,C00,TOTAL CPC,0,0,TOTAL MOT,8,kg,12213,FALSE,8,kg,12213,FALSE,12213,FALSE,0,FALSE,436861.331,,436861.331,0,FALSE,TRUE,
C,A,20230101,2023,52,2023,276,DEU,Germany,M,Import,752,SWE,Sweden,0,W00,World,H6,HS,TRUE,7502,Nickel,Nickel,4,FALSE,C00,TOTAL CPC,0,0,TOTAL MOT,8,kg,24000,FALSE,8,kg,24000,FALSE,24000,FALSE,0,FALSE,743531.491,,743531.491,0,FALSE,TRUE,
C,A,20230101,2023,52,2023,276,DEU,Germany,M,Import,757,CHE,Switzerland,0,W00,World,H6,HS,TRUE,7502,Nickel,Nickel,4,FALSE,C00,TOTAL CPC,0,0,TOTAL MOT,8,kg,46462.009,TRUE,-1,N/A,0,FALSE,46462.009,TRUE,0,FALSE,1138300.498,,1138300.498,6,FALSE,TRUE,
C,A,20230101,2023,52,2023,276,DEU,Germany,M,Import,826,GBR,United Kingdom,0,W00,World,H6,HS,TRUE,7502,Nickel,Nickel,4,FALSE,C00,TOTAL CPC,0,0,TOTAL MOT,8,kg,4952360.803,TRUE,-1,N/A,0,FALSE,4952360.803,TRUE,0,FALSE,120590539.9,,120590539.9,6,FALSE,TRUE,
C,A,20230101,2023,52,2023,276,DEU,Germany,M,Import,842,USA,USA,0,W00,World,H6,HS,TRUE,7502,Nickel,Nickel,4,FALSE,C00,TOTAL CPC,0,0,TOTAL MOT,8,kg,1535591.549,TRUE,-1,N/A,0,FALSE,1535591.549,TRUE,0,FALSE,18061772.33,,18061772.33,6,FALSE,TRUE,
C,A,20230101,2023,52,2023,276,DEU,Germany,M,Import,0,W00,World,0,W00,World,H6,HS,TRUE,7603,Aluminium,Aluminium,4,FALSE,C00,TOTAL CPC,0,0,TOTAL MOT,8,kg,28870331.24,TRUE,-1,N/A,0,FALSE,28870331.24,TRUE,0,FALSE,101071529.8,,101071529.8,6,FALSE,TRUE,
C,A,20230101,2023,52,2023,276,DEU,Germany,M,Import,36,AUS,Australia,0,W00,World,H6,HS,TRUE,7603,Aluminium,Aluminium,4,FALSE,C00,TOTAL CPC,0,0,TOTAL MOT,8,kg,68044,FALSE,8,kg,68044,FALSE,68044,FALSE,0,FALSE,212697.84,,212697.84,0,FALSE,TRUE,
C,A,20230101,2023,52,2023,276,DEU,Germany,M,Import,40,AUT,Austria,0,W00,World,H6,HS,TRUE,7603,Aluminium,Aluminium,4,FALSE,C00,TOTAL CPC,0,0,TOTAL MOT,8,kg,7271362,FALSE,8,kg,7271362,FALSE,7271362,FALSE,0,FALSE,28129759.05,,28129759.05,0,FALSE,TRUE,
C,A,20230101,2023,52,2023,276,DEU,Germany,M,Import,44,BHS,Bahamas,0,W00,World,H6,HS,TRUE,7603,Aluminium,Aluminium,4,FALSE,C00,TOTAL CPC,0,0,TOTAL MOT,8,kg,59601,FALSE,8,kg,59601,FALSE,59601,FALSE,0,FALSE,161342.282,,161342.282,0,FALSE,TRUE,
C,A,20230101,2023,52,2023,276,DEU,Germany,M,Import,48,BHR,Bahrain,0,W00,World,H6,HS,TRUE,7603,Aluminium,Aluminium,4,FALSE,C00,TOTAL CPC,0,0,TOTAL MOT,8,kg,700032,FALSE,8,kg,700032,FALSE,700032,FALSE,0,FALSE,2233817.417,,2233817.417,0,FALSE,TRUE,
C,A,20230101,2023,52,2023,276,DEU,Germany,M,Import,56,BEL,Belgium,0,W00,World,H6,HS,TRUE,7603,Aluminium,Aluminium,4,FALSE,C00,TOTAL CPC,0,0,TOTAL MOT,8,kg,78501,FALSE,8,kg,78501,FALSE,78501,FALSE,0,FALSE,489995.177,,489995.177,0,FALSE,TRUE,
C,A,20230101,2023,52,2023,276,DEU,Germany,M,Import,124,CAN,Canada,0,W00,World,H6,HS,TRUE,7603,Aluminium,Aluminium,4,FALSE,C00,TOTAL CPC,0,0,TOTAL MOT,8,kg,5958.322,TRUE,-1,N/A,0,FALSE,5958.322,TRUE,0,FALSE,528511.301,,528511.301,6,FALSE,TRUE,
C,A,20230101,2023,52,2023,276,DEU,Germany,M,Import,156,CHN,China,0,W00,World,H6,HS,TRUE,7603,Aluminium,Aluminium,4,FALSE,C00,TOTAL CPC,0,0,TOTAL MOT,8,kg,408918.789,TRUE,-1,N/A,0,FALSE,408918.789,TRUE,0,FALSE,2481981.797,,2481981.797,6,FALSE,TRUE,
C,A,20230101,2023,52,2023,276,DEU,Germany,M,Import,203,CZE,Czechia,0,W00,World,H6,HS,TRUE,7603,Aluminium,Aluminium,4,FALSE,C00,TOTAL CPC,0,0,TOTAL MOT,8,kg,149695,FALSE,8,kg,149695,FALSE,149695,FALSE,0,FALSE,922975.021,,922975.021,0,FALSE,TRUE,
C,A,20230101,2023,52,2023,276,DEU,Germany,M,Import,208,DNK,Denmark,0,W00,World,H6,HS,TRUE,7603,Aluminium,Aluminium,4,FALSE,C00,TOTAL CPC,0,0,TOTAL MOT,8,kg,24000,FALSE,8,kg,24000,FALSE,24000,FALSE,0,FALSE,56137.637,,56137.637,0,FALSE,TRUE,
C,A,20230101,2023,52,2023,276,DEU,Germany,M,Import,246,FIN,Finland,0,W00,World,H6,HS,TRUE,7603,Aluminium,Aluminium,4,FALSE,C00,TOTAL CPC,0,0,TOTAL MOT,8,kg,22881,FALSE,8,kg,22881,FALSE,22881,FALSE,0,FALSE,861108.92,,861108.92,0,FALSE,TRUE,
C,A,20230101,2023,52,2023,276,DEU,Germany,M,Import,251,FRA,France,0,W00,World,H6,HS,TRUE,7603,Aluminium,Aluminium,4,FALSE,C00,TOTAL CPC,0,0,TOTAL MOT,8,kg,2822785,FALSE,8,kg,2822785,FALSE,2822785,FALSE,0,FALSE,10978159.37,,10978159.37,0,FALSE,TRUE,
C,A,20230101,2023,52,2023,276,DEU,Germany,M,Import,348,HUN,Hungary,0,W00,World,H6,HS,TRUE,7603,Aluminium,Aluminium,4,FALSE,C00,TOTAL CPC,0,0,TOTAL MOT,8,kg,22000,FALSE,8,kg,22000,FALSE,22000,FALSE,0,FALSE,103135.245,,103135.245,0,FALSE,TRUE,
C,A,20230101,2023,52,2023,276,DEU,Germany,M,Import,352,ISL,Iceland,0,W00,World,H6,HS,TRUE,7603,Aluminium,Aluminium,4,FALSE,C00,TOTAL CPC,0,0,TOTAL MOT,8,kg,3754190,FALSE,8,kg,3754190,FALSE,3754190,FALSE,0,FALSE,11945461.84,,11945461.84,0,FALSE,TRUE,
C,A,20230101,2023,52,2023,276,DEU,Germany,M,Import,360,IDN,Indonesia,0,W00,World,H6,HS,TRUE,7603,Aluminium,Aluminium,4,FALSE,C00,TOTAL CPC,0,0,TOTAL MOT,8,kg,552000,FALSE,8,kg,552000,FALSE,552000,FALSE,0,FALSE,1983242.372,,1983242.372,0,FALSE,TRUE,
C,A,20230101,2023,52,2023,276,DEU,Germany,M,Import,372,IRL,Ireland,0,W00,World,H6,HS,TRUE,7603,Aluminium,Aluminium,4,FALSE,C00,TOTAL CPC,0,0,TOTAL MOT,8,kg,13854,FALSE,8,kg,13854,FALSE,13854,FALSE,0,FALSE,571999.216,,571999.216,0,FALSE,TRUE,
C,A,20230101,2023,52,2023,276,DEU,Germany,M,Import,376,ISR,Israel,0,W00,World,H6,HS,TRUE,7603,Aluminium,Aluminium,4,FALSE,C00,TOTAL CPC,0,0,TOTAL MOT,8,kg,25000,FALSE,8,kg,25000,FALSE,25000,FALSE,0,FALSE,58507.961,,58507.961,0,FALSE,TRUE,
C,A,20230101,2023,52,2023,276,DEU,Germany,M,Import,380,ITA,Italy,0,W00,World,H6,HS,TRUE,7603,Aluminium,Aluminium,4,FALSE,C00,TOTAL CPC,0,0,TOTAL MOT,8,kg,971698,FALSE,8,kg,971698,FALSE,971698,FALSE,0,FALSE,3142390.596,,3142390.596,0,FALSE,TRUE,
C,A,20230101,2023,52,2023,276,DEU,Germany,M,Import,392,JPN,Japan,0,W00,World,H6,HS,TRUE,7603,Aluminium,Aluminium,4,FALSE,C00,TOTAL CPC,0,0,TOTAL MOT,8,kg,118,FALSE,8,kg,118,FALSE,118,FALSE,0,FALSE,9915.236,,9915.236,0,FALSE,TRUE,
C,A,20230101,2023,52,2023,276,DEU,Germany,M,Import,410,KOR,South Korea,0,W00,World,H6,HS,TRUE,7603,Aluminium,Aluminium,4,FALSE,C00,TOTAL CPC,0,0,TOTAL MOT,8,kg,2,FALSE,8,kg,2,FALSE,2,FALSE,0,FALSE,2.181,,2.181,0,FALSE,TRUE,
C,A,20230101,2023,52,2023,276,DEU,Germany,M,Import,440,LTU,Lithuania,0,W00,World,H6,HS,TRUE,7603,Aluminium,Aluminium,4,FALSE,C00,TOTAL CPC,0,0,TOTAL MOT,8,kg,15400,FALSE,8,kg,15400,FALSE,15400,FALSE,0,FALSE,23823.17,,23823.17,0,FALSE,TRUE,
C,A,20230101,2023,52,2023,276,DEU,Germany,M,Import,442,LUX,Luxembourg,0,W00,World,H6,HS,TRUE,7603,Aluminium,Aluminium,4,FALSE,C00,TOTAL CPC,0,0,TOTAL MOT,8,kg,100,FALSE,8,kg,100,FALSE,100,FALSE,0,FALSE,3484.616,,3484.616,0,FALSE,TRUE,
C,A,20230101,2023,52,2023,276,DEU,Germany,M,Import,490,S19,"Other Asia, nes",0,W00,World,H6,HS,TRUE,7603,Aluminium,Aluminium,4,FALSE,C00,TOTAL CPC,0,0,TOTAL MOT,8,kg,50,FALSE,8,kg,50,FALSE,50,FALSE,0,FALSE,5839.675,,5839.675,0,FALSE,TRUE,
C,A,20230101,2023,52,2023,276,DEU,Germany,M,Import,496,MNG,Mongolia,0,W00,World,H6,HS,TRUE,7603,Aluminium,Aluminium,4,FALSE,C00,TOTAL CPC,0,0,TOTAL MOT,8,kg,20000,FALSE,8,kg,20000,FALSE,20000,FALSE,0,FALSE,74437.321,,74437.321,0,FALSE,TRUE,
C,A,20230101,2023,52,2023,276,DEU,Germany,M,Import,508,MOZ,Mozambique,0,W00,World,H6,HS,TRUE,7603,Aluminium,Aluminium,4,FALSE,C00,TOTAL CPC,0,0,TOTAL MOT,8,kg,185100,FALSE,8,kg,185100,FALSE,185100,FALSE,0,FALSE,232818.334,,232818.334,0,FALSE,TRUE,
C,A,20230101,2023,52,2023,276,DEU,Germany,M,Import,528,NLD,Netherlands,0,W00,World,H6,HS,TRUE,7603,Aluminium,Aluminium,4,FALSE,C00,TOTAL CPC,0,0,TOTAL MOT,8,kg,1174.175,TRUE,-1,N/A,0,FALSE,1174.175,TRUE,0,FALSE,53856.719,,53856.719,6,FALSE,TRUE,
C,A,20230101,2023,52,2023,276,DEU,Germany,M,Import,616,POL,Poland,0,W00,World,H6,HS,TRUE,7603,Aluminium,Aluminium,4,FALSE,C00,TOTAL CPC,0,0,TOTAL MOT,8,kg,1136470,FALSE,8,kg,1136470,FALSE,1136470,FALSE,0,FALSE,1535606.644,,1535606.644,0,FALSE,TRUE,
C,A,20230101,2023,52,2023,276,DEU,Germany,M,Import,642,ROU,Romania,0,W00,World,H6,HS,TRUE,7603,Aluminium,Aluminium,4,FALSE,C00,TOTAL CPC,0,0,TOTAL MOT,8,kg,512,FALSE,8,kg,512,FALSE,512,FALSE,0,FALSE,15673.138,,15673.138,0,FALSE,TRUE,
C,A,20230101,2023,52,2023,276,DEU,Germany,M,Import,643,RUS,Russia,0,W00,World,H6,HS,TRUE,7603,Aluminium,Aluminium,4,FALSE,C00,TOTAL CPC,0,0,TOTAL MOT,8,kg,8510871.322,TRUE,-1,N/A,0,FALSE,8510871.322,TRUE,0,FALSE,23311944.33,,23311944.33,6,FALSE,TRUE,
C,A,20230101,2023,52,2023,276,DEU,Germany,M,Import,699,IND,India,0,W00,World,H6,HS,TRUE,7603,Aluminium,Aluminium,4,FALSE,C00,TOTAL CPC,0,0,TOTAL MOT,8,kg,30187.269,TRUE,-1,N/A,0,FALSE,30187.269,TRUE,0,FALSE,120632.464,,120632.464,6,FALSE,TRUE,
C,A,20230101,2023,52,2023,276,DEU,Germany,M,Import,705,SVN,Slovenia,0,W00,World,H6,HS,TRUE,7603,Aluminium,Aluminium,4,FALSE,C00,TOTAL CPC,0,0,TOTAL MOT,8,kg,880163,FALSE,8,kg,880163,FALSE,880163,FALSE,0,FALSE,2476641.482,,2476641.482,0,FALSE,TRUE,
C,A,20230101,2023,52,2023,276,DEU,Germany,M,Import,710,ZAF,South Africa,0,W00,World,H6,HS,TRUE,7603,Aluminium,Aluminium,4,FALSE,C00,TOTAL CPC,0,0,TOTAL MOT,8,kg,388207,FALSE,8,kg,388207,FALSE,388207,FALSE,0,FALSE,1233268.266,,1233268.266,0,FALSE,TRUE,
C,A,20230101,2023,52,2023,276,DEU,Germany,M,Import,724,ESP,Spain,0,W00,World,H6,HS,TRUE,7603,Aluminium,Aluminium,4,FALSE,C00,TOTAL CPC,0,0,TOTAL MOT,8,kg,559,FALSE,8,kg,559,FALSE,559,FALSE,0,FALSE,10285.94,,10285.94,0,FALSE,TRUE,
C,A,20230101,2023,52,2023,276,DEU,Germany,M,Import,752,SWE,Sweden,0,W00,World,H6,HS,TRUE,7603,Aluminium,Aluminium,4,FALSE,C00,TOTAL CPC,0,0,TOTAL MOT,8,kg,112371,FALSE,8,kg,112371,FALSE,112371,FALSE,0,FALSE,618284.855,,618284.855,0,FALSE,TRUE,
C,A,20230101,2023,52,2023,276,DEU,Germany,M,Import,757,CHE,Switzerland,0,W00,World,H6,HS,TRUE,7603,Aluminium,Aluminium,4,FALSE,C00,TOTAL CPC,0,0,TOTAL MOT,8,kg,152,FALSE,8,kg,152,FALSE,152,FALSE,0,FALSE,4572.74,,4572.74,0,FALSE,TRUE,
C,A,20230101,2023,52,2023,276,DEU,Germany,M,Import,792,TUR,Turkey,0,W00,World,H6,HS,TRUE,7603,Aluminium,Aluminium,4,FALSE,C00,TOTAL CPC,0,0,TOTAL MOT,8,kg,380399.728,TRUE,-1,N/A,0,FALSE,380399.728,TRUE,0,FALSE,1188693.316,,1188693.316,6,FALSE,TRUE,
C,A,20230101,2023,52,2023,276,DEU,Germany,M,Import,804,UKR,Ukraine,0,W00,World,H6,HS,TRUE,7603,Aluminium,Aluminium,4,FALSE,C00,TOTAL CPC,0,0,TOTAL MOT,8,kg,20000,FALSE,8,kg,20000,FALSE,20000,FALSE,0,FALSE,62747.068,,62747.068,0,FALSE,TRUE,
C,A,20230101,2023,52,2023,276,DEU,Germany,M,Import,826,GBR,United Kingdom,0,W00,World,H6,HS,TRUE,7603,Aluminium,Aluminium,4,FALSE,C00,TOTAL CPC,0,0,TOTAL MOT,8,kg,196151.969,TRUE,-1,N/A,0,FALSE,196151.969,TRUE,0,FALSE,744833.316,,744833.316,6,FALSE,TRUE,
C,A,20230101,2023,52,2023,276,DEU,Germany,M,Import,842,USA,USA,0,W00,World,H6,HS,TRUE,7603,Aluminium,Aluminium,4,FALSE,C00,TOTAL CPC,0,0,TOTAL MOT,8,kg,41822.671,TRUE,-1,N/A,0,FALSE,41822.671,TRUE,0,FALSE,4482945.99,,4482945.99,6,FALSE,TRUE,
C,A,20230101,2023,52,2023,276,DEU,Germany,M,Import,0,W00,World,0,W00,World,H6,HS,TRUE,7801,Lead,Lead,4,FALSE,C00,TOTAL CPC,0,0,TOTAL MOT,8,kg,214884067.4,TRUE,-1,N/A,0,FALSE,214884067.4,TRUE,0,FALSE,542736945.3,,542736945.3,6,FALSE,TRUE,
C,A,20230101,2023,52,2023,276,DEU,Germany,M,Import,40,AUT,Austria,0,W00,World,H6,HS,TRUE,7801,Lead,Lead,4,FALSE,C00,TOTAL CPC,0,0,TOTAL MOT,8,kg,119800,FALSE,8,kg,119800,FALSE,119800,FALSE,0,FALSE,359367.885,,359367.885,0,FALSE,TRUE,
C,A,20230101,2023,52,2023,276,DEU,Germany,M,Import,56,BEL,Belgium,0,W00,World,H6,HS,TRUE,7801,Lead,Lead,4,FALSE,C00,TOTAL CPC,0,0,TOTAL MOT,8,kg,58986777,FALSE,8,kg,58986777,FALSE,58986777,FALSE,0,FALSE,144586040.2,,144586040.2,0,FALSE,TRUE,
C,A,20230101,2023,52,2023,276,DEU,Germany,M,Import,100,BGR,Bulgaria,0,W00,World,H6,HS,TRUE,7801,Lead,Lead,4,FALSE,C00,TOTAL CPC,0,0,TOTAL MOT,8,kg,831294,FALSE,8,kg,831294,FALSE,831294,FALSE,0,FALSE,2395632.891,,2395632.891,0,FALSE,TRUE,
C,A,20230101,2023,52,2023,276,DEU,Germany,M,Import,112,BLR,Belarus,0,W00,World,H6,HS,TRUE,7801,Lead,Lead,4,FALSE,C00,TOTAL CPC,0,0,TOTAL MOT,8,kg,10245890,FALSE,8,kg,10245890,FALSE,10245890,FALSE,0,FALSE,23741602.01,,23741602.01,0,FALSE,TRUE,
C,A,20230101,2023,52,2023,276,DEU,Germany,M,Import,152,CHL,Chile,0,W00,World,H6,HS,TRUE,7801,Lead,Lead,4,FALSE,C00,TOTAL CPC,0,0,TOTAL MOT,8,kg,517702,FALSE,8,kg,517702,FALSE,517702,FALSE,0,FALSE,1196120.476,,1196120.476,0,FALSE,TRUE,
C,A,20230101,2023,52,2023,276,DEU,Germany,M,Import,156,CHN,China,0,W00,World,H6,HS,TRUE,7801,Lead,Lead,4,FALSE,C00,TOTAL CPC,0,0,TOTAL MOT,8,kg,3959792.618,TRUE,-1,N/A,0,FALSE,3959792.618,TRUE,0,FALSE,9303560.61,,9303560.61,6,FALSE,TRUE,
C,A,20230101,2023,52,2023,276,DEU,Germany,M,Import,203,CZE,Czechia,0,W00,World,H6,HS,TRUE,7801,Lead,Lead,4,FALSE,C00,TOTAL CPC,0,0,TOTAL MOT,8,kg,13371575,FALSE,8,kg,13371575,FALSE,13371575,FALSE,0,FALSE,35245530.57,,35245530.57,0,FALSE,TRUE,
C,A,20230101,2023,52,2023,276,DEU,Germany,M,Import,208,DNK,Denmark,0,W00,World,H6,HS,TRUE,7801,Lead,Lead,4,FALSE,C00,TOTAL CPC,0,0,TOTAL MOT,8,kg,23800,FALSE,8,kg,23800,FALSE,23800,FALSE,0,FALSE,57062.216,,57062.216,0,FALSE,TRUE,
C,A,20230101,2023,52,2023,276,DEU,Germany,M,Import,233,EST,Estonia,0,W00,World,H6,HS,TRUE,7801,Lead,Lead,4,FALSE,C00,TOTAL CPC,0,0,TOTAL MOT,8,kg,1964641,FALSE,8,kg,1964641,FALSE,1964641,FALSE,0,FALSE,5300729.45,,5300729.45,0,FALSE,TRUE,
C,A,20230101,2023,52,2023,276,DEU,Germany,M,Import,251,FRA,France,0,W00,World,H6,HS,TRUE,7801,Lead,Lead,4,FALSE,C00,TOTAL CPC,0,0,TOTAL MOT,8,kg,27506151,FALSE,8,kg,27506151,FALSE,27506151,FALSE,0,FALSE,72780440.5,,72780440.5,0,FALSE,TRUE,
C,A,20230101,2023,52,2023,276,DEU,Germany,M,Import,300,GRC,Greece,0,W00,World,H6,HS,TRUE,7801,Lead,Lead,4,FALSE,C00,TOTAL CPC,0,0,TOTAL MOT,8,kg,287767,FALSE,8,kg,287767,FALSE,287767,FALSE,0,FALSE,816058.597,,816058.597,0,FALSE,TRUE,
C,A,20230101,2023,52,2023,276,DEU,Germany,M,Import,348,HUN,Hungary,0,W00,World,H6,HS,TRUE,7801,Lead,Lead,4,FALSE,C00,TOTAL CPC,0,0,TOTAL MOT,8,kg,85314,FALSE,8,kg,85314,FALSE,85314,FALSE,0,FALSE,218243.133,,218243.133,0,FALSE,TRUE,
C,A,20230101,2023,52,2023,276,DEU,Germany,M,Import,372,IRL,Ireland,0,W00,World,H6,HS,TRUE,7801,Lead,Lead,4,FALSE,C00,TOTAL CPC,0,0,TOTAL MOT,8,kg,249321,FALSE,8,kg,249321,FALSE,249321,FALSE,0,FALSE,589259.839,,589259.839,0,FALSE,TRUE,
C,A,20230101,2023,52,2023,276,DEU,Germany,M,Import,376,ISR,Israel,0,W00,World,H6,HS,TRUE,7801,Lead,Lead,4,FALSE,C00,TOTAL CPC,0,0,TOTAL MOT,8,kg,7175080,FALSE,8,kg,7175080,FALSE,7175080,FALSE,0,FALSE,16972184.5,,16972184.5,0,FALSE,TRUE,
C,A,20230101,2023,52,2023,276,DEU,Germany,M,Import,380,ITA,Italy,0,W00,World,H6,HS,TRUE,7801,Lead,Lead,4,FALSE,C00,TOTAL CPC,0,0,TOTAL MOT,8,kg,2361135,FALSE,8,kg,2361135,FALSE,2361135,FALSE,0,FALSE,5679476.421,,5679476.421,0,FALSE,TRUE,
C,A,20230101,2023,52,2023,276,DEU,Germany,M,Import,398,KAZ,Kazakhstan,0,W00,World,H6,HS,TRUE,7801,Lead,Lead,4,FALSE,C00,TOTAL CPC,0,0,TOTAL MOT,8,kg,1250989,FALSE,8,kg,1250989,FALSE,1250989,FALSE,0,FALSE,2569096.097,,2569096.097,0,FALSE,TRUE,
C,A,20230101,2023,52,2023,276,DEU,Germany,M,Import,428,LVA,Latvia,0,W00,World,H6,HS,TRUE,7801,Lead,Lead,4,FALSE,C00,TOTAL CPC,0,0,TOTAL MOT,8,kg,24154,FALSE,8,kg,24154,FALSE,24154,FALSE,0,FALSE,54316.827,,54316.827,0,FALSE,TRUE,
C,A,20230101,2023,52,2023,276,DEU,Germany,M,Import,484,MEX,Mexico,0,W00,World,H6,HS,TRUE,7801,Lead,Lead,4,FALSE,C00,TOTAL CPC,0,0,TOTAL MOT,8,kg,1595265,FALSE,8,kg,1595265,FALSE,1595265,FALSE,0,FALSE,6999971.288,,6999971.288,0,FALSE,TRUE,
C,A,20230101,2023,52,2023,276,DEU,Germany,M,Import,490,S19,"Other Asia, nes",0,W00,World,H6,HS,TRUE,7801,Lead,Lead,4,FALSE,C00,TOTAL CPC,0,0,TOTAL MOT,8,kg,4236776,FALSE,8,kg,4236776,FALSE,4236776,FALSE,0,FALSE,9942855.647,,9942855.647,0,FALSE,TRUE,
C,A,20230101,2023,52,2023,276,DEU,Germany,M,Import,528,NLD,Netherlands,0,W00,World,H6,HS,TRUE,7801,Lead,Lead,4,FALSE,C00,TOTAL CPC,0,0,TOTAL MOT,8,kg,6270999.216,TRUE,-1,N/A,0,FALSE,6270999.216,TRUE,0,FALSE,14250240.68,,14250240.68,6,FALSE,TRUE,
C,A,20230101,2023,52,2023,276,DEU,Germany,M,Import,566,NGA,Nigeria,0,W00,World,H6,HS,TRUE,7801,Lead,Lead,4,FALSE,C00,TOTAL CPC,0,0,TOTAL MOT,8,kg,48780,FALSE,8,kg,48780,FALSE,48780,FALSE,0,FALSE,122044.41,,122044.41,0,FALSE,TRUE,
C,A,20230101,2023,52,2023,276,DEU,Germany,M,Import,604,PER,Peru,0,W00,World,H6,HS,TRUE,7801,Lead,Lead,4,FALSE,C00,TOTAL CPC,0,0,TOTAL MOT,8,kg,245730,FALSE,8,kg,245730,FALSE,245730,FALSE,0,FALSE,1204492.93,,1204492.93,0,FALSE,TRUE,
C,A,20230101,2023,52,2023,276,DEU,Germany,M,Import,608,PHL,Philippines,0,W00,World,H6,HS,TRUE,7801,Lead,Lead,4,FALSE,C00,TOTAL CPC,0,0,TOTAL MOT,8,kg,9245,FALSE,8,kg,9245,FALSE,9245,FALSE,0,FALSE,190816.504,,190816.504,0,FALSE,TRUE,
C,A,20230101,2023,52,2023,276,DEU,Germany,M,Import,616,POL,Poland,0,W00,World,H6,HS,TRUE,7801,Lead,Lead,4,FALSE,C00,TOTAL CPC,0,0,TOTAL MOT,8,kg,14154652,FALSE,8,kg,14154652,FALSE,14154652,FALSE,0,FALSE,36740308.55,,36740308.55,0,FALSE,TRUE,
C,A,20230101,2023,52,2023,276,DEU,Germany,M,Import,620,PRT,Portugal,0,W00,World,H6,HS,TRUE,7801,Lead,Lead,4,FALSE,C00,TOTAL CPC,0,0,TOTAL MOT,8,kg,120229,FALSE,8,kg,120229,FALSE,120229,FALSE,0,FALSE,325343.819,,325343.819,0,FALSE,TRUE,
C,A,20230101,2023,52,2023,276,DEU,Germany,M,Import,682,SAU,Saudi Arabia,0,W00,World,H6,HS,TRUE,7801,Lead,Lead,4,FALSE,C00,TOTAL CPC,0,0,TOTAL MOT,8,kg,2781599,FALSE,8,kg,2781599,FALSE,2781599,FALSE,0,FALSE,7018829.208,,7018829.208,0,FALSE,TRUE,
C,A,20230101,2023,52,2023,276,DEU,Germany,M,Import,699,IND,India,0,W00,World,H6,HS,TRUE,7801,Lead,Lead,4,FALSE,C00,TOTAL CPC,0,0,TOTAL MOT,8,kg,648812,FALSE,8,kg,648812,FALSE,648812,FALSE,0,FALSE,3015013.503,,3015013.503,0,FALSE,TRUE,
C,A,20230101,2023,52,2023,276,DEU,Germany,M,Import,703,SVK,Slovakia,0,W00,World,H6,HS,TRUE,7801,Lead,Lead,4,FALSE,C00,TOTAL CPC,0,0,TOTAL MOT,8,kg,312906,FALSE,8,kg,312906,FALSE,312906,FALSE,0,FALSE,810448.977,,810448.977,0,FALSE,TRUE,
C,A,20230101,2023,52,2023,276,DEU,Germany,M,Import,705,SVN,Slovenia,0,W00,World,H6,HS,TRUE,7801,Lead,Lead,4,FALSE,C00,TOTAL CPC,0,0,TOTAL MOT,8,kg,26135,FALSE,8,kg,26135,FALSE,26135,FALSE,0,FALSE,60566.457,,60566.457,0,FALSE,TRUE,
C,A,20230101,2023,52,2023,276,DEU,Germany,M,Import,710,ZAF,South Africa,0,W00,World,H6,HS,TRUE,7801,Lead,Lead,4,FALSE,C00,TOTAL CPC,0,0,TOTAL MOT,8,kg,8000,FALSE,8,kg,8000,FALSE,8000,FALSE,0,FALSE,40581.162,,40581.162,0,FALSE,TRUE,
C,A,20230101,2023,52,2023,276,DEU,Germany,M,Import,724,ESP,Spain,0,W00,World,H6,HS,TRUE,7801,Lead,Lead,4,FALSE,C00,TOTAL CPC,0,0,TOTAL MOT,8,kg,15812350,FALSE,8,kg,15812350,FALSE,15812350,FALSE,0,FALSE,35517695.84,,35517695.84,0,FALSE,TRUE,
C,A,20230101,2023,52,2023,276,DEU,Germany,M,Import,752,SWE,Sweden,0,W00,World,H6,HS,TRUE,7801,Lead,Lead,4,FALSE,C00,TOTAL CPC,0,0,TOTAL MOT,8,kg,11591570,FALSE,8,kg,11591570,FALSE,11591570,FALSE,0,FALSE,29886843.76,,29886843.76,0,FALSE,TRUE,
C,A,20230101,2023,52,2023,276,DEU,Germany,M,Import,757,CHE,Switzerland,0,W00,World,H6,HS,TRUE,7801,Lead,Lead,4,FALSE,C00,TOTAL CPC,0,0,TOTAL MOT,8,kg,42,FALSE,8,kg,42,FALSE,42,FALSE,0,FALSE,126.475,,126.475,0,FALSE,TRUE,
C,A,20230101,2023,52,2023,276,DEU,Germany,M,Import,784,ARE,United Arab Emirates,0,W00,World,H6,HS,TRUE,7801,Lead,Lead,4,FALSE,C00,TOTAL CPC,0,0,TOTAL MOT,8,kg,13234,FALSE,8,kg,13234,FALSE,13234,FALSE,0,FALSE,32203.256,,32203.256,0,FALSE,TRUE,
C,A,20230101,2023,52,2023,276,DEU,Germany,M,Import,788,TUN,Tunisia,0,W00,World,H6,HS,TRUE,7801,Lead,Lead,4,FALSE,C00,TOTAL CPC,0,0,TOTAL MOT,8,kg,72676,FALSE,8,kg,72676,FALSE,72676,FALSE,0,FALSE,268953.231,,268953.231,0,FALSE,TRUE,
C,A,20230101,2023,52,2023,276,DEU,Germany,M,Import,792,TUR,Turkey,0,W00,World,H6,HS,TRUE,7801,Lead,Lead,4,FALSE,C00,TOTAL CPC,0,0,TOTAL MOT,8,kg,97030,FALSE,8,kg,97030,FALSE,97030,FALSE,0,FALSE,432440.143,,432440.143,0,FALSE,TRUE,
C,A,20230101,2023,52,2023,276,DEU,Germany,M,Import,804,UKR,Ukraine,0,W00,World,H6,HS,TRUE,7801,Lead,Lead,4,FALSE,C00,TOTAL CPC,0,0,TOTAL MOT,8,kg,108692,FALSE,8,kg,108692,FALSE,108692,FALSE,0,FALSE,252453.641,,252453.641,0,FALSE,TRUE,
C,A,20230101,2023,52,2023,276,DEU,Germany,M,Import,826,GBR,United Kingdom,0,W00,World,H6,HS,TRUE,7801,Lead,Lead,4,FALSE,C00,TOTAL CPC,0,0,TOTAL MOT,8,kg,27755623.81,TRUE,-1,N/A,0,FALSE,27755623.81,TRUE,0,FALSE,73730902.12,,73730902.12,6,FALSE,TRUE,
C,A,20230101,2023,52,2023,276,DEU,Germany,M,Import,842,USA,USA,0,W00,World,H6,HS,TRUE,7801,Lead,Lead,4,FALSE,C00,TOTAL CPC,0,0,TOTAL MOT,8,kg,12538.735,TRUE,-1,N/A,0,FALSE,12538.735,TRUE,0,FALSE,29091.525,,29091.525,6,FALSE,TRUE,
C,A,20230101,2023,52,2023,276,DEU,Germany,M,Import,0,W00,World,0,W00,World,H6,HS,TRUE,2614,Titanium ores and concentrates,Titanium,4,FALSE,C00,TOTAL CPC,0,0,TOTAL MOT,8,kg,297720872.6,TRUE,-1,N/A,0,FALSE,297720872.6,TRUE,0,FALSE,205645712.2,,205645712.2,6,FALSE,TRUE,
C,A,20230101,2023,52,2023,276,DEU,Germany,M,Import,36,AUS,Australia,0,W00,World,H6,HS,TRUE,2614,Titanium ores and concentrates,Titanium,4,FALSE,C00,TOTAL CPC,0,0,TOTAL MOT,8,kg,16447563,FALSE,8,kg,16447563,FALSE,16447563,FALSE,0,FALSE,21037748.55,,21037748.55,0,FALSE,TRUE,
C,A,20230101,2023,52,2023,276,DEU,Germany,M,Import,40,AUT,Austria,0,W00,World,H6,HS,TRUE,2614,Titanium ores and concentrates,Titanium,4,FALSE,C00,TOTAL CPC,0,0,TOTAL MOT,8,kg,22409,FALSE,8,kg,22409,FALSE,22409,FALSE,0,FALSE,19733.435,,19733.435,0,FALSE,TRUE,
C,A,20230101,2023,52,2023,276,DEU,Germany,M,Import,124,CAN,Canada,0,W00,World,H6,HS,TRUE,2614,Titanium ores and concentrates,Titanium,4,FALSE,C00,TOTAL CPC,0,0,TOTAL MOT,8,kg,7001113,FALSE,8,kg,7001113,FALSE,7001113,FALSE,0,FALSE,663195.619,,663195.619,0,FALSE,TRUE,
C,A,20230101,2023,52,2023,276,DEU,Germany,M,Import,156,CHN,China,0,W00,World,H6,HS,TRUE,2614,Titanium ores and concentrates,Titanium,4,FALSE,C00,TOTAL CPC,0,0,TOTAL MOT,8,kg,23516,FALSE,8,kg,23516,FALSE,23516,FALSE,0,FALSE,7032.469,,7032.469,0,FALSE,TRUE,
C,A,20230101,2023,52,2023,276,DEU,Germany,M,Import,300,GRC,Greece,0,W00,World,H6,HS,TRUE,2614,Titanium ores and concentrates,Titanium,4,FALSE,C00,TOTAL CPC,0,0,TOTAL MOT,8,kg,30400,FALSE,8,kg,30400,FALSE,30400,FALSE,0,FALSE,6088.265,,6088.265,0,FALSE,TRUE,
C,A,20230101,2023,52,2023,276,DEU,Germany,M,Import,380,ITA,Italy,0,W00,World,H6,HS,TRUE,2614,Titanium ores and concentrates,Titanium,4,FALSE,C00,TOTAL CPC,0,0,TOTAL MOT,8,kg,66714,FALSE,8,kg,66714,FALSE,66714,FALSE,0,FALSE,55676.438,,55676.438,0,FALSE,TRUE,
C,A,20230101,2023,52,2023,276,DEU,Germany,M,Import,508,MOZ,Mozambique,0,W00,World,H6,HS,TRUE,2614,Titanium ores and concentrates,Titanium,4,FALSE,C00,TOTAL CPC,0,0,TOTAL MOT,8,kg,2735910,FALSE,8,kg,2735910,FALSE,2735910,FALSE,0,FALSE,2441914.169,,2441914.169,0,FALSE,TRUE,
C,A,20230101,2023,52,2023,276,DEU,Germany,M,Import,528,NLD,Netherlands,0,W00,World,H6,HS,TRUE,2614,Titanium ores and concentrates,Titanium,4,FALSE,C00,TOTAL CPC,0,0,TOTAL MOT,8,kg,1249110,FALSE,8,kg,1249110,FALSE,1249110,FALSE,0,FALSE,1013752.747,,1013752.747,0,FALSE,TRUE,
C,A,20230101,2023,52,2023,276,DEU,Germany,M,Import,579,NOR,Norway,0,W00,World,H6,HS,TRUE,2614,Titanium ores and concentrates,Titanium,4,FALSE,C00,TOTAL CPC,0,0,TOTAL MOT,8,kg,107891633,FALSE,8,kg,107891633,FALSE,107891633,FALSE,0,FALSE,26291036.64,,26291036.64,0,FALSE,TRUE,
C,A,20230101,2023,52,2023,276,DEU,Germany,M,Import,616,POL,Poland,0,W00,World,H6,HS,TRUE,2614,Titanium ores and concentrates,Titanium,4,FALSE,C00,TOTAL CPC,0,0,TOTAL MOT,8,kg,100511,FALSE,8,kg,100511,FALSE,100511,FALSE,0,FALSE,98629.014,,98629.014,0,FALSE,TRUE,
C,A,20230101,2023,52,2023,276,DEU,Germany,M,Import,686,SEN,Senegal,0,W00,World,H6,HS,TRUE,2614,Titanium ores and concentrates,Titanium,4,FALSE,C00,TOTAL CPC,0,0,TOTAL MOT,8,kg,952030,FALSE,8,kg,952030,FALSE,952030,FALSE,0,FALSE,699397.025,,699397.025,0,FALSE,TRUE,
C,A,20230101,2023,52,2023,276,DEU,Germany,M,Import,694,SLE,Sierra Leone,0,W00,World,H6,HS,TRUE,2614,Titanium ores and concentrates,Titanium,4,FALSE,C00,TOTAL CPC,0,0,TOTAL MOT,8,kg,12945857,FALSE,8,kg,12945857,FALSE,12945857,FALSE,0,FALSE,18803432.86,,18803432.86,0,FALSE,TRUE,
C,A,20230101,2023,52,2023,276,DEU,Germany,M,Import,699,IND,India,0,W00,World,H6,HS,TRUE,2614,Titanium ores and concentrates,Titanium,4,FALSE,C00,TOTAL CPC,0,0,TOTAL MOT,8,kg,20000296,FALSE,8,kg,20000296,FALSE,20000296,FALSE,0,FALSE,7107689.087,,7107689.087,0,FALSE,TRUE,
C,A,20230101,2023,52,2023,276,DEU,Germany,M,Import,705,SVN,Slovenia,0,W00,World,H6,HS,TRUE,2614,Titanium ores and concentrates,Titanium,4,FALSE,C00,TOTAL CPC,0,0,TOTAL MOT,8,kg,48583,FALSE,8,kg,48583,FALSE,48583,FALSE,0,FALSE,40095.976,,40095.976,0,FALSE,TRUE,
C,A,20230101,2023,52,2023,276,DEU,Germany,M,Import,710,ZAF,South Africa,0,W00,World,H6,HS,TRUE,2614,Titanium ores and concentrates,Titanium,4,FALSE,C00,TOTAL CPC,0,0,TOTAL MOT,8,kg,122503698.6,TRUE,-1,N/A,0,FALSE,122503698.6,TRUE,0,FALSE,122967373.7,,122967373.7,6,FALSE,TRUE,
C,A,20230101,2023,52,2023,276,DEU,Germany,M,Import,724,ESP,Spain,0,W00,World,H6,HS,TRUE,2614,Titanium ores and concentrates,Titanium,4,FALSE,C00,TOTAL CPC,0,0,TOTAL MOT,8,kg,5000000,FALSE,8,kg,5000000,FALSE,5000000,FALSE,0,FALSE,3880468.38,,3880468.38,0,FALSE,TRUE,
C,A,20230101,2023,52,2023,276,DEU,Germany,M,Import,804,UKR,Ukraine,0,W00,World,H6,HS,TRUE,2614,Titanium ores and concentrates,Titanium,4,FALSE,C00,TOTAL CPC,0,0,TOTAL MOT,8,kg,286708,FALSE,8,kg,286708,FALSE,286708,FALSE,0,FALSE,251391.684,,251391.684,0,FALSE,TRUE,
C,A,20230101,2023,52,2023,276,DEU,Germany,M,Import,842,USA,USA,0,W00,World,H6,HS,TRUE,2614,Titanium ores and concentrates,Titanium,4,FALSE,C00,TOTAL CPC,0,0,TOTAL MOT,8,kg,414821,FALSE,8,kg,414821,FALSE,414821,FALSE,0,FALSE,261056.15,,261056.15,0,FALSE,TRUE,
C,A,20230101,2023,52,2023,276,DEU,Germany,M,Import,0,W00,World,0,W00,World,H6,HS,TRUE,2701,"Coal; briquettes, ovoids and similar solid fuels manufactured from coal",Coal,4,FALSE,C00,TOTAL CPC,0,0,TOTAL MOT,8,kg,30568537389,TRUE,-1,N/A,0,FALSE,30568537389,TRUE,0,FALSE,7182484223,,7182484223,6,FALSE,TRUE,
C,A,20230101,2023,52,2023,276,DEU,Germany,M,Import,4,AFG,Afghanistan,0,W00,World,H6,HS,TRUE,2701,"Coal; briquettes, ovoids and similar solid fuels manufactured from coal",Coal,4,FALSE,C00,TOTAL CPC,0,0,TOTAL MOT,8,kg,24000,FALSE,8,kg,24000,FALSE,24000,FALSE,0,FALSE,5310.877,,5310.877,0,FALSE,TRUE,
C,A,20230101,2023,52,2023,276,DEU,Germany,M,Import,36,AUS,Australia,0,W00,World,H6,HS,TRUE,2701,"Coal; briquettes, ovoids and similar solid fuels manufactured from coal",Coal,4,FALSE,C00,TOTAL CPC,0,0,TOTAL MOT,8,kg,8601619726,FALSE,8,kg,8601619726,FALSE,8601619726,FALSE,0,FALSE,2394551971,,2394551971,0,FALSE,TRUE,
C,A,20230101,2023,52,2023,276,DEU,Germany,M,Import,40,AUT,Austria,0,W00,World,H6,HS,TRUE,2701,"Coal; briquettes, ovoids and similar solid fuels manufactured from coal",Coal,4,FALSE,C00,TOTAL CPC,0,0,TOTAL MOT,8,kg,123548,FALSE,8,kg,123548,FALSE,123548,FALSE,0,FALSE,36144.71,,36144.71,0,FALSE,TRUE,
C,A,20230101,2023,52,2023,276,DEU,Germany,M,Import,56,BEL,Belgium,0,W00,World,H6,HS,TRUE,2701,"Coal; briquettes, ovoids and similar solid fuels manufactured from coal",Coal,4,FALSE,C00,TOTAL CPC,0,0,TOTAL MOT,8,kg,246458854,FALSE,8,kg,246458854,FALSE,246458854,FALSE,0,FALSE,82803368.17,,82803368.17,0,FALSE,TRUE,
C,A,20230101,2023,52,2023,276,DEU,Germany,M,Import,72,BWA,Botswana,0,W00,World,H6,HS,TRUE,2701,"Coal; briquettes, ovoids and similar solid fuels manufactured from coal",Coal,4,FALSE,C00,TOTAL CPC,0,0,TOTAL MOT,8,kg,37835900,FALSE,8,kg,37835900,FALSE,37835900,FALSE,0,FALSE,8040675.291,,8040675.291,0,FALSE,TRUE,
C,A,20230101,2023,52,2023,276,DEU,Germany,M,Import,76,BRA,Brazil,0,W00,World,H6,HS,TRUE,2701,"Coal; briquettes, ovoids and similar solid fuels manufactured from coal",Coal,4,FALSE,C00,TOTAL CPC,0,0,TOTAL MOT,8,kg,83980,FALSE,8,kg,83980,FALSE,83980,FALSE,0,FALSE,51561.626,,51561.626,0,FALSE,TRUE,
C,A,20230101,2023,52,2023,276,DEU,Germany,M,Import,124,CAN,Canada,0,W00,World,H6,HS,TRUE,2701,"Coal; briquettes, ovoids and similar solid fuels manufactured from coal",Coal,4,FALSE,C00,TOTAL CPC,0,0,TOTAL MOT,8,kg,554315514,FALSE,8,kg,554315514,FALSE,554315514,FALSE,0,FALSE,162798317.1,,162798317.1,0,FALSE,TRUE,
C,A,20230101,2023,52,2023,276,DEU,Germany,M,Import,156,CHN,China,0,W00,World,H6,HS,TRUE,2701,"Coal; briquettes, ovoids and similar solid fuels manufactured from coal",Coal,4,FALSE,C00,TOTAL CPC,0,0,TOTAL MOT,8,kg,36325372,FALSE,8,kg,36325372,FALSE,36325372,FALSE,0,FALSE,17428464.16,,17428464.16,0,FALSE,TRUE,
C,A,20230101,2023,52,2023,276,DEU,Germany,M,Import,170,COL,Colombia,0,W00,World,H6,HS,TRUE,2701,"Coal; briquettes, ovoids and similar solid fuels manufactured from coal",Coal,4,FALSE,C00,TOTAL CPC,0,0,TOTAL MOT,8,kg,4974482881,FALSE,8,kg,4974482881,FALSE,4974482881,FALSE,0,FALSE,914040062.5,,914040062.5,0,FALSE,TRUE,
C,A,20230101,2023,52,2023,276,DEU,Germany,M,Import,203,CZE,Czechia,0,W00,World,H6,HS,TRUE,2701,"Coal; briquettes, ovoids and similar solid fuels manufactured from coal",Coal,4,FALSE,C00,TOTAL CPC,0,0,TOTAL MOT,8,kg,5329240,FALSE,8,kg,5329240,FALSE,5329240,FALSE,0,FALSE,2030132.04,,2030132.04,0,FALSE,TRUE,
C,A,20230101,2023,52,2023,276,DEU,Germany,M,Import,208,DNK,Denmark,0,W00,World,H6,HS,TRUE,2701,"Coal; briquettes, ovoids and similar solid fuels manufactured from coal",Coal,4,FALSE,C00,TOTAL CPC,0,0,TOTAL MOT,8,kg,64176,FALSE,8,kg,64176,FALSE,64176,FALSE,0,FALSE,37137.978,,37137.978,0,FALSE,TRUE,
C,A,20230101,2023,52,2023,276,DEU,Germany,M,Import,251,FRA,France,0,W00,World,H6,HS,TRUE,2701,"Coal; briquettes, ovoids and similar solid fuels manufactured from coal",Coal,4,FALSE,C00,TOTAL CPC,0,0,TOTAL MOT,8,kg,104928861,FALSE,8,kg,104928861,FALSE,104928861,FALSE,0,FALSE,26038245,,26038245,0,FALSE,TRUE,
C,A,20230101,2023,52,2023,276,DEU,Germany,M,Import,360,IDN,Indonesia,0,W00,World,H6,HS,TRUE,2701,"Coal; briquettes, ovoids and similar solid fuels manufactured from coal",Coal,4,FALSE,C00,TOTAL CPC,0,0,TOTAL MOT,8,kg,11993,FALSE,8,kg,11993,FALSE,11993,FALSE,0,FALSE,3922.918,,3922.918,0,FALSE,TRUE,
C,A,20230101,2023,52,2023,276,DEU,Germany,M,Import,372,IRL,Ireland,0,W00,World,H6,HS,TRUE,2701,"Coal; briquettes, ovoids and similar solid fuels manufactured from coal",Coal,4,FALSE,C00,TOTAL CPC,0,0,TOTAL MOT,8,kg,1095680,FALSE,8,kg,1095680,FALSE,1095680,FALSE,0,FALSE,248354.093,,248354.093,0,FALSE,TRUE,
C,A,20230101,2023,52,2023,276,DEU,Germany,M,Import,380,ITA,Italy,0,W00,World,H6,HS,TRUE,2701,"Coal; briquettes, ovoids and similar solid fuels manufactured from coal",Coal,4,FALSE,C00,TOTAL CPC,0,0,TOTAL MOT,8,kg,1961100,FALSE,8,kg,1961100,FALSE,1961100,FALSE,0,FALSE,863349.498,,863349.498,0,FALSE,TRUE,
C,A,20230101,2023,52,2023,276,DEU,Germany,M,Import,398,KAZ,Kazakhstan,0,W00,World,H6,HS,TRUE,2701,"Coal; briquettes, ovoids and similar solid fuels manufactured from coal",Coal,4,FALSE,C00,TOTAL CPC,0,0,TOTAL MOT,8,kg,798694026,FALSE,8,kg,798694026,FALSE,798694026,FALSE,0,FALSE,108159821.3,,108159821.3,0,FALSE,TRUE,
C,A,20230101,2023,52,2023,276,DEU,Germany,M,Import,417,KGZ,Kyrgyzstan,0,W00,World,H6,HS,TRUE,2701,"Coal; briquettes, ovoids and similar solid fuels manufactured from coal",Coal,4,FALSE,C00,TOTAL CPC,0,0,TOTAL MOT,8,kg,352080,FALSE,8,kg,352080,FALSE,352080,FALSE,0,FALSE,161610.497,,161610.497,0,FALSE,TRUE,
C,A,20230101,2023,52,2023,276,DEU,Germany,M,Import,428,LVA,Latvia,0,W00,World,H6,HS,TRUE,2701,"Coal; briquettes, ovoids and similar solid fuels manufactured from coal",Coal,4,FALSE,C00,TOTAL CPC,0,0,TOTAL MOT,8,kg,2306460,FALSE,8,kg,2306460,FALSE,2306460,FALSE,0,FALSE,638745.524,,638745.524,0,FALSE,TRUE,
C,A,20230101,2023,52,2023,276,DEU,Germany,M,Import,442,LUX,Luxembourg,0,W00,World,H6,HS,TRUE,2701,"Coal; briquettes, ovoids and similar solid fuels manufactured from coal",Coal,4,FALSE,C00,TOTAL CPC,0,0,TOTAL MOT,8,kg,5400,FALSE,8,kg,5400,FALSE,5400,FALSE,0,FALSE,2513.154,,2513.154,0,FALSE,TRUE,
C,A,20230101,2023,52,2023,276,DEU,Germany,M,Import,508,MOZ,Mozambique,0,W00,World,H6,HS,TRUE,2701,"Coal; briquettes, ovoids and similar solid fuels manufactured from coal",Coal,4,FALSE,C00,TOTAL CPC,0,0,TOTAL MOT,8,kg,80122420,FALSE,8,kg,80122420,FALSE,80122420,FALSE,0,FALSE,10987546.9,,10987546.9,0,FALSE,TRUE,
C,A,20230101,2023,52,2023,276,DEU,Germany,M,Import,528,NLD,Netherlands,0,W00,World,H6,HS,TRUE,2701,"Coal; briquettes, ovoids and similar solid fuels manufactured from coal",Coal,4,FALSE,C00,TOTAL CPC,0,0,TOTAL MOT,8,kg,1393621565,FALSE,8,kg,1393621565,FALSE,1393621565,FALSE,0,FALSE,263399924.3,,263399924.3,0,FALSE,TRUE,
C,A,20230101,2023,52,2023,276,DEU,Germany,M,Import,579,NOR,Norway,0,W00,World,H6,HS,TRUE,2701,"Coal; briquettes, ovoids and similar solid fuels manufactured from coal",Coal,4,FALSE,C00,TOTAL CPC,0,0,TOTAL MOT,8,kg,46579880,FALSE,8,kg,46579880,FALSE,46579880,FALSE,0,FALSE,8855839.838,,8855839.838,0,FALSE,TRUE,
C,A,20230101,2023,52,2023,276,DEU,Germany,M,Import,604,PER,Peru,0,W00,World,H6,HS,TRUE,2701,"Coal; briquettes, ovoids and similar solid fuels manufactured from coal",Coal,4,FALSE,C00,TOTAL CPC,0,0,TOTAL MOT,8,kg,85962651,FALSE,8,kg,85962651,FALSE,85962651,FALSE,0,FALSE,21787688.85,,21787688.85,0,FALSE,TRUE,
C,A,20230101,2023,52,2023,276,DEU,Germany,M,Import,616,POL,Poland,0,W00,World,H6,HS,TRUE,2701,"Coal; briquettes, ovoids and similar solid fuels manufactured from coal",Coal,4,FALSE,C00,TOTAL CPC,0,0,TOTAL MOT,8,kg,140428870,FALSE,8,kg,140428870,FALSE,140428870,FALSE,0,FALSE,45439121.53,,45439121.53,0,FALSE,TRUE,
C,A,20230101,2023,52,2023,276,DEU,Germany,M,Import,643,RUS,Russia,0,W00,World,H6,HS,TRUE,2701,"Coal; briquettes, ovoids and similar solid fuels manufactured from coal",Coal,4,FALSE,C00,TOTAL CPC,0,0,TOTAL MOT,8,kg,590187520,FALSE,8,kg,590187520,FALSE,590187520,FALSE,0,FALSE,205544982.2,,205544982.2,0,FALSE,TRUE,
C,A,20230101,2023,52,2023,276,DEU,Germany,M,Import,699,IND,India,0,W00,World,H6,HS,TRUE,2701,"Coal; briquettes, ovoids and similar solid fuels manufactured from coal",Coal,4,FALSE,C00,TOTAL CPC,0,0,TOTAL MOT,8,kg,3300541,FALSE,8,kg,3300541,FALSE,3300541,FALSE,0,FALSE,3939203.125,,3939203.125,0,FALSE,TRUE,
C,A,20230101,2023,52,2023,276,DEU,Germany,M,Import,702,SGP,Singapore,0,W00,World,H6,HS,TRUE,2701,"Coal; briquettes, ovoids and similar solid fuels manufactured from coal",Coal,4,FALSE,C00,TOTAL CPC,0,0,TOTAL MOT,8,kg,11001900,FALSE,8,kg,11001900,FALSE,11001900,FALSE,0,FALSE,2222477.152,,2222477.152,0,FALSE,TRUE,
C,A,20230101,2023,52,2023,276,DEU,Germany,M,Import,703,SVK,Slovakia,0,W00,World,H6,HS,TRUE,2701,"Coal; briquettes, ovoids and similar solid fuels manufactured from coal",Coal,4,FALSE,C00,TOTAL CPC,0,0,TOTAL MOT,8,kg,809466,FALSE,8,kg,809466,FALSE,809466,FALSE,0,FALSE,825454.848,,825454.848,0,FALSE,TRUE,
C,A,20230101,2023,52,2023,276,DEU,Germany,M,Import,704,VNM,Vietnam,0,W00,World,H6,HS,TRUE,2701,"Coal; briquettes, ovoids and similar solid fuels manufactured from coal",Coal,4,FALSE,C00,TOTAL CPC,0,0,TOTAL MOT,8,kg,500000,FALSE,8,kg,500000,FALSE,500000,FALSE,0,FALSE,412124.485,,412124.485,0,FALSE,TRUE,
C,A,20230101,2023,52,2023,276,DEU,Germany,M,Import,710,ZAF,South Africa,0,W00,World,H6,HS,TRUE,2701,"Coal; briquettes, ovoids and similar solid fuels manufactured from coal",Coal,4,FALSE,C00,TOTAL CPC,0,0,TOTAL MOT,8,kg,3561934881,TRUE,-1,N/A,0,FALSE,3561934881,TRUE,0,FALSE,616049254.2,,616049254.2,6,FALSE,TRUE,
C,A,20230101,2023,52,2023,276,DEU,Germany,M,Import,724,ESP,Spain,0,W00,World,H6,HS,TRUE,2701,"Coal; briquettes, ovoids and similar solid fuels manufactured from coal",Coal,4,FALSE,C00,TOTAL CPC,0,0,TOTAL MOT,8,kg,13444900,FALSE,8,kg,13444900,FALSE,13444900,FALSE,0,FALSE,4394010.88,,4394010.88,0,FALSE,TRUE,
C,A,20230101,2023,52,2023,276,DEU,Germany,M,Import,757,CHE,Switzerland,0,W00,World,H6,HS,TRUE,2701,"Coal; briquettes, ovoids and similar solid fuels manufactured from coal",Coal,4,FALSE,C00,TOTAL CPC,0,0,TOTAL MOT,8,kg,62523,FALSE,8,kg,62523,FALSE,62523,FALSE,0,FALSE,23418.667,,23418.667,0,FALSE,TRUE,
C,A,20230101,2023,52,2023,276,DEU,Germany,M,Import,792,TUR,Turkey,0,W00,World,H6,HS,TRUE,2701,"Coal; briquettes, ovoids and similar solid fuels manufactured from coal",Coal,4,FALSE,C00,TOTAL CPC,0,0,TOTAL MOT,8,kg,20000,FALSE,8,kg,20000,FALSE,20000,FALSE,0,FALSE,11400.232,,11400.232,0,FALSE,TRUE,
C,A,20230101,2023,52,2023,276,DEU,Germany,M,Import,804,UKR,Ukraine,0,W00,World,H6,HS,TRUE,2701,"Coal; briquettes, ovoids and similar solid fuels manufactured from coal",Coal,4,FALSE,C00,TOTAL CPC,0,0,TOTAL MOT,8,kg,2657730,FALSE,8,kg,2657730,FALSE,2657730,FALSE,0,FALSE,1229721.503,,1229721.503,0,FALSE,TRUE,
C,A,20230101,2023,52,2023,276,DEU,Germany,M,Import,826,GBR,United Kingdom,0,W00,World,H6,HS,TRUE,2701,"Coal; briquettes, ovoids and similar solid fuels manufactured from coal",Coal,4,FALSE,C00,TOTAL CPC,0,0,TOTAL MOT,8,kg,8116220.852,TRUE,-1,N/A,0,FALSE,8116220.852,TRUE,0,FALSE,4253641.71,,4253641.71,6,FALSE,TRUE,
C,A,20230101,2023,52,2023,276,DEU,Germany,M,Import,842,USA,USA,0,W00,World,H6,HS,TRUE,2701,"Coal; briquettes, ovoids and similar solid fuels manufactured from coal",Coal,4,FALSE,C00,TOTAL CPC,0,0,TOTAL MOT,8,kg,9263767531,FALSE,8,kg,9263767531,FALSE,9263767531,FALSE,0,FALSE,2275168705,,2275168705,0,FALSE,TRUE,
C,A,20230101,2023,52,2023,276,DEU,Germany,M,Import,0,W00,World,0,W00,World,H6,HS,TRUE,2702,"Lignite; whether or not agglomerated, excluding jet",Lignite,4,FALSE,C00,TOTAL CPC,0,0,TOTAL MOT,8,kg,103851750.5,TRUE,-1,N/A,0,FALSE,103851750.5,TRUE,0,FALSE,13106945.5,,13106945.5,6,FALSE,TRUE,
C,A,20230101,2023,52,2023,276,DEU,Germany,M,Import,36,AUS,Australia,0,W00,World,H6,HS,TRUE,2702,"Lignite; whether or not agglomerated, excluding jet",Lignite,4,FALSE,C00,TOTAL CPC,0,0,TOTAL MOT,8,kg,110,FALSE,8,kg,110,FALSE,110,FALSE,0,FALSE,1893.86,,1893.86,0,FALSE,TRUE,
C,A,20230101,2023,52,2023,276,DEU,Germany,M,Import,203,CZE,Czechia,0,W00,World,H6,HS,TRUE,2702,"Lignite; whether or not agglomerated, excluding jet",Lignite,4,FALSE,C00,TOTAL CPC,0,0,TOTAL MOT,8,kg,103555639,FALSE,8,kg,103555639,FALSE,103555639,FALSE,0,FALSE,12921561.99,,12921561.99,0,FALSE,TRUE,
C,A,20230101,2023,52,2023,276,DEU,Germany,M,Import,528,NLD,Netherlands,0,W00,World,H6,HS,TRUE,2702,"Lignite; whether or not agglomerated, excluding jet",Lignite,4,FALSE,C00,TOTAL CPC,0,0,TOTAL MOT,8,kg,10103.532,TRUE,-1,N/A,0,FALSE,10103.532,TRUE,0,FALSE,1476.273,,1476.273,6,FALSE,TRUE,
C,A,20230101,2023,52,2023,276,DEU,Germany,M,Import,826,GBR,United Kingdom,0,W00,World,H6,HS,TRUE,2702,"Lignite; whether or not agglomerated, excluding jet",Lignite,4,FALSE,C00,TOTAL CPC,0,0,TOTAL MOT,8,kg,856,FALSE,8,kg,856,FALSE,856,FALSE,0,FALSE,4980.514,,4980.514,0,FALSE,TRUE,
C,A,20230101,2023,52,2023,276,DEU,Germany,M,Import,842,USA,USA,0,W00,World,H6,HS,TRUE,2702,"Lignite; whether or not agglomerated, excluding jet",Lignite,4,FALSE,C00,TOTAL CPC,0,0,TOTAL MOT,8,kg,285041.944,TRUE,-1,N/A,0,FALSE,285041.944,TRUE,0,FALSE,177032.865,,177032.865,6,FALSE,TRUE,
C,A,20230101,2023,52,2023,276,DEU,Germany,M,Import,0,W00,World,0,W00,World,H6,HS,TRUE,2709,Petroleum oils and oils obtained from bituminous minerals,Crude oils,4,FALSE,C00,TOTAL CPC,0,0,TOTAL MOT,8,kg,72957545924,FALSE,8,kg,72957545924,FALSE,72957545924,FALSE,0,FALSE,46550446842,,46550446842,0,FALSE,TRUE,
C,A,20230101,2023,52,2023,276,DEU,Germany,M,Import,12,DZA,Algeria,0,W00,World,H6,HS,TRUE,2709,Petroleum oils and oils obtained from bituminous minerals,Crude oils,4,FALSE,C00,TOTAL CPC,0,0,TOTAL MOT,8,kg,1620319700,FALSE,8,kg,1620319700,FALSE,1620319700,FALSE,0,FALSE,1083124996,,1083124996,0,FALSE,TRUE,
C,A,20230101,2023,52,2023,276,DEU,Germany,M,Import,24,AGO,Angola,0,W00,World,H6,HS,TRUE,2709,Petroleum oils and oils obtained from bituminous minerals,Crude oils,4,FALSE,C00,TOTAL CPC,0,0,TOTAL MOT,8,kg,164365610,FALSE,8,kg,164365610,FALSE,164365610,FALSE,0,FALSE,115531851.6,,115531851.6,0,FALSE,TRUE,
C,A,20230101,2023,52,2023,276,DEU,Germany,M,Import,31,AZE,Azerbaijan,0,W00,World,H6,HS,TRUE,2709,Petroleum oils and oils obtained from bituminous minerals,Crude oils,4,FALSE,C00,TOTAL CPC,0,0,TOTAL MOT,8,kg,1203694000,FALSE,8,kg,1203694000,FALSE,1203694000,FALSE,0,FALSE,818092617.4,,818092617.4,0,FALSE,TRUE,
C,A,20230101,2023,52,2023,276,DEU,Germany,M,Import,76,BRA,Brazil,0,W00,World,H6,HS,TRUE,2709,Petroleum oils and oils obtained from bituminous minerals,Crude oils,4,FALSE,C00,TOTAL CPC,0,0,TOTAL MOT,8,kg,572607900,FALSE,8,kg,572607900,FALSE,572607900,FALSE,0,FALSE,345526641.4,,345526641.4,0,FALSE,TRUE,
C,A,20230101,2023,52,2023,276,DEU,Germany,M,Import,120,CMR,Cameroon,0,W00,World,H6,HS,TRUE,2709,Petroleum oils and oils obtained from bituminous minerals,Crude oils,4,FALSE,C00,TOTAL CPC,0,0,TOTAL MOT,8,kg,376822700,FALSE,8,kg,376822700,FALSE,376822700,FALSE,0,FALSE,233972198.3,,233972198.3,0,FALSE,TRUE,
C,A,20230101,2023,52,2023,276,DEU,Germany,M,Import,124,CAN,Canada,0,W00,World,H6,HS,TRUE,2709,Petroleum oils and oils obtained from bituminous minerals,Crude oils,4,FALSE,C00,TOTAL CPC,0,0,TOTAL MOT,8,kg,1106780400,FALSE,8,kg,1106780400,FALSE,1106780400,FALSE,0,FALSE,615931191.5,,615931191.5,0,FALSE,TRUE,
C,A,20230101,2023,52,2023,276,DEU,Germany,M,Import,148,TCD,Chad,0,W00,World,H6,HS,TRUE,2709,Petroleum oils and oils obtained from bituminous minerals,Crude oils,4,FALSE,C00,TOTAL CPC,0,0,TOTAL MOT,8,kg,1231140000,FALSE,8,kg,1231140000,FALSE,1231140000,FALSE,0,FALSE,745551978.6,,745551978.6,0,FALSE,TRUE,
C,A,20230101,2023,52,2023,276,DEU,Germany,M,Import,178,COG,Republic of the Congo,0,W00,World,H6,HS,TRUE,2709,Petroleum oils and oils obtained from bituminous minerals,Crude oils,4,FALSE,C00,TOTAL CPC,0,0,TOTAL MOT,8,kg,61202100,FALSE,8,kg,61202100,FALSE,61202100,FALSE,0,FALSE,35625366.75,,35625366.75,0,FALSE,TRUE,
C,A,20230101,2023,52,2023,276,DEU,Germany,M,Import,208,DNK,Denmark,0,W00,World,H6,HS,TRUE,2709,Petroleum oils and oils obtained from bituminous minerals,Crude oils,4,FALSE,C00,TOTAL CPC,0,0,TOTAL MOT,8,kg,74142000,FALSE,8,kg,74142000,FALSE,74142000,FALSE,0,FALSE,47961431.54,,47961431.54,0,FALSE,TRUE,
C,A,20230101,2023,52,2023,276,DEU,Germany,M,Import,226,GNQ,Equatorial Guinea,0,W00,World,H6,HS,TRUE,2709,Petroleum oils and oils obtained from bituminous minerals,Crude oils,4,FALSE,C00,TOTAL CPC,0,0,TOTAL MOT,8,kg,15880000,FALSE,8,kg,15880000,FALSE,15880000,FALSE,0,FALSE,9800611.152,,9800611.152,0,FALSE,TRUE,
C,A,20230101,2023,52,2023,276,DEU,Germany,M,Import,251,FRA,France,0,W00,World,H6,HS,TRUE,2709,Petroleum oils and oils obtained from bituminous minerals,Crude oils,4,FALSE,C00,TOTAL CPC,0,0,TOTAL MOT,8,kg,3613819,FALSE,8,kg,3613819,FALSE,3613819,FALSE,0,FALSE,2145549.574,,2145549.574,0,FALSE,TRUE,
C,A,20230101,2023,52,2023,276,DEU,Germany,M,Import,266,GAB,Gabon,0,W00,World,H6,HS,TRUE,2709,Petroleum oils and oils obtained from bituminous minerals,Crude oils,4,FALSE,C00,TOTAL CPC,0,0,TOTAL MOT,8,kg,1425750,FALSE,8,kg,1425750,FALSE,1425750,FALSE,0,FALSE,849426.3,,849426.3,0,FALSE,TRUE,
C,A,20230101,2023,52,2023,276,DEU,Germany,M,Import,328,GUY,Guyana,0,W00,World,H6,HS,TRUE,2709,Petroleum oils and oils obtained from bituminous minerals,Crude oils,4,FALSE,C00,TOTAL CPC,0,0,TOTAL MOT,8,kg,2125749100,FALSE,8,kg,2125749100,FALSE,2125749100,FALSE,0,FALSE,1324365015,,1324365015,0,FALSE,TRUE,
C,A,20230101,2023,52,2023,276,DEU,Germany,M,Import,368,IRQ,Iraq,0,W00,World,H6,HS,TRUE,2709,Petroleum oils and oils obtained from bituminous minerals,Crude oils,4,FALSE,C00,TOTAL CPC,0,0,TOTAL MOT,8,kg,2969164000,FALSE,8,kg,2969164000,FALSE,2969164000,FALSE,0,FALSE,1706291396,,1706291396,0,FALSE,TRUE,
C,A,20230101,2023,52,2023,276,DEU,Germany,M,Import,380,ITA,Italy,0,W00,World,H6,HS,TRUE,2709,Petroleum oils and oils obtained from bituminous minerals,Crude oils,4,FALSE,C00,TOTAL CPC,0,0,TOTAL MOT,8,kg,85677200,FALSE,8,kg,85677200,FALSE,85677200,FALSE,0,FALSE,38545052.68,,38545052.68,0,FALSE,TRUE,
C,A,20230101,2023,52,2023,276,DEU,Germany,M,Import,384,CIV,Ivory Coast,0,W00,World,H6,HS,TRUE,2709,Petroleum oils and oils obtained from bituminous minerals,Crude oils,4,FALSE,C00,TOTAL CPC,0,0,TOTAL MOT,8,kg,18307400,FALSE,8,kg,18307400,FALSE,18307400,FALSE,0,FALSE,10113675.95,,10113675.95,0,FALSE,TRUE,
C,A,20230101,2023,52,2023,276,DEU,Germany,M,Import,398,KAZ,Kazakhstan,0,W00,World,H6,HS,TRUE,2709,Petroleum oils and oils obtained from bituminous minerals,Crude oils,4,FALSE,C00,TOTAL CPC,0,0,TOTAL MOT,8,kg,8526206000,FALSE,8,kg,8526206000,FALSE,8526206000,FALSE,0,FALSE,5347311661,,5347311661,0,FALSE,TRUE,
C,A,20230101,2023,52,2023,276,DEU,Germany,M,Import,434,LBY,Libya,0,W00,World,H6,HS,TRUE,2709,Petroleum oils and oils obtained from bituminous minerals,Crude oils,4,FALSE,C00,TOTAL CPC,0,0,TOTAL MOT,8,kg,8065580000,FALSE,8,kg,8065580000,FALSE,8065580000,FALSE,0,FALSE,5266469259,,5266469259,0,FALSE,TRUE,
C,A,20230101,2023,52,2023,276,DEU,Germany,M,Import,458,MYS,Malaysia,0,W00,World,H6,HS,TRUE,2709,Petroleum oils and oils obtained from bituminous minerals,Crude oils,4,FALSE,C00,TOTAL CPC,0,0,TOTAL MOT,8,kg,2549560,FALSE,8,kg,2549560,FALSE,2549560,FALSE,0,FALSE,1589099.201,,1589099.201,0,FALSE,TRUE,
C,A,20230101,2023,52,2023,276,DEU,Germany,M,Import,484,MEX,Mexico,0,W00,World,H6,HS,TRUE,2709,Petroleum oils and oils obtained from bituminous minerals,Crude oils,4,FALSE,C00,TOTAL CPC,0,0,TOTAL MOT,8,kg,604280000,FALSE,8,kg,604280000,FALSE,604280000,FALSE,0,FALSE,381739290.2,,381739290.2,0,FALSE,TRUE,
C,A,20230101,2023,52,2023,276,DEU,Germany,M,Import,512,OMN,Oman,0,W00,World,H6,HS,TRUE,2709,Petroleum oils and oils obtained from bituminous minerals,Crude oils,4,FALSE,C00,TOTAL CPC,0,0,TOTAL MOT,8,kg,487328000,FALSE,8,kg,487328000,FALSE,487328000,FALSE,0,FALSE,322388846.1,,322388846.1,0,FALSE,TRUE,
C,A,20230101,2023,52,2023,276,DEU,Germany,M,Import,528,NLD,Netherlands,0,W00,World,H6,HS,TRUE,2709,Petroleum oils and oils obtained from bituminous minerals,Crude oils,4,FALSE,C00,TOTAL CPC,0,0,TOTAL MOT,8,kg,95138400,FALSE,8,kg,95138400,FALSE,95138400,FALSE,0,FALSE,59787725.2,,59787725.2,0,FALSE,TRUE,
C,A,20230101,2023,52,2023,276,DEU,Germany,M,Import,566,NGA,Nigeria,0,W00,World,H6,HS,TRUE,2709,Petroleum oils and oils obtained from bituminous minerals,Crude oils,4,FALSE,C00,TOTAL CPC,0,0,TOTAL MOT,8,kg,2842987000,FALSE,8,kg,2842987000,FALSE,2842987000,FALSE,0,FALSE,1911703682,,1911703682,0,FALSE,TRUE,
C,A,20230101,2023,52,2023,276,DEU,Germany,M,Import,579,NOR,Norway,0,W00,World,H6,HS,TRUE,2709,Petroleum oils and oils obtained from bituminous minerals,Crude oils,4,FALSE,C00,TOTAL CPC,0,0,TOTAL MOT,8,kg,13492404000,FALSE,8,kg,13492404000,FALSE,13492404000,FALSE,0,FALSE,8390305633,,8390305633,0,FALSE,TRUE,
C,A,20230101,2023,52,2023,276,DEU,Germany,M,Import,616,POL,Poland,0,W00,World,H6,HS,TRUE,2709,Petroleum oils and oils obtained from bituminous minerals,Crude oils,4,FALSE,C00,TOTAL CPC,0,0,TOTAL MOT,8,kg,175068000,FALSE,8,kg,175068000,FALSE,175068000,FALSE,0,FALSE,92227291.94,,92227291.94,0,FALSE,TRUE,
C,A,20230101,2023,52,2023,276,DEU,Germany,M,Import,634,QAT,Qatar,0,W00,World,H6,HS,TRUE,2709,Petroleum oils and oils obtained from bituminous minerals,Crude oils,4,FALSE,C00,TOTAL CPC,0,0,TOTAL MOT,8,kg,73137600,FALSE,8,kg,73137600,FALSE,73137600,FALSE,0,FALSE,51498672.92,,51498672.92,0,FALSE,TRUE,
C,A,20230101,2023,52,2023,276,DEU,Germany,M,Import,643,RUS,Russia,0,W00,World,H6,HS,TRUE,2709,Petroleum oils and oils obtained from bituminous minerals,Crude oils,4,FALSE,C00,TOTAL CPC,0,0,TOTAL MOT,8,kg,115395000,FALSE,8,kg,115395000,FALSE,115395000,FALSE,0,FALSE,44224935.79,,44224935.79,0,FALSE,TRUE,
C,A,20230101,2023,52,2023,276,DEU,Germany,M,Import,682,SAU,Saudi Arabia,0,W00,World,H6,HS,TRUE,2709,Petroleum oils and oils obtained from bituminous minerals,Crude oils,4,FALSE,C00,TOTAL CPC,0,0,TOTAL MOT,8,kg,2756942000,FALSE,8,kg,2756942000,FALSE,2756942000,FALSE,0,FALSE,1742423440,,1742423440,0,FALSE,TRUE,
C,A,20230101,2023,52,2023,276,DEU,Germany,M,Import,784,ARE,United Arab Emirates,0,W00,World,H6,HS,TRUE,2709,Petroleum oils and oils obtained from bituminous minerals,Crude oils,4,FALSE,C00,TOTAL CPC,0,0,TOTAL MOT,8,kg,2111690000,FALSE,8,kg,2111690000,FALSE,2111690000,FALSE,0,FALSE,1466960622,,1466960622,0,FALSE,TRUE,
C,A,20230101,2023,52,2023,276,DEU,Germany,M,Import,788,TUN,Tunisia,0,W00,World,H6,HS,TRUE,2709,Petroleum oils and oils obtained from bituminous minerals,Crude oils,4,FALSE,C00,TOTAL CPC,0,0,TOTAL MOT,8,kg,167968000,FALSE,8,kg,167968000,FALSE,167968000,FALSE,0,FALSE,103941306,,103941306,0,FALSE,TRUE,
C,A,20230101,2023,52,2023,276,DEU,Germany,M,Import,818,EGY,Egypt,0,W00,World,H6,HS,TRUE,2709,Petroleum oils and oils obtained from bituminous minerals,Crude oils,4,FALSE,C00,TOTAL CPC,0,0,TOTAL MOT,8,kg,502187000,FALSE,8,kg,502187000,FALSE,502187000,FALSE,0,FALSE,320686164.3,,320686164.3,0,FALSE,TRUE,
C,A,20230101,2023,52,2023,276,DEU,Germany,M,Import,826,GBR,United Kingdom,0,W00,World,H6,HS,TRUE,2709,Petroleum oils and oils obtained from bituminous minerals,Crude oils,4,FALSE,C00,TOTAL CPC,0,0,TOTAL MOT,8,kg,7920620000,FALSE,8,kg,7920620000,FALSE,7920620000,FALSE,0,FALSE,5046506922,,5046506922,0,FALSE,TRUE,
C,A,20230101,2023,52,2023,276,DEU,Germany,M,Import,842,USA,USA,0,W00,World,H6,HS,TRUE,2709,Petroleum oils and oils obtained from bituminous minerals,Crude oils,4,FALSE,C00,TOTAL CPC,0,0,TOTAL MOT,8,kg,13387173685,FALSE,8,kg,13387173685,FALSE,13387173685,FALSE,0,FALSE,8867253290,,8867253290,0,FALSE,TRUE,
C,A,20230101,2023,52,2023,276,DEU,Germany,M,Import,0,W00,World,0,W00,World,H6,HS,TRUE,2710,"Petroleum oils and oils from bituminous minerals, not crude; preparations n.e.c, containing by weight 70% or more of petroleum oils or oils from bituminous minerals; these being the basic constituents of the preparations; waste oils",Crude oils,4,FALSE,C00,TOTAL CPC,0,0,TOTAL MOT,8,kg,38024252356,TRUE,-1,N/A,0,FALSE,38024252356,TRUE,0,FALSE,32842604953,,32842604953,6,FALSE,TRUE,
C,A,20230101,2023,52,2023,276,DEU,Germany,M,Import,8,ALB,Albania,0,W00,World,H6,HS,TRUE,2710,"Petroleum oils and oils from bituminous minerals, not crude; preparations n.e.c, containing by weight 70% or more of petroleum oils or oils from bituminous minerals; these being the basic constituents of the preparations; waste oils",Crude oils,4,FALSE,C00,TOTAL CPC,0,0,TOTAL MOT,8,kg,14602,FALSE,8,kg,14602,FALSE,14602,FALSE,0,FALSE,123097.644,,123097.644,0,FALSE,TRUE,
C,A,20230101,2023,52,2023,276,DEU,Germany,M,Import,12,DZA,Algeria,0,W00,World,H6,HS,TRUE,2710,"Petroleum oils and oils from bituminous minerals, not crude; preparations n.e.c, containing by weight 70% or more of petroleum oils or oils from bituminous minerals; these being the basic constituents of the preparations; waste oils",Crude oils,4,FALSE,C00,TOTAL CPC,0,0,TOTAL MOT,8,kg,695893102,FALSE,8,kg,695893102,FALSE,695893102,FALSE,0,FALSE,472465392.1,,472465392.1,0,FALSE,TRUE,
C,A,20230101,2023,52,2023,276,DEU,Germany,M,Import,20,AND,Andorra,0,W00,World,H6,HS,TRUE,2710,"Petroleum oils and oils from bituminous minerals, not crude; preparations n.e.c, containing by weight 70% or more of petroleum oils or oils from bituminous minerals; these being the basic constituents of the preparations; waste oils",Crude oils,4,FALSE,C00,TOTAL CPC,0,0,TOTAL MOT,8,kg,1,FALSE,8,kg,1,FALSE,1,FALSE,0,FALSE,6.542,,6.542,0,FALSE,TRUE,
C,A,20230101,2023,52,2023,276,DEU,Germany,M,Import,32,ARG,Argentina,0,W00,World,H6,HS,TRUE,2710,"Petroleum oils and oils from bituminous minerals, not crude; preparations n.e.c, containing by weight 70% or more of petroleum oils or oils from bituminous minerals; these being the basic constituents of the preparations; waste oils",Crude oils,4,FALSE,C00,TOTAL CPC,0,0,TOTAL MOT,8,kg,2522488,FALSE,-1,N/A,0,FALSE,2522488,FALSE,0,FALSE,1433585.691,,1433585.691,0,FALSE,TRUE,
C,A,20230101,2023,52,2023,276,DEU,Germany,M,Import,36,AUS,Australia,0,W00,World,H6,HS,TRUE,2710,"Petroleum oils and oils from bituminous minerals, not crude; preparations n.e.c, containing by weight 70% or more of petroleum oils or oils from bituminous minerals; these being the basic constituents of the preparations; waste oils",Crude oils,4,FALSE,C00,TOTAL CPC,0,0,TOTAL MOT,8,kg,12197.229,TRUE,-1,N/A,0,FALSE,12197.229,TRUE,0,FALSE,104357.478,,104357.478,6,FALSE,TRUE,
C,A,20230101,2023,52,2023,276,DEU,Germany,M,Import,40,AUT,Austria,0,W00,World,H6,HS,TRUE,2710,"Petroleum oils and oils from bituminous minerals, not crude; preparations n.e.c, containing by weight 70% or more of petroleum oils or oils from bituminous minerals; these being the basic constituents of the preparations; waste oils",Crude oils,4,FALSE,C00,TOTAL CPC,0,0,TOTAL MOT,8,kg,168786837.8,TRUE,-1,N/A,0,FALSE,168786837.8,TRUE,0,FALSE,189750070,,189750070,6,FALSE,TRUE,
C,A,20230101,2023,52,2023,276,DEU,Germany,M,Import,44,BHS,Bahamas,0,W00,World,H6,HS,TRUE,2710,"Petroleum oils and oils from bituminous minerals, not crude; preparations n.e.c, containing by weight 70% or more of petroleum oils or oils from bituminous minerals; these being the basic constituents of the preparations; waste oils",Crude oils,4,FALSE,C00,TOTAL CPC,0,0,TOTAL MOT,8,kg,1516245.194,TRUE,-1,N/A,0,FALSE,1516245.194,TRUE,0,FALSE,2262789.008,,2262789.008,6,FALSE,TRUE,
C,A,20230101,2023,52,2023,276,DEU,Germany,M,Import,48,BHR,Bahrain,0,W00,World,H6,HS,TRUE,2710,"Petroleum oils and oils from bituminous minerals, not crude; preparations n.e.c, containing by weight 70% or more of petroleum oils or oils from bituminous minerals; these being the basic constituents of the preparations; waste oils",Crude oils,4,FALSE,C00,TOTAL CPC,0,0,TOTAL MOT,8,kg,12244400,FALSE,8,kg,12244400,FALSE,12244400,FALSE,0,FALSE,22092067.19,,22092067.19,0,FALSE,TRUE,
C,A,20230101,2023,52,2023,276,DEU,Germany,M,Import,56,BEL,Belgium,0,W00,World,H6,HS,TRUE,2710,"Petroleum oils and oils from bituminous minerals, not crude; preparations n.e.c, containing by weight 70% or more of petroleum oils or oils from bituminous minerals; these being the basic constituents of the preparations; waste oils",Crude oils,4,FALSE,C00,TOTAL CPC,0,0,TOTAL MOT,8,kg,6313826291,TRUE,-1,N/A,0,FALSE,6313826291,TRUE,0,FALSE,5769379298,,5769379298,6,FALSE,TRUE,
C,A,20230101,2023,52,2023,276,DEU,Germany,M,Import,76,BRA,Brazil,0,W00,World,H6,HS,TRUE,2710,"Petroleum oils and oils from bituminous minerals, not crude; preparations n.e.c, containing by weight 70% or more of petroleum oils or oils from bituminous minerals; these being the basic constituents of the preparations; waste oils",Crude oils,4,FALSE,C00,TOTAL CPC,0,0,TOTAL MOT,8,kg,332117.206,TRUE,-1,N/A,0,FALSE,332117.206,TRUE,0,FALSE,620389.144,,620389.144,6,FALSE,TRUE,
C,A,20230101,2023,52,2023,276,DEU,Germany,M,Import,100,BGR,Bulgaria,0,W00,World,H6,HS,TRUE,2710,"Petroleum oils and oils from bituminous minerals, not crude; preparations n.e.c, containing by weight 70% or more of petroleum oils or oils from bituminous minerals; these being the basic constituents of the preparations; waste oils",Crude oils,4,FALSE,C00,TOTAL CPC,0,0,TOTAL MOT,8,kg,12779,FALSE,8,kg,12779,FALSE,12779,FALSE,0,FALSE,42441.223,,42441.223,0,FALSE,TRUE,
C,A,20230101,2023,52,2023,276,DEU,Germany,M,Import,124,CAN,Canada,0,W00,World,H6,HS,TRUE,2710,"Petroleum oils and oils from bituminous minerals, not crude; preparations n.e.c, containing by weight 70% or more of petroleum oils or oils from bituminous minerals; these being the basic constituents of the preparations; waste oils",Crude oils,4,FALSE,C00,TOTAL CPC,0,0,TOTAL MOT,8,kg,9590023.806,TRUE,-1,N/A,0,FALSE,9590023.806,TRUE,0,FALSE,20949261.55,,20949261.55,6,FALSE,TRUE,
C,A,20230101,2023,52,2023,276,DEU,Germany,M,Import,156,CHN,China,0,W00,World,H6,HS,TRUE,2710,"Petroleum oils and oils from bituminous minerals, not crude; preparations n.e.c, containing by weight 70% or more of petroleum oils or oils from bituminous minerals; these being the basic constituents of the preparations; waste oils",Crude oils,4,FALSE,C00,TOTAL CPC,0,0,TOTAL MOT,8,kg,68180828.74,TRUE,-1,N/A,0,FALSE,68180828.74,TRUE,0,FALSE,71008571.25,,71008571.25,6,FALSE,TRUE,
C,A,20230101,2023,52,2023,276,DEU,Germany,M,Import,188,CRI,Costa Rica,0,W00,World,H6,HS,TRUE,2710,"Petroleum oils and oils from bituminous minerals, not crude; preparations n.e.c, containing by weight 70% or more of petroleum oils or oils from bituminous minerals; these being the basic constituents of the preparations; waste oils",Crude oils,4,FALSE,C00,TOTAL CPC,0,0,TOTAL MOT,8,kg,38849,FALSE,8,kg,38849,FALSE,38849,FALSE,0,FALSE,80543.03,,80543.03,0,FALSE,TRUE,
C,A,20230101,2023,52,2023,276,DEU,Germany,M,Import,191,HRV,Croatia,0,W00,World,H6,HS,TRUE,2710,"Petroleum oils and oils from bituminous minerals, not crude; preparations n.e.c, containing by weight 70% or more of petroleum oils or oils from bituminous minerals; these being the basic constituents of the preparations; waste oils",Crude oils,4,FALSE,C00,TOTAL CPC,0,0,TOTAL MOT,8,kg,692272,FALSE,8,kg,692272,FALSE,692272,FALSE,0,FALSE,2171193.553,,2171193.553,0,FALSE,TRUE,
C,A,20230101,2023,52,2023,276,DEU,Germany,M,Import,196,CYP,Cyprus,0,W00,World,H6,HS,TRUE,2710,"Petroleum oils and oils from bituminous minerals, not crude; preparations n.e.c, containing by weight 70% or more of petroleum oils or oils from bituminous minerals; these being the basic constituents of the preparations; waste oils",Crude oils,4,FALSE,C00,TOTAL CPC,0,0,TOTAL MOT,8,kg,1498140,FALSE,8,kg,1498140,FALSE,1498140,FALSE,0,FALSE,706806.739,,706806.739,0,FALSE,TRUE,
C,A,20230101,2023,52,2023,276,DEU,Germany,M,Import,203,CZE,Czechia,0,W00,World,H6,HS,TRUE,2710,"Petroleum oils and oils from bituminous minerals, not crude; preparations n.e.c, containing by weight 70% or more of petroleum oils or oils from bituminous minerals; these being the basic constituents of the preparations; waste oils",Crude oils,4,FALSE,C00,TOTAL CPC,0,0,TOTAL MOT,8,kg,355781540.2,TRUE,-1,N/A,0,FALSE,355781540.2,TRUE,0,FALSE,390041413.1,,390041413.1,6,FALSE,TRUE,
C,A,20230101,2023,52,2023,276,DEU,Germany,M,Import,208,DNK,Denmark,0,W00,World,H6,HS,TRUE,2710,"Petroleum oils and oils from bituminous minerals, not crude; preparations n.e.c, containing by weight 70% or more of petroleum oils or oils from bituminous minerals; these being the basic constituents of the preparations; waste oils",Crude oils,4,FALSE,C00,TOTAL CPC,0,0,TOTAL MOT,8,kg,251340296.4,TRUE,-1,N/A,0,FALSE,251340296.4,TRUE,0,FALSE,146326737.6,,146326737.6,6,FALSE,TRUE,
C,A,20230101,2023,52,2023,276,DEU,Germany,M,Import,222,SLV,El Salvador,0,W00,World,H6,HS,TRUE,2710,"Petroleum oils and oils from bituminous minerals, not crude; preparations n.e.c, containing by weight 70% or more of petroleum oils or oils from bituminous minerals; these being the basic constituents of the preparations; waste oils",Crude oils,4,FALSE,C00,TOTAL CPC,0,0,TOTAL MOT,8,kg,86,FALSE,8,kg,86,FALSE,86,FALSE,0,FALSE,182.081,,182.081,0,FALSE,TRUE,
C,A,20230101,2023,52,2023,276,DEU,Germany,M,Import,233,EST,Estonia,0,W00,World,H6,HS,TRUE,2710,"Petroleum oils and oils from bituminous minerals, not crude; preparations n.e.c, containing by weight 70% or more of petroleum oils or oils from bituminous minerals; these being the basic constituents of the preparations; waste oils",Crude oils,4,FALSE,C00,TOTAL CPC,0,0,TOTAL MOT,8,kg,3101074,FALSE,8,kg,3101074,FALSE,3101074,FALSE,0,FALSE,4058531.584,,4058531.584,0,FALSE,TRUE,
C,A,20230101,2023,52,2023,276,DEU,Germany,M,Import,246,FIN,Finland,0,W00,World,H6,HS,TRUE,2710,"Petroleum oils and oils from bituminous minerals, not crude; preparations n.e.c, containing by weight 70% or more of petroleum oils or oils from bituminous minerals; these being the basic constituents of the preparations; waste oils",Crude oils,4,FALSE,C00,TOTAL CPC,0,0,TOTAL MOT,8,kg,244191327,FALSE,-1,N/A,0,FALSE,244191327,FALSE,0,FALSE,225031966.7,,225031966.7,0,FALSE,TRUE,
C,A,20230101,2023,52,2023,276,DEU,Germany,M,Import,251,FRA,France,0,W00,World,H6,HS,TRUE,2710,"Petroleum oils and oils from bituminous minerals, not crude; preparations n.e.c, containing by weight 70% or more of petroleum oils or oils from bituminous minerals; these being the basic constituents of the preparations; waste oils",Crude oils,4,FALSE,C00,TOTAL CPC,0,0,TOTAL MOT,8,kg,589350273.6,TRUE,-1,N/A,0,FALSE,589350273.6,TRUE,0,FALSE,678925679,,678925679,6,FALSE,TRUE,
C,A,20230101,2023,52,2023,276,DEU,Germany,M,Import,266,GAB,Gabon,0,W00,World,H6,HS,TRUE,2710,"Petroleum oils and oils from bituminous minerals, not crude; preparations n.e.c, containing by weight 70% or more of petroleum oils or oils from bituminous minerals; these being the basic constituents of the preparations; waste oils",Crude oils,4,FALSE,C00,TOTAL CPC,0,0,TOTAL MOT,8,kg,34184781,FALSE,8,kg,34184781,FALSE,34184781,FALSE,0,FALSE,23329005.43,,23329005.43,0,FALSE,TRUE,
C,A,20230101,2023,52,2023,276,DEU,Germany,M,Import,268,GEO,Georgia,0,W00,World,H6,HS,TRUE,2710,"Petroleum oils and oils from bituminous minerals, not crude; preparations n.e.c, containing by weight 70% or more of petroleum oils or oils from bituminous minerals; these being the basic constituents of the preparations; waste oils",Crude oils,4,FALSE,C00,TOTAL CPC,0,0,TOTAL MOT,8,kg,9269,FALSE,8,kg,9269,FALSE,9269,FALSE,0,FALSE,40317.308,,40317.308,0,FALSE,TRUE,
C,A,20230101,2023,52,2023,276,DEU,Germany,M,Import,300,GRC,Greece,0,W00,World,H6,HS,TRUE,2710,"Petroleum oils and oils from bituminous minerals, not crude; preparations n.e.c, containing by weight 70% or more of petroleum oils or oils from bituminous minerals; these being the basic constituents of the preparations; waste oils",Crude oils,4,FALSE,C00,TOTAL CPC,0,0,TOTAL MOT,8,kg,16984999,FALSE,8,kg,16984999,FALSE,16984999,FALSE,0,FALSE,17843808.32,,17843808.32,0,FALSE,TRUE,
C,A,20230101,2023,52,2023,276,DEU,Germany,M,Import,340,HND,Honduras,0,W00,World,H6,HS,TRUE,2710,"Petroleum oils and oils from bituminous minerals, not crude; preparations n.e.c, containing by weight 70% or more of petroleum oils or oils from bituminous minerals; these being the basic constituents of the preparations; waste oils",Crude oils,4,FALSE,C00,TOTAL CPC,0,0,TOTAL MOT,8,kg,1435,FALSE,8,kg,1435,FALSE,1435,FALSE,0,FALSE,6977.954,,6977.954,0,FALSE,TRUE,
C,A,20230101,2023,52,2023,276,DEU,Germany,M,Import,344,HKG,Hong Kong,0,W00,World,H6,HS,TRUE,2710,"Petroleum oils and oils from bituminous minerals, not crude; preparations n.e.c, containing by weight 70% or more of petroleum oils or oils from bituminous minerals; these being the basic constituents of the preparations; waste oils",Crude oils,4,FALSE,C00,TOTAL CPC,0,0,TOTAL MOT,8,kg,151.44,TRUE,-1,N/A,0,FALSE,151.44,TRUE,0,FALSE,400.142,,400.142,6,FALSE,TRUE,
C,A,20230101,2023,52,2023,276,DEU,Germany,M,Import,348,HUN,Hungary,0,W00,World,H6,HS,TRUE,2710,"Petroleum oils and oils from bituminous minerals, not crude; preparations n.e.c, containing by weight 70% or more of petroleum oils or oils from bituminous minerals; these being the basic constituents of the preparations; waste oils",Crude oils,4,FALSE,C00,TOTAL CPC,0,0,TOTAL MOT,8,kg,28090669.68,TRUE,-1,N/A,0,FALSE,28090669.68,TRUE,0,FALSE,20318842.69,,20318842.69,6,FALSE,TRUE,
C,A,20230101,2023,52,2023,276,DEU,Germany,M,Import,352,ISL,Iceland,0,W00,World,H6,HS,TRUE,2710,"Petroleum oils and oils from bituminous minerals, not crude; preparations n.e.c, containing by weight 70% or more of petroleum oils or oils from bituminous minerals; these being the basic constituents of the preparations; waste oils",Crude oils,4,FALSE,C00,TOTAL CPC,0,0,TOTAL MOT,8,kg,1946000,FALSE,8,kg,1946000,FALSE,1946000,FALSE,0,FALSE,353306.878,,353306.878,0,FALSE,TRUE,
C,A,20230101,2023,52,2023,276,DEU,Germany,M,Import,360,IDN,Indonesia,0,W00,World,H6,HS,TRUE,2710,"Petroleum oils and oils from bituminous minerals, not crude; preparations n.e.c, containing by weight 70% or more of petroleum oils or oils from bituminous minerals; these being the basic constituents of the preparations; waste oils",Crude oils,4,FALSE,C00,TOTAL CPC,0,0,TOTAL MOT,8,kg,5145924,FALSE,8,kg,5145924,FALSE,5145924,FALSE,0,FALSE,10971577.2,,10971577.2,0,FALSE,TRUE,
C,A,20230101,2023,52,2023,276,DEU,Germany,M,Import,368,IRQ,Iraq,0,W00,World,H6,HS,TRUE,2710,"Petroleum oils and oils from bituminous minerals, not crude; preparations n.e.c, containing by weight 70% or more of petroleum oils or oils from bituminous minerals; these being the basic constituents of the preparations; waste oils",Crude oils,4,FALSE,C00,TOTAL CPC,0,0,TOTAL MOT,8,kg,18,FALSE,8,kg,18,FALSE,18,FALSE,0,FALSE,65.418,,65.418,0,FALSE,TRUE,
C,A,20230101,2023,52,2023,276,DEU,Germany,M,Import,372,IRL,Ireland,0,W00,World,H6,HS,TRUE,2710,"Petroleum oils and oils from bituminous minerals, not crude; preparations n.e.c, containing by weight 70% or more of petroleum oils or oils from bituminous minerals; these being the basic constituents of the preparations; waste oils",Crude oils,4,FALSE,C00,TOTAL CPC,0,0,TOTAL MOT,8,kg,196368158.1,TRUE,-1,N/A,0,FALSE,196368158.1,TRUE,0,FALSE,124175185.5,,124175185.5,6,FALSE,TRUE,
C,A,20230101,2023,52,2023,276,DEU,Germany,M,Import,376,ISR,Israel,0,W00,World,H6,HS,TRUE,2710,"Petroleum oils and oils from bituminous minerals, not crude; preparations n.e.c, containing by weight 70% or more of petroleum oils or oils from bituminous minerals; these being the basic constituents of the preparations; waste oils",Crude oils,4,FALSE,C00,TOTAL CPC,0,0,TOTAL MOT,8,kg,72755767,FALSE,8,kg,72755767,FALSE,72755767,FALSE,0,FALSE,55619597.22,,55619597.22,0,FALSE,TRUE,
C,A,20230101,2023,52,2023,276,DEU,Germany,M,Import,380,ITA,Italy,0,W00,World,H6,HS,TRUE,2710,"Petroleum oils and oils from bituminous minerals, not crude; preparations n.e.c, containing by weight 70% or more of petroleum oils or oils from bituminous minerals; these being the basic constituents of the preparations; waste oils",Crude oils,4,FALSE,C00,TOTAL CPC,0,0,TOTAL MOT,8,kg,114435964.9,TRUE,-1,N/A,0,FALSE,114435964.9,TRUE,0,FALSE,211971273,,211971273,6,FALSE,TRUE,
C,A,20230101,2023,52,2023,276,DEU,Germany,M,Import,392,JPN,Japan,0,W00,World,H6,HS,TRUE,2710,"Petroleum oils and oils from bituminous minerals, not crude; preparations n.e.c, containing by weight 70% or more of petroleum oils or oils from bituminous minerals; these being the basic constituents of the preparations; waste oils",Crude oils,4,FALSE,C00,TOTAL CPC,0,0,TOTAL MOT,8,kg,920666.706,TRUE,-1,N/A,0,FALSE,920666.706,TRUE,0,FALSE,4070952.342,,4070952.342,6,FALSE,TRUE,
C,A,20230101,2023,52,2023,276,DEU,Germany,M,Import,398,KAZ,Kazakhstan,0,W00,World,H6,HS,TRUE,2710,"Petroleum oils and oils from bituminous minerals, not crude; preparations n.e.c, containing by weight 70% or more of petroleum oils or oils from bituminous minerals; these being the basic constituents of the preparations; waste oils",Crude oils,4,FALSE,C00,TOTAL CPC,0,0,TOTAL MOT,8,kg,7968690,FALSE,8,kg,7968690,FALSE,7968690,FALSE,0,FALSE,5812982.119,,5812982.119,0,FALSE,TRUE,
C,A,20230101,2023,52,2023,276,DEU,Germany,M,Import,410,KOR,South Korea,0,W00,World,H6,HS,TRUE,2710,"Petroleum oils and oils from bituminous minerals, not crude; preparations n.e.c, containing by weight 70% or more of petroleum oils or oils from bituminous minerals; these being the basic constituents of the preparations; waste oils",Crude oils,4,FALSE,C00,TOTAL CPC,0,0,TOTAL MOT,8,kg,116995844.6,TRUE,-1,N/A,0,FALSE,116995844.6,TRUE,0,FALSE,149840041.3,,149840041.3,6,FALSE,TRUE,
C,A,20230101,2023,52,2023,276,DEU,Germany,M,Import,414,KWT,Kuwait,0,W00,World,H6,HS,TRUE,2710,"Petroleum oils and oils from bituminous minerals, not crude; preparations n.e.c, containing by weight 70% or more of petroleum oils or oils from bituminous minerals; these being the basic constituents of the preparations; waste oils",Crude oils,4,FALSE,C00,TOTAL CPC,0,0,TOTAL MOT,8,kg,866743686,FALSE,8,kg,866743686,FALSE,866743686,FALSE,0,FALSE,744151005.1,,744151005.1,0,FALSE,TRUE,
C,A,20230101,2023,52,2023,276,DEU,Germany,M,Import,428,LVA,Latvia,0,W00,World,H6,HS,TRUE,2710,"Petroleum oils and oils from bituminous minerals, not crude; preparations n.e.c, containing by weight 70% or more of petroleum oils or oils from bituminous minerals; these being the basic constituents of the preparations; waste oils",Crude oils,4,FALSE,C00,TOTAL CPC,0,0,TOTAL MOT,8,kg,4383214,FALSE,8,kg,4383214,FALSE,4383214,FALSE,0,FALSE,5187357.329,,5187357.329,0,FALSE,TRUE,
C,A,20230101,2023,52,2023,276,DEU,Germany,M,Import,434,LBY,Libya,0,W00,World,H6,HS,TRUE,2710,"Petroleum oils and oils from bituminous minerals, not crude; preparations n.e.c, containing by weight 70% or more of petroleum oils or oils from bituminous minerals; these being the basic constituents of the preparations; waste oils",Crude oils,4,FALSE,C00,TOTAL CPC,0,0,TOTAL MOT,8,kg,79468400,FALSE,8,kg,79468400,FALSE,79468400,FALSE,0,FALSE,48472362.76,,48472362.76,0,FALSE,TRUE,
C,A,20230101,2023,52,2023,276,DEU,Germany,M,Import,440,LTU,Lithuania,0,W00,World,H6,HS,TRUE,2710,"Petroleum oils and oils from bituminous minerals, not crude; preparations n.e.c, containing by weight 70% or more of petroleum oils or oils from bituminous minerals; these being the basic constituents of the preparations; waste oils",Crude oils,4,FALSE,C00,TOTAL CPC,0,0,TOTAL MOT,8,kg,52166477.76,TRUE,-1,N/A,0,FALSE,52166477.76,TRUE,0,FALSE,69920024.65,,69920024.65,6,FALSE,TRUE,
C,A,20230101,2023,52,2023,276,DEU,Germany,M,Import,442,LUX,Luxembourg,0,W00,World,H6,HS,TRUE,2710,"Petroleum oils and oils from bituminous minerals, not crude; preparations n.e.c, containing by weight 70% or more of petroleum oils or oils from bituminous minerals; these being the basic constituents of the preparations; waste oils",Crude oils,4,FALSE,C00,TOTAL CPC,0,0,TOTAL MOT,8,kg,1556688,FALSE,8,kg,1556688,FALSE,1556688,FALSE,0,FALSE,1494008.227,,1494008.227,0,FALSE,TRUE,
C,A,20230101,2023,52,2023,276,DEU,Germany,M,Import,458,MYS,Malaysia,0,W00,World,H6,HS,TRUE,2710,"Petroleum oils and oils from bituminous minerals, not crude; preparations n.e.c, containing by weight 70% or more of petroleum oils or oils from bituminous minerals; these being the basic constituents of the preparations; waste oils",Crude oils,4,FALSE,C00,TOTAL CPC,0,0,TOTAL MOT,8,kg,6984505.972,TRUE,-1,N/A,0,FALSE,6984505.972,TRUE,0,FALSE,15878613.77,,15878613.77,6,FALSE,TRUE,
C,A,20230101,2023,52,2023,276,DEU,Germany,M,Import,470,MLT,Malta,0,W00,World,H6,HS,TRUE,2710,"Petroleum oils and oils from bituminous minerals, not crude; preparations n.e.c, containing by weight 70% or more of petroleum oils or oils from bituminous minerals; these being the basic constituents of the preparations; waste oils",Crude oils,4,FALSE,C00,TOTAL CPC,0,0,TOTAL MOT,8,kg,24666400,FALSE,8,kg,24666400,FALSE,24666400,FALSE,0,FALSE,22208843.25,,22208843.25,0,FALSE,TRUE,
C,A,20230101,2023,52,2023,276,DEU,Germany,M,Import,484,MEX,Mexico,0,W00,World,H6,HS,TRUE,2710,"Petroleum oils and oils from bituminous minerals, not crude; preparations n.e.c, containing by weight 70% or more of petroleum oils or oils from bituminous minerals; these being the basic constituents of the preparations; waste oils",Crude oils,4,FALSE,C00,TOTAL CPC,0,0,TOTAL MOT,8,kg,981.823,TRUE,-1,N/A,0,FALSE,981.823,TRUE,0,FALSE,4615.262,,4615.262,6,FALSE,TRUE,
C,A,20230101,2023,52,2023,276,DEU,Germany,M,Import,490,S19,"Other Asia, nes",0,W00,World,H6,HS,TRUE,2710,"Petroleum oils and oils from bituminous minerals, not crude; preparations n.e.c, containing by weight 70% or more of petroleum oils or oils from bituminous minerals; these being the basic constituents of the preparations; waste oils",Crude oils,4,FALSE,C00,TOTAL CPC,0,0,TOTAL MOT,8,kg,90198.058,TRUE,-1,N/A,0,FALSE,90198.058,TRUE,0,FALSE,196766.3,,196766.3,6,FALSE,TRUE,
C,A,20230101,2023,52,2023,276,DEU,Germany,M,Import,512,OMN,Oman,0,W00,World,H6,HS,TRUE,2710,"Petroleum oils and oils from bituminous minerals, not crude; preparations n.e.c, containing by weight 70% or more of petroleum oils or oils from bituminous minerals; these being the basic constituents of the preparations; waste oils",Crude oils,4,FALSE,C00,TOTAL CPC,0,0,TOTAL MOT,8,kg,160054036,FALSE,8,kg,160054036,FALSE,160054036,FALSE,0,FALSE,150657789.9,,150657789.9,0,FALSE,TRUE,
C,A,20230101,2023,52,2023,276,DEU,Germany,M,Import,528,NLD,Netherlands,0,W00,World,H6,HS,TRUE,2710,"Petroleum oils and oils from bituminous minerals, not crude; preparations n.e.c, containing by weight 70% or more of petroleum oils or oils from bituminous minerals; these being the basic constituents of the preparations; waste oils",Crude oils,4,FALSE,C00,TOTAL CPC,0,0,TOTAL MOT,8,kg,19605967233,TRUE,-1,N/A,0,FALSE,19605967233,TRUE,0,FALSE,16316237604,,16316237604,6,FALSE,TRUE,
C,A,20230101,2023,52,2023,276,DEU,Germany,M,Import,531,CUW,Curacao,0,W00,World,H6,HS,TRUE,2710,"Petroleum oils and oils from bituminous minerals, not crude; preparations n.e.c, containing by weight 70% or more of petroleum oils or oils from bituminous minerals; these being the basic constituents of the preparations; waste oils",Crude oils,4,FALSE,C00,TOTAL CPC,0,0,TOTAL MOT,8,kg,782,FALSE,-1,N/A,0,FALSE,782,FALSE,0,FALSE,1368.333,,1368.333,0,FALSE,TRUE,
C,A,20230101,2023,52,2023,276,DEU,Germany,M,Import,566,NGA,Nigeria,0,W00,World,H6,HS,TRUE,2710,"Petroleum oils and oils from bituminous minerals, not crude; preparations n.e.c, containing by weight 70% or more of petroleum oils or oils from bituminous minerals; these being the basic constituents of the preparations; waste oils",Crude oils,4,FALSE,C00,TOTAL CPC,0,0,TOTAL MOT,8,kg,32724299,FALSE,8,kg,32724299,FALSE,32724299,FALSE,0,FALSE,22942232.72,,22942232.72,0,FALSE,TRUE,
C,A,20230101,2023,52,2023,276,DEU,Germany,M,Import,579,NOR,Norway,0,W00,World,H6,HS,TRUE,2710,"Petroleum oils and oils from bituminous minerals, not crude; preparations n.e.c, containing by weight 70% or more of petroleum oils or oils from bituminous minerals; these being the basic constituents of the preparations; waste oils",Crude oils,4,FALSE,C00,TOTAL CPC,0,0,TOTAL MOT,8,kg,515307828.5,TRUE,-1,N/A,0,FALSE,515307828.5,TRUE,0,FALSE,410313402.1,,410313402.1,6,FALSE,TRUE,
C,A,20230101,2023,52,2023,276,DEU,Germany,M,Import,616,POL,Poland,0,W00,World,H6,HS,TRUE,2710,"Petroleum oils and oils from bituminous minerals, not crude; preparations n.e.c, containing by weight 70% or more of petroleum oils or oils from bituminous minerals; these being the basic constituents of the preparations; waste oils",Crude oils,4,FALSE,C00,TOTAL CPC,0,0,TOTAL MOT,8,kg,174495378.3,TRUE,-1,N/A,0,FALSE,174495378.3,TRUE,0,FALSE,160192373.1,,160192373.1,6,FALSE,TRUE,
C,A,20230101,2023,52,2023,276,DEU,Germany,M,Import,620,PRT,Portugal,0,W00,World,H6,HS,TRUE,2710,"Petroleum oils and oils from bituminous minerals, not crude; preparations n.e.c, containing by weight 70% or more of petroleum oils or oils from bituminous minerals; these being the basic constituents of the preparations; waste oils",Crude oils,4,FALSE,C00,TOTAL CPC,0,0,TOTAL MOT,8,kg,1750418,FALSE,8,kg,1750418,FALSE,1750418,FALSE,0,FALSE,2161881.256,,2161881.256,0,FALSE,TRUE,
C,A,20230101,2023,52,2023,276,DEU,Germany,M,Import,634,QAT,Qatar,0,W00,World,H6,HS,TRUE,2710,"Petroleum oils and oils from bituminous minerals, not crude; preparations n.e.c, containing by weight 70% or more of petroleum oils or oils from bituminous minerals; these being the basic constituents of the preparations; waste oils",Crude oils,4,FALSE,C00,TOTAL CPC,0,0,TOTAL MOT,8,kg,361858714,FALSE,8,kg,361858714,FALSE,361858714,FALSE,0,FALSE,521327358,,521327358,0,FALSE,TRUE,
C,A,20230101,2023,52,2023,276,DEU,Germany,M,Import,642,ROU,Romania,0,W00,World,H6,HS,TRUE,2710,"Petroleum oils and oils from bituminous minerals, not crude; preparations n.e.c, containing by weight 70% or more of petroleum oils or oils from bituminous minerals; these being the basic constituents of the preparations; waste oils",Crude oils,4,FALSE,C00,TOTAL CPC,0,0,TOTAL MOT,8,kg,26435602.27,TRUE,-1,N/A,0,FALSE,26435602.27,TRUE,0,FALSE,20815565.05,,20815565.05,6,FALSE,TRUE,
C,A,20230101,2023,52,2023,276,DEU,Germany,M,Import,643,RUS,Russia,0,W00,World,H6,HS,TRUE,2710,"Petroleum oils and oils from bituminous minerals, not crude; preparations n.e.c, containing by weight 70% or more of petroleum oils or oils from bituminous minerals; these being the basic constituents of the preparations; waste oils",Crude oils,4,FALSE,C00,TOTAL CPC,0,0,TOTAL MOT,8,kg,774926516,FALSE,8,kg,774926516,FALSE,774926516,FALSE,0,FALSE,695223033.2,,695223033.2,0,FALSE,TRUE,
C,A,20230101,2023,52,2023,276,DEU,Germany,M,Import,682,SAU,Saudi Arabia,0,W00,World,H6,HS,TRUE,2710,"Petroleum oils and oils from bituminous minerals, not crude; preparations n.e.c, containing by weight 70% or more of petroleum oils or oils from bituminous minerals; these being the basic constituents of the preparations; waste oils",Crude oils,4,FALSE,C00,TOTAL CPC,0,0,TOTAL MOT,8,kg,332547260,FALSE,8,kg,332547260,FALSE,332547260,FALSE,0,FALSE,264027269.6,,264027269.6,0,FALSE,TRUE,
C,A,20230101,2023,52,2023,276,DEU,Germany,M,Import,688,SRB,Serbia,0,W00,World,H6,HS,TRUE,2710,"Petroleum oils and oils from bituminous minerals, not crude; preparations n.e.c, containing by weight 70% or more of petroleum oils or oils from bituminous minerals; these being the basic constituents of the preparations; waste oils",Crude oils,4,FALSE,C00,TOTAL CPC,0,0,TOTAL MOT,8,kg,9993328.058,TRUE,-1,N/A,0,FALSE,9993328.058,TRUE,0,FALSE,5173796.112,,5173796.112,6,FALSE,TRUE,
C,A,20230101,2023,52,2023,276,DEU,Germany,M,Import,699,IND,India,0,W00,World,H6,HS,TRUE,2710,"Petroleum oils and oils from bituminous minerals, not crude; preparations n.e.c, containing by weight 70% or more of petroleum oils or oils from bituminous minerals; these being the basic constituents of the preparations; waste oils",Crude oils,4,FALSE,C00,TOTAL CPC,0,0,TOTAL MOT,8,kg,1230653087,TRUE,-1,N/A,0,FALSE,1230653087,TRUE,0,FALSE,1016216013,,1016216013,6,FALSE,TRUE,
C,A,20230101,2023,52,2023,276,DEU,Germany,M,Import,702,SGP,Singapore,0,W00,World,H6,HS,TRUE,2710,"Petroleum oils and oils from bituminous minerals, not crude; preparations n.e.c, containing by weight 70% or more of petroleum oils or oils from bituminous minerals; these being the basic constituents of the preparations; waste oils",Crude oils,4,FALSE,C00,TOTAL CPC,0,0,TOTAL MOT,8,kg,2197.441,TRUE,-1,N/A,0,FALSE,2197.441,TRUE,0,FALSE,20045.262,,20045.262,6,FALSE,TRUE,
C,A,20230101,2023,52,2023,276,DEU,Germany,M,Import,703,SVK,Slovakia,0,W00,World,H6,HS,TRUE,2710,"Petroleum oils and oils from bituminous minerals, not crude; preparations n.e.c, containing by weight 70% or more of petroleum oils or oils from bituminous minerals; these being the basic constituents of the preparations; waste oils",Crude oils,4,FALSE,C00,TOTAL CPC,0,0,TOTAL MOT,8,kg,83952115.57,TRUE,-1,N/A,0,FALSE,83952115.57,TRUE,0,FALSE,65162654.28,,65162654.28,6,FALSE,TRUE,
C,A,20230101,2023,52,2023,276,DEU,Germany,M,Import,704,VNM,Vietnam,0,W00,World,H6,HS,TRUE,2710,"Petroleum oils and oils from bituminous minerals, not crude; preparations n.e.c, containing by weight 70% or more of petroleum oils or oils from bituminous minerals; these being the basic constituents of the preparations; waste oils",Crude oils,4,FALSE,C00,TOTAL CPC,0,0,TOTAL MOT,8,kg,8201,FALSE,8,kg,8201,FALSE,8201,FALSE,0,FALSE,2993.978,,2993.978,0,FALSE,TRUE,
C,A,20230101,2023,52,2023,276,DEU,Germany,M,Import,705,SVN,Slovenia,0,W00,World,H6,HS,TRUE,2710,"Petroleum oils and oils from bituminous minerals, not crude; preparations n.e.c, containing by weight 70% or more of petroleum oils or oils from bituminous minerals; these being the basic constituents of the preparations; waste oils",Crude oils,4,FALSE,C00,TOTAL CPC,0,0,TOTAL MOT,8,kg,75027574,FALSE,-1,N/A,0,FALSE,75027574,FALSE,0,FALSE,64903649,,64903649,0,FALSE,TRUE,
C,A,20230101,2023,52,2023,276,DEU,Germany,M,Import,710,ZAF,South Africa,0,W00,World,H6,HS,TRUE,2710,"Petroleum oils and oils from bituminous minerals, not crude; preparations n.e.c, containing by weight 70% or more of petroleum oils or oils from bituminous minerals; these being the basic constituents of the preparations; waste oils",Crude oils,4,FALSE,C00,TOTAL CPC,0,0,TOTAL MOT,8,kg,3609627.786,TRUE,-1,N/A,0,FALSE,3609627.786,TRUE,0,FALSE,4730386.408,,4730386.408,6,FALSE,TRUE,
C,A,20230101,2023,52,2023,276,DEU,Germany,M,Import,724,ESP,Spain,0,W00,World,H6,HS,TRUE,2710,"Petroleum oils and oils from bituminous minerals, not crude; preparations n.e.c, containing by weight 70% or more of petroleum oils or oils from bituminous minerals; these being the basic constituents of the preparations; waste oils",Crude oils,4,FALSE,C00,TOTAL CPC,0,0,TOTAL MOT,8,kg,248888622.7,TRUE,-1,N/A,0,FALSE,248888622.7,TRUE,0,FALSE,231469748.2,,231469748.2,6,FALSE,TRUE,
C,A,20230101,2023,52,2023,276,DEU,Germany,M,Import,729,SDN,Sudan,0,W00,World,H6,HS,TRUE,2710,"Petroleum oils and oils from bituminous minerals, not crude; preparations n.e.c, containing by weight 70% or more of petroleum oils or oils from bituminous minerals; these being the basic constituents of the preparations; waste oils",Crude oils,4,FALSE,C00,TOTAL CPC,0,0,TOTAL MOT,8,kg,1331,FALSE,8,kg,1331,FALSE,1331,FALSE,0,FALSE,8482.575,,8482.575,0,FALSE,TRUE,
C,A,20230101,2023,52,2023,276,DEU,Germany,M,Import,752,SWE,Sweden,0,W00,World,H6,HS,TRUE,2710,"Petroleum oils and oils from bituminous minerals, not crude; preparations n.e.c, containing by weight 70% or more of petroleum oils or oils from bituminous minerals; these being the basic constituents of the preparations; waste oils",Crude oils,4,FALSE,C00,TOTAL CPC,0,0,TOTAL MOT,8,kg,652051864.5,TRUE,-1,N/A,0,FALSE,652051864.5,TRUE,0,FALSE,596281206.4,,596281206.4,6,FALSE,TRUE,
C,A,20230101,2023,52,2023,276,DEU,Germany,M,Import,757,CHE,Switzerland,0,W00,World,H6,HS,TRUE,2710,"Petroleum oils and oils from bituminous minerals, not crude; preparations n.e.c, containing by weight 70% or more of petroleum oils or oils from bituminous minerals; these being the basic constituents of the preparations; waste oils",Crude oils,4,FALSE,C00,TOTAL CPC,0,0,TOTAL MOT,8,kg,24810037.35,TRUE,-1,N/A,0,FALSE,24810037.35,TRUE,0,FALSE,43250620.47,,43250620.47,6,FALSE,TRUE,
C,A,20230101,2023,52,2023,276,DEU,Germany,M,Import,764,THA,Thailand,0,W00,World,H6,HS,TRUE,2710,"Petroleum oils and oils from bituminous minerals, not crude; preparations n.e.c, containing by weight 70% or more of petroleum oils or oils from bituminous minerals; these being the basic constituents of the preparations; waste oils",Crude oils,4,FALSE,C00,TOTAL CPC,0,0,TOTAL MOT,8,kg,5473.342,TRUE,-1,N/A,0,FALSE,5473.342,TRUE,0,FALSE,57838.513,,57838.513,6,FALSE,TRUE,
C,A,20230101,2023,52,2023,276,DEU,Germany,M,Import,784,ARE,United Arab Emirates,0,W00,World,H6,HS,TRUE,2710,"Petroleum oils and oils from bituminous minerals, not crude; preparations n.e.c, containing by weight 70% or more of petroleum oils or oils from bituminous minerals; these being the basic constituents of the preparations; waste oils",Crude oils,4,FALSE,C00,TOTAL CPC,0,0,TOTAL MOT,8,kg,871085994.9,TRUE,-1,N/A,0,FALSE,871085994.9,TRUE,0,FALSE,759500342.2,,759500342.2,6,FALSE,TRUE,
C,A,20230101,2023,52,2023,276,DEU,Germany,M,Import,792,TUR,Turkey,0,W00,World,H6,HS,TRUE,2710,"Petroleum oils and oils from bituminous minerals, not crude; preparations n.e.c, containing by weight 70% or more of petroleum oils or oils from bituminous minerals; these being the basic constituents of the preparations; waste oils",Crude oils,4,FALSE,C00,TOTAL CPC,0,0,TOTAL MOT,8,kg,261323854.3,TRUE,-1,N/A,0,FALSE,261323854.3,TRUE,0,FALSE,185911091.1,,185911091.1,6,FALSE,TRUE,
C,A,20230101,2023,52,2023,276,DEU,Germany,M,Import,804,UKR,Ukraine,0,W00,World,H6,HS,TRUE,2710,"Petroleum oils and oils from bituminous minerals, not crude; preparations n.e.c, containing by weight 70% or more of petroleum oils or oils from bituminous minerals; these being the basic constituents of the preparations; waste oils",Crude oils,4,FALSE,C00,TOTAL CPC,0,0,TOTAL MOT,8,kg,5892,FALSE,8,kg,5892,FALSE,5892,FALSE,0,FALSE,49742.997,,49742.997,0,FALSE,TRUE,
C,A,20230101,2023,52,2023,276,DEU,Germany,M,Import,818,EGY,Egypt,0,W00,World,H6,HS,TRUE,2710,"Petroleum oils and oils from bituminous minerals, not crude; preparations n.e.c, containing by weight 70% or more of petroleum oils or oils from bituminous minerals; these being the basic constituents of the preparations; waste oils",Crude oils,4,FALSE,C00,TOTAL CPC,0,0,TOTAL MOT,8,kg,89862,FALSE,8,kg,89862,FALSE,89862,FALSE,0,FALSE,84100.696,,84100.696,0,FALSE,TRUE,
C,A,20230101,2023,52,2023,276,DEU,Germany,M,Import,826,GBR,United Kingdom,0,W00,World,H6,HS,TRUE,2710,"Petroleum oils and oils from bituminous minerals, not crude; preparations n.e.c, containing by weight 70% or more of petroleum oils or oils from bituminous minerals; these being the basic constituents of the preparations; waste oils",Crude oils,4,FALSE,C00,TOTAL CPC,0,0,TOTAL MOT,8,kg,143218314.9,TRUE,-1,N/A,0,FALSE,143218314.9,TRUE,0,FALSE,120909190.3,,120909190.3,6,FALSE,TRUE,
C,A,20230101,2023,52,2023,276,DEU,Germany,M,Import,842,USA,USA,0,W00,World,H6,HS,TRUE,2710,"Petroleum oils and oils from bituminous minerals, not crude; preparations n.e.c, containing by weight 70% or more of petroleum oils or oils from bituminous minerals; these being the basic constituents of the preparations; waste oils",Crude oils,4,FALSE,C00,TOTAL CPC,0,0,TOTAL MOT,8,kg,2082662249,TRUE,-1,N/A,0,FALSE,2082662249,TRUE,0,FALSE,1655530866,,1655530866,6,FALSE,TRUE,
C,A,20230101,2023,52,2023,276,DEU,Germany,M,Import,0,W00,World,0,W00,World,H6,HS,TRUE,2809,"Diphosphorus pentaoxide; phosphoric acid; polyphosphoric acids, whether or not chemically defined",Phosphorus,4,FALSE,C00,TOTAL CPC,0,0,TOTAL MOT,8,kg,183981165.4,TRUE,-1,N/A,0,FALSE,183981165.4,TRUE,0,FALSE,256235193.7,,256235193.7,6,FALSE,TRUE,
C,A,20230101,2023,52,2023,276,DEU,Germany,M,Import,36,AUS,Australia,0,W00,World,H6,HS,TRUE,2809,"Diphosphorus pentaoxide; phosphoric acid; polyphosphoric acids, whether or not chemically defined",Phosphorus,4,FALSE,C00,TOTAL CPC,0,0,TOTAL MOT,8,kg,34128,FALSE,27,kg P2O5,18600,FALSE,34128,FALSE,0,FALSE,156365.039,,156365.039,0,FALSE,TRUE,
C,A,20230101,2023,52,2023,276,DEU,Germany,M,Import,40,AUT,Austria,0,W00,World,H6,HS,TRUE,2809,"Diphosphorus pentaoxide; phosphoric acid; polyphosphoric acids, whether or not chemically defined",Phosphorus,4,FALSE,C00,TOTAL CPC,0,0,TOTAL MOT,8,kg,1385545,FALSE,27,kg P2O5,718245,FALSE,1385545,FALSE,0,FALSE,2102266.636,,2102266.636,0,FALSE,TRUE,
C,A,20230101,2023,52,2023,276,DEU,Germany,M,Import,56,BEL,Belgium,0,W00,World,H6,HS,TRUE,2809,"Diphosphorus pentaoxide; phosphoric acid; polyphosphoric acids, whether or not chemically defined",Phosphorus,4,FALSE,C00,TOTAL CPC,0,0,TOTAL MOT,8,kg,15037181,FALSE,27,kg P2O5,8651160,FALSE,15037181,FALSE,0,FALSE,20873860.4,,20873860.4,0,FALSE,TRUE,
C,A,20230101,2023,52,2023,276,DEU,Germany,M,Import,70,BIH,Bosnia and Herzegovina,0,W00,World,H6,HS,TRUE,2809,"Diphosphorus pentaoxide; phosphoric acid; polyphosphoric acids, whether or not chemically defined",Phosphorus,4,FALSE,C00,TOTAL CPC,0,0,TOTAL MOT,8,kg,44880,FALSE,27,kg P2O5,24460,FALSE,44880,FALSE,0,FALSE,46530.958,,46530.958,0,FALSE,TRUE,
C,A,20230101,2023,52,2023,276,DEU,Germany,M,Import,76,BRA,Brazil,0,W00,World,H6,HS,TRUE,2809,"Diphosphorus pentaoxide; phosphoric acid; polyphosphoric acids, whether or not chemically defined",Phosphorus,4,FALSE,C00,TOTAL CPC,0,0,TOTAL MOT,8,kg,1620.795,TRUE,-1,N/A,0,FALSE,1620.795,TRUE,0,FALSE,2514.244,,2514.244,6,FALSE,TRUE,
C,A,20230101,2023,52,2023,276,DEU,Germany,M,Import,156,CHN,China,0,W00,World,H6,HS,TRUE,2809,"Diphosphorus pentaoxide; phosphoric acid; polyphosphoric acids, whether or not chemically defined",Phosphorus,4,FALSE,C00,TOTAL CPC,0,0,TOTAL MOT,8,kg,6370588.795,TRUE,-1,N/A,0,FALSE,6370588.795,TRUE,0,FALSE,11712230.28,,11712230.28,6,FALSE,TRUE,
C,A,20230101,2023,52,2023,276,DEU,Germany,M,Import,191,HRV,Croatia,0,W00,World,H6,HS,TRUE,2809,"Diphosphorus pentaoxide; phosphoric acid; polyphosphoric acids, whether or not chemically defined",Phosphorus,4,FALSE,C00,TOTAL CPC,0,0,TOTAL MOT,8,kg,46,FALSE,27,kg P2O5,25,FALSE,46,FALSE,0,FALSE,90.495,,90.495,0,FALSE,TRUE,
C,A,20230101,2023,52,2023,276,DEU,Germany,M,Import,203,CZE,Czechia,0,W00,World,H6,HS,TRUE,2809,"Diphosphorus pentaoxide; phosphoric acid; polyphosphoric acids, whether or not chemically defined",Phosphorus,4,FALSE,C00,TOTAL CPC,0,0,TOTAL MOT,8,kg,10882894,FALSE,27,kg P2O5,6137115,FALSE,10882894,FALSE,0,FALSE,14294761.12,,14294761.12,0,FALSE,TRUE,
C,A,20230101,2023,52,2023,276,DEU,Germany,M,Import,208,DNK,Denmark,0,W00,World,H6,HS,TRUE,2809,"Diphosphorus pentaoxide; phosphoric acid; polyphosphoric acids, whether or not chemically defined",Phosphorus,4,FALSE,C00,TOTAL CPC,0,0,TOTAL MOT,8,kg,7905,FALSE,27,kg P2O5,4717,FALSE,7905,FALSE,0,FALSE,15431.09,,15431.09,0,FALSE,TRUE,
C,A,20230101,2023,52,2023,276,DEU,Germany,M,Import,233,EST,Estonia,0,W00,World,H6,HS,TRUE,2809,"Diphosphorus pentaoxide; phosphoric acid; polyphosphoric acids, whether or not chemically defined",Phosphorus,4,FALSE,C00,TOTAL CPC,0,0,TOTAL MOT,8,kg,90860,FALSE,27,kg P2O5,51047,FALSE,90860,FALSE,0,FALSE,99768.383,,99768.383,0,FALSE,TRUE,
C,A,20230101,2023,52,2023,276,DEU,Germany,M,Import,246,FIN,Finland,0,W00,World,H6,HS,TRUE,2809,"Diphosphorus pentaoxide; phosphoric acid; polyphosphoric acids, whether or not chemically defined",Phosphorus,4,FALSE,C00,TOTAL CPC,0,0,TOTAL MOT,8,kg,17808,FALSE,27,kg P2O5,10626,FALSE,17808,FALSE,0,FALSE,35916.836,,35916.836,0,FALSE,TRUE,
C,A,20230101,2023,52,2023,276,DEU,Germany,M,Import,251,FRA,France,0,W00,World,H6,HS,TRUE,2809,"Diphosphorus pentaoxide; phosphoric acid; polyphosphoric acids, whether or not chemically defined",Phosphorus,4,FALSE,C00,TOTAL CPC,0,0,TOTAL MOT,8,kg,512016,FALSE,27,kg P2O5,394651,FALSE,512016,FALSE,0,FALSE,1601696.588,,1601696.588,0,FALSE,TRUE,
C,A,20230101,2023,52,2023,276,DEU,Germany,M,Import,348,HUN,Hungary,0,W00,World,H6,HS,TRUE,2809,"Diphosphorus pentaoxide; phosphoric acid; polyphosphoric acids, whether or not chemically defined",Phosphorus,4,FALSE,C00,TOTAL CPC,0,0,TOTAL MOT,8,kg,3815,FALSE,27,kg P2O5,2604,FALSE,3815,FALSE,0,FALSE,9156.384,,9156.384,0,FALSE,TRUE,
C,A,20230101,2023,52,2023,276,DEU,Germany,M,Import,380,ITA,Italy,0,W00,World,H6,HS,TRUE,2809,"Diphosphorus pentaoxide; phosphoric acid; polyphosphoric acids, whether or not chemically defined",Phosphorus,4,FALSE,C00,TOTAL CPC,0,0,TOTAL MOT,8,kg,229886,FALSE,27,kg P2O5,114820,FALSE,229886,FALSE,0,FALSE,426893.76,,426893.76,0,FALSE,TRUE,
C,A,20230101,2023,52,2023,276,DEU,Germany,M,Import,392,JPN,Japan,0,W00,World,H6,HS,TRUE,2809,"Diphosphorus pentaoxide; phosphoric acid; polyphosphoric acids, whether or not chemically defined",Phosphorus,4,FALSE,C00,TOTAL CPC,0,0,TOTAL MOT,8,kg,3081,FALSE,27,kg P2O5,1939,FALSE,3081,FALSE,0,FALSE,4789.711,,4789.711,0,FALSE,TRUE,
C,A,20230101,2023,52,2023,276,DEU,Germany,M,Import,410,KOR,South Korea,0,W00,World,H6,HS,TRUE,2809,"Diphosphorus pentaoxide; phosphoric acid; polyphosphoric acids, whether or not chemically defined",Phosphorus,4,FALSE,C00,TOTAL CPC,0,0,TOTAL MOT,8,kg,3609,FALSE,27,kg P2O5,2270,FALSE,3609,FALSE,0,FALSE,4405.924,,4405.924,0,FALSE,TRUE,
C,A,20230101,2023,52,2023,276,DEU,Germany,M,Import,446,MAC,Macao,0,W00,World,H6,HS,TRUE,2809,"Diphosphorus pentaoxide; phosphoric acid; polyphosphoric acids, whether or not chemically defined",Phosphorus,4,FALSE,C00,TOTAL CPC,0,0,TOTAL MOT,8,kg,23740,FALSE,27,kg P2O5,14259,FALSE,23740,FALSE,0,FALSE,48195.854,,48195.854,0,FALSE,TRUE,
C,A,20230101,2023,52,2023,276,DEU,Germany,M,Import,490,S19,"Other Asia, nes",0,W00,World,H6,HS,TRUE,2809,"Diphosphorus pentaoxide; phosphoric acid; polyphosphoric acids, whether or not chemically defined",Phosphorus,4,FALSE,C00,TOTAL CPC,0,0,TOTAL MOT,8,kg,2865,FALSE,27,kg P2O5,1802,FALSE,2865,FALSE,0,FALSE,3497.699,,3497.699,0,FALSE,TRUE,
C,A,20230101,2023,52,2023,276,DEU,Germany,M,Import,528,NLD,Netherlands,0,W00,World,H6,HS,TRUE,2809,"Diphosphorus pentaoxide; phosphoric acid; polyphosphoric acids, whether or not chemically defined",Phosphorus,4,FALSE,C00,TOTAL CPC,0,0,TOTAL MOT,8,kg,11551312,FALSE,27,kg P2O5,6446849,FALSE,11551312,FALSE,0,FALSE,12997917.15,,12997917.15,0,FALSE,TRUE,
C,A,20230101,2023,52,2023,276,DEU,Germany,M,Import,616,POL,Poland,0,W00,World,H6,HS,TRUE,2809,"Diphosphorus pentaoxide; phosphoric acid; polyphosphoric acids, whether or not chemically defined",Phosphorus,4,FALSE,C00,TOTAL CPC,0,0,TOTAL MOT,8,kg,9213670,FALSE,27,kg P2O5,5023064,FALSE,9213670,FALSE,0,FALSE,13246556.91,,13246556.91,0,FALSE,TRUE,
C,A,20230101,2023,52,2023,276,DEU,Germany,M,Import,688,SRB,Serbia,0,W00,World,H6,HS,TRUE,2809,"Diphosphorus pentaoxide; phosphoric acid; polyphosphoric acids, whether or not chemically defined",Phosphorus,4,FALSE,C00,TOTAL CPC,0,0,TOTAL MOT,8,kg,4639196,FALSE,-1,N/A,0,FALSE,4639196,FALSE,0,FALSE,5148040.921,,5148040.921,0,FALSE,TRUE,
C,A,20230101,2023,52,2023,276,DEU,Germany,M,Import,699,IND,India,0,W00,World,H6,HS,TRUE,2809,"Diphosphorus pentaoxide; phosphoric acid; polyphosphoric acids, whether or not chemically defined",Phosphorus,4,FALSE,C00,TOTAL CPC,0,0,TOTAL MOT,8,kg,85889,FALSE,27,kg P2O5,68025,FALSE,85889,FALSE,0,FALSE,230376.05,,230376.05,0,FALSE,TRUE,
C,A,20230101,2023,52,2023,276,DEU,Germany,M,Import,705,SVN,Slovenia,0,W00,World,H6,HS,TRUE,2809,"Diphosphorus pentaoxide; phosphoric acid; polyphosphoric acids, whether or not chemically defined",Phosphorus,4,FALSE,C00,TOTAL CPC,0,0,TOTAL MOT,8,kg,47860,FALSE,27,kg P2O5,17708,FALSE,47860,FALSE,0,FALSE,45288.01,,45288.01,0,FALSE,TRUE,
C,A,20230101,2023,52,2023,276,DEU,Germany,M,Import,710,ZAF,South Africa,0,W00,World,H6,HS,TRUE,2809,"Diphosphorus pentaoxide; phosphoric acid; polyphosphoric acids, whether or not chemically defined",Phosphorus,4,FALSE,C00,TOTAL CPC,0,0,TOTAL MOT,8,kg,52783,FALSE,27,kg P2O5,33191,FALSE,52783,FALSE,0,FALSE,82873.013,,82873.013,0,FALSE,TRUE,
C,A,20230101,2023,52,2023,276,DEU,Germany,M,Import,724,ESP,Spain,0,W00,World,H6,HS,TRUE,2809,"Diphosphorus pentaoxide; phosphoric acid; polyphosphoric acids, whether or not chemically defined",Phosphorus,4,FALSE,C00,TOTAL CPC,0,0,TOTAL MOT,8,kg,258980,FALSE,27,kg P2O5,206964,FALSE,258980,FALSE,0,FALSE,743058.299,,743058.299,0,FALSE,TRUE,
C,A,20230101,2023,52,2023,276,DEU,Germany,M,Import,752,SWE,Sweden,0,W00,World,H6,HS,TRUE,2809,"Diphosphorus pentaoxide; phosphoric acid; polyphosphoric acids, whether or not chemically defined",Phosphorus,4,FALSE,C00,TOTAL CPC,0,0,TOTAL MOT,8,kg,35469,FALSE,27,kg P2O5,23142,FALSE,35469,FALSE,0,FALSE,64202.625,,64202.625,0,FALSE,TRUE,
C,A,20230101,2023,52,2023,276,DEU,Germany,M,Import,757,CHE,Switzerland,0,W00,World,H6,HS,TRUE,2809,"Diphosphorus pentaoxide; phosphoric acid; polyphosphoric acids, whether or not chemically defined",Phosphorus,4,FALSE,C00,TOTAL CPC,0,0,TOTAL MOT,8,kg,3236291,FALSE,27,kg P2O5,2200600,FALSE,3236291,FALSE,0,FALSE,8179581.272,,8179581.272,0,FALSE,TRUE,
C,A,20230101,2023,52,2023,276,DEU,Germany,M,Import,792,TUR,Turkey,0,W00,World,H6,HS,TRUE,2809,"Diphosphorus pentaoxide; phosphoric acid; polyphosphoric acids, whether or not chemically defined",Phosphorus,4,FALSE,C00,TOTAL CPC,0,0,TOTAL MOT,8,kg,20,FALSE,27,kg P2O5,13,FALSE,20,FALSE,0,FALSE,32.709,,32.709,0,FALSE,TRUE,
C,A,20230101,2023,52,2023,276,DEU,Germany,M,Import,826,GBR,United Kingdom,0,W00,World,H6,HS,TRUE,2809,"Diphosphorus pentaoxide; phosphoric acid; polyphosphoric acids, whether or not chemically defined",Phosphorus,4,FALSE,C00,TOTAL CPC,0,0,TOTAL MOT,8,kg,253339,FALSE,27,kg P2O5,130021,FALSE,253339,FALSE,0,FALSE,296311.17,,296311.17,0,FALSE,TRUE,
C,A,20230101,2023,52,2023,276,DEU,Germany,M,Import,839,XX ,Special Categories,0,W00,World,H6,HS,TRUE,2809,"Diphosphorus pentaoxide; phosphoric acid; polyphosphoric acids, whether or not chemically defined",Phosphorus,4,FALSE,C00,TOTAL CPC,0,0,TOTAL MOT,8,kg,8017790,FALSE,27,kg P2O5,4825570,FALSE,8017790,FALSE,0,FALSE,11459763.56,,11459763.56,0,FALSE,TRUE,
C,A,20230101,2023,52,2023,276,DEU,Germany,M,Import,842,USA,USA,0,W00,World,H6,HS,TRUE,2809,"Diphosphorus pentaoxide; phosphoric acid; polyphosphoric acids, whether or not chemically defined",Phosphorus,4,FALSE,C00,TOTAL CPC,0,0,TOTAL MOT,8,kg,1388097.795,TRUE,-1,N/A,0,FALSE,1388097.795,TRUE,0,FALSE,2711909.731,,2711909.731,6,FALSE,TRUE,
C,A,20230101,2023,52,2023,276,DEU,Germany,M,Import,899,_X ,"Areas, nes",0,W00,World,H6,HS,TRUE,2809,"Diphosphorus pentaoxide; phosphoric acid; polyphosphoric acids, whether or not chemically defined",Phosphorus,4,FALSE,C00,TOTAL CPC,0,0,TOTAL MOT,8,kg,110548000,FALSE,27,kg P2O5,68732500,FALSE,110548000,FALSE,0,FALSE,149590910.9,,149590910.9,0,FALSE,TRUE,
C,A,20230101,2023,52,2023,276,DEU,Germany,M,Import,0,W00,World,0,W00,World,H6,HS,TRUE,2817,Zinc,Zinc,4,FALSE,C00,TOTAL CPC,0,0,TOTAL MOT,8,kg,35775716.47,TRUE,-1,N/A,0,FALSE,35775716.47,TRUE,0,FALSE,110684562.7,,110684562.7,6,FALSE,TRUE,
C,A,20230101,2023,52,2023,276,DEU,Germany,M,Import,36,AUS,Australia,0,W00,World,H6,HS,TRUE,2817,Zinc,Zinc,4,FALSE,C00,TOTAL CPC,0,0,TOTAL MOT,8,kg,226019.057,TRUE,-1,N/A,0,FALSE,226019.057,TRUE,0,FALSE,1464090.251,,1464090.251,6,FALSE,TRUE,
C,A,20230101,2023,52,2023,276,DEU,Germany,M,Import,40,AUT,Austria,0,W00,World,H6,HS,TRUE,2817,Zinc,Zinc,4,FALSE,C00,TOTAL CPC,0,0,TOTAL MOT,8,kg,7426640,FALSE,8,kg,7426640,FALSE,7426640,FALSE,0,FALSE,22195238.42,,22195238.42,0,FALSE,TRUE,
C,A,20230101,2023,52,2023,276,DEU,Germany,M,Import,56,BEL,Belgium,0,W00,World,H6,HS,TRUE,2817,Zinc,Zinc,4,FALSE,C00,TOTAL CPC,0,0,TOTAL MOT,8,kg,2517214,FALSE,8,kg,2517214,FALSE,2517214,FALSE,0,FALSE,8698224.22,,8698224.22,0,FALSE,TRUE,
C,A,20230101,2023,52,2023,276,DEU,Germany,M,Import,124,CAN,Canada,0,W00,World,H6,HS,TRUE,2817,Zinc,Zinc,4,FALSE,C00,TOTAL CPC,0,0,TOTAL MOT,8,kg,12988,FALSE,8,kg,12988,FALSE,12988,FALSE,0,FALSE,57954.086,,57954.086,0,FALSE,TRUE,
C,A,20230101,2023,52,2023,276,DEU,Germany,M,Import,156,CHN,China,0,W00,World,H6,HS,TRUE,2817,Zinc,Zinc,4,FALSE,C00,TOTAL CPC,0,0,TOTAL MOT,8,kg,29336.656,TRUE,-1,N/A,0,FALSE,29336.656,TRUE,0,FALSE,138685.739,,138685.739,6,FALSE,TRUE,
C,A,20230101,2023,52,2023,276,DEU,Germany,M,Import,191,HRV,Croatia,0,W00,World,H6,HS,TRUE,2817,Zinc,Zinc,4,FALSE,C00,TOTAL CPC,0,0,TOTAL MOT,8,kg,5000,FALSE,8,kg,5000,FALSE,5000,FALSE,0,FALSE,19407.434,,19407.434,0,FALSE,TRUE,
C,A,20230101,2023,52,2023,276,DEU,Germany,M,Import,203,CZE,Czechia,0,W00,World,H6,HS,TRUE,2817,Zinc,Zinc,4,FALSE,C00,TOTAL CPC,0,0,TOTAL MOT,8,kg,202055,FALSE,8,kg,202055,FALSE,202055,FALSE,0,FALSE,740764.297,,740764.297,0,FALSE,TRUE,
C,A,20230101,2023,52,2023,276,DEU,Germany,M,Import,208,DNK,Denmark,0,W00,World,H6,HS,TRUE,2817,Zinc,Zinc,4,FALSE,C00,TOTAL CPC,0,0,TOTAL MOT,8,kg,600,FALSE,8,kg,600,FALSE,600,FALSE,0,FALSE,2525.147,,2525.147,0,FALSE,TRUE,
C,A,20230101,2023,52,2023,276,DEU,Germany,M,Import,251,FRA,France,0,W00,World,H6,HS,TRUE,2817,Zinc,Zinc,4,FALSE,C00,TOTAL CPC,0,0,TOTAL MOT,8,kg,119163.41,TRUE,-1,N/A,0,FALSE,119163.41,TRUE,0,FALSE,476382.716,,476382.716,6,FALSE,TRUE,
C,A,20230101,2023,52,2023,276,DEU,Germany,M,Import,300,GRC,Greece,0,W00,World,H6,HS,TRUE,2817,Zinc,Zinc,4,FALSE,C00,TOTAL CPC,0,0,TOTAL MOT,8,kg,54000,FALSE,8,kg,54000,FALSE,54000,FALSE,0,FALSE,96382.985,,96382.985,0,FALSE,TRUE,
C,A,20230101,2023,52,2023,276,DEU,Germany,M,Import,380,ITA,Italy,0,W00,World,H6,HS,TRUE,2817,Zinc,Zinc,4,FALSE,C00,TOTAL CPC,0,0,TOTAL MOT,8,kg,1306320,FALSE,8,kg,1306320,FALSE,1306320,FALSE,0,FALSE,4003820.066,,4003820.066,0,FALSE,TRUE,
C,A,20230101,2023,52,2023,276,DEU,Germany,M,Import,392,JPN,Japan,0,W00,World,H6,HS,TRUE,2817,Zinc,Zinc,4,FALSE,C00,TOTAL CPC,0,0,TOTAL MOT,8,kg,14254.277,TRUE,-1,N/A,0,FALSE,14254.277,TRUE,0,FALSE,77588.303,,77588.303,6,FALSE,TRUE,
C,A,20230101,2023,52,2023,276,DEU,Germany,M,Import,410,KOR,South Korea,0,W00,World,H6,HS,TRUE,2817,Zinc,Zinc,4,FALSE,C00,TOTAL CPC,0,0,TOTAL MOT,8,kg,2787,FALSE,8,kg,2787,FALSE,2787,FALSE,0,FALSE,10101.678,,10101.678,0,FALSE,TRUE,
C,A,20230101,2023,52,2023,276,DEU,Germany,M,Import,458,MYS,Malaysia,0,W00,World,H6,HS,TRUE,2817,Zinc,Zinc,4,FALSE,C00,TOTAL CPC,0,0,TOTAL MOT,8,kg,82.172,TRUE,-1,N/A,0,FALSE,82.172,TRUE,0,FALSE,660.725,,660.725,6,FALSE,TRUE,
C,A,20230101,2023,52,2023,276,DEU,Germany,M,Import,484,MEX,Mexico,0,W00,World,H6,HS,TRUE,2817,Zinc,Zinc,4,FALSE,C00,TOTAL CPC,0,0,TOTAL MOT,8,kg,2212052.105,TRUE,-1,N/A,0,FALSE,2212052.105,TRUE,0,FALSE,5192403.262,,5192403.262,6,FALSE,TRUE,
C,A,20230101,2023,52,2023,276,DEU,Germany,M,Import,490,S19,"Other Asia, nes",0,W00,World,H6,HS,TRUE,2817,Zinc,Zinc,4,FALSE,C00,TOTAL CPC,0,0,TOTAL MOT,8,kg,160314,FALSE,8,kg,160314,FALSE,160314,FALSE,0,FALSE,587627.652,,587627.652,0,FALSE,TRUE,
C,A,20230101,2023,52,2023,276,DEU,Germany,M,Import,528,NLD,Netherlands,0,W00,World,H6,HS,TRUE,2817,Zinc,Zinc,4,FALSE,C00,TOTAL CPC,0,0,TOTAL MOT,8,kg,6143474.705,TRUE,-1,N/A,0,FALSE,6143474.705,TRUE,0,FALSE,17691142.69,,17691142.69,6,FALSE,TRUE,
C,A,20230101,2023,52,2023,276,DEU,Germany,M,Import,604,PER,Peru,0,W00,World,H6,HS,TRUE,2817,Zinc,Zinc,4,FALSE,C00,TOTAL CPC,0,0,TOTAL MOT,8,kg,5286346.352,TRUE,-1,N/A,0,FALSE,5286346.352,TRUE,0,FALSE,17197152.63,,17197152.63,6,FALSE,TRUE,
C,A,20230101,2023,52,2023,276,DEU,Germany,M,Import,616,POL,Poland,0,W00,World,H6,HS,TRUE,2817,Zinc,Zinc,4,FALSE,C00,TOTAL CPC,0,0,TOTAL MOT,8,kg,5794945,FALSE,8,kg,5794945,FALSE,5794945,FALSE,0,FALSE,17968883.78,,17968883.78,0,FALSE,TRUE,
C,A,20230101,2023,52,2023,276,DEU,Germany,M,Import,620,PRT,Portugal,0,W00,World,H6,HS,TRUE,2817,Zinc,Zinc,4,FALSE,C00,TOTAL CPC,0,0,TOTAL MOT,8,kg,3750,FALSE,8,kg,3750,FALSE,3750,FALSE,0,FALSE,5960.699,,5960.699,0,FALSE,TRUE,
C,A,20230101,2023,52,2023,276,DEU,Germany,M,Import,642,ROU,Romania,0,W00,World,H6,HS,TRUE,2817,Zinc,Zinc,4,FALSE,C00,TOTAL CPC,0,0,TOTAL MOT,8,kg,187333,FALSE,8,kg,187333,FALSE,187333,FALSE,0,FALSE,606923.875,,606923.875,0,FALSE,TRUE,
C,A,20230101,2023,52,2023,276,DEU,Germany,M,Import,699,IND,India,0,W00,World,H6,HS,TRUE,2817,Zinc,Zinc,4,FALSE,C00,TOTAL CPC,0,0,TOTAL MOT,8,kg,28783.877,TRUE,-1,N/A,0,FALSE,28783.877,TRUE,0,FALSE,65382.336,,65382.336,6,FALSE,TRUE,
C,A,20230101,2023,52,2023,276,DEU,Germany,M,Import,703,SVK,Slovakia,0,W00,World,H6,HS,TRUE,2817,Zinc,Zinc,4,FALSE,C00,TOTAL CPC,0,0,TOTAL MOT,8,kg,1768000,FALSE,8,kg,1768000,FALSE,1768000,FALSE,0,FALSE,5674616.93,,5674616.93,0,FALSE,TRUE,
C,A,20230101,2023,52,2023,276,DEU,Germany,M,Import,705,SVN,Slovenia,0,W00,World,H6,HS,TRUE,2817,Zinc,Zinc,4,FALSE,C00,TOTAL CPC,0,0,TOTAL MOT,8,kg,46000,FALSE,8,kg,46000,FALSE,46000,FALSE,0,FALSE,169595.893,,169595.893,0,FALSE,TRUE,
C,A,20230101,2023,52,2023,276,DEU,Germany,M,Import,724,ESP,Spain,0,W00,World,H6,HS,TRUE,2817,Zinc,Zinc,4,FALSE,C00,TOTAL CPC,0,0,TOTAL MOT,8,kg,591340,FALSE,8,kg,591340,FALSE,591340,FALSE,0,FALSE,2228015.902,,2228015.902,0,FALSE,TRUE,
C,A,20230101,2023,52,2023,276,DEU,Germany,M,Import,757,CHE,Switzerland,0,W00,World,H6,HS,TRUE,2817,Zinc,Zinc,4,FALSE,C00,TOTAL CPC,0,0,TOTAL MOT,8,kg,30867.829,TRUE,-1,N/A,0,FALSE,30867.829,TRUE,0,FALSE,124872.661,,124872.661,6,FALSE,TRUE,
C,A,20230101,2023,52,2023,276,DEU,Germany,M,Import,764,THA,Thailand,0,W00,World,H6,HS,TRUE,2817,Zinc,Zinc,4,FALSE,C00,TOTAL CPC,0,0,TOTAL MOT,8,kg,69971,FALSE,8,kg,69971,FALSE,69971,FALSE,0,FALSE,219382.502,,219382.502,0,FALSE,TRUE,
C,A,20230101,2023,52,2023,276,DEU,Germany,M,Import,792,TUR,Turkey,0,W00,World,H6,HS,TRUE,2817,Zinc,Zinc,4,FALSE,C00,TOTAL CPC,0,0,TOTAL MOT,8,kg,881869,FALSE,8,kg,881869,FALSE,881869,FALSE,0,FALSE,2307029.234,,2307029.234,0,FALSE,TRUE,
C,A,20230101,2023,52,2023,276,DEU,Germany,M,Import,826,GBR,United Kingdom,0,W00,World,H6,HS,TRUE,2817,Zinc,Zinc,4,FALSE,C00,TOTAL CPC,0,0,TOTAL MOT,8,kg,499168.519,TRUE,-1,N/A,0,FALSE,499168.519,TRUE,0,FALSE,1420566.355,,1420566.355,6,FALSE,TRUE,
C,A,20230101,2023,52,2023,276,DEU,Germany,M,Import,842,USA,USA,0,W00,World,H6,HS,TRUE,2817,Zinc,Zinc,4,FALSE,C00,TOTAL CPC,0,0,TOTAL MOT,8,kg,155041.507,TRUE,-1,N/A,0,FALSE,155041.507,TRUE,0,FALSE,1243180.231,,1243180.231,6,FALSE,TRUE,
C,A,20230101,2023,52,2023,276,DEU,Germany,M,Import,0,W00,World,0,W00,World,H6,HS,TRUE,2819,Chromium oxides and hydroxides,Chromium,4,FALSE,C00,TOTAL CPC,0,0,TOTAL MOT,8,kg,5725639.035,TRUE,-1,N/A,0,FALSE,5725639.035,TRUE,0,FALSE,25241637.45,,25241637.45,6,FALSE,TRUE,
C,A,20230101,2023,52,2023,276,DEU,Germany,M,Import,40,AUT,Austria,0,W00,World,H6,HS,TRUE,2819,Chromium oxides and hydroxides,Chromium,4,FALSE,C00,TOTAL CPC,0,0,TOTAL MOT,8,kg,33200,FALSE,8,kg,33200,FALSE,33200,FALSE,0,FALSE,176658.89,,176658.89,0,FALSE,TRUE,
C,A,20230101,2023,52,2023,276,DEU,Germany,M,Import,56,BEL,Belgium,0,W00,World,H6,HS,TRUE,2819,Chromium oxides and hydroxides,Chromium,4,FALSE,C00,TOTAL CPC,0,0,TOTAL MOT,8,kg,6098.15,TRUE,-1,N/A,0,FALSE,6098.15,TRUE,0,FALSE,72817.127,,72817.127,6,FALSE,TRUE,
C,A,20230101,2023,52,2023,276,DEU,Germany,M,Import,124,CAN,Canada,0,W00,World,H6,HS,TRUE,2819,Chromium oxides and hydroxides,Chromium,4,FALSE,C00,TOTAL CPC,0,0,TOTAL MOT,8,kg,500,FALSE,8,kg,500,FALSE,500,FALSE,0,FALSE,5724.103,,5724.103,0,FALSE,TRUE,
C,A,20230101,2023,52,2023,276,DEU,Germany,M,Import,156,CHN,China,0,W00,World,H6,HS,TRUE,2819,Chromium oxides and hydroxides,Chromium,4,FALSE,C00,TOTAL CPC,0,0,TOTAL MOT,8,kg,471220.44,TRUE,-1,N/A,0,FALSE,471220.44,TRUE,0,FALSE,3687101.652,,3687101.652,6,FALSE,TRUE,
C,A,20230101,2023,52,2023,276,DEU,Germany,M,Import,208,DNK,Denmark,0,W00,World,H6,HS,TRUE,2819,Chromium oxides and hydroxides,Chromium,4,FALSE,C00,TOTAL CPC,0,0,TOTAL MOT,8,kg,3450,FALSE,8,kg,3450,FALSE,3450,FALSE,0,FALSE,13463.089,,13463.089,0,FALSE,TRUE,
C,A,20230101,2023,52,2023,276,DEU,Germany,M,Import,251,FRA,France,0,W00,World,H6,HS,TRUE,2819,Chromium oxides and hydroxides,Chromium,4,FALSE,C00,TOTAL CPC,0,0,TOTAL MOT,8,kg,12025,FALSE,8,kg,12025,FALSE,12025,FALSE,0,FALSE,133113.189,,133113.189,0,FALSE,TRUE,
C,A,20230101,2023,52,2023,276,DEU,Germany,M,Import,372,IRL,Ireland,0,W00,World,H6,HS,TRUE,2819,Chromium oxides and hydroxides,Chromium,4,FALSE,C00,TOTAL CPC,0,0,TOTAL MOT,8,kg,107,FALSE,8,kg,107,FALSE,107,FALSE,0,FALSE,8619.953,,8619.953,0,FALSE,TRUE,
C,A,20230101,2023,52,2023,276,DEU,Germany,M,Import,380,ITA,Italy,0,W00,World,H6,HS,TRUE,2819,Chromium oxides and hydroxides,Chromium,4,FALSE,C00,TOTAL CPC,0,0,TOTAL MOT,8,kg,669850,FALSE,8,kg,669850,FALSE,669850,FALSE,0,FALSE,1593635.961,,1593635.961,0,FALSE,TRUE,
C,A,20230101,2023,52,2023,276,DEU,Germany,M,Import,398,KAZ,Kazakhstan,0,W00,World,H6,HS,TRUE,2819,Chromium oxides and hydroxides,Chromium,4,FALSE,C00,TOTAL CPC,0,0,TOTAL MOT,8,kg,1778320,FALSE,8,kg,1778320,FALSE,1778320,FALSE,0,FALSE,6955822.648,,6955822.648,0,FALSE,TRUE,
C,A,20230101,2023,52,2023,276,DEU,Germany,M,Import,442,LUX,Luxembourg,0,W00,World,H6,HS,TRUE,2819,Chromium oxides and hydroxides,Chromium,4,FALSE,C00,TOTAL CPC,0,0,TOTAL MOT,8,kg,425,FALSE,8,kg,425,FALSE,425,FALSE,0,FALSE,3871.674,,3871.674,0,FALSE,TRUE,
C,A,20230101,2023,52,2023,276,DEU,Germany,M,Import,528,NLD,Netherlands,0,W00,World,H6,HS,TRUE,2819,Chromium oxides and hydroxides,Chromium,4,FALSE,C00,TOTAL CPC,0,0,TOTAL MOT,8,kg,105903,FALSE,8,kg,105903,FALSE,105903,FALSE,0,FALSE,796184.513,,796184.513,0,FALSE,TRUE,
C,A,20230101,2023,52,2023,276,DEU,Germany,M,Import,643,RUS,Russia,0,W00,World,H6,HS,TRUE,2819,Chromium oxides and hydroxides,Chromium,4,FALSE,C00,TOTAL CPC,0,0,TOTAL MOT,8,kg,219000,FALSE,8,kg,219000,FALSE,219000,FALSE,0,FALSE,779869.185,,779869.185,0,FALSE,TRUE,
C,A,20230101,2023,52,2023,276,DEU,Germany,M,Import,699,IND,India,0,W00,World,H6,HS,TRUE,2819,Chromium oxides and hydroxides,Chromium,4,FALSE,C00,TOTAL CPC,0,0,TOTAL MOT,8,kg,631624.844,TRUE,-1,N/A,0,FALSE,631624.844,TRUE,0,FALSE,2981007.973,,2981007.973,6,FALSE,TRUE,
C,A,20230101,2023,52,2023,276,DEU,Germany,M,Import,703,SVK,Slovakia,0,W00,World,H6,HS,TRUE,2819,Chromium oxides and hydroxides,Chromium,4,FALSE,C00,TOTAL CPC,0,0,TOTAL MOT,8,kg,6000,FALSE,8,kg,6000,FALSE,6000,FALSE,0,FALSE,34304.274,,34304.274,0,FALSE,TRUE,
C,A,20230101,2023,52,2023,276,DEU,Germany,M,Import,710,ZAF,South Africa,0,W00,World,H6,HS,TRUE,2819,Chromium oxides and hydroxides,Chromium,4,FALSE,C00,TOTAL CPC,0,0,TOTAL MOT,8,kg,402928.025,TRUE,-1,N/A,0,FALSE,402928.025,TRUE,0,FALSE,1659263.615,,1659263.615,6,FALSE,TRUE,
C,A,20230101,2023,52,2023,276,DEU,Germany,M,Import,724,ESP,Spain,0,W00,World,H6,HS,TRUE,2819,Chromium oxides and hydroxides,Chromium,4,FALSE,C00,TOTAL CPC,0,0,TOTAL MOT,8,kg,273175,FALSE,8,kg,273175,FALSE,273175,FALSE,0,FALSE,1383296.451,,1383296.451,0,FALSE,TRUE,
C,A,20230101,2023,52,2023,276,DEU,Germany,M,Import,757,CHE,Switzerland,0,W00,World,H6,HS,TRUE,2819,Chromium oxides and hydroxides,Chromium,4,FALSE,C00,TOTAL CPC,0,0,TOTAL MOT,8,kg,2156.05,TRUE,-1,N/A,0,FALSE,2156.05,TRUE,0,FALSE,23431.75,,23431.75,6,FALSE,TRUE,
C,A,20230101,2023,52,2023,276,DEU,Germany,M,Import,792,TUR,Turkey,0,W00,World,H6,HS,TRUE,2819,Chromium oxides and hydroxides,Chromium,4,FALSE,C00,TOTAL CPC,0,0,TOTAL MOT,8,kg,759908.527,TRUE,-1,N/A,0,FALSE,759908.527,TRUE,0,FALSE,2672033.997,,2672033.997,6,FALSE,TRUE,
C,A,20230101,2023,52,2023,276,DEU,Germany,M,Import,826,GBR,United Kingdom,0,W00,World,H6,HS,TRUE,2819,Chromium oxides and hydroxides,Chromium,4,FALSE,C00,TOTAL CPC,0,0,TOTAL MOT,8,kg,578,FALSE,8,kg,578,FALSE,578,FALSE,0,FALSE,6778.428,,6778.428,0,FALSE,TRUE,
C,A,20230101,2023,52,2023,276,DEU,Germany,M,Import,842,USA,USA,0,W00,World,H6,HS,TRUE,2819,Chromium oxides and hydroxides,Chromium,4,FALSE,C00,TOTAL CPC,0,0,TOTAL MOT,8,kg,349170,TRUE,-1,N/A,0,FALSE,349170,TRUE,0,FALSE,2254638.976,,2254638.976,6,FALSE,TRUE,
C,A,20230101,2023,52,2023,276,DEU,Germany,M,Import,0,W00,World,0,W00,World,H6,HS,TRUE,2820,Manganese oxides,Manganese,4,FALSE,C00,TOTAL CPC,0,0,TOTAL MOT,8,kg,14911595.661,TRUE,-1,N/A,0,FALSE,14911595.661,TRUE,0,FALSE,34842127.43,,34842127.43,0,FALSE,TRUE,"World NetWgt = sum of partners, incl. estimated partner weights"
C,A,20230101,2023,52,2023,276,DEU,Germany,M,Import,36,AUS,Australia,0,W00,World,H6,HS,TRUE,2820,Manganese oxides,Manganese,4,FALSE,C00,TOTAL CPC,0,0,TOTAL MOT,8,kg,1224,FALSE,8,kg,1224,FALSE,1224,FALSE,0,FALSE,4668.687,,4668.687,0,FALSE,TRUE,
C,A,20230101,2023,52,2023,276,DEU,Germany,M,Import,40,AUT,Austria,0,W00,World,H6,HS,TRUE,2820,Manganese oxides,Manganese,4,FALSE,C00,TOTAL CPC,0,0,TOTAL MOT,8,kg,25000,FALSE,8,kg,25000,FALSE,25000,FALSE,0,FALSE,64273.495,,64273.495,0,FALSE,TRUE,
C,A,20230101,2023,52,2023,276,DEU,Germany,M,Import,56,BEL,Belgium,0,W00,World,H6,HS,TRUE,2820,Manganese oxides,Manganese,4,FALSE,C00,TOTAL CPC,0,0,TOTAL MOT,8,kg,316939.17,TRUE,-1,N/A,0,FALSE,316939.17,TRUE,0,FALSE,751238.859,,751238.859,6,FALSE,TRUE,
C,A,20230101,2023,52,2023,276,DEU,Germany,M,Import,76,BRA,Brazil,0,W00,World,H6,HS,TRUE,2820,Manganese oxides,Manganese,4,FALSE,C00,TOTAL CPC,0,0,TOTAL MOT,8,kg,218992,FALSE,8,kg,218992,FALSE,218992,FALSE,0,FALSE,232182.686,,232182.686,0,FALSE,TRUE,
C,A,20230101,2023,52,2023,276,DEU,Germany,M,Import,156,CHN,China,0,W00,World,H6,HS,TRUE,2820,Manganese oxides,Manganese,4,FALSE,C00,TOTAL CPC,0,0,TOTAL MOT,8,kg,3356135.732,TRUE,-1,N/A,0,FALSE,3356135.732,TRUE,0,FALSE,8479850.25,,8479850.25,6,FALSE,TRUE,
C,A,20230101,2023,52,2023,276,DEU,Germany,M,Import,203,CZE,Czechia,0,W00,World,H6,HS,TRUE,2820,Manganese oxides,Manganese,4,FALSE,C00,TOTAL CPC,0,0,TOTAL MOT,8,kg,32500,FALSE,8,kg,32500,FALSE,32500,FALSE,0,FALSE,27420.087,,27420.087,0,FALSE,TRUE,
C,A,20230101,2023,52,2023,276,DEU,Germany,M,Import,251,FRA,France,0,W00,World,H6,HS,TRUE,2820,Manganese oxides,Manganese,4,FALSE,C00,TOTAL CPC,0,0,TOTAL MOT,8,kg,1254606,FALSE,8,kg,1254606,FALSE,1254606,FALSE,0,FALSE,1003079.749,,1003079.749,0,FALSE,TRUE,
C,A,20230101,2023,52,2023,276,DEU,Germany,M,Import,268,GEO,Georgia,0,W00,World,H6,HS,TRUE,2820,Manganese oxides,Manganese,4,FALSE,C00,TOTAL CPC,0,0,TOTAL MOT,8,kg,38750,FALSE,8,kg,38750,FALSE,38750,FALSE,0,FALSE,39245.538,,39245.538,0,FALSE,TRUE,
C,A,20230101,2023,52,2023,276,DEU,Germany,M,Import,300,GRC,Greece,0,W00,World,H6,HS,TRUE,2820,Manganese oxides,Manganese,4,FALSE,C00,TOTAL CPC,0,0,TOTAL MOT,8,kg,3863100,FALSE,8,kg,3863100,FALSE,3863100,FALSE,0,FALSE,9759988.559,,9759988.559,0,FALSE,TRUE,
C,A,20230101,2023,52,2023,276,DEU,Germany,M,Import,360,IDN,Indonesia,0,W00,World,H6,HS,TRUE,2820,Manganese oxides,Manganese,4,FALSE,C00,TOTAL CPC,0,0,TOTAL MOT,8,kg,5000,FALSE,8,kg,5000,FALSE,5000,FALSE,0,FALSE,4476.793,,4476.793,0,FALSE,TRUE,
C,A,20230101,2023,52,2023,276,DEU,Germany,M,Import,392,JPN,Japan,0,W00,World,H6,HS,TRUE,2820,Manganese oxides,Manganese,4,FALSE,C00,TOTAL CPC,0,0,TOTAL MOT,8,kg,6.016,TRUE,-1,N/A,0,FALSE,6.016,TRUE,0,FALSE,15.264,,15.264,6,FALSE,TRUE,
C,A,20230101,2023,52,2023,276,DEU,Germany,M,Import,442,LUX,Luxembourg,0,W00,World,H6,HS,TRUE,2820,Manganese oxides,Manganese,4,FALSE,C00,TOTAL CPC,0,0,TOTAL MOT,8,kg,13775,FALSE,8,kg,13775,FALSE,13775,FALSE,0,FALSE,30957.037,,30957.037,0,FALSE,TRUE,
C,A,20230101,2023,52,2023,276,DEU,Germany,M,Import,484,MEX,Mexico,0,W00,World,H6,HS,TRUE,2820,Manganese oxides,Manganese,4,FALSE,C00,TOTAL CPC,0,0,TOTAL MOT,8,kg,3436.743,TRUE,-1,N/A,0,FALSE,3436.743,TRUE,0,FALSE,3715.76,,3715.76,6,FALSE,TRUE,
C,A,20230101,2023,52,2023,276,DEU,Germany,M,Import,528,NLD,Netherlands,0,W00,World,H6,HS,TRUE,2820,Manganese oxides,Manganese,4,FALSE,C00,TOTAL CPC,0,0,TOTAL MOT,8,kg,216685.031,TRUE,-1,N/A,0,FALSE,216685.031,TRUE,0,FALSE,506301.783,,506301.783,0,FALSE,TRUE,NetWgt estimated from value at 2.3366 USD/kg (avg of other partners)
C,A,20230101,2023,52,2023,276,DEU,Germany,M,Import,579,NOR,Norway,0,W00,World,H6,HS,TRUE,2820,Manganese oxides,Manganese,4,FALSE,C00,TOTAL CPC,0,0,TOTAL MOT,8,kg,216014,FALSE,8,kg,216014,FALSE,216014,FALSE,0,FALSE,193383.083,,193383.083,0,FALSE,TRUE,
C,A,20230101,2023,52,2023,276,DEU,Germany,M,Import,616,POL,Poland,0,W00,World,H6,HS,TRUE,2820,Manganese oxides,Manganese,4,FALSE,C00,TOTAL CPC,0,0,TOTAL MOT,8,kg,38000,FALSE,8,kg,38000,FALSE,38000,FALSE,0,FALSE,79810.345,,79810.345,0,FALSE,TRUE,
C,A,20230101,2023,52,2023,276,DEU,Germany,M,Import,699,IND,India,0,W00,World,H6,HS,TRUE,2820,Manganese oxides,Manganese,4,FALSE,C00,TOTAL CPC,0,0,TOTAL MOT,8,kg,660380.101,TRUE,-1,N/A,0,FALSE,660380.101,TRUE,0,FALSE,557741.295,,557741.295,6,FALSE,TRUE,
C,A,20230101,2023,52,2023,276,DEU,Germany,M,Import,710,ZAF,South Africa,0,W00,World,H6,HS,TRUE,2820,Manganese oxides,Manganese,4,FALSE,C00,TOTAL CPC,0,0,TOTAL MOT,8,kg,3000,FALSE,8,kg,3000,FALSE,3000,FALSE,0,FALSE,6160.225,,6160.225,0,FALSE,TRUE,
C,A,20230101,2023,52,2023,276,DEU,Germany,M,Import,724,ESP,Spain,0,W00,World,H6,HS,TRUE,2820,Manganese oxides,Manganese,4,FALSE,C00,TOTAL CPC,0,0,TOTAL MOT,8,kg,4352200,FALSE,8,kg,4352200,FALSE,4352200,FALSE,0,FALSE,11956180.63,,11956180.63,0,FALSE,TRUE,
C,A,20230101,2023,52,2023,276,DEU,Germany,M,Import,804,UKR,Ukraine,0,W00,World,H6,HS,TRUE,2820,Manganese oxides,Manganese,4,FALSE,C00,TOTAL CPC,0,0,TOTAL MOT,8,kg,60000,FALSE,8,kg,60000,FALSE,60000,FALSE,0,FALSE,74413.334,,74413.334,0,FALSE,TRUE,
C,A,20230101,2023,52,2023,276,DEU,Germany,M,Import,826,GBR,United Kingdom,0,W00,World,H6,HS,TRUE,2820,Manganese oxides,Manganese,4,FALSE,C00,TOTAL CPC,0,0,TOTAL MOT,8,kg,38831.943,TRUE,-1,N/A,0,FALSE,38831.943,TRUE,0,FALSE,296952.27,,296952.27,6,FALSE,TRUE,
C,A,20230101,2023,52,2023,276,DEU,Germany,M,Import,842,USA,USA,0,W00,World,H6,HS,TRUE,2820,Manganese oxides,Manganese,4,FALSE,C00,TOTAL CPC,0,0,TOTAL MOT,8,kg,197019.925,TRUE,-1,N/A,0,FALSE,197019.925,TRUE,0,FALSE,770071.702,,770071.702,6,FALSE,TRUE,
C,A,20230101,2023,52,2023,276,DEU,Germany,M,Import,0,W00,World,0,W00,World,H6,HS,TRUE,2822,Cobalt oxides and hydroxides,Cobalt,4,FALSE,C00,TOTAL CPC,0,0,TOTAL MOT,8,kg,1138911.885,TRUE,-1,N/A,0,FALSE,1138911.885,TRUE,0,FALSE,28503865.68,,28503865.68,6,FALSE,TRUE,
C,A,20230101,2023,52,2023,276,DEU,Germany,M,Import,56,BEL,Belgium,0,W00,World,H6,HS,TRUE,2822,Cobalt oxides and hydroxides,Cobalt,4,FALSE,C00,TOTAL CPC,0,0,TOTAL MOT,8,kg,73894.446,TRUE,-1,N/A,0,FALSE,73894.446,TRUE,0,FALSE,2225352.287,,2225352.287,6,FALSE,TRUE,
C,A,20230101,2023,52,2023,276,DEU,Germany,M,Import,156,CHN,China,0,W00,World,H6,HS,TRUE,2822,Cobalt oxides and hydroxides,Cobalt,4,FALSE,C00,TOTAL CPC,0,0,TOTAL MOT,8,kg,8161.829,TRUE,-1,N/A,0,FALSE,8161.829,TRUE,0,FALSE,255848.852,,255848.852,6,FALSE,TRUE,
C,A,20230101,2023,52,2023,276,DEU,Germany,M,Import,208,DNK,Denmark,0,W00,World,H6,HS,TRUE,2822,Cobalt oxides and hydroxides,Cobalt,4,FALSE,C00,TOTAL CPC,0,0,TOTAL MOT,8,kg,24005,FALSE,8,kg,24005,FALSE,24005,FALSE,0,FALSE,76229.783,,76229.783,0,FALSE,TRUE,
C,A,20230101,2023,52,2023,276,DEU,Germany,M,Import,246,FIN,Finland,0,W00,World,H6,HS,TRUE,2822,Cobalt oxides and hydroxides,Cobalt,4,FALSE,C00,TOTAL CPC,0,0,TOTAL MOT,8,kg,946145.483,TRUE,-1,N/A,0,FALSE,946145.483,TRUE,0,FALSE,23565382.52,,23565382.52,6,FALSE,TRUE,
C,A,20230101,2023,52,2023,276,DEU,Germany,M,Import,251,FRA,France,0,W00,World,H6,HS,TRUE,2822,Cobalt oxides and hydroxides,Cobalt,4,FALSE,C00,TOTAL CPC,0,0,TOTAL MOT,8,kg,8241,FALSE,8,kg,8241,FALSE,8241,FALSE,0,FALSE,206651.007,,206651.007,0,FALSE,TRUE,
C,A,20230101,2023,52,2023,276,DEU,Germany,M,Import,380,ITA,Italy,0,W00,World,H6,HS,TRUE,2822,Cobalt oxides and hydroxides,Cobalt,4,FALSE,C00,TOTAL CPC,0,0,TOTAL MOT,8,kg,50824,FALSE,8,kg,50824,FALSE,50824,FALSE,0,FALSE,1416344.693,,1416344.693,0,FALSE,TRUE,
C,A,20230101,2023,52,2023,276,DEU,Germany,M,Import,392,JPN,Japan,0,W00,World,H6,HS,TRUE,2822,Cobalt oxides and hydroxides,Cobalt,4,FALSE,C00,TOTAL CPC,0,0,TOTAL MOT,8,kg,96,FALSE,8,kg,96,FALSE,96,FALSE,0,FALSE,24460.999,,24460.999,0,FALSE,TRUE,
C,A,20230101,2023,52,2023,276,DEU,Germany,M,Import,410,KOR,South Korea,0,W00,World,H6,HS,TRUE,2822,Cobalt oxides and hydroxides,Cobalt,4,FALSE,C00,TOTAL CPC,0,0,TOTAL MOT,8,kg,150,FALSE,8,kg,150,FALSE,150,FALSE,0,FALSE,9596.867,,9596.867,0,FALSE,TRUE,
C,A,20230101,2023,52,2023,276,DEU,Germany,M,Import,579,NOR,Norway,0,W00,World,H6,HS,TRUE,2822,Cobalt oxides and hydroxides,Cobalt,4,FALSE,C00,TOTAL CPC,0,0,TOTAL MOT,8,kg,19,FALSE,8,kg,19,FALSE,19,FALSE,0,FALSE,5726.283,,5726.283,0,FALSE,TRUE,
C,A,20230101,2023,52,2023,276,DEU,Germany,M,Import,642,ROU,Romania,0,W00,World,H6,HS,TRUE,2822,Cobalt oxides and hydroxides,Cobalt,4,FALSE,C00,TOTAL CPC,0,0,TOTAL MOT,8,kg,688,FALSE,8,kg,688,FALSE,688,FALSE,0,FALSE,29125.324,,29125.324,0,FALSE,TRUE,
C,A,20230101,2023,52,2023,276,DEU,Germany,M,Import,699,IND,India,0,W00,World,H6,HS,TRUE,2822,Cobalt oxides and hydroxides,Cobalt,4,FALSE,C00,TOTAL CPC,0,0,TOTAL MOT,8,kg,16,FALSE,8,kg,16,FALSE,16,FALSE,0,FALSE,4171.508,,4171.508,0,FALSE,TRUE,
C,A,20230101,2023,52,2023,276,DEU,Germany,M,Import,724,ESP,Spain,0,W00,World,H6,HS,TRUE,2822,Cobalt oxides and hydroxides,Cobalt,4,FALSE,C00,TOTAL CPC,0,0,TOTAL MOT,8,kg,26298,FALSE,8,kg,26298,FALSE,26298,FALSE,0,FALSE,632659.44,,632659.44,0,FALSE,TRUE,
C,A,20230101,2023,52,2023,276,DEU,Germany,M,Import,826,GBR,United Kingdom,0,W00,World,H6,HS,TRUE,2822,Cobalt oxides and hydroxides,Cobalt,4,FALSE,C00,TOTAL CPC,0,0,TOTAL MOT,8,kg,241.79,TRUE,-1,N/A,0,FALSE,241.79,TRUE,0,FALSE,29470.951,,29470.951,6,FALSE,TRUE,
C,A,20230101,2023,52,2023,276,DEU,Germany,M,Import,842,USA,USA,0,W00,World,H6,HS,TRUE,2822,Cobalt oxides and hydroxides,Cobalt,4,FALSE,C00,TOTAL CPC,0,0,TOTAL MOT,8,kg,131.337,TRUE,-1,N/A,0,FALSE,131.337,TRUE,0,FALSE,22845.166,,22845.166,6,FALSE,TRUE,
C,A,20230101,2023,52,2023,276,DEU,Germany,M,Import,0,W00,World,0,W00,World,H6,HS,TRUE,2504,Graphite,Graphite,4,FALSE,C00,TOTAL CPC,0,0,TOTAL MOT,8,kg,44133710.6,TRUE,-1,N/A,0,FALSE,44133710.6,TRUE,0,FALSE,56862381.67,,56862381.67,6,FALSE,TRUE,
C,A,20230101,2023,52,2023,276,DEU,Germany,M,Import,36,AUS,Australia,0,W00,World,H6,HS,TRUE,2504,Graphite,Graphite,4,FALSE,C00,TOTAL CPC,0,0,TOTAL MOT,8,kg,681.823,TRUE,-1,N/A,0,FALSE,681.823,TRUE,0,FALSE,4010.143,,4010.143,6,FALSE,TRUE,
C,A,20230101,2023,52,2023,276,DEU,Germany,M,Import,40,AUT,Austria,0,W00,World,H6,HS,TRUE,2504,Graphite,Graphite,4,FALSE,C00,TOTAL CPC,0,0,TOTAL MOT,8,kg,1396230,FALSE,8,kg,1396230,FALSE,1396230,FALSE,0,FALSE,2477804.837,,2477804.837,0,FALSE,TRUE,
C,A,20230101,2023,52,2023,276,DEU,Germany,M,Import,56,BEL,Belgium,0,W00,World,H6,HS,TRUE,2504,Graphite,Graphite,4,FALSE,C00,TOTAL CPC,0,0,TOTAL MOT,8,kg,143640,FALSE,8,kg,143640,FALSE,143640,FALSE,0,FALSE,201053.38,,201053.38,0,FALSE,TRUE,
C,A,20230101,2023,52,2023,276,DEU,Germany,M,Import,76,BRA,Brazil,0,W00,World,H6,HS,TRUE,2504,Graphite,Graphite,4,FALSE,C00,TOTAL CPC,0,0,TOTAL MOT,8,kg,4280560,FALSE,8,kg,4280560,FALSE,4280560,FALSE,0,FALSE,9978503.178,,9978503.178,0,FALSE,TRUE,
C,A,20230101,2023,52,2023,276,DEU,Germany,M,Import,124,CAN,Canada,0,W00,World,H6,HS,TRUE,2504,Graphite,Graphite,4,FALSE,C00,TOTAL CPC,0,0,TOTAL MOT,8,kg,49105,FALSE,8,kg,49105,FALSE,49105,FALSE,0,FALSE,90258.74,,90258.74,0,FALSE,TRUE,
C,A,20230101,2023,52,2023,276,DEU,Germany,M,Import,144,LKA,Sri Lanka,0,W00,World,H6,HS,TRUE,2504,Graphite,Graphite,4,FALSE,C00,TOTAL CPC,0,0,TOTAL MOT,8,kg,285169.401,TRUE,-1,N/A,0,FALSE,285169.401,TRUE,0,FALSE,447098.207,,447098.207,6,FALSE,TRUE,
C,A,20230101,2023,52,2023,276,DEU,Germany,M,Import,156,CHN,China,0,W00,World,H6,HS,TRUE,2504,Graphite,Graphite,4,FALSE,C00,TOTAL CPC,0,0,TOTAL MOT,8,kg,10615645.73,TRUE,-1,N/A,0,FALSE,10615645.73,TRUE,0,FALSE,15590460.27,,15590460.27,6,FALSE,TRUE,
C,A,20230101,2023,52,2023,276,DEU,Germany,M,Import,203,CZE,Czechia,0,W00,World,H6,HS,TRUE,2504,Graphite,Graphite,4,FALSE,C00,TOTAL CPC,0,0,TOTAL MOT,8,kg,949383,FALSE,8,kg,949383,FALSE,949383,FALSE,0,FALSE,1105074.535,,1105074.535,0,FALSE,TRUE,
C,A,20230101,2023,52,2023,276,DEU,Germany,M,Import,246,FIN,Finland,0,W00,World,H6,HS,TRUE,2504,Graphite,Graphite,4,FALSE,C00,TOTAL CPC,0,0,TOTAL MOT,8,kg,36129,FALSE,8,kg,36129,FALSE,36129,FALSE,0,FALSE,60918.626,,60918.626,0,FALSE,TRUE,
C,A,20230101,2023,52,2023,276,DEU,Germany,M,Import,251,FRA,France,0,W00,World,H6,HS,TRUE,2504,Graphite,Graphite,4,FALSE,C00,TOTAL CPC,0,0,TOTAL MOT,8,kg,325475,FALSE,8,kg,325475,FALSE,325475,FALSE,0,FALSE,490895.769,,490895.769,0,FALSE,TRUE,
C,A,20230101,2023,52,2023,276,DEU,Germany,M,Import,380,ITA,Italy,0,W00,World,H6,HS,TRUE,2504,Graphite,Graphite,4,FALSE,C00,TOTAL CPC,0,0,TOTAL MOT,8,kg,282838,FALSE,8,kg,282838,FALSE,282838,FALSE,0,FALSE,550536.557,,550536.557,0,FALSE,TRUE,
C,A,20230101,2023,52,2023,276,DEU,Germany,M,Import,392,JPN,Japan,0,W00,World,H6,HS,TRUE,2504,Graphite,Graphite,4,FALSE,C00,TOTAL CPC,0,0,TOTAL MOT,8,kg,81874.782,TRUE,-1,N/A,0,FALSE,81874.782,TRUE,0,FALSE,1616424.431,,1616424.431,6,FALSE,TRUE,
C,A,20230101,2023,52,2023,276,DEU,Germany,M,Import,398,KAZ,Kazakhstan,0,W00,World,H6,HS,TRUE,2504,Graphite,Graphite,4,FALSE,C00,TOTAL CPC,0,0,TOTAL MOT,8,kg,2090,FALSE,8,kg,2090,FALSE,2090,FALSE,0,FALSE,3555.485,,3555.485,0,FALSE,TRUE,
C,A,20230101,2023,52,2023,276,DEU,Germany,M,Import,410,KOR,South Korea,0,W00,World,H6,HS,TRUE,2504,Graphite,Graphite,4,FALSE,C00,TOTAL CPC,0,0,TOTAL MOT,8,kg,584,FALSE,8,kg,584,FALSE,584,FALSE,0,FALSE,3772.456,,3772.456,0,FALSE,TRUE,
C,A,20230101,2023,52,2023,276,DEU,Germany,M,Import,450,MDG,Madagascar,0,W00,World,H6,HS,TRUE,2504,Graphite,Graphite,4,FALSE,C00,TOTAL CPC,0,0,TOTAL MOT,8,kg,8940191,FALSE,8,kg,8940191,FALSE,8940191,FALSE,0,FALSE,6558339.872,,6558339.872,0,FALSE,TRUE,
C,A,20230101,2023,52,2023,276,DEU,Germany,M,Import,484,MEX,Mexico,0,W00,World,H6,HS,TRUE,2504,Graphite,Graphite,4,FALSE,C00,TOTAL CPC,0,0,TOTAL MOT,8,kg,21717,FALSE,8,kg,21717,FALSE,21717,FALSE,0,FALSE,70209.117,,70209.117,0,FALSE,TRUE,
C,A,20230101,2023,52,2023,276,DEU,Germany,M,Import,490,S19,"Other Asia, nes",0,W00,World,H6,HS,TRUE,2504,Graphite,Graphite,4,FALSE,C00,TOTAL CPC,0,0,TOTAL MOT,8,kg,939.783,TRUE,-1,N/A,0,FALSE,939.783,TRUE,0,FALSE,1486.086,,1486.086,6,FALSE,TRUE,
C,A,20230101,2023,52,2023,276,DEU,Germany,M,Import,508,MOZ,Mozambique,0,W00,World,H6,HS,TRUE,2504,Graphite,Graphite,4,FALSE,C00,TOTAL CPC,0,0,TOTAL MOT,8,kg,12207508,FALSE,8,kg,12207508,FALSE,12207508,FALSE,0,FALSE,10369761.4,,10369761.4,0,FALSE,TRUE,
C,A,20230101,2023,52,2023,276,DEU,Germany,M,Import,528,NLD,Netherlands,0,W00,World,H6,HS,TRUE,2504,Graphite,Graphite,4,FALSE,C00,TOTAL CPC,0,0,TOTAL MOT,8,kg,586592,FALSE,8,kg,586592,FALSE,586592,FALSE,0,FALSE,905948.815,,905948.815,0,FALSE,TRUE,
C,A,20230101,2023,52,2023,276,DEU,Germany,M,Import,579,NOR,Norway,0,W00,World,H6,HS,TRUE,2504,Graphite,Graphite,4,FALSE,C00,TOTAL CPC,0,0,TOTAL MOT,8,kg,3147740,FALSE,8,kg,3147740,FALSE,3147740,FALSE,0,FALSE,3640977.379,,3640977.379,0,FALSE,TRUE,
C,A,20230101,2023,52,2023,276,DEU,Germany,M,Import,616,POL,Poland,0,W00,World,H6,HS,TRUE,2504,Graphite,Graphite,4,FALSE,C00,TOTAL CPC,0,0,TOTAL MOT,8,kg,1913,FALSE,8,kg,1913,FALSE,1913,FALSE,0,FALSE,8626.495,,8626.495,0,FALSE,TRUE,
C,A,20230101,2023,52,2023,276,DEU,Germany,M,Import,699,IND,India,0,W00,World,H6,HS,TRUE,2504,Graphite,Graphite,4,FALSE,C00,TOTAL CPC,0,0,TOTAL MOT,8,kg,3372.897,TRUE,-1,N/A,0,FALSE,3372.897,TRUE,0,FALSE,7208.008,,7208.008,6,FALSE,TRUE,
C,A,20230101,2023,52,2023,276,DEU,Germany,M,Import,705,SVN,Slovenia,0,W00,World,H6,HS,TRUE,2504,Graphite,Graphite,4,FALSE,C00,TOTAL CPC,0,0,TOTAL MOT,8,kg,98318,FALSE,8,kg,98318,FALSE,98318,FALSE,0,FALSE,117779.135,,117779.135,0,FALSE,TRUE,
C,A,20230101,2023,52,2023,276,DEU,Germany,M,Import,710,ZAF,South Africa,0,W00,World,H6,HS,TRUE,2504,Graphite,Graphite,4,FALSE,C00,TOTAL CPC,0,0,TOTAL MOT,8,kg,1987,FALSE,8,kg,1987,FALSE,1987,FALSE,0,FALSE,4463.71,,4463.71,0,FALSE,TRUE,
C,A,20230101,2023,52,2023,276,DEU,Germany,M,Import,724,ESP,Spain,0,W00,World,H6,HS,TRUE,2504,Graphite,Graphite,4,FALSE,C00,TOTAL CPC,0,0,TOTAL MOT,8,kg,3347,FALSE,8,kg,3347,FALSE,3347,FALSE,0,FALSE,10087.504,,10087.504,0,FALSE,TRUE,
C,A,20230101,2023,52,2023,276,DEU,Germany,M,Import,757,CHE,Switzerland,0,W00,World,H6,HS,TRUE,2504,Graphite,Graphite,4,FALSE,C00,TOTAL CPC,0,0,TOTAL MOT,8,kg,1171,FALSE,8,kg,1171,FALSE,1171,FALSE,0,FALSE,1427.21,,1427.21,0,FALSE,TRUE,
C,A,20230101,2023,52,2023,276,DEU,Germany,M,Import,792,TUR,Turkey,0,W00,World,H6,HS,TRUE,2504,Graphite,Graphite,4,FALSE,C00,TOTAL CPC,0,0,TOTAL MOT,8,kg,241616.77,TRUE,-1,N/A,0,FALSE,241616.77,TRUE,0,FALSE,126620.421,,126620.421,6,FALSE,TRUE,
C,A,20230101,2023,52,2023,276,DEU,Germany,M,Import,804,UKR,Ukraine,0,W00,World,H6,HS,TRUE,2504,Graphite,Graphite,4,FALSE,C00,TOTAL CPC,0,0,TOTAL MOT,8,kg,20430,FALSE,8,kg,20430,FALSE,20430,FALSE,0,FALSE,16751.45,,16751.45,0,FALSE,TRUE,
C,A,20230101,2023,52,2023,276,DEU,Germany,M,Import,826,GBR,United Kingdom,0,W00,World,H6,HS,TRUE,2504,Graphite,Graphite,4,FALSE,C00,TOTAL CPC,0,0,TOTAL MOT,8,kg,85935.647,TRUE,-1,N/A,0,FALSE,85935.647,TRUE,0,FALSE,126090.532,,126090.532,6,FALSE,TRUE,
C,A,20230101,2023,52,2023,276,DEU,Germany,M,Import,842,USA,USA,0,W00,World,H6,HS,TRUE,2504,Graphite,Graphite,4,FALSE,C00,TOTAL CPC,0,0,TOTAL MOT,8,kg,321525.765,TRUE,-1,N/A,0,FALSE,321525.765,TRUE,0,FALSE,2276237.923,,2276237.923,6,FALSE,TRUE,
C,A,20230101,2023,52,2023,276,DEU,Germany,M,Import,0,W00,World,0,W00,World,H6,HS,TRUE,2519,"Natural magnesium carbonate (magnesite); fused magnesia; dead-burned (sintered) magnesia, whether or not containing small quantities of other oxides added before sintering; magnesium oxide, pure or not",Magnesium,4,FALSE,C00,TOTAL CPC,0,0,TOTAL MOT,8,kg,374982349.6,TRUE,-1,N/A,0,FALSE,374982349.6,TRUE,0,FALSE,200300966,,200300966,6,FALSE,TRUE,
C,A,20230101,2023,52,2023,276,DEU,Germany,M,Import,36,AUS,Australia,0,W00,World,H6,HS,TRUE,2519,"Natural magnesium carbonate (magnesite); fused magnesia; dead-burned (sintered) magnesia, whether or not containing small quantities of other oxides added before sintering; magnesium oxide, pure or not",Magnesium,4,FALSE,C00,TOTAL CPC,0,0,TOTAL MOT,8,kg,40000,FALSE,8,kg,40000,FALSE,40000,FALSE,0,FALSE,23489.537,,23489.537,0,FALSE,TRUE,
C,A,20230101,2023,52,2023,276,DEU,Germany,M,Import,40,AUT,Austria,0,W00,World,H6,HS,TRUE,2519,"Natural magnesium carbonate (magnesite); fused magnesia; dead-burned (sintered) magnesia, whether or not containing small quantities of other oxides added before sintering; magnesium oxide, pure or not",Magnesium,4,FALSE,C00,TOTAL CPC,0,0,TOTAL MOT,8,kg,23255702,FALSE,8,kg,23255702,FALSE,23255702,FALSE,0,FALSE,11633047.95,,11633047.95,0,FALSE,TRUE,
C,A,20230101,2023,52,2023,276,DEU,Germany,M,Import,56,BEL,Belgium,0,W00,World,H6,HS,TRUE,2519,"Natural magnesium carbonate (magnesite); fused magnesia; dead-burned (sintered) magnesia, whether or not containing small quantities of other oxides added before sintering; magnesium oxide, pure or not",Magnesium,4,FALSE,C00,TOTAL CPC,0,0,TOTAL MOT,8,kg,517954,FALSE,8,kg,517954,FALSE,517954,FALSE,0,FALSE,323328.935,,323328.935,0,FALSE,TRUE,
C,A,20230101,2023,52,2023,276,DEU,Germany,M,Import,76,BRA,Brazil,0,W00,World,H6,HS,TRUE,2519,"Natural magnesium carbonate (magnesite); fused magnesia; dead-burned (sintered) magnesia, whether or not containing small quantities of other oxides added before sintering; magnesium oxide, pure or not",Magnesium,4,FALSE,C00,TOTAL CPC,0,0,TOTAL MOT,8,kg,28948544.81,TRUE,-1,N/A,0,FALSE,28948544.81,TRUE,0,FALSE,13796716.22,,13796716.22,6,FALSE,TRUE,
C,A,20230101,2023,52,2023,276,DEU,Germany,M,Import,156,CHN,China,0,W00,World,H6,HS,TRUE,2519,"Natural magnesium carbonate (magnesite); fused magnesia; dead-burned (sintered) magnesia, whether or not containing small quantities of other oxides added before sintering; magnesium oxide, pure or not",Magnesium,4,FALSE,C00,TOTAL CPC,0,0,TOTAL MOT,8,kg,169997417.3,TRUE,-1,N/A,0,FALSE,169997417.3,TRUE,0,FALSE,72512058.59,,72512058.59,6,FALSE,TRUE,
C,A,20230101,2023,52,2023,276,DEU,Germany,M,Import,203,CZE,Czechia,0,W00,World,H6,HS,TRUE,2519,"Natural magnesium carbonate (magnesite); fused magnesia; dead-burned (sintered) magnesia, whether or not containing small quantities of other oxides added before sintering; magnesium oxide, pure or not",Magnesium,4,FALSE,C00,TOTAL CPC,0,0,TOTAL MOT,8,kg,62658,FALSE,8,kg,62658,FALSE,62658,FALSE,0,FALSE,35405.483,,35405.483,0,FALSE,TRUE,
C,A,20230101,2023,52,2023,276,DEU,Germany,M,Import,208,DNK,Denmark,0,W00,World,H6,HS,TRUE,2519,"Natural magnesium carbonate (magnesite); fused magnesia; dead-burned (sintered) magnesia, whether or not containing small quantities of other oxides added before sintering; magnesium oxide, pure or not",Magnesium,4,FALSE,C00,TOTAL CPC,0,0,TOTAL MOT,8,kg,208805,FALSE,8,kg,208805,FALSE,208805,FALSE,0,FALSE,116007.389,,116007.389,0,FALSE,TRUE,
C,A,20230101,2023,52,2023,276,DEU,Germany,M,Import,251,FRA,France,0,W00,World,H6,HS,TRUE,2519,"Natural magnesium carbonate (magnesite); fused magnesia; dead-burned (sintered) magnesia, whether or not containing small quantities of other oxides added before sintering; magnesium oxide, pure or not",Magnesium,4,FALSE,C00,TOTAL CPC,0,0,TOTAL MOT,8,kg,3872795.696,TRUE,-1,N/A,0,FALSE,3872795.696,TRUE,0,FALSE,2415140.633,,2415140.633,6,FALSE,TRUE,
C,A,20230101,2023,52,2023,276,DEU,Germany,M,Import,300,GRC,Greece,0,W00,World,H6,HS,TRUE,2519,"Natural magnesium carbonate (magnesite); fused magnesia; dead-burned (sintered) magnesia, whether or not containing small quantities of other oxides added before sintering; magnesium oxide, pure or not",Magnesium,4,FALSE,C00,TOTAL CPC,0,0,TOTAL MOT,8,kg,462150,FALSE,8,kg,462150,FALSE,462150,FALSE,0,FALSE,332090.628,,332090.628,0,FALSE,TRUE,
C,A,20230101,2023,52,2023,276,DEU,Germany,M,Import,344,HKG,Hong Kong,0,W00,World,H6,HS,TRUE,2519,"Natural magnesium carbonate (magnesite); fused magnesia; dead-burned (sintered) magnesia, whether or not containing small quantities of other oxides added before sintering; magnesium oxide, pure or not",Magnesium,4,FALSE,C00,TOTAL CPC,0,0,TOTAL MOT,8,kg,4000,FALSE,8,kg,4000,FALSE,4000,FALSE,0,FALSE,9348.277,,9348.277,0,FALSE,TRUE,
C,A,20230101,2023,52,2023,276,DEU,Germany,M,Import,352,ISL,Iceland,0,W00,World,H6,HS,TRUE,2519,"Natural magnesium carbonate (magnesite); fused magnesia; dead-burned (sintered) magnesia, whether or not containing small quantities of other oxides added before sintering; magnesium oxide, pure or not",Magnesium,4,FALSE,C00,TOTAL CPC,0,0,TOTAL MOT,8,kg,2530,FALSE,8,kg,2530,FALSE,2530,FALSE,0,FALSE,1462.099,,1462.099,0,FALSE,TRUE,
C,A,20230101,2023,52,2023,276,DEU,Germany,M,Import,372,IRL,Ireland,0,W00,World,H6,HS,TRUE,2519,"Natural magnesium carbonate (magnesite); fused magnesia; dead-burned (sintered) magnesia, whether or not containing small quantities of other oxides added before sintering; magnesium oxide, pure or not",Magnesium,4,FALSE,C00,TOTAL CPC,0,0,TOTAL MOT,8,kg,8064,FALSE,8,kg,8064,FALSE,8064,FALSE,0,FALSE,4748.279,,4748.279,0,FALSE,TRUE,
C,A,20230101,2023,52,2023,276,DEU,Germany,M,Import,376,ISR,Israel,0,W00,World,H6,HS,TRUE,2519,"Natural magnesium carbonate (magnesite); fused magnesia; dead-burned (sintered) magnesia, whether or not containing small quantities of other oxides added before sintering; magnesium oxide, pure or not",Magnesium,4,FALSE,C00,TOTAL CPC,0,0,TOTAL MOT,8,kg,2747454.084,TRUE,-1,N/A,0,FALSE,2747454.084,TRUE,0,FALSE,10003970.53,,10003970.53,6,FALSE,TRUE,
C,A,20230101,2023,52,2023,276,DEU,Germany,M,Import,380,ITA,Italy,0,W00,World,H6,HS,TRUE,2519,"Natural magnesium carbonate (magnesite); fused magnesia; dead-burned (sintered) magnesia, whether or not containing small quantities of other oxides added before sintering; magnesium oxide, pure or not",Magnesium,4,FALSE,C00,TOTAL CPC,0,0,TOTAL MOT,8,kg,326634,FALSE,8,kg,326634,FALSE,326634,FALSE,0,FALSE,159800.59,,159800.59,0,FALSE,TRUE,
C,A,20230101,2023,52,2023,276,DEU,Germany,M,Import,392,JPN,Japan,0,W00,World,H6,HS,TRUE,2519,"Natural magnesium carbonate (magnesite); fused magnesia; dead-burned (sintered) magnesia, whether or not containing small quantities of other oxides added before sintering; magnesium oxide, pure or not",Magnesium,4,FALSE,C00,TOTAL CPC,0,0,TOTAL MOT,8,kg,3312740.291,TRUE,-1,N/A,0,FALSE,3312740.291,TRUE,0,FALSE,5282883.334,,5282883.334,6,FALSE,TRUE,
C,A,20230101,2023,52,2023,276,DEU,Germany,M,Import,410,KOR,South Korea,0,W00,World,H6,HS,TRUE,2519,"Natural magnesium carbonate (magnesite); fused magnesia; dead-burned (sintered) magnesia, whether or not containing small quantities of other oxides added before sintering; magnesium oxide, pure or not",Magnesium,4,FALSE,C00,TOTAL CPC,0,0,TOTAL MOT,8,kg,61258,FALSE,8,kg,61258,FALSE,61258,FALSE,0,FALSE,92919.085,,92919.085,0,FALSE,TRUE,
C,A,20230101,2023,52,2023,276,DEU,Germany,M,Import,442,LUX,Luxembourg,0,W00,World,H6,HS,TRUE,2519,"Natural magnesium carbonate (magnesite); fused magnesia; dead-burned (sintered) magnesia, whether or not containing small quantities of other oxides added before sintering; magnesium oxide, pure or not",Magnesium,4,FALSE,C00,TOTAL CPC,0,0,TOTAL MOT,8,kg,2000,FALSE,8,kg,2000,FALSE,2000,FALSE,0,FALSE,1525.337,,1525.337,0,FALSE,TRUE,
C,A,20230101,2023,52,2023,276,DEU,Germany,M,Import,484,MEX,Mexico,0,W00,World,H6,HS,TRUE,2519,"Natural magnesium carbonate (magnesite); fused magnesia; dead-burned (sintered) magnesia, whether or not containing small quantities of other oxides added before sintering; magnesium oxide, pure or not",Magnesium,4,FALSE,C00,TOTAL CPC,0,0,TOTAL MOT,8,kg,446652.699,TRUE,-1,N/A,0,FALSE,446652.699,TRUE,0,FALSE,341074.743,,341074.743,6,FALSE,TRUE,
C,A,20230101,2023,52,2023,276,DEU,Germany,M,Import,490,S19,"Other Asia, nes",0,W00,World,H6,HS,TRUE,2519,"Natural magnesium carbonate (magnesite); fused magnesia; dead-burned (sintered) magnesia, whether or not containing small quantities of other oxides added before sintering; magnesium oxide, pure or not",Magnesium,4,FALSE,C00,TOTAL CPC,0,0,TOTAL MOT,8,kg,3400,FALSE,8,kg,3400,FALSE,3400,FALSE,0,FALSE,51350.107,,51350.107,0,FALSE,TRUE,
C,A,20230101,2023,52,2023,276,DEU,Germany,M,Import,528,NLD,Netherlands,0,W00,World,H6,HS,TRUE,2519,"Natural magnesium carbonate (magnesite); fused magnesia; dead-burned (sintered) magnesia, whether or not containing small quantities of other oxides added before sintering; magnesium oxide, pure or not",Magnesium,4,FALSE,C00,TOTAL CPC,0,0,TOTAL MOT,8,kg,42373029.93,TRUE,-1,N/A,0,FALSE,42373029.93,TRUE,0,FALSE,33616369.19,,33616369.19,6,FALSE,TRUE,
C,A,20230101,2023,52,2023,276,DEU,Germany,M,Import,616,POL,Poland,0,W00,World,H6,HS,TRUE,2519,"Natural magnesium carbonate (magnesite); fused magnesia; dead-burned (sintered) magnesia, whether or not containing small quantities of other oxides added before sintering; magnesium oxide, pure or not",Magnesium,4,FALSE,C00,TOTAL CPC,0,0,TOTAL MOT,8,kg,103228,FALSE,8,kg,103228,FALSE,103228,FALSE,0,FALSE,59561.196,,59561.196,0,FALSE,TRUE,
C,A,20230101,2023,52,2023,276,DEU,Germany,M,Import,620,PRT,Portugal,0,W00,World,H6,HS,TRUE,2519,"Natural magnesium carbonate (magnesite); fused magnesia; dead-burned (sintered) magnesia, whether or not containing small quantities of other oxides added before sintering; magnesium oxide, pure or not",Magnesium,4,FALSE,C00,TOTAL CPC,0,0,TOTAL MOT,8,kg,563,FALSE,8,kg,563,FALSE,563,FALSE,0,FALSE,282.389,,282.389,0,FALSE,TRUE,
C,A,20230101,2023,52,2023,276,DEU,Germany,M,Import,643,RUS,Russia,0,W00,World,H6,HS,TRUE,2519,"Natural magnesium carbonate (magnesite); fused magnesia; dead-burned (sintered) magnesia, whether or not containing small quantities of other oxides added before sintering; magnesium oxide, pure or not",Magnesium,4,FALSE,C00,TOTAL CPC,0,0,TOTAL MOT,8,kg,16780960,FALSE,8,kg,16780960,FALSE,16780960,FALSE,0,FALSE,4596197.088,,4596197.088,0,FALSE,TRUE,
C,A,20230101,2023,52,2023,276,DEU,Germany,M,Import,682,SAU,Saudi Arabia,0,W00,World,H6,HS,TRUE,2519,"Natural magnesium carbonate (magnesite); fused magnesia; dead-burned (sintered) magnesia, whether or not containing small quantities of other oxides added before sintering; magnesium oxide, pure or not",Magnesium,4,FALSE,C00,TOTAL CPC,0,0,TOTAL MOT,8,kg,14101840,FALSE,8,kg,14101840,FALSE,14101840,FALSE,0,FALSE,8162341.365,,8162341.365,0,FALSE,TRUE,
C,A,20230101,2023,52,2023,276,DEU,Germany,M,Import,699,IND,India,0,W00,World,H6,HS,TRUE,2519,"Natural magnesium carbonate (magnesite); fused magnesia; dead-burned (sintered) magnesia, whether or not containing small quantities of other oxides added before sintering; magnesium oxide, pure or not",Magnesium,4,FALSE,C00,TOTAL CPC,0,0,TOTAL MOT,8,kg,1774.598,TRUE,-1,N/A,0,FALSE,1774.598,TRUE,0,FALSE,2836.974,,2836.974,6,FALSE,TRUE,
C,A,20230101,2023,52,2023,276,DEU,Germany,M,Import,703,SVK,Slovakia,0,W00,World,H6,HS,TRUE,2519,"Natural magnesium carbonate (magnesite); fused magnesia; dead-burned (sintered) magnesia, whether or not containing small quantities of other oxides added before sintering; magnesium oxide, pure or not",Magnesium,4,FALSE,C00,TOTAL CPC,0,0,TOTAL MOT,8,kg,22935980,FALSE,8,kg,22935980,FALSE,22935980,FALSE,0,FALSE,11247944.5,,11247944.5,0,FALSE,TRUE,
C,A,20230101,2023,52,2023,276,DEU,Germany,M,Import,724,ESP,Spain,0,W00,World,H6,HS,TRUE,2519,"Natural magnesium carbonate (magnesite); fused magnesia; dead-burned (sintered) magnesia, whether or not containing small quantities of other oxides added before sintering; magnesium oxide, pure or not",Magnesium,4,FALSE,C00,TOTAL CPC,0,0,TOTAL MOT,8,kg,20885060,FALSE,8,kg,20885060,FALSE,20885060,FALSE,0,FALSE,8659556.544,,8659556.544,0,FALSE,TRUE,
C,A,20230101,2023,52,2023,276,DEU,Germany,M,Import,752,SWE,Sweden,0,W00,World,H6,HS,TRUE,2519,"Natural magnesium carbonate (magnesite); fused magnesia; dead-burned (sintered) magnesia, whether or not containing small quantities of other oxides added before sintering; magnesium oxide, pure or not",Magnesium,4,FALSE,C00,TOTAL CPC,0,0,TOTAL MOT,8,kg,859,FALSE,8,kg,859,FALSE,859,FALSE,0,FALSE,506.992,,506.992,0,FALSE,TRUE,
C,A,20230101,2023,52,2023,276,DEU,Germany,M,Import,757,CHE,Switzerland,0,W00,World,H6,HS,TRUE,2519,"Natural magnesium carbonate (magnesite); fused magnesia; dead-burned (sintered) magnesia, whether or not containing small quantities of other oxides added before sintering; magnesium oxide, pure or not",Magnesium,4,FALSE,C00,TOTAL CPC,0,0,TOTAL MOT,8,kg,8380.841,TRUE,-1,N/A,0,FALSE,8380.841,TRUE,0,FALSE,7333.393,,7333.393,6,FALSE,TRUE,
C,A,20230101,2023,52,2023,276,DEU,Germany,M,Import,792,TUR,Turkey,0,W00,World,H6,HS,TRUE,2519,"Natural magnesium carbonate (magnesite); fused magnesia; dead-burned (sintered) magnesia, whether or not containing small quantities of other oxides added before sintering; magnesium oxide, pure or not",Magnesium,4,FALSE,C00,TOTAL CPC,0,0,TOTAL MOT,8,kg,20207212.42,TRUE,-1,N/A,0,FALSE,20207212.42,TRUE,0,FALSE,9739703.429,,9739703.429,6,FALSE,TRUE,
C,A,20230101,2023,52,2023,276,DEU,Germany,M,Import,826,GBR,United Kingdom,0,W00,World,H6,HS,TRUE,2519,"Natural magnesium carbonate (magnesite); fused magnesia; dead-burned (sintered) magnesia, whether or not containing small quantities of other oxides added before sintering; magnesium oxide, pure or not",Magnesium,4,FALSE,C00,TOTAL CPC,0,0,TOTAL MOT,8,kg,1335098.042,TRUE,-1,N/A,0,FALSE,1335098.042,TRUE,0,FALSE,4531522.36,,4531522.36,6,FALSE,TRUE,
C,A,20230101,2023,52,2023,276,DEU,Germany,M,Import,842,USA,USA,0,W00,World,H6,HS,TRUE,2519,"Natural magnesium carbonate (magnesite); fused magnesia; dead-burned (sintered) magnesia, whether or not containing small quantities of other oxides added before sintering; magnesium oxide, pure or not",Magnesium,4,FALSE,C00,TOTAL CPC,0,0,TOTAL MOT,8,kg,1967603.849,TRUE,-1,N/A,0,FALSE,1967603.849,TRUE,0,FALSE,2540442.875,,2540442.875,6,FALSE,TRUE,
C,A,20230101,2023,52,2023,276,DEU,Germany,M,Import,0,W00,World,0,W00,World,H6,HS,TRUE,2601,Iron ores and concentrates,Iron,4,FALSE,C00,TOTAL CPC,0,0,TOTAL MOT,8,kg,36063383799,TRUE,-1,N/A,0,FALSE,36063383799,TRUE,0,FALSE,4478671780,,4478671780,6,FALSE,TRUE,
C,A,20230101,2023,52,2023,276,DEU,Germany,M,Import,36,AUS,Australia,0,W00,World,H6,HS,TRUE,2601,Iron ores and concentrates,Iron,4,FALSE,C00,TOTAL CPC,0,0,TOTAL MOT,8,kg,325771.373,TRUE,-1,N/A,0,FALSE,325771.373,TRUE,0,FALSE,48945.984,,48945.984,6,FALSE,TRUE,
C,A,20230101,2023,52,2023,276,DEU,Germany,M,Import,40,AUT,Austria,0,W00,World,H6,HS,TRUE,2601,Iron ores and concentrates,Iron,4,FALSE,C00,TOTAL CPC,0,0,TOTAL MOT,8,kg,17000,FALSE,8,kg,17000,FALSE,17000,FALSE,0,FALSE,21444.124,,21444.124,0,FALSE,TRUE,
C,A,20230101,2023,52,2023,276,DEU,Germany,M,Import,48,BHR,Bahrain,0,W00,World,H6,HS,TRUE,2601,Iron ores and concentrates,Iron,4,FALSE,C00,TOTAL CPC,0,0,TOTAL MOT,8,kg,49700,FALSE,8,kg,49700,FALSE,49700,FALSE,0,FALSE,15401.652,,15401.652,0,FALSE,TRUE,
C,A,20230101,2023,52,2023,276,DEU,Germany,M,Import,56,BEL,Belgium,0,W00,World,H6,HS,TRUE,2601,Iron ores and concentrates,Iron,4,FALSE,C00,TOTAL CPC,0,0,TOTAL MOT,8,kg,19533000,FALSE,8,kg,19533000,FALSE,19533000,FALSE,0,FALSE,1512084.398,,1512084.398,0,FALSE,TRUE,
C,A,20230101,2023,52,2023,276,DEU,Germany,M,Import,68,BOL,Bolivia,0,W00,World,H6,HS,TRUE,2601,Iron ores and concentrates,Iron,4,FALSE,C00,TOTAL CPC,0,0,TOTAL MOT,8,kg,9400,FALSE,8,kg,9400,FALSE,9400,FALSE,0,FALSE,1229.864,,1229.864,0,FALSE,TRUE,
C,A,20230101,2023,52,2023,276,DEU,Germany,M,Import,76,BRA,Brazil,0,W00,World,H6,HS,TRUE,2601,Iron ores and concentrates,Iron,4,FALSE,C00,TOTAL CPC,0,0,TOTAL MOT,8,kg,6792615539,TRUE,-1,N/A,0,FALSE,6792615539,TRUE,0,FALSE,801901919,,801901919,6,FALSE,TRUE,
C,A,20230101,2023,52,2023,276,DEU,Germany,M,Import,124,CAN,Canada,0,W00,World,H6,HS,TRUE,2601,Iron ores and concentrates,Iron,4,FALSE,C00,TOTAL CPC,0,0,TOTAL MOT,8,kg,10669019002,FALSE,8,kg,10669019002,FALSE,10669019002,FALSE,0,FALSE,1461863365,,1461863365,0,FALSE,TRUE,
C,A,20230101,2023,52,2023,276,DEU,Germany,M,Import,152,CHL,Chile,0,W00,World,H6,HS,TRUE,2601,Iron ores and concentrates,Iron,4,FALSE,C00,TOTAL CPC,0,0,TOTAL MOT,8,kg,165719,FALSE,8,kg,165719,FALSE,165719,FALSE,0,FALSE,25144.62,,25144.62,0,FALSE,TRUE,
C,A,20230101,2023,52,2023,276,DEU,Germany,M,Import,156,CHN,China,0,W00,World,H6,HS,TRUE,2601,Iron ores and concentrates,Iron,4,FALSE,C00,TOTAL CPC,0,0,TOTAL MOT,8,kg,376139,FALSE,8,kg,376139,FALSE,376139,FALSE,0,FALSE,46499.339,,46499.339,0,FALSE,TRUE,
C,A,20230101,2023,52,2023,276,DEU,Germany,M,Import,246,FIN,Finland,0,W00,World,H6,HS,TRUE,2601,Iron ores and concentrates,Iron,4,FALSE,C00,TOTAL CPC,0,0,TOTAL MOT,8,kg,16655846,FALSE,8,kg,16655846,FALSE,16655846,FALSE,0,FALSE,1958708.323,,1958708.323,0,FALSE,TRUE,
C,A,20230101,2023,52,2023,276,DEU,Germany,M,Import,251,FRA,France,0,W00,World,H6,HS,TRUE,2601,Iron ores and concentrates,Iron,4,FALSE,C00,TOTAL CPC,0,0,TOTAL MOT,8,kg,334000,FALSE,8,kg,334000,FALSE,334000,FALSE,0,FALSE,200317.424,,200317.424,0,FALSE,TRUE,
C,A,20230101,2023,52,2023,276,DEU,Germany,M,Import,380,ITA,Italy,0,W00,World,H6,HS,TRUE,2601,Iron ores and concentrates,Iron,4,FALSE,C00,TOTAL CPC,0,0,TOTAL MOT,8,kg,2827300,FALSE,8,kg,2827300,FALSE,2827300,FALSE,0,FALSE,92059.925,,92059.925,0,FALSE,TRUE,
C,A,20230101,2023,52,2023,276,DEU,Germany,M,Import,430,LBR,Liberia,0,W00,World,H6,HS,TRUE,2601,Iron ores and concentrates,Iron,4,FALSE,C00,TOTAL CPC,0,0,TOTAL MOT,8,kg,851482103,FALSE,8,kg,851482103,FALSE,851482103,FALSE,0,FALSE,86650176.65,,86650176.65,0,FALSE,TRUE,
C,A,20230101,2023,52,2023,276,DEU,Germany,M,Import,434,LBY,Libya,0,W00,World,H6,HS,TRUE,2601,Iron ores and concentrates,Iron,4,FALSE,C00,TOTAL CPC,0,0,TOTAL MOT,8,kg,23071200,FALSE,8,kg,23071200,FALSE,23071200,FALSE,0,FALSE,9495867.561,,9495867.561,0,FALSE,TRUE,
C,A,20230101,2023,52,2023,276,DEU,Germany,M,Import,478,MRT,Mauritania,0,W00,World,H6,HS,TRUE,2601,Iron ores and concentrates,Iron,4,FALSE,C00,TOTAL CPC,0,0,TOTAL MOT,8,kg,432498326.9,TRUE,-1,N/A,0,FALSE,432498326.9,TRUE,0,FALSE,49643863.05,,49643863.05,6,FALSE,TRUE,
C,A,20230101,2023,52,2023,276,DEU,Germany,M,Import,484,MEX,Mexico,0,W00,World,H6,HS,TRUE,2601,Iron ores and concentrates,Iron,4,FALSE,C00,TOTAL CPC,0,0,TOTAL MOT,8,kg,201461000,FALSE,8,kg,201461000,FALSE,201461000,FALSE,0,FALSE,10813895.07,,10813895.07,0,FALSE,TRUE,
C,A,20230101,2023,52,2023,276,DEU,Germany,M,Import,528,NLD,Netherlands,0,W00,World,H6,HS,TRUE,2601,Iron ores and concentrates,Iron,4,FALSE,C00,TOTAL CPC,0,0,TOTAL MOT,8,kg,17100690,FALSE,8,kg,17100690,FALSE,17100690,FALSE,0,FALSE,2393333.437,,2393333.437,0,FALSE,TRUE,
C,A,20230101,2023,52,2023,276,DEU,Germany,M,Import,579,NOR,Norway,0,W00,World,H6,HS,TRUE,2601,Iron ores and concentrates,Iron,4,FALSE,C00,TOTAL CPC,0,0,TOTAL MOT,8,kg,542361094,FALSE,8,kg,542361094,FALSE,542361094,FALSE,0,FALSE,53686741.12,,53686741.12,0,FALSE,TRUE,
C,A,20230101,2023,52,2023,276,DEU,Germany,M,Import,643,RUS,Russia,0,W00,World,H6,HS,TRUE,2601,Iron ores and concentrates,Iron,4,FALSE,C00,TOTAL CPC,0,0,TOTAL MOT,8,kg,372662000,FALSE,8,kg,372662000,FALSE,372662000,FALSE,0,FALSE,63328046.68,,63328046.68,0,FALSE,TRUE,
C,A,20230101,2023,52,2023,276,DEU,Germany,M,Import,699,IND,India,0,W00,World,H6,HS,TRUE,2601,Iron ores and concentrates,Iron,4,FALSE,C00,TOTAL CPC,0,0,TOTAL MOT,8,kg,99055,FALSE,8,kg,99055,FALSE,99055,FALSE,0,FALSE,13627.725,,13627.725,0,FALSE,TRUE,
C,A,20230101,2023,52,2023,276,DEU,Germany,M,Import,710,ZAF,South Africa,0,W00,World,H6,HS,TRUE,2601,Iron ores and concentrates,Iron,4,FALSE,C00,TOTAL CPC,0,0,TOTAL MOT,8,kg,8600378107,FALSE,8,kg,8600378107,FALSE,8600378107,FALSE,0,FALSE,826505241.6,,826505241.6,0,FALSE,TRUE,
C,A,20230101,2023,52,2023,276,DEU,Germany,M,Import,724,ESP,Spain,0,W00,World,H6,HS,TRUE,2601,Iron ores and concentrates,Iron,4,FALSE,C00,TOTAL CPC,0,0,TOTAL MOT,8,kg,503700,FALSE,8,kg,503700,FALSE,503700,FALSE,0,FALSE,177974.889,,177974.889,0,FALSE,TRUE,
C,A,20230101,2023,52,2023,276,DEU,Germany,M,Import,752,SWE,Sweden,0,W00,World,H6,HS,TRUE,2601,Iron ores and concentrates,Iron,4,FALSE,C00,TOTAL CPC,0,0,TOTAL MOT,8,kg,5147575847,FALSE,8,kg,5147575847,FALSE,5147575847,FALSE,0,FALSE,710131104.1,,710131104.1,0,FALSE,TRUE,
C,A,20230101,2023,52,2023,276,DEU,Germany,M,Import,757,CHE,Switzerland,0,W00,World,H6,HS,TRUE,2601,Iron ores and concentrates,Iron,4,FALSE,C00,TOTAL CPC,0,0,TOTAL MOT,8,kg,8266,FALSE,8,kg,8266,FALSE,8266,FALSE,0,FALSE,1066.319,,1066.319,0,FALSE,TRUE,
C,A,20230101,2023,52,2023,276,DEU,Germany,M,Import,792,TUR,Turkey,0,W00,World,H6,HS,TRUE,2601,Iron ores and concentrates,Iron,4,FALSE,C00,TOTAL CPC,0,0,TOTAL MOT,8,kg,6497796.458,TRUE,-1,N/A,0,FALSE,6497796.458,TRUE,0,FALSE,1004494.965,,1004494.965,6,FALSE,TRUE,
C,A,20230101,2023,52,2023,276,DEU,Germany,M,Import,804,UKR,Ukraine,0,W00,World,H6,HS,TRUE,2601,Iron ores and concentrates,Iron,4,FALSE,C00,TOTAL CPC,0,0,TOTAL MOT,8,kg,301875623,FALSE,8,kg,301875623,FALSE,301875623,FALSE,0,FALSE,44430146.5,,44430146.5,0,FALSE,TRUE,
C,A,20230101,2023,52,2023,276,DEU,Germany,M,Import,826,GBR,United Kingdom,0,W00,World,H6,HS,TRUE,2601,Iron ores and concentrates,Iron,4,FALSE,C00,TOTAL CPC,0,0,TOTAL MOT,8,kg,74870.237,TRUE,-1,N/A,0,FALSE,74870.237,TRUE,0,FALSE,10992.458,,10992.458,6,FALSE,TRUE,
C,A,20230101,2023,52,2023,276,DEU,Germany,M,Import,842,USA,USA,0,W00,World,H6,HS,TRUE,2601,Iron ores and concentrates,Iron,4,FALSE,C00,TOTAL CPC,0,0,TOTAL MOT,8,kg,2063761021,FALSE,8,kg,2063761021,FALSE,2063761021,FALSE,0,FALSE,352692242.1,,352692242.1,0,FALSE,TRUE,
C,A,20230101,2023,52,2023,276,DEU,Germany,M,Import,858,URY,Uruguay,0,W00,World,H6,HS,TRUE,2601,Iron ores and concentrates,Iron,4,FALSE,C00,TOTAL CPC,0,0,TOTAL MOT,8,kg,44683,FALSE,8,kg,44683,FALSE,44683,FALSE,0,FALSE,5846.217,,5846.217,0,FALSE,TRUE,
C,A,20230101,2023,52,2023,276,DEU,Germany,M,Import,0,W00,World,0,W00,World,H6,HS,TRUE,2603,Copper ores and concentrates,Copper,4,FALSE,C00,TOTAL CPC,0,0,TOTAL MOT,8,kg,1233274052,TRUE,-1,N/A,0,FALSE,1233274052,TRUE,0,FALSE,3334412376,,3334412376,6,FALSE,TRUE,
C,A,20230101,2023,52,2023,276,DEU,Germany,M,Import,36,AUS,Australia,0,W00,World,H6,HS,TRUE,2603,Copper ores and concentrates,Copper,4,FALSE,C00,TOTAL CPC,0,0,TOTAL MOT,8,kg,68519429.28,TRUE,-1,N/A,0,FALSE,68519429.28,TRUE,0,FALSE,320059781.8,,320059781.8,6,FALSE,TRUE,
C,A,20230101,2023,52,2023,276,DEU,Germany,M,Import,76,BRA,Brazil,0,W00,World,H6,HS,TRUE,2603,Copper ores and concentrates,Copper,4,FALSE,C00,TOTAL CPC,0,0,TOTAL MOT,8,kg,323516750.4,TRUE,-1,N/A,0,FALSE,323516750.4,TRUE,0,FALSE,960438395.4,,960438395.4,6,FALSE,TRUE,
C,A,20230101,2023,52,2023,276,DEU,Germany,M,Import,124,CAN,Canada,0,W00,World,H6,HS,TRUE,2603,Copper ores and concentrates,Copper,4,FALSE,C00,TOTAL CPC,0,0,TOTAL MOT,8,kg,43127838.4,TRUE,-1,N/A,0,FALSE,43127838.4,TRUE,0,FALSE,118755740.4,,118755740.4,6,FALSE,TRUE,
C,A,20230101,2023,52,2023,276,DEU,Germany,M,Import,152,CHL,Chile,0,W00,World,H6,HS,TRUE,2603,Copper ores and concentrates,Copper,4,FALSE,C00,TOTAL CPC,0,0,TOTAL MOT,8,kg,242877268.4,TRUE,-1,N/A,0,FALSE,242877268.4,TRUE,0,FALSE,483461427,,483461427,6,FALSE,TRUE,
C,A,20230101,2023,52,2023,276,DEU,Germany,M,Import,180,COD,Democratic Republic of the Congo,0,W00,World,H6,HS,TRUE,2603,Copper ores and concentrates,Copper,4,FALSE,C00,TOTAL CPC,0,0,TOTAL MOT,8,kg,9325000,FALSE,8,kg,9325000,FALSE,9325000,FALSE,0,FALSE,36242862.23,,36242862.23,0,FALSE,TRUE,
C,A,20230101,2023,52,2023,276,DEU,Germany,M,Import,246,FIN,Finland,0,W00,World,H6,HS,TRUE,2603,Copper ores and concentrates,Copper,4,FALSE,C00,TOTAL CPC,0,0,TOTAL MOT,8,kg,2758986,FALSE,8,kg,2758986,FALSE,2758986,FALSE,0,FALSE,47173201.89,,47173201.89,0,FALSE,TRUE,
C,A,20230101,2023,52,2023,276,DEU,Germany,M,Import,251,FRA,France,0,W00,World,H6,HS,TRUE,2603,Copper ores and concentrates,Copper,4,FALSE,C00,TOTAL CPC,0,0,TOTAL MOT,8,kg,189,FALSE,8,kg,189,FALSE,189,FALSE,0,FALSE,12333.533,,12333.533,0,FALSE,TRUE,
C,A,20230101,2023,52,2023,276,DEU,Germany,M,Import,360,IDN,Indonesia,0,W00,World,H6,HS,TRUE,2603,Copper ores and concentrates,Copper,4,FALSE,C00,TOTAL CPC,0,0,TOTAL MOT,8,kg,203981661,FALSE,8,kg,203981661,FALSE,203981661,FALSE,0,FALSE,554583791.2,,554583791.2,0,FALSE,TRUE,
C,A,20230101,2023,52,2023,276,DEU,Germany,M,Import,398,KAZ,Kazakhstan,0,W00,World,H6,HS,TRUE,2603,Copper ores and concentrates,Copper,4,FALSE,C00,TOTAL CPC,0,0,TOTAL MOT,8,kg,6051,FALSE,8,kg,6051,FALSE,6051,FALSE,0,FALSE,5955.247,,5955.247,0,FALSE,TRUE,
C,A,20230101,2023,52,2023,276,DEU,Germany,M,Import,484,MEX,Mexico,0,W00,World,H6,HS,TRUE,2603,Copper ores and concentrates,Copper,4,FALSE,C00,TOTAL CPC,0,0,TOTAL MOT,8,kg,23324415,FALSE,8,kg,23324415,FALSE,23324415,FALSE,0,FALSE,41696187.53,,41696187.53,0,FALSE,TRUE,
C,A,20230101,2023,52,2023,276,DEU,Germany,M,Import,496,MNG,Mongolia,0,W00,World,H6,HS,TRUE,2603,Copper ores and concentrates,Copper,4,FALSE,C00,TOTAL CPC,0,0,TOTAL MOT,8,kg,1600,FALSE,8,kg,1600,FALSE,1600,FALSE,0,FALSE,5081.913,,5081.913,0,FALSE,TRUE,
C,A,20230101,2023,52,2023,276,DEU,Germany,M,Import,504,MAR,Morocco,0,W00,World,H6,HS,TRUE,2603,Copper ores and concentrates,Copper,4,FALSE,C00,TOTAL CPC,0,0,TOTAL MOT,8,kg,6190400,FALSE,8,kg,6190400,FALSE,6190400,FALSE,0,FALSE,7219395.222,,7219395.222,0,FALSE,TRUE,
C,A,20230101,2023,52,2023,276,DEU,Germany,M,Import,591,PAN,Panama,0,W00,World,H6,HS,TRUE,2603,Copper ores and concentrates,Copper,4,FALSE,C00,TOTAL CPC,0,0,TOTAL MOT,8,kg,81338500,FALSE,8,kg,81338500,FALSE,81338500,FALSE,0,FALSE,164874561.5,,164874561.5,0,FALSE,TRUE,
C,A,20230101,2023,52,2023,276,DEU,Germany,M,Import,598,PNG,Papua New Guinea,0,W00,World,H6,HS,TRUE,2603,Copper ores and concentrates,Copper,4,FALSE,C00,TOTAL CPC,0,0,TOTAL MOT,8,kg,21000000,FALSE,8,kg,21000000,FALSE,21000000,FALSE,0,FALSE,60432610.23,,60432610.23,0,FALSE,TRUE,
C,A,20230101,2023,52,2023,276,DEU,Germany,M,Import,604,PER,Peru,0,W00,World,H6,HS,TRUE,2603,Copper ores and concentrates,Copper,4,FALSE,C00,TOTAL CPC,0,0,TOTAL MOT,8,kg,187590448.2,TRUE,-1,N/A,0,FALSE,187590448.2,TRUE,0,FALSE,453477022.7,,453477022.7,6,FALSE,TRUE,
C,A,20230101,2023,52,2023,276,DEU,Germany,M,Import,792,TUR,Turkey,0,W00,World,H6,HS,TRUE,2603,Copper ores and concentrates,Copper,4,FALSE,C00,TOTAL CPC,0,0,TOTAL MOT,8,kg,9030710,FALSE,8,kg,9030710,FALSE,9030710,FALSE,0,FALSE,17228345.17,,17228345.17,0,FALSE,TRUE,
C,A,20230101,2023,52,2023,276,DEU,Germany,M,Import,826,GBR,United Kingdom,0,W00,World,H6,HS,TRUE,2603,Copper ores and concentrates,Copper,4,FALSE,C00,TOTAL CPC,0,0,TOTAL MOT,8,kg,309.839,TRUE,-1,N/A,0,FALSE,309.839,TRUE,0,FALSE,222.422,,222.422,6,FALSE,TRUE,
C,A,20230101,2023,52,2023,276,DEU,Germany,M,Import,834,TZA,Tanzania,0,W00,World,H6,HS,TRUE,2603,Copper ores and concentrates,Copper,4,FALSE,C00,TOTAL CPC,0,0,TOTAL MOT,8,kg,10652301,FALSE,8,kg,10652301,FALSE,10652301,FALSE,0,FALSE,68664635.18,,68664635.18,0,FALSE,TRUE,
C,A,20230101,2023,52,2023,276,DEU,Germany,M,Import,842,USA,USA,0,W00,World,H6,HS,TRUE,2603,Copper ores and concentrates,Copper,4,FALSE,C00,TOTAL CPC,0,0,TOTAL MOT,8,kg,28994.203,TRUE,-1,N/A,0,FALSE,28994.203,TRUE,0,FALSE,77362.61,,77362.61,6,FALSE,TRUE,
C,A,20230101,2023,52,2023,276,DEU,Germany,M,Import,860,UZB,Uzbekistan,0,W00,World,H6,HS,TRUE,2603,Copper ores and concentrates,Copper,4,FALSE,C00,TOTAL CPC,0,0,TOTAL MOT,8,kg,3200,FALSE,8,kg,3200,FALSE,3200,FALSE,0,FALSE,3462.81,,3462.81,0,FALSE,TRUE,
C,A,20230101,2023,52,2023,276,DEU,Germany,M,Import,0,W00,World,0,W00,World,H6,HS,TRUE,2604,Nickel ores and concentrates,Nickel,4,FALSE,C00,TOTAL CPC,0,0,TOTAL MOT,8,kg,1760020.064,TRUE,-1,N/A,0,FALSE,1760020.064,TRUE,0,FALSE,7833131.324,,7833131.324,6,FALSE,TRUE,
C,A,20230101,2023,52,2023,276,DEU,Germany,M,Import,76,BRA,Brazil,0,W00,World,H6,HS,TRUE,2604,Nickel ores and concentrates,Nickel,4,FALSE,C00,TOTAL CPC,0,0,TOTAL MOT,8,kg,15.245,TRUE,-1,N/A,0,FALSE,15.245,TRUE,0,FALSE,100.308,,100.308,6,FALSE,TRUE,
C,A,20230101,2023,52,2023,276,DEU,Germany,M,Import,156,CHN,China,0,W00,World,H6,HS,TRUE,2604,Nickel ores and concentrates,Nickel,4,FALSE,C00,TOTAL CPC,0,0,TOTAL MOT,8,kg,79665,FALSE,8,kg,79665,FALSE,79665,FALSE,0,FALSE,289053.008,,289053.008,0,FALSE,TRUE,
C,A,20230101,2023,52,2023,276,DEU,Germany,M,Import,344,HKG,Hong Kong,0,W00,World,H6,HS,TRUE,2604,Nickel ores and concentrates,Nickel,4,FALSE,C00,TOTAL CPC,0,0,TOTAL MOT,8,kg,60000,FALSE,8,kg,60000,FALSE,60000,FALSE,0,FALSE,279339.479,,279339.479,0,FALSE,TRUE,
C,A,20230101,2023,52,2023,276,DEU,Germany,M,Import,360,IDN,Indonesia,0,W00,World,H6,HS,TRUE,2604,Nickel ores and concentrates,Nickel,4,FALSE,C00,TOTAL CPC,0,0,TOTAL MOT,8,kg,169960,FALSE,8,kg,169960,FALSE,169960,FALSE,0,FALSE,1054941.209,,1054941.209,0,FALSE,TRUE,
C,A,20230101,2023,52,2023,276,DEU,Germany,M,Import,410,KOR,South Korea,0,W00,World,H6,HS,TRUE,2604,Nickel ores and concentrates,Nickel,4,FALSE,C00,TOTAL CPC,0,0,TOTAL MOT,8,kg,77246,FALSE,8,kg,77246,FALSE,77246,FALSE,0,FALSE,187498.705,,187498.705,0,FALSE,TRUE,
C,A,20230101,2023,52,2023,276,DEU,Germany,M,Import,458,MYS,Malaysia,0,W00,World,H6,HS,TRUE,2604,Nickel ores and concentrates,Nickel,4,FALSE,C00,TOTAL CPC,0,0,TOTAL MOT,8,kg,901529,FALSE,8,kg,901529,FALSE,901529,FALSE,0,FALSE,3739514.807,,3739514.807,0,FALSE,TRUE,
C,A,20230101,2023,52,2023,276,DEU,Germany,M,Import,490,S19,"Other Asia, nes",0,W00,World,H6,HS,TRUE,2604,Nickel ores and concentrates,Nickel,4,FALSE,C00,TOTAL CPC,0,0,TOTAL MOT,8,kg,155771,FALSE,8,kg,155771,FALSE,155771,FALSE,0,FALSE,1048305.611,,1048305.611,0,FALSE,TRUE,
C,A,20230101,2023,52,2023,276,DEU,Germany,M,Import,528,NLD,Netherlands,0,W00,World,H6,HS,TRUE,2604,Nickel ores and concentrates,Nickel,4,FALSE,C00,TOTAL CPC,0,0,TOTAL MOT,8,kg,8.574,TRUE,-1,N/A,0,FALSE,8.574,TRUE,0,FALSE,38.161,,38.161,6,FALSE,TRUE,
C,A,20230101,2023,52,2023,276,DEU,Germany,M,Import,702,SGP,Singapore,0,W00,World,H6,HS,TRUE,2604,Nickel ores and concentrates,Nickel,4,FALSE,C00,TOTAL CPC,0,0,TOTAL MOT,8,kg,46905,FALSE,8,kg,46905,FALSE,46905,FALSE,0,FALSE,247413.16,,247413.16,0,FALSE,TRUE,
C,A,20230101,2023,52,2023,276,DEU,Germany,M,Import,703,SVK,Slovakia,0,W00,World,H6,HS,TRUE,2604,Nickel ores and concentrates,Nickel,4,FALSE,C00,TOTAL CPC,0,0,TOTAL MOT,8,kg,19869,FALSE,8,kg,19869,FALSE,19869,FALSE,0,FALSE,21434.311,,21434.311,0,FALSE,TRUE,
C,A,20230101,2023,52,2023,276,DEU,Germany,M,Import,716,ZWE,Zimbabwe,0,W00,World,H6,HS,TRUE,2604,Nickel ores and concentrates,Nickel,4,FALSE,C00,TOTAL CPC,0,0,TOTAL MOT,8,kg,21930,FALSE,8,kg,21930,FALSE,21930,FALSE,0,FALSE,342149.784,,342149.784,0,FALSE,TRUE,
C,A,20230101,2023,52,2023,276,DEU,Germany,M,Import,764,THA,Thailand,0,W00,World,H6,HS,TRUE,2604,Nickel ores and concentrates,Nickel,4,FALSE,C00,TOTAL CPC,0,0,TOTAL MOT,8,kg,144929.245,TRUE,-1,N/A,0,FALSE,144929.245,TRUE,0,FALSE,340868.675,,340868.675,6,FALSE,TRUE,
C,A,20230101,2023,52,2023,276,DEU,Germany,M,Import,842,USA,USA,0,W00,World,H6,HS,TRUE,2604,Nickel ores and concentrates,Nickel,4,FALSE,C00,TOTAL CPC,0,0,TOTAL MOT,8,kg,82192,FALSE,8,kg,82192,FALSE,82192,FALSE,0,FALSE,282474.106,,282474.106,0,FALSE,TRUE,
C,A,20230101,2023,52,2023,276,DEU,Germany,M,Import,0,W00,World,0,W00,World,H6,HS,TRUE,2606,Aluminium ores and concentrates,Aluminium,4,FALSE,C00,TOTAL CPC,0,0,TOTAL MOT,8,kg,1101987140,TRUE,-1,N/A,0,FALSE,1101987140,TRUE,0,FALSE,81996079.99,,81996079.99,6,FALSE,TRUE,
C,A,20230101,2023,52,2023,276,DEU,Germany,M,Import,76,BRA,Brazil,0,W00,World,H6,HS,TRUE,2606,Aluminium ores and concentrates,Aluminium,4,FALSE,C00,TOTAL CPC,0,0,TOTAL MOT,8,kg,2664313,FALSE,8,kg,2664313,FALSE,2664313,FALSE,0,FALSE,1278952.057,,1278952.057,0,FALSE,TRUE,
C,A,20230101,2023,52,2023,276,DEU,Germany,M,Import,156,CHN,China,0,W00,World,H6,HS,TRUE,2606,Aluminium ores and concentrates,Aluminium,4,FALSE,C00,TOTAL CPC,0,0,TOTAL MOT,8,kg,24882621,FALSE,8,kg,24882621,FALSE,24882621,FALSE,0,FALSE,11783501.36,,11783501.36,0,FALSE,TRUE,
C,A,20230101,2023,52,2023,276,DEU,Germany,M,Import,324,GIN,Guinea,0,W00,World,H6,HS,TRUE,2606,Aluminium ores and concentrates,Aluminium,4,FALSE,C00,TOTAL CPC,0,0,TOTAL MOT,8,kg,1013247426,TRUE,-1,N/A,0,FALSE,1013247426,TRUE,0,FALSE,59957937.11,,59957937.11,6,FALSE,TRUE,
C,A,20230101,2023,52,2023,276,DEU,Germany,M,Import,328,GUY,Guyana,0,W00,World,H6,HS,TRUE,2606,Aluminium ores and concentrates,Aluminium,4,FALSE,C00,TOTAL CPC,0,0,TOTAL MOT,8,kg,6084131,FALSE,8,kg,6084131,FALSE,6084131,FALSE,0,FALSE,3397204.748,,3397204.748,0,FALSE,TRUE,
C,A,20230101,2023,52,2023,276,DEU,Germany,M,Import,344,HKG,Hong Kong,0,W00,World,H6,HS,TRUE,2606,Aluminium ores and concentrates,Aluminium,4,FALSE,C00,TOTAL CPC,0,0,TOTAL MOT,8,kg,175000,FALSE,8,kg,175000,FALSE,175000,FALSE,0,FALSE,108720.879,,108720.879,0,FALSE,TRUE,
C,A,20230101,2023,52,2023,276,DEU,Germany,M,Import,380,ITA,Italy,0,W00,World,H6,HS,TRUE,2606,Aluminium ores and concentrates,Aluminium,4,FALSE,C00,TOTAL CPC,0,0,TOTAL MOT,8,kg,2033,FALSE,8,kg,2033,FALSE,2033,FALSE,0,FALSE,1512.253,,1512.253,0,FALSE,TRUE,
C,A,20230101,2023,52,2023,276,DEU,Germany,M,Import,442,LUX,Luxembourg,0,W00,World,H6,HS,TRUE,2606,Aluminium ores and concentrates,Aluminium,4,FALSE,C00,TOTAL CPC,0,0,TOTAL MOT,8,kg,1198660,FALSE,8,kg,1198660,FALSE,1198660,FALSE,0,FALSE,131622.741,,131622.741,0,FALSE,TRUE,
C,A,20230101,2023,52,2023,276,DEU,Germany,M,Import,528,NLD,Netherlands,0,W00,World,H6,HS,TRUE,2606,Aluminium ores and concentrates,Aluminium,4,FALSE,C00,TOTAL CPC,0,0,TOTAL MOT,8,kg,2383700,FALSE,8,kg,2383700,FALSE,2383700,FALSE,0,FALSE,1715697.815,,1715697.815,0,FALSE,TRUE,
C,A,20230101,2023,52,2023,276,DEU,Germany,M,Import,688,SRB,Serbia,0,W00,World,H6,HS,TRUE,2606,Aluminium ores and concentrates,Aluminium,4,FALSE,C00,TOTAL CPC,0,0,TOTAL MOT,8,kg,215810,FALSE,8,kg,215810,FALSE,215810,FALSE,0,FALSE,64701.985,,64701.985,0,FALSE,TRUE,
C,A,20230101,2023,52,2023,276,DEU,Germany,M,Import,699,IND,India,0,W00,World,H6,HS,TRUE,2606,Aluminium ores and concentrates,Aluminium,4,FALSE,C00,TOTAL CPC,0,0,TOTAL MOT,8,kg,958,FALSE,8,kg,958,FALSE,958,FALSE,0,FALSE,166.817,,166.817,0,FALSE,TRUE,
C,A,20230101,2023,52,2023,276,DEU,Germany,M,Import,705,SVN,Slovenia,0,W00,World,H6,HS,TRUE,2606,Aluminium ores and concentrates,Aluminium,4,FALSE,C00,TOTAL CPC,0,0,TOTAL MOT,8,kg,24000,FALSE,8,kg,24000,FALSE,24000,FALSE,0,FALSE,8691.914,,8691.914,0,FALSE,TRUE,
C,A,20230101,2023,52,2023,276,DEU,Germany,M,Import,792,TUR,Turkey,0,W00,World,H6,HS,TRUE,2606,Aluminium ores and concentrates,Aluminium,4,FALSE,C00,TOTAL CPC,0,0,TOTAL MOT,8,kg,49718113,FALSE,8,kg,49718113,FALSE,49718113,FALSE,0,FALSE,3145724.749,,3145724.749,0,FALSE,TRUE,
C,A,20230101,2023,52,2023,276,DEU,Germany,M,Import,826,GBR,United Kingdom,0,W00,World,H6,HS,TRUE,2606,Aluminium ores and concentrates,Aluminium,4,FALSE,C00,TOTAL CPC,0,0,TOTAL MOT,8,kg,747685,FALSE,8,kg,747685,FALSE,747685,FALSE,0,FALSE,74769.864,,74769.864,0,FALSE,TRUE,
C,A,20230101,2023,52,2023,276,DEU,Germany,M,Import,842,USA,USA,0,W00,World,H6,HS,TRUE,2606,Aluminium ores and concentrates,Aluminium,4,FALSE,C00,TOTAL CPC,0,0,TOTAL MOT,8,kg,642690,FALSE,8,kg,642690,FALSE,642690,FALSE,0,FALSE,326875.698,,326875.698,0,FALSE,TRUE,
C,A,20230101,2023,52,2023,276,DEU,Germany,M,Import,0,W00,World,0,W00,World,H6,HS,TRUE,2607,Lead ores and concentrates,Lead,4,FALSE,C00,TOTAL CPC,0,0,TOTAL MOT,8,kg,263986765.4,TRUE,-1,N/A,0,FALSE,263986765.4,TRUE,0,FALSE,556810719,,556810719,6,FALSE,TRUE,
C,A,20230101,2023,52,2023,276,DEU,Germany,M,Import,36,AUS,Australia,0,W00,World,H6,HS,TRUE,2607,Lead ores and concentrates,Lead,4,FALSE,C00,TOTAL CPC,0,0,TOTAL MOT,8,kg,4875100,FALSE,8,kg,4875100,FALSE,4875100,FALSE,0,FALSE,8460593.278,,8460593.278,0,FALSE,TRUE,
C,A,20230101,2023,52,2023,276,DEU,Germany,M,Import,56,BEL,Belgium,0,W00,World,H6,HS,TRUE,2607,Lead ores and concentrates,Lead,4,FALSE,C00,TOTAL CPC,0,0,TOTAL MOT,8,kg,2067010,FALSE,8,kg,2067010,FALSE,2067010,FALSE,0,FALSE,5366127.05,,5366127.05,0,FALSE,TRUE,
C,A,20230101,2023,52,2023,276,DEU,Germany,M,Import,68,BOL,Bolivia,0,W00,World,H6,HS,TRUE,2607,Lead ores and concentrates,Lead,4,FALSE,C00,TOTAL CPC,0,0,TOTAL MOT,8,kg,14713140,FALSE,8,kg,14713140,FALSE,14713140,FALSE,0,FALSE,56454332.74,,56454332.74,0,FALSE,TRUE,
C,A,20230101,2023,52,2023,276,DEU,Germany,M,Import,70,BIH,Bosnia and Herzegovina,0,W00,World,H6,HS,TRUE,2607,Lead ores and concentrates,Lead,4,FALSE,C00,TOTAL CPC,0,0,TOTAL MOT,8,kg,5063830,FALSE,8,kg,5063830,FALSE,5063830,FALSE,0,FALSE,5779482.49,,5779482.49,0,FALSE,TRUE,
C,A,20230101,2023,52,2023,276,DEU,Germany,M,Import,100,BGR,Bulgaria,0,W00,World,H6,HS,TRUE,2607,Lead ores and concentrates,Lead,4,FALSE,C00,TOTAL CPC,0,0,TOTAL MOT,8,kg,2759925,FALSE,8,kg,2759925,FALSE,2759925,FALSE,0,FALSE,4341534.488,,4341534.488,0,FALSE,TRUE,
C,A,20230101,2023,52,2023,276,DEU,Germany,M,Import,208,DNK,Denmark,0,W00,World,H6,HS,TRUE,2607,Lead ores and concentrates,Lead,4,FALSE,C00,TOTAL CPC,0,0,TOTAL MOT,8,kg,47519,FALSE,8,kg,47519,FALSE,47519,FALSE,0,FALSE,96967.389,,96967.389,0,FALSE,TRUE,
C,A,20230101,2023,52,2023,276,DEU,Germany,M,Import,300,GRC,Greece,0,W00,World,H6,HS,TRUE,2607,Lead ores and concentrates,Lead,4,FALSE,C00,TOTAL CPC,0,0,TOTAL MOT,8,kg,3739277,FALSE,8,kg,3739277,FALSE,3739277,FALSE,0,FALSE,6955403.971,,6955403.971,0,FALSE,TRUE,
C,A,20230101,2023,52,2023,276,DEU,Germany,M,Import,372,IRL,Ireland,0,W00,World,H6,HS,TRUE,2607,Lead ores and concentrates,Lead,4,FALSE,C00,TOTAL CPC,0,0,TOTAL MOT,8,kg,9806810,FALSE,8,kg,9806810,FALSE,9806810,FALSE,0,FALSE,9472037.849,,9472037.849,0,FALSE,TRUE,
C,A,20230101,2023,52,2023,276,DEU,Germany,M,Import,392,JPN,Japan,0,W00,World,H6,HS,TRUE,2607,Lead ores and concentrates,Lead,4,FALSE,C00,TOTAL CPC,0,0,TOTAL MOT,8,kg,23384,FALSE,8,kg,23384,FALSE,23384,FALSE,0,FALSE,50005.76,,50005.76,0,FALSE,TRUE,
C,A,20230101,2023,52,2023,276,DEU,Germany,M,Import,484,MEX,Mexico,0,W00,World,H6,HS,TRUE,2607,Lead ores and concentrates,Lead,4,FALSE,C00,TOTAL CPC,0,0,TOTAL MOT,8,kg,1080770,FALSE,8,kg,1080770,FALSE,1080770,FALSE,0,FALSE,7120095.67,,7120095.67,0,FALSE,TRUE,
C,A,20230101,2023,52,2023,276,DEU,Germany,M,Import,504,MAR,Morocco,0,W00,World,H6,HS,TRUE,2607,Lead ores and concentrates,Lead,4,FALSE,C00,TOTAL CPC,0,0,TOTAL MOT,8,kg,20997359,FALSE,8,kg,20997359,FALSE,20997359,FALSE,0,FALSE,48308396.11,,48308396.11,0,FALSE,TRUE,
C,A,20230101,2023,52,2023,276,DEU,Germany,M,Import,528,NLD,Netherlands,0,W00,World,H6,HS,TRUE,2607,Lead ores and concentrates,Lead,4,FALSE,C00,TOTAL CPC,0,0,TOTAL MOT,8,kg,25080,FALSE,8,kg,25080,FALSE,25080,FALSE,0,FALSE,51068.808,,51068.808,0,FALSE,TRUE,
C,A,20230101,2023,52,2023,276,DEU,Germany,M,Import,604,PER,Peru,0,W00,World,H6,HS,TRUE,2607,Lead ores and concentrates,Lead,4,FALSE,C00,TOTAL CPC,0,0,TOTAL MOT,8,kg,6834710,FALSE,8,kg,6834710,FALSE,6834710,FALSE,0,FALSE,15796658.8,,15796658.8,0,FALSE,TRUE,
C,A,20230101,2023,52,2023,276,DEU,Germany,M,Import,724,ESP,Spain,0,W00,World,H6,HS,TRUE,2607,Lead ores and concentrates,Lead,4,FALSE,C00,TOTAL CPC,0,0,TOTAL MOT,8,kg,44213980,FALSE,8,kg,44213980,FALSE,44213980,FALSE,0,FALSE,115414938.2,,115414938.2,0,FALSE,TRUE,
C,A,20230101,2023,52,2023,276,DEU,Germany,M,Import,752,SWE,Sweden,0,W00,World,H6,HS,TRUE,2607,Lead ores and concentrates,Lead,4,FALSE,C00,TOTAL CPC,0,0,TOTAL MOT,8,kg,59672499,FALSE,8,kg,59672499,FALSE,59672499,FALSE,0,FALSE,140297597,,140297597,0,FALSE,TRUE,
C,A,20230101,2023,52,2023,276,DEU,Germany,M,Import,788,TUN,Tunisia,0,W00,World,H6,HS,TRUE,2607,Lead ores and concentrates,Lead,4,FALSE,C00,TOTAL CPC,0,0,TOTAL MOT,8,kg,1899190,FALSE,8,kg,1899190,FALSE,1899190,FALSE,0,FALSE,2154125.915,,2154125.915,0,FALSE,TRUE,
C,A,20230101,2023,52,2023,276,DEU,Germany,M,Import,792,TUR,Turkey,0,W00,World,H6,HS,TRUE,2607,Lead ores and concentrates,Lead,4,FALSE,C00,TOTAL CPC,0,0,TOTAL MOT,8,kg,12124300,FALSE,8,kg,12124300,FALSE,12124300,FALSE,0,FALSE,24070661.59,,24070661.59,0,FALSE,TRUE,
C,A,20230101,2023,52,2023,276,DEU,Germany,M,Import,807,MKD,North Macedonia,0,W00,World,H6,HS,TRUE,2607,Lead ores and concentrates,Lead,4,FALSE,C00,TOTAL CPC,0,0,TOTAL MOT,8,kg,13760770,FALSE,8,kg,13760770,FALSE,13760770,FALSE,0,FALSE,21081203.76,,21081203.76,0,FALSE,TRUE,
C,A,20230101,2023,52,2023,276,DEU,Germany,M,Import,842,USA,USA,0,W00,World,H6,HS,TRUE,2607,Lead ores and concentrates,Lead,4,FALSE,C00,TOTAL CPC,0,0,TOTAL MOT,8,kg,60282112.42,TRUE,-1,N/A,0,FALSE,60282112.42,TRUE,0,FALSE,85539488.13,,85539488.13,6,FALSE,TRUE,
C,A,20230101,2023,52,2023,276,DEU,Germany,M,Import,0,W00,World,0,W00,World,H6,HS,TRUE,2608,Zinc ores and concentrates,Zinc,4,FALSE,C00,TOTAL CPC,0,0,TOTAL MOT,8,kg,45177763.53,TRUE,-1,N/A,0,FALSE,45177763.53,TRUE,0,FALSE,28194422.87,,28194422.87,6,FALSE,TRUE,
C,A,20230101,2023,52,2023,276,DEU,Germany,M,Import,36,AUS,Australia,0,W00,World,H6,HS,TRUE,2608,Zinc ores and concentrates,Zinc,4,FALSE,C00,TOTAL CPC,0,0,TOTAL MOT,8,kg,17945849,FALSE,8,kg,17945849,FALSE,17945849,FALSE,0,FALSE,12260983.1,,12260983.1,0,FALSE,TRUE,
C,A,20230101,2023,52,2023,276,DEU,Germany,M,Import,68,BOL,Bolivia,0,W00,World,H6,HS,TRUE,2608,Zinc ores and concentrates,Zinc,4,FALSE,C00,TOTAL CPC,0,0,TOTAL MOT,8,kg,7,FALSE,8,kg,7,FALSE,7,FALSE,0,FALSE,1.09,,1.09,0,FALSE,TRUE,
C,A,20230101,2023,52,2023,276,DEU,Germany,M,Import,76,BRA,Brazil,0,W00,World,H6,HS,TRUE,2608,Zinc ores and concentrates,Zinc,4,FALSE,C00,TOTAL CPC,0,0,TOTAL MOT,8,kg,80,FALSE,8,kg,80,FALSE,80,FALSE,0,FALSE,1358.52,,1358.52,0,FALSE,TRUE,
C,A,20230101,2023,52,2023,276,DEU,Germany,M,Import,156,CHN,China,0,W00,World,H6,HS,TRUE,2608,Zinc ores and concentrates,Zinc,4,FALSE,C00,TOTAL CPC,0,0,TOTAL MOT,8,kg,1.747,TRUE,-1,N/A,0,FALSE,1.747,TRUE,0,FALSE,1.09,,1.09,6,FALSE,TRUE,
C,A,20230101,2023,52,2023,276,DEU,Germany,M,Import,380,ITA,Italy,0,W00,World,H6,HS,TRUE,2608,Zinc ores and concentrates,Zinc,4,FALSE,C00,TOTAL CPC,0,0,TOTAL MOT,8,kg,343.613,TRUE,-1,N/A,0,FALSE,343.613,TRUE,0,FALSE,287.841,,287.841,6,FALSE,TRUE,
C,A,20230101,2023,52,2023,276,DEU,Germany,M,Import,484,MEX,Mexico,0,W00,World,H6,HS,TRUE,2608,Zinc ores and concentrates,Zinc,4,FALSE,C00,TOTAL CPC,0,0,TOTAL MOT,8,kg,1019,FALSE,8,kg,1019,FALSE,1019,FALSE,0,FALSE,1138.279,,1138.279,0,FALSE,TRUE,
C,A,20230101,2023,52,2023,276,DEU,Germany,M,Import,616,POL,Poland,0,W00,World,H6,HS,TRUE,2608,Zinc ores and concentrates,Zinc,4,FALSE,C00,TOTAL CPC,0,0,TOTAL MOT,8,kg,900,FALSE,8,kg,900,FALSE,900,FALSE,0,FALSE,14706.037,,14706.037,0,FALSE,TRUE,
C,A,20230101,2023,52,2023,276,DEU,Germany,M,Import,620,PRT,Portugal,0,W00,World,H6,HS,TRUE,2608,Zinc ores and concentrates,Zinc,4,FALSE,C00,TOTAL CPC,0,0,TOTAL MOT,8,kg,7564572,FALSE,8,kg,7564572,FALSE,7564572,FALSE,0,FALSE,3715679.643,,3715679.643,0,FALSE,TRUE,
C,A,20230101,2023,52,2023,276,DEU,Germany,M,Import,710,ZAF,South Africa,0,W00,World,H6,HS,TRUE,2608,Zinc ores and concentrates,Zinc,4,FALSE,C00,TOTAL CPC,0,0,TOTAL MOT,8,kg,28.459,TRUE,-1,N/A,0,FALSE,28.459,TRUE,0,FALSE,20.716,,20.716,6,FALSE,TRUE,
C,A,20230101,2023,52,2023,276,DEU,Germany,M,Import,752,SWE,Sweden,0,W00,World,H6,HS,TRUE,2608,Zinc ores and concentrates,Zinc,4,FALSE,C00,TOTAL CPC,0,0,TOTAL MOT,8,kg,19664866,FALSE,8,kg,19664866,FALSE,19664866,FALSE,0,FALSE,12200140.79,,12200140.79,0,FALSE,TRUE,
C,A,20230101,2023,52,2023,276,DEU,Germany,M,Import,757,CHE,Switzerland,0,W00,World,H6,HS,TRUE,2608,Zinc ores and concentrates,Zinc,4,FALSE,C00,TOTAL CPC,0,0,TOTAL MOT,8,kg,35.724,TRUE,-1,N/A,0,FALSE,35.724,TRUE,0,FALSE,35.98,,35.98,6,FALSE,TRUE,
C,A,20230101,2023,52,2023,276,DEU,Germany,M,Import,792,TUR,Turkey,0,W00,World,H6,HS,TRUE,2608,Zinc ores and concentrates,Zinc,4,FALSE,C00,TOTAL CPC,0,0,TOTAL MOT,8,kg,1,FALSE,8,kg,1,FALSE,1,FALSE,0,FALSE,2.181,,2.181,0,FALSE,TRUE,
C,A,20230101,2023,52,2023,276,DEU,Germany,M,Import,842,USA,USA,0,W00,World,H6,HS,TRUE,2608,Zinc ores and concentrates,Zinc,4,FALSE,C00,TOTAL CPC,0,0,TOTAL MOT,8,kg,59.988,TRUE,-1,N/A,0,FALSE,59.988,TRUE,0,FALSE,67.599,,67.599,6,FALSE,TRUE,
C,A,20230101,2023,52,2023,276,DEU,Germany,M,Import,0,W00,World,0,W00,World,H6,HS,TRUE,2610,Chromium ores and concentrates,Chromium,4,FALSE,C00,TOTAL CPC,0,0,TOTAL MOT,8,kg,117719998.3,TRUE,-1,N/A,0,FALSE,117719998.3,TRUE,0,FALSE,41490574.49,,41490574.49,6,FALSE,TRUE,
C,A,20230101,2023,52,2023,276,DEU,Germany,M,Import,251,FRA,France,0,W00,World,H6,HS,TRUE,2610,Chromium ores and concentrates,Chromium,4,FALSE,C00,TOTAL CPC,0,0,TOTAL MOT,8,kg,123500,FALSE,8,kg,123500,FALSE,123500,FALSE,0,FALSE,66774.655,,66774.655,0,FALSE,TRUE,
C,A,20230101,2023,52,2023,276,DEU,Germany,M,Import,380,ITA,Italy,0,W00,World,H6,HS,TRUE,2610,Chromium ores and concentrates,Chromium,4,FALSE,C00,TOTAL CPC,0,0,TOTAL MOT,8,kg,711060,FALSE,8,kg,711060,FALSE,711060,FALSE,0,FALSE,351336.696,,351336.696,0,FALSE,TRUE,
C,A,20230101,2023,52,2023,276,DEU,Germany,M,Import,398,KAZ,Kazakhstan,0,W00,World,H6,HS,TRUE,2610,Chromium ores and concentrates,Chromium,4,FALSE,C00,TOTAL CPC,0,0,TOTAL MOT,8,kg,25000,FALSE,8,kg,25000,FALSE,25000,FALSE,0,FALSE,37194.674,,37194.674,0,FALSE,TRUE,
C,A,20230101,2023,52,2023,276,DEU,Germany,M,Import,528,NLD,Netherlands,0,W00,World,H6,HS,TRUE,2610,Chromium ores and concentrates,Chromium,4,FALSE,C00,TOTAL CPC,0,0,TOTAL MOT,8,kg,8826940,FALSE,8,kg,8826940,FALSE,8826940,FALSE,0,FALSE,4246913.437,,4246913.437,0,FALSE,TRUE,
C,A,20230101,2023,52,2023,276,DEU,Germany,M,Import,705,SVN,Slovenia,0,W00,World,H6,HS,TRUE,2610,Chromium ores and concentrates,Chromium,4,FALSE,C00,TOTAL CPC,0,0,TOTAL MOT,8,kg,14486,FALSE,8,kg,14486,FALSE,14486,FALSE,0,FALSE,16641.329,,16641.329,0,FALSE,TRUE,
C,A,20230101,2023,52,2023,276,DEU,Germany,M,Import,710,ZAF,South Africa,0,W00,World,H6,HS,TRUE,2610,Chromium ores and concentrates,Chromium,4,FALSE,C00,TOTAL CPC,0,0,TOTAL MOT,8,kg,80369298.3,TRUE,-1,N/A,0,FALSE,80369298.3,TRUE,0,FALSE,27491845.42,,27491845.42,6,FALSE,TRUE,
C,A,20230101,2023,52,2023,276,DEU,Germany,M,Import,792,TUR,Turkey,0,W00,World,H6,HS,TRUE,2610,Chromium ores and concentrates,Chromium,4,FALSE,C00,TOTAL CPC,0,0,TOTAL MOT,8,kg,27570590,FALSE,8,kg,27570590,FALSE,27570590,FALSE,0,FALSE,9251399.316,,9251399.316,0,FALSE,TRUE,
C,A,20230101,2023,52,2023,276,DEU,Germany,M,Import,842,USA,USA,0,W00,World,H6,HS,TRUE,2610,Chromium ores and concentrates,Chromium,4,FALSE,C00,TOTAL CPC,0,0,TOTAL MOT,8,kg,79124,FALSE,8,kg,79124,FALSE,79124,FALSE,0,FALSE,28468.961,,28468.961,0,FALSE,TRUE,
C,A,20230101,2023,52,2023,276,DEU,Germany,M,Import,0,W00,World,0,W00,World,H6,HS,TRUE,2613,Molybdenum ores and concentrates,Molybdenum,4,FALSE,C00,TOTAL CPC,0,0,TOTAL MOT,8,kg,2989537.648,TRUE,-1,N/A,0,FALSE,2989537.648,TRUE,0,FALSE,99695268.04,,99695268.04,6,FALSE,TRUE,
C,A,20230101,2023,52,2023,276,DEU,Germany,M,Import,56,BEL,Belgium,0,W00,World,H6,HS,TRUE,2613,Molybdenum ores and concentrates,Molybdenum,4,FALSE,C00,TOTAL CPC,0,0,TOTAL MOT,8,kg,243000,FALSE,8,kg,243000,FALSE,243000,FALSE,0,FALSE,7718019.075,,7718019.075,0,FALSE,TRUE,
C,A,20230101,2023,52,2023,276,DEU,Germany,M,Import,152,CHL,Chile,0,W00,World,H6,HS,TRUE,2613,Molybdenum ores and concentrates,Molybdenum,4,FALSE,C00,TOTAL CPC,0,0,TOTAL MOT,8,kg,362431,FALSE,8,kg,362431,FALSE,362431,FALSE,0,FALSE,12277213.38,,12277213.38,0,FALSE,TRUE,
C,A,20230101,2023,52,2023,276,DEU,Germany,M,Import,156,CHN,China,0,W00,World,H6,HS,TRUE,2613,Molybdenum ores and concentrates,Molybdenum,4,FALSE,C00,TOTAL CPC,0,0,TOTAL MOT,8,kg,8807,FALSE,8,kg,8807,FALSE,8807,FALSE,0,FALSE,297124.538,,297124.538,0,FALSE,TRUE,
C,A,20230101,2023,52,2023,276,DEU,Germany,M,Import,380,ITA,Italy,0,W00,World,H6,HS,TRUE,2613,Molybdenum ores and concentrates,Molybdenum,4,FALSE,C00,TOTAL CPC,0,0,TOTAL MOT,8,kg,5731,FALSE,8,kg,5731,FALSE,5731,FALSE,0,FALSE,242721.576,,242721.576,0,FALSE,TRUE,
C,A,20230101,2023,52,2023,276,DEU,Germany,M,Import,392,JPN,Japan,0,W00,World,H6,HS,TRUE,2613,Molybdenum ores and concentrates,Molybdenum,4,FALSE,C00,TOTAL CPC,0,0,TOTAL MOT,8,kg,353.361,TRUE,-1,N/A,0,FALSE,353.361,TRUE,0,FALSE,14449.816,,14449.816,6,FALSE,TRUE,
C,A,20230101,2023,52,2023,276,DEU,Germany,M,Import,484,MEX,Mexico,0,W00,World,H6,HS,TRUE,2613,Molybdenum ores and concentrates,Molybdenum,4,FALSE,C00,TOTAL CPC,0,0,TOTAL MOT,8,kg,12004,FALSE,8,kg,12004,FALSE,12004,FALSE,0,FALSE,338702.239,,338702.239,0,FALSE,TRUE,
C,A,20230101,2023,52,2023,276,DEU,Germany,M,Import,528,NLD,Netherlands,0,W00,World,H6,HS,TRUE,2613,Molybdenum ores and concentrates,Molybdenum,4,FALSE,C00,TOTAL CPC,0,0,TOTAL MOT,8,kg,2315150,FALSE,8,kg,2315150,FALSE,2315150,FALSE,0,FALSE,77415325.98,,77415325.98,0,FALSE,TRUE,
C,A,20230101,2023,52,2023,276,DEU,Germany,M,Import,704,VNM,Vietnam,0,W00,World,H6,HS,TRUE,2613,Molybdenum ores and concentrates,Molybdenum,4,FALSE,C00,TOTAL CPC,0,0,TOTAL MOT,8,kg,20000,FALSE,8,kg,20000,FALSE,20000,FALSE,0,FALSE,465267.054,,465267.054,0,FALSE,TRUE,
C,A,20230101,2023,52,2023,276,DEU,Germany,M,Import,757,CHE,Switzerland,0,W00,World,H6,HS,TRUE,2613,Molybdenum ores and concentrates,Molybdenum,4,FALSE,C00,TOTAL CPC,0,0,TOTAL MOT,8,kg,2000,FALSE,8,kg,2000,FALSE,2000,FALSE,0,FALSE,52072.979,,52072.979,0,FALSE,TRUE,
C,A,20230101,2023,52,2023,276,DEU,Germany,M,Import,842,USA,USA,0,W00,World,H6,HS,TRUE,2613,Molybdenum ores and concentrates,Molybdenum,4,FALSE,C00,TOTAL CPC,0,0,TOTAL MOT,8,kg,20061.288,TRUE,-1,N/A,0,FALSE,20061.288,TRUE,0,FALSE,874371.394,,874371.394,6,FALSE,TRUE,
C,A,20230101,2023,52,2023,276,DEU,Germany,M,Import,0,W00,World,0,W00,World,H6,HS,true,8106,"Bismuth; articles thereof, including waste and scrap",Bismuth,4,false,C00,TOTAL CPC,0,0,TOTAL MOT,8,kg,905119.043,true,-1,N/A,0,false,905119.043,true,0,false,9655198.809,,9655198.809,6,false,true,
C,A,20230101,2023,52,2023,276,DEU,Germany,M,Import,56,BEL,Belgium,0,W00,World,H6,HS,true,8106,"Bismuth; articles thereof, including waste and scrap",Bismuth,4,false,C00,TOTAL CPC,0,0,TOTAL MOT,8,kg,13015,false,8,kg,13015,false,13015,false,0,false,111360.413,,111360.413,0,false,true,
C,A,20230101,2023,52,2023,276,DEU,Germany,M,Import,124,CAN,Canada,0,W00,World,H6,HS,true,8106,"Bismuth; articles thereof, including waste and scrap",Bismuth,4,false,C00,TOTAL CPC,0,0,TOTAL MOT,8,kg,87.695,true,-1,N/A,0,false,87.695,true,0,false,3382.608,,3382.608,6,false,true,
C,A,20230101,2023,52,2023,276,DEU,Germany,M,Import,156,CHN,China,0,W00,World,H6,HS,true,8106,"Bismuth; articles thereof, including waste and scrap",Bismuth,4,false,C00,TOTAL CPC,0,0,TOTAL MOT,8,kg,859927.122,true,-1,N/A,0,false,859927.122,true,0,false,8502020.972,,8502020.972,6,false,true,
C,A,20230101,2023,52,2023,276,DEU,Germany,M,Import,251,FRA,France,0,W00,World,H6,HS,true,8106,"Bismuth; articles thereof, including waste and scrap",Bismuth,4,false,C00,TOTAL CPC,0,0,TOTAL MOT,8,kg,7981.83,true,-1,N/A,0,false,7981.83,true,0,false,197579.928,,197579.928,6,false,true,
C,A,20230101,2023,52,2023,276,DEU,Germany,M,Import,344,HKG,"China, Hong Kong SAR",0,W00,World,H6,HS,true,8106,"Bismuth; articles thereof, including waste and scrap",Bismuth,4,false,C00,TOTAL CPC,0,0,TOTAL MOT,8,kg,29,false,8,kg,29,false,29,false,0,false,2086.867,,2086.867,0,false,true,
C,A,20230101,2023,52,2023,276,DEU,Germany,M,Import,380,ITA,Italy,0,W00,World,H6,HS,true,8106,"Bismuth; articles thereof, including waste and scrap",Bismuth,4,false,C00,TOTAL CPC,0,0,TOTAL MOT,8,kg,97,false,8,kg,97,false,97,false,0,false,4582.688,,4582.688,0,false,true,
C,A,20230101,2023,52,2023,276,DEU,Germany,M,Import,442,LUX,Luxembourg,0,W00,World,H6,HS,true,8106,"Bismuth; articles thereof, including waste and scrap",Bismuth,4,false,C00,TOTAL CPC,0,0,TOTAL MOT,8,kg,9501,false,8,kg,9501,false,9501,false,0,false,84671.894,,84671.894,0,false,true,
C,A,20230101,2023,52,2023,276,DEU,Germany,M,Import,490,S19,"Other Asia, nes",0,W00,World,H6,HS,true,8106,"Bismuth; articles thereof, including waste and scrap",Bismuth,4,false,C00,TOTAL CPC,0,0,TOTAL MOT,8,kg,2,false,8,kg,2,false,2,false,0,false,2545.086,,2545.086,0,false,true,
C,A,20230101,2023,52,2023,276,DEU,Germany,M,Import,528,NLD,Netherlands,0,W00,World,H6,HS,true,8106,"Bismuth; articles thereof, including waste and scrap",Bismuth,4,false,C00,TOTAL CPC,0,0,TOTAL MOT,8,kg,1043.623,true,-1,N/A,0,false,1043.623,true,0,false,37477.717,,37477.717,6,false,true,
C,A,20230101,2023,52,2023,276,DEU,Germany,M,Import,703,SVK,Slovakia,0,W00,World,H6,HS,true,8106,"Bismuth; articles thereof, including waste and scrap",Bismuth,4,false,C00,TOTAL CPC,0,0,TOTAL MOT,8,kg,103,false,8,kg,103,false,103,false,0,false,2042.755,,2042.755,0,false,true,
C,A,20230101,2023,52,2023,276,DEU,Germany,M,Import,757,CHE,Switzerland,0,W00,World,H6,HS,true,8106,"Bismuth; articles thereof, including waste and scrap",Bismuth,4,false,C00,TOTAL CPC,0,0,TOTAL MOT,8,kg,54,false,8,kg,54,false,54,false,0,false,247.164,,247.164,0,false,true,
C,A,20230101,2023,52,2023,276,DEU,Germany,M,Import,764,THA,Thailand,0,W00,World,H6,HS,true,8106,"Bismuth; articles thereof, including waste and scrap",Bismuth,4,false,C00,TOTAL CPC,0,0,TOTAL MOT,8,kg,68,false,8,kg,68,false,68,false,0,false,1749.332,,1749.332,0,false,true,
C,A,20230101,2023,52,2023,276,DEU,Germany,M,Import,792,TUR,Türkiye,0,W00,World,H6,HS,true,8106,"Bismuth; articles thereof, including waste and scrap",Bismuth,4,false,C00,TOTAL CPC,0,0,TOTAL MOT,8,kg,2989.493,true,-1,N/A,0,false,2989.493,true,0,false,114585.776,,114585.776,6,false,true,
C,A,20230101,2023,52,2023,276,DEU,Germany,M,Import,826,GBR,United Kingdom,0,W00,World,H6,HS,true,8106,"Bismuth; articles thereof, including waste and scrap",Bismuth,4,false,C00,TOTAL CPC,0,0,TOTAL MOT,8,kg,4433.436,true,-1,N/A,0,false,4433.436,true,0,false,257214.145,,257214.145,6,false,true,
C,A,20230101,2023,52,2023,276,DEU,Germany,M,Import,842,USA,USA,0,W00,World,H6,HS,true,8106,"Bismuth; articles thereof, including waste and scrap",Bismuth,4,false,C00,TOTAL CPC,0,0,TOTAL MOT,8,kg,5786.845,true,-1,N/A,0,false,5786.845,true,0,false,333651.464,,333651.464,6,false,true,
C,A,20230101,2023,52,2023,276,DEU,Germany,M,Import,0,W00,World,0,W00,World,H6,HS,true,811269,Cadmium; other than waste and scrap,Cadmium,6,true,C00,TOTAL CPC,0,0,TOTAL MOT,8,kg,376985.627,true,-1,N/A,0,false,376985.627,true,0,false,2050020.743,,2050020.743,6,false,true,
C,A,20230101,2023,52,2023,276,DEU,Germany,M,Import,56,BEL,Belgium,0,W00,World,H6,HS,true,811269,Cadmium; other than waste and scrap,Cadmium,6,true,C00,TOTAL CPC,0,0,TOTAL MOT,8,kg,11456,false,8,kg,11456,false,11456,false,0,false,66199.646,,66199.646,0,false,true,
C,A,20230101,2023,52,2023,276,DEU,Germany,M,Import,100,BGR,Bulgaria,0,W00,World,H6,HS,true,811269,Cadmium; other than waste and scrap,Cadmium,6,true,C00,TOTAL CPC,0,0,TOTAL MOT,8,kg,66,false,8,kg,66,false,66,false,0,false,842.257,,842.257,0,false,true,
C,A,20230101,2023,52,2023,276,DEU,Germany,M,Import,124,CAN,Canada,0,W00,World,H6,HS,true,811269,Cadmium; other than waste and scrap,Cadmium,6,true,C00,TOTAL CPC,0,0,TOTAL MOT,8,kg,287229,false,8,kg,287229,false,287229,false,0,false,1599274.421,,1599274.421,0,false,true,
C,A,20230101,2023,52,2023,276,DEU,Germany,M,Import,156,CHN,China,0,W00,World,H6,HS,true,811269,Cadmium; other than waste and scrap,Cadmium,6,true,C00,TOTAL CPC,0,0,TOTAL MOT,8,kg,1675.887,true,-1,N/A,0,false,1675.887,true,0,false,54521.339,,54521.339,6,false,true,
C,A,20230101,2023,52,2023,276,DEU,Germany,M,Import,251,FRA,France,0,W00,World,H6,HS,true,811269,Cadmium; other than waste and scrap,Cadmium,6,true,C00,TOTAL CPC,0,0,TOTAL MOT,8,kg,853,false,8,kg,853,false,853,false,0,false,17548.396,,17548.396,0,false,true,
C,A,20230101,2023,52,2023,276,DEU,Germany,M,Import,344,HKG,"China, Hong Kong SAR",0,W00,World,H6,HS,true,811269,Cadmium; other than waste and scrap,Cadmium,6,true,C00,TOTAL CPC,0,0,TOTAL MOT,8,kg,349,false,8,kg,349,false,349,false,0,false,11670.619,,11670.619,0,false,true,
C,A,20230101,2023,52,2023,276,DEU,Germany,M,Import,604,PER,Peru,0,W00,World,H6,HS,true,811269,Cadmium; other than waste and scrap,Cadmium,6,true,C00,TOTAL CPC,0,0,TOTAL MOT,8,kg,200,false,8,kg,200,false,200,false,0,false,2746.262,,2746.262,0,false,true,
C,A,20230101,2023,52,2023,276,DEU,Germany,M,Import,616,POL,Poland,0,W00,World,H6,HS,true,811269,Cadmium; other than waste and scrap,Cadmium,6,true,C00,TOTAL CPC,0,0,TOTAL MOT,8,kg,73664,false,8,kg,73664,false,73664,false,0,false,256761.85,,256761.85,0,false,true,
C,A,20230101,2023,52,2023,276,DEU,Germany,M,Import,643,RUS,Russian Federation,0,W00,World,H6,HS,true,811269,Cadmium; other than waste and scrap,Cadmium,6,true,C00,TOTAL CPC,0,0,TOTAL MOT,8,kg,721,false,8,kg,721,false,721,false,0,false,12093.113,,12093.113,0,false,true,
C,A,20230101,2023,52,2023,276,DEU,Germany,M,Import,757,CHE,Switzerland,0,W00,World,H6,HS,true,811269,Cadmium; other than waste and scrap,Cadmium,6,true,C00,TOTAL CPC,0,0,TOTAL MOT,8,kg,490,false,8,kg,490,false,490,false,0,false,7242.042,,7242.042,0,false,true,
C,A,20230101,2023,52,2023,276,DEU,Germany,M,Import,826,GBR,United Kingdom,0,W00,World,H6,HS,true,811269,Cadmium; other than waste and scrap,Cadmium,6,true,C00,TOTAL CPC,0,0,TOTAL MOT,8,kg,117.173,true,-1,N/A,0,false,117.173,true,0,false,9609.996,,9609.996,6,false,true,
C,A,20230101,2023,52,2023,276,DEU,Germany,M,Import,842,USA,USA,0,W00,World,H6,HS,true,811269,Cadmium; other than waste and scrap,Cadmium,6,true,C00,TOTAL CPC,0,0,TOTAL MOT,8,kg,164.566,true,-1,N/A,0,false,164.566,true,0,false,11510.803,,11510.803,6,false,true,
C,A,20230101,2023,52,2023,276,DEU,Germany,M,Import,0,W00,World,0,W00,World,H6,HS,true,8109,"Zirconium; articles thereof, including waste and scrap",Zirconium,4,false,C00,TOTAL CPC,0,0,TOTAL MOT,8,kg,449607.488,true,-1,N/A,0,false,449607.488,true,0,false,38140298.793,,38140298.793,6,false,true,
C,A,20230101,2023,52,2023,276,DEU,Germany,M,Import,36,AUS,Australia,0,W00,World,H6,HS,true,8109,"Zirconium; articles thereof, including waste and scrap",Zirconium,4,false,C00,TOTAL CPC,0,0,TOTAL MOT,8,kg,67.987,true,-1,N/A,0,false,67.987,true,0,false,9554.741,,9554.741,6,false,true,
C,A,20230101,2023,52,2023,276,DEU,Germany,M,Import,40,AUT,Austria,0,W00,World,H6,HS,true,8109,"Zirconium; articles thereof, including waste and scrap",Zirconium,4,false,C00,TOTAL CPC,0,0,TOTAL MOT,8,kg,47,false,8,kg,47,false,47,false,0,false,3342.668,,3342.668,0,false,true,
C,A,20230101,2023,52,2023,276,DEU,Germany,M,Import,56,BEL,Belgium,0,W00,World,H6,HS,true,8109,"Zirconium; articles thereof, including waste and scrap",Zirconium,4,false,C00,TOTAL CPC,0,0,TOTAL MOT,8,kg,6031.909,true,-1,N/A,0,false,6031.909,true,0,false,193785.632,,193785.632,6,false,true,
C,A,20230101,2023,52,2023,276,DEU,Germany,M,Import,116,KHM,Cambodia,0,W00,World,H6,HS,true,8109,"Zirconium; articles thereof, including waste and scrap",Zirconium,4,false,C00,TOTAL CPC,0,0,TOTAL MOT,8,kg,1,false,8,kg,1,false,1,false,0,false,1226.879,,1226.879,0,false,true,
C,A,20230101,2023,52,2023,276,DEU,Germany,M,Import,124,CAN,Canada,0,W00,World,H6,HS,true,8109,"Zirconium; articles thereof, including waste and scrap",Zirconium,4,false,C00,TOTAL CPC,0,0,TOTAL MOT,8,kg,399.398,true,-1,N/A,0,false,399.398,true,0,false,177411.485,,177411.485,6,false,true,
C,A,20230101,2023,52,2023,276,DEU,Germany,M,Import,156,CHN,China,0,W00,World,H6,HS,true,8109,"Zirconium; articles thereof, including waste and scrap",Zirconium,4,false,C00,TOTAL CPC,0,0,TOTAL MOT,8,kg,46495.857,true,-1,N/A,0,false,46495.857,true,0,false,2018870.973,,2018870.973,6,false,true,
C,A,20230101,2023,52,2023,276,DEU,Germany,M,Import,203,CZE,Czechia,0,W00,World,H6,HS,true,8109,"Zirconium; articles thereof, including waste and scrap",Zirconium,4,false,C00,TOTAL CPC,0,0,TOTAL MOT,8,kg,42,false,8,kg,42,false,42,false,0,false,22278.013,,22278.013,0,false,true,
C,A,20230101,2023,52,2023,276,DEU,Germany,M,Import,233,EST,Estonia,0,W00,World,H6,HS,true,8109,"Zirconium; articles thereof, including waste and scrap",Zirconium,4,false,C00,TOTAL CPC,0,0,TOTAL MOT,8,kg,2884,false,8,kg,2884,false,2884,false,0,false,18356.693,,18356.693,0,false,true,
C,A,20230101,2023,52,2023,276,DEU,Germany,M,Import,246,FIN,Finland,0,W00,World,H6,HS,true,8109,"Zirconium; articles thereof, including waste and scrap",Zirconium,4,false,C00,TOTAL CPC,0,0,TOTAL MOT,8,kg,912,false,8,kg,912,false,912,false,0,false,10733.233,,10733.233,0,false,true,
C,A,20230101,2023,52,2023,276,DEU,Germany,M,Import,251,FRA,France,0,W00,World,H6,HS,true,8109,"Zirconium; articles thereof, including waste and scrap",Zirconium,4,false,C00,TOTAL CPC,0,0,TOTAL MOT,8,kg,196679.701,true,-1,N/A,0,false,196679.701,true,0,false,26668245.82,,26668245.82,6,false,true,
C,A,20230101,2023,52,2023,276,DEU,Germany,M,Import,380,ITA,Italy,0,W00,World,H6,HS,true,8109,"Zirconium; articles thereof, including waste and scrap",Zirconium,4,false,C00,TOTAL CPC,0,0,TOTAL MOT,8,kg,34,false,8,kg,34,false,34,false,0,false,2110.397,,2110.397,0,false,true,
C,A,20230101,2023,52,2023,276,DEU,Germany,M,Import,392,JPN,Japan,0,W00,World,H6,HS,true,8109,"Zirconium; articles thereof, including waste and scrap",Zirconium,4,false,C00,TOTAL CPC,0,0,TOTAL MOT,8,kg,1002.698,true,-1,N/A,0,false,1002.698,true,0,false,298360.767,,298360.767,6,false,true,
C,A,20230101,2023,52,2023,276,DEU,Germany,M,Import,410,KOR,Rep. of Korea,0,W00,World,H6,HS,true,8109,"Zirconium; articles thereof, including waste and scrap",Zirconium,4,false,C00,TOTAL CPC,0,0,TOTAL MOT,8,kg,2184,false,8,kg,2184,false,2184,false,0,false,481957.515,,481957.515,0,false,true,
C,A,20230101,2023,52,2023,276,DEU,Germany,M,Import,528,NLD,Netherlands,0,W00,World,H6,HS,true,8109,"Zirconium; articles thereof, including waste and scrap",Zirconium,4,false,C00,TOTAL CPC,0,0,TOTAL MOT,8,kg,1650,false,8,kg,1650,false,1650,false,0,false,32953.037,,32953.037,0,false,true,
C,A,20230101,2023,52,2023,276,DEU,Germany,M,Import,643,RUS,Russian Federation,0,W00,World,H6,HS,true,8109,"Zirconium; articles thereof, including waste and scrap",Zirconium,4,false,C00,TOTAL CPC,0,0,TOTAL MOT,8,kg,623,false,8,kg,623,false,623,false,0,false,235339.42,,235339.42,0,false,true,
C,A,20230101,2023,52,2023,276,DEU,Germany,M,Import,699,IND,India,0,W00,World,H6,HS,true,8109,"Zirconium; articles thereof, including waste and scrap",Zirconium,4,false,C00,TOTAL CPC,0,0,TOTAL MOT,8,kg,7,false,8,kg,7,false,7,false,0,false,343.531,,343.531,0,false,true,
C,A,20230101,2023,52,2023,276,DEU,Germany,M,Import,724,ESP,Spain,0,W00,World,H6,HS,true,8109,"Zirconium; articles thereof, including waste and scrap",Zirconium,4,false,C00,TOTAL CPC,0,0,TOTAL MOT,8,kg,5923,false,8,kg,5923,false,5923,false,0,false,117122.902,,117122.902,0,false,true,
C,A,20230101,2023,52,2023,276,DEU,Germany,M,Import,752,SWE,Sweden,0,W00,World,H6,HS,true,8109,"Zirconium; articles thereof, including waste and scrap",Zirconium,4,false,C00,TOTAL CPC,0,0,TOTAL MOT,8,kg,105481,false,8,kg,105481,false,105481,false,0,false,4531967.764,,4531967.764,0,false,true,
C,A,20230101,2023,52,2023,276,DEU,Germany,M,Import,757,CHE,Switzerland,0,W00,World,H6,HS,true,8109,"Zirconium; articles thereof, including waste and scrap",Zirconium,4,false,C00,TOTAL CPC,0,0,TOTAL MOT,8,kg,1275.973,true,-1,N/A,0,false,1275.973,true,0,false,955186.907,,955186.907,6,false,true,
C,A,20230101,2023,52,2023,276,DEU,Germany,M,Import,826,GBR,United Kingdom,0,W00,World,H6,HS,true,8109,"Zirconium; articles thereof, including waste and scrap",Zirconium,4,false,C00,TOTAL CPC,0,0,TOTAL MOT,8,kg,18180.292,true,-1,N/A,0,false,18180.292,true,0,false,591314.091,,591314.091,6,false,true,
C,A,20230101,2023,52,2023,276,DEU,Germany,M,Import,842,USA,USA,0,W00,World,H6,HS,true,8109,"Zirconium; articles thereof, including waste and scrap",Zirconium,4,false,C00,TOTAL CPC,0,0,TOTAL MOT,8,kg,59685.674,true,-1,N/A,0,false,59685.674,true,0,false,1769836.324,,1769836.324,6,false,true,
