typeCode,freqCode,refPeriodId,refYear,refMonth,Period,reporterCode,reporterISO,reporterDesc,flowCode,flowDesc,partnerCode,PartnerISO,PartnerDesc,partner2Code,partner2ISO,partner2Desc,classificationCode,classificationSearchCode,isOriginalClassification,cmdCode,cmdDesc,aggrLevel,isLeaf,customsCode,customsDesc,mosCode,motCode,motDesc,qtyUnitCode,qtyUnitAbbr,qty,isQtyEstimated,altQtyUnitCode,altQtyUnitAbbr,altQty,isAltQtyEstimated,NetWgt,isNetWgtEstimated,grossWgt,isGrossWgtEstimated,cifvalue,fobvalue,primaryValue,legacyEstimationFlag,isReported,isAggregate
C,A,20210101,2021,52,2021,276,DEU,Germany,M,Import,0,W00,World,0,W00,World,H5,HS,TRUE,810520,"Cobalt; mattes and other intermediate products of cobalt metallurgy, unwrought cobalt, powders",6,TRUE,C00,TOTAL CPC,0,0,TOTAL MOT,8,kg,2231392.376,TRUE,-1,N/A,0,FALSE,2231392.376,TRUE,0,FALSE,118581381.2,0,118581381.2,6,FALSE,TRUE
C,A,20210101,2021,52,2021,276,DEU,Germany,M,Import,36,AUS,Australia,0,W00,World,H5,HS,TRUE,810520,"Cobalt; mattes and other intermediate products of cobalt metallurgy, unwrought cobalt, powders",6,TRUE,C00,TOTAL CPC,0,0,TOTAL MOT,8,kg,20000,FALSE,8,kg,20000,FALSE,20000,FALSE,0,FALSE,1042836.194,0,1042836.194,0,FALSE,TRUE
C,A,20210101,2021,52,2021,276,DEU,Germany,M,Import,40,AUT,Austria,0,W00,World,H5,HS,TRUE,810520,"Cobalt; mattes and other intermediate products of cobalt metallurgy, unwrought cobalt, powders",6,TRUE,C00,TOTAL CPC,0,0,TOTAL MOT,8,kg,4.378,TRUE,-1,N/A,0,FALSE,4.378,TRUE,0,FALSE,440.458,0,440.458,6,FALSE,TRUE
C,A,20210101,2021,52,2021,276,DEU,Germany,M,Import,56,BEL,Belgium,0,W00,World,H5,HS,TRUE,810520,"Cobalt; mattes and other intermediate products of cobalt metallurgy, unwrought cobalt, powders",6,TRUE,C00,TOTAL CPC,0,0,TOTAL MOT,8,kg,333319,FALSE,8,kg,333319,FALSE,333319,FALSE,0,FALSE,18353515.3,0,18353515.3,0,FALSE,TRUE
C,A,20210101,2021,52,2021,276,DEU,Germany,M,Import,76,BRA,Brazil,0,W00,World,H5,HS,TRUE,810520,"Cobalt; mattes and other intermediate products of cobalt metallurgy, unwrought cobalt, powders",6,TRUE,C00,TOTAL CPC,0,0,TOTAL MOT,8,kg,5.911,TRUE,-1,N/A,0,FALSE,5.911,TRUE,0,FALSE,314.107,0,314.107,6,FALSE,TRUE
C,A,20210101,2021,52,2021,276,DEU,Germany,M,Import,124,CAN,Canada,0,W00,World,H5,HS,TRUE,810520,"Cobalt; mattes and other intermediate products of cobalt metallurgy, unwrought cobalt, powders",6,TRUE,C00,TOTAL CPC,0,0,TOTAL MOT,8,kg,446656.778,TRUE,-1,N/A,0,FALSE,446656.778,TRUE,0,FALSE,24586513.94,0,24586513.94,6,FALSE,TRUE
C,A,20210101,2021,52,2021,276,DEU,Germany,M,Import,156,CHN,China,0,W00,World,H5,HS,TRUE,810520,"Cobalt; mattes and other intermediate products of cobalt metallurgy, unwrought cobalt, powders",6,TRUE,C00,TOTAL CPC,0,0,TOTAL MOT,8,kg,115388.067,TRUE,-1,N/A,0,FALSE,115388.067,TRUE,0,FALSE,5139879.416,0,5139879.416,6,FALSE,TRUE
C,A,20210101,2021,52,2021,276,DEU,Germany,M,Import,203,CZE,Czechia,0,W00,World,H5,HS,TRUE,810520,"Cobalt; mattes and other intermediate products of cobalt metallurgy, unwrought cobalt, powders",6,TRUE,C00,TOTAL CPC,0,0,TOTAL MOT,8,kg,3954,FALSE,8,kg,3954,FALSE,3954,FALSE,0,FALSE,140474.129,0,140474.129,0,FALSE,TRUE
C,A,20210101,2021,52,2021,276,DEU,Germany,M,Import,208,DNK,Denmark,0,W00,World,H5,HS,TRUE,810520,"Cobalt; mattes and other intermediate products of cobalt metallurgy, unwrought cobalt, powders",6,TRUE,C00,TOTAL CPC,0,0,TOTAL MOT,8,kg,10,FALSE,8,kg,10,FALSE,10,FALSE,0,FALSE,1357.98,0,1357.98,0,FALSE,TRUE
C,A,20210101,2021,52,2021,276,DEU,Germany,M,Import,233,EST,Estonia,0,W00,World,H5,HS,TRUE,810520,"Cobalt; mattes and other intermediate products of cobalt metallurgy, unwrought cobalt, powders",6,TRUE,C00,TOTAL CPC,0,0,TOTAL MOT,8,kg,126,FALSE,8,kg,126,FALSE,126,FALSE,0,FALSE,26342.442,0,26342.442,0,FALSE,TRUE
C,A,20210101,2021,52,2021,276,DEU,Germany,M,Import,246,FIN,Finland,0,W00,World,H5,HS,TRUE,810520,"Cobalt; mattes and other intermediate products of cobalt metallurgy, unwrought cobalt, powders",6,TRUE,C00,TOTAL CPC,0,0,TOTAL MOT,8,kg,235439,FALSE,8,kg,235439,FALSE,235439,FALSE,0,FALSE,14178270.17,0,14178270.17,0,FALSE,TRUE
C,A,20210101,2021,52,2021,276,DEU,Germany,M,Import,251,FRA,France,0,W00,World,H5,HS,TRUE,810520,"Cobalt; mattes and other intermediate products of cobalt metallurgy, unwrought cobalt, powders",6,TRUE,C00,TOTAL CPC,0,0,TOTAL MOT,8,kg,18905,FALSE,8,kg,18905,FALSE,18905,FALSE,0,FALSE,1066055.283,0,1066055.283,0,FALSE,TRUE
C,A,20210101,2021,52,2021,276,DEU,Germany,M,Import,372,IRL,Ireland,0,W00,World,H5,HS,TRUE,810520,"Cobalt; mattes and other intermediate products of cobalt metallurgy, unwrought cobalt, powders",6,TRUE,C00,TOTAL CPC,0,0,TOTAL MOT,8,kg,300,FALSE,8,kg,300,FALSE,300,FALSE,0,FALSE,18168.586,0,18168.586,0,FALSE,TRUE
C,A,20210101,2021,52,2021,276,DEU,Germany,M,Import,380,ITA,Italy,0,W00,World,H5,HS,TRUE,810520,"Cobalt; mattes and other intermediate products of cobalt metallurgy, unwrought cobalt, powders",6,TRUE,C00,TOTAL CPC,0,0,TOTAL MOT,8,kg,2494,FALSE,8,kg,2494,FALSE,2494,FALSE,0,FALSE,166752.805,0,166752.805,0,FALSE,TRUE
C,A,20210101,2021,52,2021,276,DEU,Germany,M,Import,392,JPN,Japan,0,W00,World,H5,HS,TRUE,810520,"Cobalt; mattes and other intermediate products of cobalt metallurgy, unwrought cobalt, powders",6,TRUE,C00,TOTAL CPC,0,0,TOTAL MOT,8,kg,62245,FALSE,8,kg,62245,FALSE,62245,FALSE,0,FALSE,3150596.416,0,3150596.416,0,FALSE,TRUE
C,A,20210101,2021,52,2021,276,DEU,Germany,M,Import,440,LTU,Lithuania,0,W00,World,H5,HS,TRUE,810520,"Cobalt; mattes and other intermediate products of cobalt metallurgy, unwrought cobalt, powders",6,TRUE,C00,TOTAL CPC,0,0,TOTAL MOT,8,kg,60,FALSE,8,kg,60,FALSE,60,FALSE,0,FALSE,11245.252,0,11245.252,0,FALSE,TRUE
C,A,20210101,2021,52,2021,276,DEU,Germany,M,Import,442,LUX,Luxembourg,0,W00,World,H5,HS,TRUE,810520,"Cobalt; mattes and other intermediate products of cobalt metallurgy, unwrought cobalt, powders",6,TRUE,C00,TOTAL CPC,0,0,TOTAL MOT,8,kg,15975,FALSE,8,kg,15975,FALSE,15975,FALSE,0,FALSE,734350.473,0,734350.473,0,FALSE,TRUE
C,A,20210101,2021,52,2021,276,DEU,Germany,M,Import,450,MDG,Madagascar,0,W00,World,H5,HS,TRUE,810520,"Cobalt; mattes and other intermediate products of cobalt metallurgy, unwrought cobalt, powders",6,TRUE,C00,TOTAL CPC,0,0,TOTAL MOT,8,kg,96000,FALSE,8,kg,96000,FALSE,96000,FALSE,0,FALSE,4044719.679,0,4044719.679,0,FALSE,TRUE
C,A,20210101,2021,52,2021,276,DEU,Germany,M,Import,484,MEX,Mexico,0,W00,World,H5,HS,TRUE,810520,"Cobalt; mattes and other intermediate products of cobalt metallurgy, unwrought cobalt, powders",6,TRUE,C00,TOTAL CPC,0,0,TOTAL MOT,8,kg,7500,FALSE,8,kg,7500,FALSE,7500,FALSE,0,FALSE,406165.782,0,406165.782,0,FALSE,TRUE
C,A,20210101,2021,52,2021,276,DEU,Germany,M,Import,504,MAR,Morocco,0,W00,World,H5,HS,TRUE,810520,"Cobalt; mattes and other intermediate products of cobalt metallurgy, unwrought cobalt, powders",6,TRUE,C00,TOTAL CPC,0,0,TOTAL MOT,8,kg,4990,FALSE,8,kg,4990,FALSE,4990,FALSE,0,FALSE,214736.717,0,214736.717,0,FALSE,TRUE
C,A,20210101,2021,52,2021,276,DEU,Germany,M,Import,528,NLD,Netherlands,0,W00,World,H5,HS,TRUE,810520,"Cobalt; mattes and other intermediate products of cobalt metallurgy, unwrought cobalt, powders",6,TRUE,C00,TOTAL CPC,0,0,TOTAL MOT,8,kg,46468,FALSE,8,kg,46468,FALSE,46468,FALSE,0,FALSE,2414168.825,0,2414168.825,0,FALSE,TRUE
C,A,20210101,2021,52,2021,276,DEU,Germany,M,Import,579,NOR,Norway,0,W00,World,H5,HS,TRUE,810520,"Cobalt; mattes and other intermediate products of cobalt metallurgy, unwrought cobalt, powders",6,TRUE,C00,TOTAL CPC,0,0,TOTAL MOT,8,kg,143531,FALSE,8,kg,143531,FALSE,143531,FALSE,0,FALSE,7376138.749,0,7376138.749,0,FALSE,TRUE
C,A,20210101,2021,52,2021,276,DEU,Germany,M,Import,616,POL,Poland,0,W00,World,H5,HS,TRUE,810520,"Cobalt; mattes and other intermediate products of cobalt metallurgy, unwrought cobalt, powders",6,TRUE,C00,TOTAL CPC,0,0,TOTAL MOT,8,kg,16.955,TRUE,-1,N/A,0,FALSE,16.955,TRUE,0,FALSE,2188.118,0,2188.118,6,FALSE,TRUE
C,A,20210101,2021,52,2021,276,DEU,Germany,M,Import,642,ROU,Romania,0,W00,World,H5,HS,TRUE,810520,"Cobalt; mattes and other intermediate products of cobalt metallurgy, unwrought cobalt, powders",6,TRUE,C00,TOTAL CPC,0,0,TOTAL MOT,8,kg,320,FALSE,8,kg,320,FALSE,320,FALSE,0,FALSE,13145.242,0,13145.242,0,FALSE,TRUE
C,A,20210101,2021,52,2021,276,DEU,Germany,M,Import,643,RUS,Russian Federation,0,W00,World,H5,HS,TRUE,810520,"Cobalt; mattes and other intermediate products of cobalt metallurgy, unwrought cobalt, powders",6,TRUE,C00,TOTAL CPC,0,0,TOTAL MOT,8,kg,25160,FALSE,8,kg,25160,FALSE,25160,FALSE,0,FALSE,1437086.001,0,1437086.001,0,FALSE,TRUE
C,A,20210101,2021,52,2021,276,DEU,Germany,M,Import,710,ZAF,South Africa,0,W00,World,H5,HS,TRUE,810520,"Cobalt; mattes and other intermediate products of cobalt metallurgy, unwrought cobalt, powders",6,TRUE,C00,TOTAL CPC,0,0,TOTAL MOT,8,kg,70061.422,TRUE,-1,N/A,0,FALSE,70061.422,TRUE,0,FALSE,3729392.102,0,3729392.102,6,FALSE,TRUE
C,A,20210101,2021,52,2021,276,DEU,Germany,M,Import,724,ESP,Spain,0,W00,World,H5,HS,TRUE,810520,"Cobalt; mattes and other intermediate products of cobalt metallurgy, unwrought cobalt, powders",6,TRUE,C00,TOTAL CPC,0,0,TOTAL MOT,8,kg,63075,FALSE,8,kg,63075,FALSE,63075,FALSE,0,FALSE,2636157.153,0,2636157.153,0,FALSE,TRUE
C,A,20210101,2021,52,2021,276,DEU,Germany,M,Import,752,SWE,Sweden,0,W00,World,H5,HS,TRUE,810520,"Cobalt; mattes and other intermediate products of cobalt metallurgy, unwrought cobalt, powders",6,TRUE,C00,TOTAL CPC,0,0,TOTAL MOT,8,kg,6535,FALSE,8,kg,6535,FALSE,6535,FALSE,0,FALSE,258005.488,0,258005.488,0,FALSE,TRUE
C,A,20210101,2021,52,2021,276,DEU,Germany,M,Import,757,CHE,Switzerland,0,W00,World,H5,HS,TRUE,810520,"Cobalt; mattes and other intermediate products of cobalt metallurgy, unwrought cobalt, powders",6,TRUE,C00,TOTAL CPC,0,0,TOTAL MOT,8,kg,31311,FALSE,8,kg,31311,FALSE,31311,FALSE,0,FALSE,1342715.868,0,1342715.868,0,FALSE,TRUE
C,A,20210101,2021,52,2021,276,DEU,Germany,M,Import,826,GBR,United Kingdom,0,W00,World,H5,HS,TRUE,810520,"Cobalt; mattes and other intermediate products of cobalt metallurgy, unwrought cobalt, powders",6,TRUE,C00,TOTAL CPC,0,0,TOTAL MOT,8,kg,213601.622,TRUE,-1,N/A,0,FALSE,213601.622,TRUE,0,FALSE,11359219.15,0,11359219.15,6,FALSE,TRUE
C,A,20210101,2021,52,2021,276,DEU,Germany,M,Import,842,USA,USA,0,W00,World,H5,HS,TRUE,810520,"Cobalt; mattes and other intermediate products of cobalt metallurgy, unwrought cobalt, powders",6,TRUE,C00,TOTAL CPC,0,0,TOTAL MOT,8,kg,246940.244,TRUE,-1,N/A,0,FALSE,246940.244,TRUE,0,FALSE,13772662.93,0,13772662.93,6,FALSE,TRUE
C,A,20210101,2021,52,2021,276,DEU,Germany,M,Import,894,ZMB,Zambia,0,W00,World,H5,HS,TRUE,810520,"Cobalt; mattes and other intermediate products of cobalt metallurgy, unwrought cobalt, powders",6,TRUE,C00,TOTAL CPC,0,0,TOTAL MOT,8,kg,21000,FALSE,8,kg,21000,FALSE,21000,FALSE,0,FALSE,957766.451,0,957766.451,0,FALSE,TRUE
C,A,20210101,2021,52,2021,276,DEU,Germany,M,Import,0,W00,World,0,W00,World,H5,HS,TRUE,810600,"Bismuth; articles thereof, including waste and scrap",6,TRUE,C00,TOTAL CPC,0,0,TOTAL MOT,8,kg,1162311.138,TRUE,-1,N/A,0,FALSE,1162311.138,TRUE,0,FALSE,11629961.3,0,11629961.3,6,FALSE,TRUE
C,A,20210101,2021,52,2021,276,DEU,Germany,M,Import,56,BEL,Belgium,0,W00,World,H5,HS,TRUE,810600,"Bismuth; articles thereof, including waste and scrap",6,TRUE,C00,TOTAL CPC,0,0,TOTAL MOT,8,kg,74447,FALSE,8,kg,74447,FALSE,74447,FALSE,0,FALSE,625341.321,0,625341.321,0,FALSE,TRUE
C,A,20210101,2021,52,2021,276,DEU,Germany,M,Import,124,CAN,Canada,0,W00,World,H5,HS,TRUE,810600,"Bismuth; articles thereof, including waste and scrap",6,TRUE,C00,TOTAL CPC,0,0,TOTAL MOT,8,kg,3140.497,TRUE,-1,N/A,0,FALSE,3140.497,TRUE,0,FALSE,34337.989,0,34337.989,6,FALSE,TRUE
C,A,20210101,2021,52,2021,276,DEU,Germany,M,Import,156,CHN,China,0,W00,World,H5,HS,TRUE,810600,"Bismuth; articles thereof, including waste and scrap",6,TRUE,C00,TOTAL CPC,0,0,TOTAL MOT,8,kg,1005115.637,TRUE,-1,N/A,0,FALSE,1005115.637,TRUE,0,FALSE,9621237.938,0,9621237.938,6,FALSE,TRUE
C,A,20210101,2021,52,2021,276,DEU,Germany,M,Import,208,DNK,Denmark,0,W00,World,H5,HS,TRUE,810600,"Bismuth; articles thereof, including waste and scrap",6,TRUE,C00,TOTAL CPC,0,0,TOTAL MOT,8,kg,500,FALSE,8,kg,500,FALSE,500,FALSE,0,FALSE,32126.254,0,32126.254,0,FALSE,TRUE
C,A,20210101,2021,52,2021,276,DEU,Germany,M,Import,251,FRA,France,0,W00,World,H5,HS,TRUE,810600,"Bismuth; articles thereof, including waste and scrap",6,TRUE,C00,TOTAL CPC,0,0,TOTAL MOT,8,kg,25301.857,TRUE,-1,N/A,0,FALSE,25301.857,TRUE,0,FALSE,309940.531,0,309940.531,6,FALSE,TRUE
C,A,20210101,2021,52,2021,276,DEU,Germany,M,Import,348,HUN,Hungary,0,W00,World,H5,HS,TRUE,810600,"Bismuth; articles thereof, including waste and scrap",6,TRUE,C00,TOTAL CPC,0,0,TOTAL MOT,8,kg,100,FALSE,8,kg,100,FALSE,100,FALSE,0,FALSE,3979.471,0,3979.471,0,FALSE,TRUE
C,A,20210101,2021,52,2021,276,DEU,Germany,M,Import,392,JPN,Japan,0,W00,World,H5,HS,TRUE,810600,"Bismuth; articles thereof, including waste and scrap",6,TRUE,C00,TOTAL CPC,0,0,TOTAL MOT,8,kg,31356,FALSE,8,kg,31356,FALSE,31356,FALSE,0,FALSE,303928.815,0,303928.815,0,FALSE,TRUE
C,A,20210101,2021,52,2021,276,DEU,Germany,M,Import,442,LUX,Luxembourg,0,W00,World,H5,HS,TRUE,810600,"Bismuth; articles thereof, including waste and scrap",6,TRUE,C00,TOTAL CPC,0,0,TOTAL MOT,8,kg,1028,FALSE,8,kg,1028,FALSE,1028,FALSE,0,FALSE,8265.963,0,8265.963,0,FALSE,TRUE
C,A,20210101,2021,52,2021,276,DEU,Germany,M,Import,528,NLD,Netherlands,0,W00,World,H5,HS,TRUE,810600,"Bismuth; articles thereof, including waste and scrap",6,TRUE,C00,TOTAL CPC,0,0,TOTAL MOT,8,kg,8041.17,TRUE,-1,N/A,0,FALSE,8041.17,TRUE,0,FALSE,88745.735,0,88745.735,6,FALSE,TRUE
C,A,20210101,2021,52,2021,276,DEU,Germany,M,Import,579,NOR,Norway,0,W00,World,H5,HS,TRUE,810600,"Bismuth; articles thereof, including waste and scrap",6,TRUE,C00,TOTAL CPC,0,0,TOTAL MOT,8,kg,400,FALSE,8,kg,400,FALSE,400,FALSE,0,FALSE,5639.748,0,5639.748,0,FALSE,TRUE
C,A,20210101,2021,52,2021,276,DEU,Germany,M,Import,616,POL,Poland,0,W00,World,H5,HS,TRUE,810600,"Bismuth; articles thereof, including waste and scrap",6,TRUE,C00,TOTAL CPC,0,0,TOTAL MOT,8,kg,400,FALSE,8,kg,400,FALSE,400,FALSE,0,FALSE,11274.773,0,11274.773,0,FALSE,TRUE
C,A,20210101,2021,52,2021,276,DEU,Germany,M,Import,705,SVN,Slovenia,0,W00,World,H5,HS,TRUE,810600,"Bismuth; articles thereof, including waste and scrap",6,TRUE,C00,TOTAL CPC,0,0,TOTAL MOT,8,kg,843,FALSE,8,kg,843,FALSE,843,FALSE,0,FALSE,6448.632,0,6448.632,0,FALSE,TRUE
C,A,20210101,2021,52,2021,276,DEU,Germany,M,Import,757,CHE,Switzerland,0,W00,World,H5,HS,TRUE,810600,"Bismuth; articles thereof, including waste and scrap",6,TRUE,C00,TOTAL CPC,0,0,TOTAL MOT,8,kg,571,FALSE,8,kg,571,FALSE,571,FALSE,0,FALSE,3903.896,0,3903.896,0,FALSE,TRUE
C,A,20210101,2021,52,2021,276,DEU,Germany,M,Import,764,THA,Thailand,0,W00,World,H5,HS,TRUE,810600,"Bismuth; articles thereof, including waste and scrap",6,TRUE,C00,TOTAL CPC,0,0,TOTAL MOT,8,kg,82,FALSE,8,kg,82,FALSE,82,FALSE,0,FALSE,4790.716,0,4790.716,0,FALSE,TRUE
C,A,20210101,2021,52,2021,276,DEU,Germany,M,Import,792,TUR,Türkiye,0,W00,World,H5,HS,TRUE,810600,"Bismuth; articles thereof, including waste and scrap",6,TRUE,C00,TOTAL CPC,0,0,TOTAL MOT,8,kg,331,FALSE,8,kg,331,FALSE,331,FALSE,0,FALSE,10147.059,0,10147.059,0,FALSE,TRUE
C,A,20210101,2021,52,2021,276,DEU,Germany,M,Import,826,GBR,United Kingdom,0,W00,World,H5,HS,TRUE,810600,"Bismuth; articles thereof, including waste and scrap",6,TRUE,C00,TOTAL CPC,0,0,TOTAL MOT,8,kg,7374.977,TRUE,-1,N/A,0,FALSE,7374.977,TRUE,0,FALSE,359152.529,0,359152.529,6,FALSE,TRUE
C,A,20210101,2021,52,2021,276,DEU,Germany,M,Import,842,USA,USA,0,W00,World,H5,HS,TRUE,810600,"Bismuth; articles thereof, including waste and scrap",6,TRUE,C00,TOTAL CPC,0,0,TOTAL MOT,8,kg,3279,FALSE,8,kg,3279,FALSE,3279,FALSE,0,FALSE,200699.932,0,200699.932,0,FALSE,TRUE
C,A,20210101,2021,52,2021,276,DEU,Germany,M,Import,0,W00,World,0,W00,World,H5,HS,TRUE,810720,"Cadmium; unwrought, powders",6,TRUE,C00,TOTAL CPC,0,0,TOTAL MOT,8,kg,24439.451,TRUE,-1,N/A,0,FALSE,24439.451,TRUE,0,FALSE,339910.549,0,339910.549,6,FALSE,TRUE
C,A,20210101,2021,52,2021,276,DEU,Germany,M,Import,56,BEL,Belgium,0,W00,World,H5,HS,TRUE,810720,"Cadmium; unwrought, powders",6,TRUE,C00,TOTAL CPC,0,0,TOTAL MOT,8,kg,3500,FALSE,8,kg,3500,FALSE,3500,FALSE,0,FALSE,40664.993,0,40664.993,0,FALSE,TRUE
C,A,20210101,2021,52,2021,276,DEU,Germany,M,Import,124,CAN,Canada,0,W00,World,H5,HS,TRUE,810720,"Cadmium; unwrought, powders",6,TRUE,C00,TOTAL CPC,0,0,TOTAL MOT,8,kg,17100,FALSE,8,kg,17100,FALSE,17100,FALSE,0,FALSE,239072.892,0,239072.892,0,FALSE,TRUE
C,A,20210101,2021,52,2021,276,DEU,Germany,M,Import,156,CHN,China,0,W00,World,H5,HS,TRUE,810720,"Cadmium; unwrought, powders",6,TRUE,C00,TOTAL CPC,0,0,TOTAL MOT,8,kg,66.056,TRUE,-1,N/A,0,FALSE,66.056,TRUE,0,FALSE,6220.727,0,6220.727,6,FALSE,TRUE
C,A,20210101,2021,52,2021,276,DEU,Germany,M,Import,251,FRA,France,0,W00,World,H5,HS,TRUE,810720,"Cadmium; unwrought, powders",6,TRUE,C00,TOTAL CPC,0,0,TOTAL MOT,8,kg,1815.113,TRUE,-1,N/A,0,FALSE,1815.113,TRUE,0,FALSE,25048.228,0,25048.228,6,FALSE,TRUE
C,A,20210101,2021,52,2021,276,DEU,Germany,M,Import,643,RUS,Russian Federation,0,W00,World,H5,HS,TRUE,810720,"Cadmium; unwrought, powders",6,TRUE,C00,TOTAL CPC,0,0,TOTAL MOT,8,kg,1334,FALSE,8,kg,1334,FALSE,1334,FALSE,0,FALSE,15482.148,0,15482.148,0,FALSE,TRUE
C,A,20210101,2021,52,2021,276,DEU,Germany,M,Import,752,SWE,Sweden,0,W00,World,H5,HS,TRUE,810720,"Cadmium; unwrought, powders",6,TRUE,C00,TOTAL CPC,0,0,TOTAL MOT,8,kg,250,FALSE,8,kg,250,FALSE,250,FALSE,0,FALSE,2955.672,0,2955.672,0,FALSE,TRUE
C,A,20210101,2021,52,2021,276,DEU,Germany,M,Import,826,GBR,United Kingdom,0,W00,World,H5,HS,TRUE,810720,"Cadmium; unwrought, powders",6,TRUE,C00,TOTAL CPC,0,0,TOTAL MOT,8,kg,299,FALSE,8,kg,299,FALSE,299,FALSE,0,FALSE,6707.238,0,6707.238,0,FALSE,TRUE
C,A,20210101,2021,52,2021,276,DEU,Germany,M,Import,842,USA,USA,0,W00,World,H5,HS,TRUE,810720,"Cadmium; unwrought, powders",6,TRUE,C00,TOTAL CPC,0,0,TOTAL MOT,8,kg,75.282,TRUE,-1,N/A,0,FALSE,75.282,TRUE,0,FALSE,3758.651,0,3758.651,6,FALSE,TRUE
C,A,20210101,2021,52,2021,276,DEU,Germany,M,Import,0,W00,World,0,W00,World,H5,HS,TRUE,810790,"Cadmium; other than unwrought, n.e.c. in heading no. 8107",6,TRUE,C00,TOTAL CPC,0,0,TOTAL MOT,8,kg,12723.947,TRUE,-1,N/A,0,FALSE,12723.947,TRUE,0,FALSE,451016.894,0,451016.894,6,FALSE,TRUE
C,A,20210101,2021,52,2021,276,DEU,Germany,M,Import,124,CAN,Canada,0,W00,World,H5,HS,TRUE,810790,"Cadmium; other than unwrought, n.e.c. in heading no. 8107",6,TRUE,C00,TOTAL CPC,0,0,TOTAL MOT,8,kg,11213.027,TRUE,-1,N/A,0,FALSE,11213.027,TRUE,0,FALSE,256268.455,0,256268.455,6,FALSE,TRUE
C,A,20210101,2021,52,2021,276,DEU,Germany,M,Import,156,CHN,China,0,W00,World,H5,HS,TRUE,810790,"Cadmium; other than unwrought, n.e.c. in heading no. 8107",6,TRUE,C00,TOTAL CPC,0,0,TOTAL MOT,8,kg,122,FALSE,8,kg,122,FALSE,122,FALSE,0,FALSE,21868.194,0,21868.194,0,FALSE,TRUE
C,A,20210101,2021,52,2021,276,DEU,Germany,M,Import,251,FRA,France,0,W00,World,H5,HS,TRUE,810790,"Cadmium; other than unwrought, n.e.c. in heading no. 8107",6,TRUE,C00,TOTAL CPC,0,0,TOTAL MOT,8,kg,11.599,TRUE,-1,N/A,0,FALSE,11.599,TRUE,0,FALSE,5952.674,0,5952.674,6,FALSE,TRUE
C,A,20210101,2021,52,2021,276,DEU,Germany,M,Import,344,HKG,"China, Hong Kong SAR",0,W00,World,H5,HS,TRUE,810790,"Cadmium; other than unwrought, n.e.c. in heading no. 8107",6,TRUE,C00,TOTAL CPC,0,0,TOTAL MOT,8,kg,1,FALSE,8,kg,1,FALSE,1,FALSE,0,FALSE,1372.15,0,1372.15,0,FALSE,TRUE
C,A,20210101,2021,52,2021,276,DEU,Germany,M,Import,392,JPN,Japan,0,W00,World,H5,HS,TRUE,810790,"Cadmium; other than unwrought, n.e.c. in heading no. 8107",6,TRUE,C00,TOTAL CPC,0,0,TOTAL MOT,8,kg,148.13,TRUE,-1,N/A,0,FALSE,148.13,TRUE,0,FALSE,131552.794,0,131552.794,6,FALSE,TRUE
C,A,20210101,2021,52,2021,276,DEU,Germany,M,Import,528,NLD,Netherlands,0,W00,World,H5,HS,TRUE,810790,"Cadmium; other than unwrought, n.e.c. in heading no. 8107",6,TRUE,C00,TOTAL CPC,0,0,TOTAL MOT,8,kg,100,FALSE,8,kg,100,FALSE,100,FALSE,0,FALSE,3812.97,0,3812.97,0,FALSE,TRUE
C,A,20210101,2021,52,2021,276,DEU,Germany,M,Import,757,CHE,Switzerland,0,W00,World,H5,HS,TRUE,810790,"Cadmium; other than unwrought, n.e.c. in heading no. 8107",6,TRUE,C00,TOTAL CPC,0,0,TOTAL MOT,8,kg,1070,FALSE,8,kg,1070,FALSE,1070,FALSE,0,FALSE,23658.366,0,23658.366,0,FALSE,TRUE
C,A,20210101,2021,52,2021,276,DEU,Germany,M,Import,826,GBR,United Kingdom,0,W00,World,H5,HS,TRUE,810790,"Cadmium; other than unwrought, n.e.c. in heading no. 8107",6,TRUE,C00,TOTAL CPC,0,0,TOTAL MOT,8,kg,5,FALSE,8,kg,5,FALSE,5,FALSE,0,FALSE,1680.352,0,1680.352,0,FALSE,TRUE
C,A,20210101,2021,52,2021,276,DEU,Germany,M,Import,842,USA,USA,0,W00,World,H5,HS,TRUE,810790,"Cadmium; other than unwrought, n.e.c. in heading no. 8107",6,TRUE,C00,TOTAL CPC,0,0,TOTAL MOT,8,kg,53.191,TRUE,-1,N/A,0,FALSE,53.191,TRUE,0,FALSE,4850.939,0,4850.939,6,FALSE,TRUE
C,A,20210101,2021,52,2021,276,DEU,Germany,M,Import,0,W00,World,0,W00,World,H5,HS,TRUE,810820,"Titanium; unwrought, powders",6,TRUE,C00,TOTAL CPC,0,0,TOTAL MOT,8,kg,4065088.661,TRUE,-1,N/A,0,FALSE,4065088.661,TRUE,0,FALSE,42698592.28,0,42698592.28,6,FALSE,TRUE
C,A,20210101,2021,52,2021,276,DEU,Germany,M,Import,56,BEL,Belgium,0,W00,World,H5,HS,TRUE,810820,"Titanium; unwrought, powders",6,TRUE,C00,TOTAL CPC,0,0,TOTAL MOT,8,kg,525536,FALSE,8,kg,525536,FALSE,525536,FALSE,0,FALSE,3494592.713,0,3494592.713,0,FALSE,TRUE
C,A,20210101,2021,52,2021,276,DEU,Germany,M,Import,124,CAN,Canada,0,W00,World,H5,HS,TRUE,810820,"Titanium; unwrought, powders",6,TRUE,C00,TOTAL CPC,0,0,TOTAL MOT,8,kg,19021,FALSE,8,kg,19021,FALSE,19021,FALSE,0,FALSE,2543560.66,0,2543560.66,0,FALSE,TRUE
C,A,20210101,2021,52,2021,276,DEU,Germany,M,Import,156,CHN,China,0,W00,World,H5,HS,TRUE,810820,"Titanium; unwrought, powders",6,TRUE,C00,TOTAL CPC,0,0,TOTAL MOT,8,kg,296825.564,TRUE,-1,N/A,0,FALSE,296825.564,TRUE,0,FALSE,4603184.639,0,4603184.639,6,FALSE,TRUE
C,A,20210101,2021,52,2021,276,DEU,Germany,M,Import,203,CZE,Czechia,0,W00,World,H5,HS,TRUE,810820,"Titanium; unwrought, powders",6,TRUE,C00,TOTAL CPC,0,0,TOTAL MOT,8,kg,50,FALSE,8,kg,50,FALSE,50,FALSE,0,FALSE,6199.472,0,6199.472,0,FALSE,TRUE
C,A,20210101,2021,52,2021,276,DEU,Germany,M,Import,246,FIN,Finland,0,W00,World,H5,HS,TRUE,810820,"Titanium; unwrought, powders",6,TRUE,C00,TOTAL CPC,0,0,TOTAL MOT,8,kg,27650,FALSE,8,kg,27650,FALSE,27650,FALSE,0,FALSE,4923653.645,0,4923653.645,0,FALSE,TRUE
C,A,20210101,2021,52,2021,276,DEU,Germany,M,Import,251,FRA,France,0,W00,World,H5,HS,TRUE,810820,"Titanium; unwrought, powders",6,TRUE,C00,TOTAL CPC,0,0,TOTAL MOT,8,kg,53112,FALSE,8,kg,53112,FALSE,53112,FALSE,0,FALSE,818110.652,0,818110.652,0,FALSE,TRUE
C,A,20210101,2021,52,2021,276,DEU,Germany,M,Import,392,JPN,Japan,0,W00,World,H5,HS,TRUE,810820,"Titanium; unwrought, powders",6,TRUE,C00,TOTAL CPC,0,0,TOTAL MOT,8,kg,456253.899,TRUE,-1,N/A,0,FALSE,456253.899,TRUE,0,FALSE,3292141.578,0,3292141.578,6,FALSE,TRUE
C,A,20210101,2021,52,2021,276,DEU,Germany,M,Import,398,KAZ,Kazakhstan,0,W00,World,H5,HS,TRUE,810820,"Titanium; unwrought, powders",6,TRUE,C00,TOTAL CPC,0,0,TOTAL MOT,8,kg,60950,FALSE,8,kg,60950,FALSE,60950,FALSE,0,FALSE,606661.426,0,606661.426,0,FALSE,TRUE
C,A,20210101,2021,52,2021,276,DEU,Germany,M,Import,410,KOR,Rep. of Korea,0,W00,World,H5,HS,TRUE,810820,"Titanium; unwrought, powders",6,TRUE,C00,TOTAL CPC,0,0,TOTAL MOT,8,kg,1039,FALSE,8,kg,1039,FALSE,1039,FALSE,0,FALSE,125576.503,0,125576.503,0,FALSE,TRUE
C,A,20210101,2021,52,2021,276,DEU,Germany,M,Import,528,NLD,Netherlands,0,W00,World,H5,HS,TRUE,810820,"Titanium; unwrought, powders",6,TRUE,C00,TOTAL CPC,0,0,TOTAL MOT,8,kg,269775,FALSE,8,kg,269775,FALSE,269775,FALSE,0,FALSE,1757501.868,0,1757501.868,0,FALSE,TRUE
C,A,20210101,2021,52,2021,276,DEU,Germany,M,Import,643,RUS,Russian Federation,0,W00,World,H5,HS,TRUE,810820,"Titanium; unwrought, powders",6,TRUE,C00,TOTAL CPC,0,0,TOTAL MOT,8,kg,1086512,FALSE,8,kg,1086512,FALSE,1086512,FALSE,0,FALSE,9934530.907,0,9934530.907,0,FALSE,TRUE
C,A,20210101,2021,52,2021,276,DEU,Germany,M,Import,702,SGP,Singapore,0,W00,World,H5,HS,TRUE,810820,"Titanium; unwrought, powders",6,TRUE,C00,TOTAL CPC,0,0,TOTAL MOT,8,kg,9,FALSE,8,kg,9,FALSE,9,FALSE,0,FALSE,1811.427,0,1811.427,0,FALSE,TRUE
C,A,20210101,2021,52,2021,276,DEU,Germany,M,Import,724,ESP,Spain,0,W00,World,H5,HS,TRUE,810820,"Titanium; unwrought, powders",6,TRUE,C00,TOTAL CPC,0,0,TOTAL MOT,8,kg,88189,FALSE,8,kg,88189,FALSE,88189,FALSE,0,FALSE,740284.253,0,740284.253,0,FALSE,TRUE
C,A,20210101,2021,52,2021,276,DEU,Germany,M,Import,752,SWE,Sweden,0,W00,World,H5,HS,TRUE,810820,"Titanium; unwrought, powders",6,TRUE,C00,TOTAL CPC,0,0,TOTAL MOT,8,kg,1000,FALSE,8,kg,1000,FALSE,1000,FALSE,0,FALSE,126086.631,0,126086.631,0,FALSE,TRUE
C,A,20210101,2021,52,2021,276,DEU,Germany,M,Import,757,CHE,Switzerland,0,W00,World,H5,HS,TRUE,810820,"Titanium; unwrought, powders",6,TRUE,C00,TOTAL CPC,0,0,TOTAL MOT,8,kg,1336.071,TRUE,-1,N/A,0,FALSE,1336.071,TRUE,0,FALSE,17874.554,0,17874.554,6,FALSE,TRUE
C,A,20210101,2021,52,2021,276,DEU,Germany,M,Import,804,UKR,Ukraine,0,W00,World,H5,HS,TRUE,810820,"Titanium; unwrought, powders",6,TRUE,C00,TOTAL CPC,0,0,TOTAL MOT,8,kg,1137144,FALSE,8,kg,1137144,FALSE,1137144,FALSE,0,FALSE,7881947.166,0,7881947.166,0,FALSE,TRUE
C,A,20210101,2021,52,2021,276,DEU,Germany,M,Import,826,GBR,United Kingdom,0,W00,World,H5,HS,TRUE,810820,"Titanium; unwrought, powders",6,TRUE,C00,TOTAL CPC,0,0,TOTAL MOT,8,kg,5782,FALSE,8,kg,5782,FALSE,5782,FALSE,0,FALSE,110252.589,0,110252.589,0,FALSE,TRUE
C,A,20210101,2021,52,2021,276,DEU,Germany,M,Import,842,USA,USA,0,W00,World,H5,HS,TRUE,810820,"Titanium; unwrought, powders",6,TRUE,C00,TOTAL CPC,0,0,TOTAL MOT,8,kg,34904.127,TRUE,-1,N/A,0,FALSE,34904.127,TRUE,0,FALSE,1714621.597,0,1714621.597,6,FALSE,TRUE
C,A,20210101,2021,52,2021,276,DEU,Germany,M,Import,0,W00,World,0,W00,World,H5,HS,TRUE,810920,"Zirconium; unwrought, powders",6,TRUE,C00,TOTAL CPC,0,0,TOTAL MOT,8,kg,136181.463,TRUE,-1,N/A,0,FALSE,136181.463,TRUE,0,FALSE,3725577.951,0,3725577.951,6,FALSE,TRUE
C,A,20210101,2021,52,2021,276,DEU,Germany,M,Import,156,CHN,China,0,W00,World,H5,HS,TRUE,810920,"Zirconium; unwrought, powders",6,TRUE,C00,TOTAL CPC,0,0,TOTAL MOT,8,kg,19166.201,TRUE,-1,N/A,0,FALSE,19166.201,TRUE,0,FALSE,443382.688,0,443382.688,6,FALSE,TRUE
C,A,20210101,2021,52,2021,276,DEU,Germany,M,Import,203,CZE,Czechia,0,W00,World,H5,HS,TRUE,810920,"Zirconium; unwrought, powders",6,TRUE,C00,TOTAL CPC,0,0,TOTAL MOT,8,kg,200,FALSE,8,kg,200,FALSE,200,FALSE,0,FALSE,8727.676,0,8727.676,0,FALSE,TRUE
C,A,20210101,2021,52,2021,276,DEU,Germany,M,Import,251,FRA,France,0,W00,World,H5,HS,TRUE,810920,"Zirconium; unwrought, powders",6,TRUE,C00,TOTAL CPC,0,0,TOTAL MOT,8,kg,1823,FALSE,8,kg,1823,FALSE,1823,FALSE,0,FALSE,164196.261,0,164196.261,0,FALSE,TRUE
C,A,20210101,2021,52,2021,276,DEU,Germany,M,Import,392,JPN,Japan,0,W00,World,H5,HS,TRUE,810920,"Zirconium; unwrought, powders",6,TRUE,C00,TOTAL CPC,0,0,TOTAL MOT,8,kg,49,FALSE,8,kg,49,FALSE,49,FALSE,0,FALSE,6217.185,0,6217.185,0,FALSE,TRUE
C,A,20210101,2021,52,2021,276,DEU,Germany,M,Import,410,KOR,Rep. of Korea,0,W00,World,H5,HS,TRUE,810920,"Zirconium; unwrought, powders",6,TRUE,C00,TOTAL CPC,0,0,TOTAL MOT,8,kg,2555,FALSE,8,kg,2555,FALSE,2555,FALSE,0,FALSE,290252.189,0,290252.189,0,FALSE,TRUE
C,A,20210101,2021,52,2021,276,DEU,Germany,M,Import,528,NLD,Netherlands,0,W00,World,H5,HS,TRUE,810920,"Zirconium; unwrought, powders",6,TRUE,C00,TOTAL CPC,0,0,TOTAL MOT,8,kg,200,FALSE,8,kg,200,FALSE,200,FALSE,0,FALSE,6376.6,0,6376.6,0,FALSE,TRUE
C,A,20210101,2021,52,2021,276,DEU,Germany,M,Import,724,ESP,Spain,0,W00,World,H5,HS,TRUE,810920,"Zirconium; unwrought, powders",6,TRUE,C00,TOTAL CPC,0,0,TOTAL MOT,8,kg,19000,FALSE,8,kg,19000,FALSE,19000,FALSE,0,FALSE,477890.719,0,477890.719,0,FALSE,TRUE
C,A,20210101,2021,52,2021,276,DEU,Germany,M,Import,752,SWE,Sweden,0,W00,World,H5,HS,TRUE,810920,"Zirconium; unwrought, powders",6,TRUE,C00,TOTAL CPC,0,0,TOTAL MOT,8,kg,49482,FALSE,8,kg,49482,FALSE,49482,FALSE,0,FALSE,1214682.013,0,1214682.013,0,FALSE,TRUE
C,A,20210101,2021,52,2021,276,DEU,Germany,M,Import,757,CHE,Switzerland,0,W00,World,H5,HS,TRUE,810920,"Zirconium; unwrought, powders",6,TRUE,C00,TOTAL CPC,0,0,TOTAL MOT,8,kg,576,FALSE,8,kg,576,FALSE,576,FALSE,0,FALSE,65312.913,0,65312.913,0,FALSE,TRUE
C,A,20210101,2021,52,2021,276,DEU,Germany,M,Import,826,GBR,United Kingdom,0,W00,World,H5,HS,TRUE,810920,"Zirconium; unwrought, powders",6,TRUE,C00,TOTAL CPC,0,0,TOTAL MOT,8,kg,62,FALSE,8,kg,62,FALSE,62,FALSE,0,FALSE,2712.417,0,2712.417,0,FALSE,TRUE
C,A,20210101,2021,52,2021,276,DEU,Germany,M,Import,842,USA,USA,0,W00,World,H5,HS,TRUE,810920,"Zirconium; unwrought, powders",6,TRUE,C00,TOTAL CPC,0,0,TOTAL MOT,8,kg,43068.262,TRUE,-1,N/A,0,FALSE,43068.262,TRUE,0,FALSE,1045827.292,0,1045827.292,6,FALSE,TRUE
C,A,20210101,2021,52,2021,276,DEU,Germany,M,Import,0,W00,World,0,W00,World,H5,HS,TRUE,811292,"Gallium, germanium, hafnium, indium, niobium (columbium), rhenium and vanadium; articles thereof, unwrought, including waste and scrap, powders",6,TRUE,C00,TOTAL CPC,0,0,TOTAL MOT,8,kg,428098.729,TRUE,-1,N/A,0,FALSE,428098.729,TRUE,0,FALSE,52472661.96,0,52472661.96,6,FALSE,TRUE
C,A,20210101,2021,52,2021,276,DEU,Germany,M,Import,40,AUT,Austria,0,W00,World,H5,HS,TRUE,811292,"Gallium, germanium, hafnium, indium, niobium (columbium), rhenium and vanadium; articles thereof, unwrought, including waste and scrap, powders",6,TRUE,C00,TOTAL CPC,0,0,TOTAL MOT,8,kg,86,FALSE,8,kg,86,FALSE,86,FALSE,0,FALSE,12264.327,0,12264.327,0,FALSE,TRUE
C,A,20210101,2021,52,2021,276,DEU,Germany,M,Import,56,BEL,Belgium,0,W00,World,H5,HS,TRUE,811292,"Gallium, germanium, hafnium, indium, niobium (columbium), rhenium and vanadium; articles thereof, unwrought, including waste and scrap, powders",6,TRUE,C00,TOTAL CPC,0,0,TOTAL MOT,8,kg,1041.79,TRUE,-1,N/A,0,FALSE,1041.79,TRUE,0,FALSE,891427.378,0,891427.378,6,FALSE,TRUE
C,A,20210101,2021,52,2021,276,DEU,Germany,M,Import,76,BRA,Brazil,0,W00,World,H5,HS,TRUE,811292,"Gallium, germanium, hafnium, indium, niobium (columbium), rhenium and vanadium; articles thereof, unwrought, including waste and scrap, powders",6,TRUE,C00,TOTAL CPC,0,0,TOTAL MOT,8,kg,256902.289,TRUE,-1,N/A,0,FALSE,256902.289,TRUE,0,FALSE,13259833.17,0,13259833.17,6,FALSE,TRUE
C,A,20210101,2021,52,2021,276,DEU,Germany,M,Import,124,CAN,Canada,0,W00,World,H5,HS,TRUE,811292,"Gallium, germanium, hafnium, indium, niobium (columbium), rhenium and vanadium; articles thereof, unwrought, including waste and scrap, powders",6,TRUE,C00,TOTAL CPC,0,0,TOTAL MOT,8,kg,7165.306,TRUE,-1,N/A,0,FALSE,7165.306,TRUE,0,FALSE,2424085.618,0,2424085.618,6,FALSE,TRUE
C,A,20210101,2021,52,2021,276,DEU,Germany,M,Import,152,CHL,Chile,0,W00,World,H5,HS,TRUE,811292,"Gallium, germanium, hafnium, indium, niobium (columbium), rhenium and vanadium; articles thereof, unwrought, including waste and scrap, powders",6,TRUE,C00,TOTAL CPC,0,0,TOTAL MOT,8,kg,50,FALSE,8,kg,50,FALSE,50,FALSE,0,FALSE,77440.26,0,77440.26,0,FALSE,TRUE
C,A,20210101,2021,52,2021,276,DEU,Germany,M,Import,156,CHN,China,0,W00,World,H5,HS,TRUE,811292,"Gallium, germanium, hafnium, indium, niobium (columbium), rhenium and vanadium; articles thereof, unwrought, including waste and scrap, powders",6,TRUE,C00,TOTAL CPC,0,0,TOTAL MOT,8,kg,57708.794,TRUE,-1,N/A,0,FALSE,57708.794,TRUE,0,FALSE,20417785.93,0,20417785.93,6,FALSE,TRUE
C,A,20210101,2021,52,2021,276,DEU,Germany,M,Import,208,DNK,Denmark,0,W00,World,H5,HS,TRUE,811292,"Gallium, germanium, hafnium, indium, niobium (columbium), rhenium and vanadium; articles thereof, unwrought, including waste and scrap, powders",6,TRUE,C00,TOTAL CPC,0,0,TOTAL MOT,8,kg,297.815,TRUE,-1,N/A,0,FALSE,297.815,TRUE,0,FALSE,57886.536,0,57886.536,6,FALSE,TRUE
C,A,20210101,2021,52,2021,276,DEU,Germany,M,Import,251,FRA,France,0,W00,World,H5,HS,TRUE,811292,"Gallium, germanium, hafnium, indium, niobium (columbium), rhenium and vanadium; articles thereof, unwrought, including waste and scrap, powders",6,TRUE,C00,TOTAL CPC,0,0,TOTAL MOT,8,kg,17113.894,TRUE,-1,N/A,0,FALSE,17113.894,TRUE,0,FALSE,6055247.383,0,6055247.383,6,FALSE,TRUE
C,A,20210101,2021,52,2021,276,DEU,Germany,M,Import,344,HKG,"China, Hong Kong SAR",0,W00,World,H5,HS,TRUE,811292,"Gallium, germanium, hafnium, indium, niobium (columbium), rhenium and vanadium; articles thereof, unwrought, including waste and scrap, powders",6,TRUE,C00,TOTAL CPC,0,0,TOTAL MOT,8,kg,12,FALSE,8,kg,12,FALSE,12,FALSE,0,FALSE,9829.41,0,9829.41,0,FALSE,TRUE
C,A,20210101,2021,52,2021,276,DEU,Germany,M,Import,376,ISR,Israel,0,W00,World,H5,HS,TRUE,811292,"Gallium, germanium, hafnium, indium, niobium (columbium), rhenium and vanadium; articles thereof, unwrought, including waste and scrap, powders",6,TRUE,C00,TOTAL CPC,0,0,TOTAL MOT,8,kg,60,FALSE,8,kg,60,FALSE,60,FALSE,0,FALSE,7063.855,0,7063.855,0,FALSE,TRUE
C,A,20210101,2021,52,2021,276,DEU,Germany,M,Import,392,JPN,Japan,0,W00,World,H5,HS,TRUE,811292,"Gallium, germanium, hafnium, indium, niobium (columbium), rhenium and vanadium; articles thereof, unwrought, including waste and scrap, powders",6,TRUE,C00,TOTAL CPC,0,0,TOTAL MOT,8,kg,2214.337,TRUE,-1,N/A,0,FALSE,2214.337,TRUE,0,FALSE,715279.716,0,715279.716,6,FALSE,TRUE
C,A,20210101,2021,52,2021,276,DEU,Germany,M,Import,410,KOR,Rep. of Korea,0,W00,World,H5,HS,TRUE,811292,"Gallium, germanium, hafnium, indium, niobium (columbium), rhenium and vanadium; articles thereof, unwrought, including waste and scrap, powders",6,TRUE,C00,TOTAL CPC,0,0,TOTAL MOT,8,kg,647,FALSE,8,kg,647,FALSE,647,FALSE,0,FALSE,189578.67,0,189578.67,0,FALSE,TRUE
C,A,20210101,2021,52,2021,276,DEU,Germany,M,Import,440,LTU,Lithuania,0,W00,World,H5,HS,TRUE,811292,"Gallium, germanium, hafnium, indium, niobium (columbium), rhenium and vanadium; articles thereof, unwrought, including waste and scrap, powders",6,TRUE,C00,TOTAL CPC,0,0,TOTAL MOT,8,kg,36,FALSE,8,kg,36,FALSE,36,FALSE,0,FALSE,23449.355,0,23449.355,0,FALSE,TRUE
C,A,20210101,2021,52,2021,276,DEU,Germany,M,Import,458,MYS,Malaysia,0,W00,World,H5,HS,TRUE,811292,"Gallium, germanium, hafnium, indium, niobium (columbium), rhenium and vanadium; articles thereof, unwrought, including waste and scrap, powders",6,TRUE,C00,TOTAL CPC,0,0,TOTAL MOT,8,kg,7,FALSE,8,kg,7,FALSE,7,FALSE,0,FALSE,10448.177,0,10448.177,0,FALSE,TRUE
C,A,20210101,2021,52,2021,276,DEU,Germany,M,Import,490,S19,"Other Asia, nes",0,W00,World,H5,HS,TRUE,811292,"Gallium, germanium, hafnium, indium, niobium (columbium), rhenium and vanadium; articles thereof, unwrought, including waste and scrap, powders",6,TRUE,C00,TOTAL CPC,0,0,TOTAL MOT,8,kg,270,FALSE,8,kg,270,FALSE,270,FALSE,0,FALSE,114516.645,0,114516.645,0,FALSE,TRUE
C,A,20210101,2021,52,2021,276,DEU,Germany,M,Import,528,NLD,Netherlands,0,W00,World,H5,HS,TRUE,811292,"Gallium, germanium, hafnium, indium, niobium (columbium), rhenium and vanadium; articles thereof, unwrought, including waste and scrap, powders",6,TRUE,C00,TOTAL CPC,0,0,TOTAL MOT,8,kg,4175.651,TRUE,-1,N/A,0,FALSE,4175.651,TRUE,0,FALSE,220795.668,0,220795.668,6,FALSE,TRUE
C,A,20210101,2021,52,2021,276,DEU,Germany,M,Import,616,POL,Poland,0,W00,World,H5,HS,TRUE,811292,"Gallium, germanium, hafnium, indium, niobium (columbium), rhenium and vanadium; articles thereof, unwrought, including waste and scrap, powders",6,TRUE,C00,TOTAL CPC,0,0,TOTAL MOT,8,kg,1977,FALSE,8,kg,1977,FALSE,1977,FALSE,0,FALSE,110912.685,0,110912.685,0,FALSE,TRUE
C,A,20210101,2021,52,2021,276,DEU,Germany,M,Import,642,ROU,Romania,0,W00,World,H5,HS,TRUE,811292,"Gallium, germanium, hafnium, indium, niobium (columbium), rhenium and vanadium; articles thereof, unwrought, including waste and scrap, powders",6,TRUE,C00,TOTAL CPC,0,0,TOTAL MOT,8,kg,470,FALSE,8,kg,470,FALSE,470,FALSE,0,FALSE,8949.676,0,8949.676,0,FALSE,TRUE
C,A,20210101,2021,52,2021,276,DEU,Germany,M,Import,643,RUS,Russian Federation,0,W00,World,H5,HS,TRUE,811292,"Gallium, germanium, hafnium, indium, niobium (columbium), rhenium and vanadium; articles thereof, unwrought, including waste and scrap, powders",6,TRUE,C00,TOTAL CPC,0,0,TOTAL MOT,8,kg,34214,FALSE,8,kg,34214,FALSE,34214,FALSE,0,FALSE,2624019.177,0,2624019.177,0,FALSE,TRUE
C,A,20210101,2021,52,2021,276,DEU,Germany,M,Import,699,IND,India,0,W00,World,H5,HS,TRUE,811292,"Gallium, germanium, hafnium, indium, niobium (columbium), rhenium and vanadium; articles thereof, unwrought, including waste and scrap, powders",6,TRUE,C00,TOTAL CPC,0,0,TOTAL MOT,8,kg,22.332,TRUE,-1,N/A,0,FALSE,22.332,TRUE,0,FALSE,2737.214,0,2737.214,6,FALSE,TRUE
C,A,20210101,2021,52,2021,276,DEU,Germany,M,Import,703,SVK,Slovakia,0,W00,World,H5,HS,TRUE,811292,"Gallium, germanium, hafnium, indium, niobium (columbium), rhenium and vanadium; articles thereof, unwrought, including waste and scrap, powders",6,TRUE,C00,TOTAL CPC,0,0,TOTAL MOT,8,kg,20608,FALSE,8,kg,20608,FALSE,20608,FALSE,0,FALSE,2941195.968,0,2941195.968,0,FALSE,TRUE
C,A,20210101,2021,52,2021,276,DEU,Germany,M,Import,710,ZAF,South Africa,0,W00,World,H5,HS,TRUE,811292,"Gallium, germanium, hafnium, indium, niobium (columbium), rhenium and vanadium; articles thereof, unwrought, including waste and scrap, powders",6,TRUE,C00,TOTAL CPC,0,0,TOTAL MOT,8,kg,12480,FALSE,8,kg,12480,FALSE,12480,FALSE,0,FALSE,301407.696,0,301407.696,0,FALSE,TRUE
C,A,20210101,2021,52,2021,276,DEU,Germany,M,Import,724,ESP,Spain,0,W00,World,H5,HS,TRUE,811292,"Gallium, germanium, hafnium, indium, niobium (columbium), rhenium and vanadium; articles thereof, unwrought, including waste and scrap, powders",6,TRUE,C00,TOTAL CPC,0,0,TOTAL MOT,8,kg,219,FALSE,8,kg,219,FALSE,219,FALSE,0,FALSE,5231.173,0,5231.173,0,FALSE,TRUE
C,A,20210101,2021,52,2021,276,DEU,Germany,M,Import,757,CHE,Switzerland,0,W00,World,H5,HS,TRUE,811292,"Gallium, germanium, hafnium, indium, niobium (columbium), rhenium and vanadium; articles thereof, unwrought, including waste and scrap, powders",6,TRUE,C00,TOTAL CPC,0,0,TOTAL MOT,8,kg,336.908,TRUE,-1,N/A,0,FALSE,336.908,TRUE,0,FALSE,310174.34,0,310174.34,6,FALSE,TRUE
C,A,20210101,2021,52,2021,276,DEU,Germany,M,Import,792,TUR,Türkiye,0,W00,World,H5,HS,TRUE,811292,"Gallium, germanium, hafnium, indium, niobium (columbium), rhenium and vanadium; articles thereof, unwrought, including waste and scrap, powders",6,TRUE,C00,TOTAL CPC,0,0,TOTAL MOT,8,kg,278,FALSE,8,kg,278,FALSE,278,FALSE,0,FALSE,7288.217,0,7288.217,0,FALSE,TRUE
C,A,20210101,2021,52,2021,276,DEU,Germany,M,Import,804,UKR,Ukraine,0,W00,World,H5,HS,TRUE,811292,"Gallium, germanium, hafnium, indium, niobium (columbium), rhenium and vanadium; articles thereof, unwrought, including waste and scrap, powders",6,TRUE,C00,TOTAL CPC,0,0,TOTAL MOT,8,kg,840,FALSE,8,kg,840,FALSE,840,FALSE,0,FALSE,156329.426,0,156329.426,0,FALSE,TRUE
C,A,20210101,2021,52,2021,276,DEU,Germany,M,Import,826,GBR,United Kingdom,0,W00,World,H5,HS,TRUE,811292,"Gallium, germanium, hafnium, indium, niobium (columbium), rhenium and vanadium; articles thereof, unwrought, including waste and scrap, powders",6,TRUE,C00,TOTAL CPC,0,0,TOTAL MOT,8,kg,1181.719,TRUE,-1,N/A,0,FALSE,1181.719,TRUE,0,FALSE,253807.56,0,253807.56,6,FALSE,TRUE
C,A,20210101,2021,52,2021,276,DEU,Germany,M,Import,842,USA,USA,0,W00,World,H5,HS,TRUE,811292,"Gallium, germanium, hafnium, indium, niobium (columbium), rhenium and vanadium; articles thereof, unwrought, including waste and scrap, powders",6,TRUE,C00,TOTAL CPC,0,0,TOTAL MOT,8,kg,7683.892,TRUE,-1,N/A,0,FALSE,7683.892,TRUE,0,FALSE,1263676.735,0,1263676.735,6,FALSE,TRUE
C,A,20210101,2021,52,2021,276,DEU,Germany,M,Import,0,W00,World,0,W00,World,H5,HS,TRUE,710811,"Metals; gold, non-monetary, powder",6,TRUE,C00,TOTAL CPC,0,0,TOTAL MOT,8,kg,110.025,FALSE,15,g,110025,FALSE,118.293,FALSE,0,FALSE,4766910.921,0,4766910.921,0,FALSE,TRUE
C,A,20210101,2021,52,2021,276,DEU,Germany,M,Import,36,AUS,Australia,0,W00,World,H5,HS,TRUE,710811,"Metals; gold, non-monetary, powder",6,TRUE,C00,TOTAL CPC,0,0,TOTAL MOT,8,kg,0.48,FALSE,15,g,480,FALSE,0.48,FALSE,0,FALSE,2649.831,0,2649.831,0,FALSE,TRUE
C,A,20210101,2021,52,2021,276,DEU,Germany,M,Import,156,CHN,China,0,W00,World,H5,HS,TRUE,710811,"Metals; gold, non-monetary, powder",6,TRUE,C00,TOTAL CPC,0,0,TOTAL MOT,8,kg,0.2,FALSE,15,g,200,FALSE,0.2,FALSE,0,FALSE,12979.923,0,12979.923,0,FALSE,TRUE
C,A,20210101,2021,52,2021,276,DEU,Germany,M,Import,251,FRA,France,0,W00,World,H5,HS,TRUE,710811,"Metals; gold, non-monetary, powder",6,TRUE,C00,TOTAL CPC,0,0,TOTAL MOT,8,kg,0.034,FALSE,15,g,34,FALSE,0.034,FALSE,0,FALSE,2367.608,0,2367.608,0,FALSE,TRUE
C,A,20210101,2021,52,2021,276,DEU,Germany,M,Import,380,ITA,Italy,0,W00,World,H5,HS,TRUE,710811,"Metals; gold, non-monetary, powder",6,TRUE,C00,TOTAL CPC,0,0,TOTAL MOT,8,kg,37.439,FALSE,15,g,37439,FALSE,38.001,FALSE,0,FALSE,2328573.602,0,2328573.602,0,FALSE,TRUE
C,A,20210101,2021,52,2021,276,DEU,Germany,M,Import,392,JPN,Japan,0,W00,World,H5,HS,TRUE,710811,"Metals; gold, non-monetary, powder",6,TRUE,C00,TOTAL CPC,0,0,TOTAL MOT,8,kg,26.223,FALSE,15,g,26223,FALSE,27.057,FALSE,0,FALSE,91860.822,0,91860.822,0,FALSE,TRUE
C,A,20210101,2021,52,2021,276,DEU,Germany,M,Import,702,SGP,Singapore,0,W00,World,H5,HS,TRUE,710811,"Metals; gold, non-monetary, powder",6,TRUE,C00,TOTAL CPC,0,0,TOTAL MOT,8,kg,0.044,FALSE,15,g,44,FALSE,0.044,FALSE,0,FALSE,1675.629,0,1675.629,0,FALSE,TRUE
C,A,20210101,2021,52,2021,276,DEU,Germany,M,Import,757,CHE,Switzerland,0,W00,World,H5,HS,TRUE,710811,"Metals; gold, non-monetary, powder",6,TRUE,C00,TOTAL CPC,0,0,TOTAL MOT,8,kg,22.305,FALSE,15,g,22305,FALSE,25.959,FALSE,0,FALSE,1166678.026,0,1166678.026,0,FALSE,TRUE
C,A,20210101,2021,52,2021,276,DEU,Germany,M,Import,792,TUR,Türkiye,0,W00,World,H5,HS,TRUE,710811,"Metals; gold, non-monetary, powder",6,TRUE,C00,TOTAL CPC,0,0,TOTAL MOT,8,kg,0.003,FALSE,15,g,3,FALSE,0.003,FALSE,0,FALSE,167.681,0,167.681,0,FALSE,TRUE
C,A,20210101,2021,52,2021,276,DEU,Germany,M,Import,826,GBR,United Kingdom,0,W00,World,H5,HS,TRUE,710811,"Metals; gold, non-monetary, powder",6,TRUE,C00,TOTAL CPC,0,0,TOTAL MOT,8,kg,3.405,FALSE,15,g,3405,FALSE,3.405,FALSE,0,FALSE,212979.61,0,212979.61,0,FALSE,TRUE
C,A,20210101,2021,52,2021,276,DEU,Germany,M,Import,842,USA,USA,0,W00,World,H5,HS,TRUE,710811,"Metals; gold, non-monetary, powder",6,TRUE,C00,TOTAL CPC,0,0,TOTAL MOT,8,kg,19.892,FALSE,15,g,19892,FALSE,23.11,FALSE,0,FALSE,946978.189,0,946978.189,0,FALSE,TRUE
C,A,20210101,2021,52,2021,276,DEU,Germany,M,Import,0,W00,World,0,W00,World,H5,HS,TRUE,710812,"Metals; gold, non-monetary, unwrought (but not powder)",6,TRUE,C00,TOTAL CPC,0,0,TOTAL MOT,8,kg,145098.953,TRUE,15,g,145098952,FALSE,145106.574,TRUE,0,FALSE,8248505398,0,8248505398,6,FALSE,TRUE
C,A,20210101,2021,52,2021,276,DEU,Germany,M,Import,36,AUS,Australia,0,W00,World,H5,HS,TRUE,710812,"Metals; gold, non-monetary, unwrought (but not powder)",6,TRUE,C00,TOTAL CPC,0,0,TOTAL MOT,8,kg,1050.256,FALSE,15,g,1050256,FALSE,1048.915,FALSE,0,FALSE,56285237.99,0,56285237.99,0,FALSE,TRUE
C,A,20210101,2021,52,2021,276,DEU,Germany,M,Import,76,BRA,Brazil,0,W00,World,H5,HS,TRUE,710812,"Metals; gold, non-monetary, unwrought (but not powder)",6,TRUE,C00,TOTAL CPC,0,0,TOTAL MOT,8,kg,0.75,FALSE,15,g,750,FALSE,1,FALSE,0,FALSE,44936.134,0,44936.134,0,FALSE,TRUE
C,A,20210101,2021,52,2021,276,DEU,Germany,M,Import,124,CAN,Canada,0,W00,World,H5,HS,TRUE,710812,"Metals; gold, non-monetary, unwrought (but not powder)",6,TRUE,C00,TOTAL CPC,0,0,TOTAL MOT,8,kg,1341.823,FALSE,15,g,1341823,FALSE,1342.148,FALSE,0,FALSE,65739000.44,0,65739000.44,0,FALSE,TRUE
C,A,20210101,2021,52,2021,276,DEU,Germany,M,Import,156,CHN,China,0,W00,World,H5,HS,TRUE,710812,"Metals; gold, non-monetary, unwrought (but not powder)",6,TRUE,C00,TOTAL CPC,0,0,TOTAL MOT,8,kg,0.495,FALSE,15,g,495,FALSE,0.495,FALSE,0,FALSE,30489.593,0,30489.593,0,FALSE,TRUE
C,A,20210101,2021,52,2021,276,DEU,Germany,M,Import,180,COD,Dem. Rep. of the Congo,0,W00,World,H5,HS,TRUE,710812,"Metals; gold, non-monetary, unwrought (but not powder)",6,TRUE,C00,TOTAL CPC,0,0,TOTAL MOT,8,kg,0.73,FALSE,15,g,730,FALSE,1,FALSE,0,FALSE,28734.847,0,28734.847,0,FALSE,TRUE
C,A,20210101,2021,52,2021,276,DEU,Germany,M,Import,191,HRV,Croatia,0,W00,World,H5,HS,TRUE,710812,"Metals; gold, non-monetary, unwrought (but not powder)",6,TRUE,C00,TOTAL CPC,0,0,TOTAL MOT,8,kg,6.182,FALSE,15,g,6182,FALSE,7.027,FALSE,0,FALSE,372660.293,0,372660.293,0,FALSE,TRUE
C,A,20210101,2021,52,2021,276,DEU,Germany,M,Import,196,CYP,Cyprus,0,W00,World,H5,HS,TRUE,710812,"Metals; gold, non-monetary, unwrought (but not powder)",6,TRUE,C00,TOTAL CPC,0,0,TOTAL MOT,8,kg,0.233,FALSE,15,g,233,FALSE,0.233,FALSE,0,FALSE,12463.891,0,12463.891,0,FALSE,TRUE
C,A,20210101,2021,52,2021,276,DEU,Germany,M,Import,203,CZE,Czechia,0,W00,World,H5,HS,TRUE,710812,"Metals; gold, non-monetary, unwrought (but not powder)",6,TRUE,C00,TOTAL CPC,0,0,TOTAL MOT,8,kg,338.169,FALSE,15,g,338169,FALSE,338.743,FALSE,0,FALSE,19366317.71,0,19366317.71,0,FALSE,TRUE
C,A,20210101,2021,52,2021,276,DEU,Germany,M,Import,208,DNK,Denmark,0,W00,World,H5,HS,TRUE,710812,"Metals; gold, non-monetary, unwrought (but not powder)",6,TRUE,C00,TOTAL CPC,0,0,TOTAL MOT,8,kg,65.724,FALSE,15,g,65724,FALSE,69,FALSE,0,FALSE,3257364.312,0,3257364.312,0,FALSE,TRUE
C,A,20210101,2021,52,2021,276,DEU,Germany,M,Import,233,EST,Estonia,0,W00,World,H5,HS,TRUE,710812,"Metals; gold, non-monetary, unwrought (but not powder)",6,TRUE,C00,TOTAL CPC,0,0,TOTAL MOT,8,kg,8.006,FALSE,15,g,8006,FALSE,7.698,FALSE,0,FALSE,461788.624,0,461788.624,0,FALSE,TRUE
C,A,20210101,2021,52,2021,276,DEU,Germany,M,Import,246,FIN,Finland,0,W00,World,H5,HS,TRUE,710812,"Metals; gold, non-monetary, unwrought (but not powder)",6,TRUE,C00,TOTAL CPC,0,0,TOTAL MOT,8,kg,53.546,FALSE,15,g,53546,FALSE,50.239,FALSE,0,FALSE,2608238.274,0,2608238.274,0,FALSE,TRUE
C,A,20210101,2021,52,2021,276,DEU,Germany,M,Import,251,FRA,France,0,W00,World,H5,HS,TRUE,710812,"Metals; gold, non-monetary, unwrought (but not powder)",6,TRUE,C00,TOTAL CPC,0,0,TOTAL MOT,8,kg,3806.143,FALSE,15,g,3806143,FALSE,3805,FALSE,0,FALSE,159571029.4,0,159571029.4,0,FALSE,TRUE
C,A,20210101,2021,52,2021,276,DEU,Germany,M,Import,268,GEO,Georgia,0,W00,World,H5,HS,TRUE,710812,"Metals; gold, non-monetary, unwrought (but not powder)",6,TRUE,C00,TOTAL CPC,0,0,TOTAL MOT,8,kg,44.885,FALSE,15,g,44885,FALSE,44,FALSE,0,FALSE,1567768.507,0,1567768.507,0,FALSE,TRUE
C,A,20210101,2021,52,2021,276,DEU,Germany,M,Import,270,GMB,Gambia,0,W00,World,H5,HS,TRUE,710812,"Metals; gold, non-monetary, unwrought (but not powder)",6,TRUE,C00,TOTAL CPC,0,0,TOTAL MOT,8,kg,3.37,FALSE,15,g,3370,FALSE,3,FALSE,0,FALSE,120446.883,0,120446.883,0,FALSE,TRUE
C,A,20210101,2021,52,2021,276,DEU,Germany,M,Import,288,GHA,Ghana,0,W00,World,H5,HS,TRUE,710812,"Metals; gold, non-monetary, unwrought (but not powder)",6,TRUE,C00,TOTAL CPC,0,0,TOTAL MOT,8,kg,0.933,FALSE,15,g,933,FALSE,1,FALSE,0,FALSE,53480.778,0,53480.778,0,FALSE,TRUE
C,A,20210101,2021,52,2021,276,DEU,Germany,M,Import,300,GRC,Greece,0,W00,World,H5,HS,TRUE,710812,"Metals; gold, non-monetary, unwrought (but not powder)",6,TRUE,C00,TOTAL CPC,0,0,TOTAL MOT,8,kg,36.606,FALSE,15,g,36606,FALSE,36.155,FALSE,0,FALSE,1507597.023,0,1507597.023,0,FALSE,TRUE
C,A,20210101,2021,52,2021,276,DEU,Germany,M,Import,344,HKG,"China, Hong Kong SAR",0,W00,World,H5,HS,TRUE,710812,"Metals; gold, non-monetary, unwrought (but not powder)",6,TRUE,C00,TOTAL CPC,0,0,TOTAL MOT,8,kg,366.472,FALSE,15,g,366472,FALSE,367,FALSE,0,FALSE,19840630.45,0,19840630.45,0,FALSE,TRUE
C,A,20210101,2021,52,2021,276,DEU,Germany,M,Import,348,HUN,Hungary,0,W00,World,H5,HS,TRUE,710812,"Metals; gold, non-monetary, unwrought (but not powder)",6,TRUE,C00,TOTAL CPC,0,0,TOTAL MOT,8,kg,118.527,FALSE,15,g,118527,FALSE,118.507,FALSE,0,FALSE,6480508.719,0,6480508.719,0,FALSE,TRUE
C,A,20210101,2021,52,2021,276,DEU,Germany,M,Import,372,IRL,Ireland,0,W00,World,H5,HS,TRUE,710812,"Metals; gold, non-monetary, unwrought (but not powder)",6,TRUE,C00,TOTAL CPC,0,0,TOTAL MOT,8,kg,57.219,FALSE,15,g,57219,FALSE,57,FALSE,0,FALSE,3316925.295,0,3316925.295,0,FALSE,TRUE
C,A,20210101,2021,52,2021,276,DEU,Germany,M,Import,376,ISR,Israel,0,W00,World,H5,HS,TRUE,710812,"Metals; gold, non-monetary, unwrought (but not powder)",6,TRUE,C00,TOTAL CPC,0,0,TOTAL MOT,8,kg,0.01,FALSE,15,g,10,FALSE,0.01,FALSE,0,FALSE,667.181,0,667.181,0,FALSE,TRUE
C,A,20210101,2021,52,2021,276,DEU,Germany,M,Import,380,ITA,Italy,0,W00,World,H5,HS,TRUE,710812,"Metals; gold, non-monetary, unwrought (but not powder)",6,TRUE,C00,TOTAL CPC,0,0,TOTAL MOT,8,kg,152.738,FALSE,15,g,152738,FALSE,153.284,FALSE,0,FALSE,9316574.634,0,9316574.634,0,FALSE,TRUE
C,A,20210101,2021,52,2021,276,DEU,Germany,M,Import,392,JPN,Japan,0,W00,World,H5,HS,TRUE,710812,"Metals; gold, non-monetary, unwrought (but not powder)",6,TRUE,C00,TOTAL CPC,0,0,TOTAL MOT,8,kg,62.524,FALSE,15,g,62524,FALSE,63,FALSE,0,FALSE,3444397.065,0,3444397.065,0,FALSE,TRUE
C,A,20210101,2021,52,2021,276,DEU,Germany,M,Import,398,KAZ,Kazakhstan,0,W00,World,H5,HS,TRUE,710812,"Metals; gold, non-monetary, unwrought (but not powder)",6,TRUE,C00,TOTAL CPC,0,0,TOTAL MOT,8,kg,11.648,FALSE,15,g,11648,FALSE,12,FALSE,0,FALSE,630529.983,0,630529.983,0,FALSE,TRUE
C,A,20210101,2021,52,2021,276,DEU,Germany,M,Import,404,KEN,Kenya,0,W00,World,H5,HS,TRUE,710812,"Metals; gold, non-monetary, unwrought (but not powder)",6,TRUE,C00,TOTAL CPC,0,0,TOTAL MOT,8,kg,0.047,FALSE,15,g,47,FALSE,0.047,FALSE,0,FALSE,1877.554,0,1877.554,0,FALSE,TRUE
C,A,20210101,2021,52,2021,276,DEU,Germany,M,Import,440,LTU,Lithuania,0,W00,World,H5,HS,TRUE,710812,"Metals; gold, non-monetary, unwrought (but not powder)",6,TRUE,C00,TOTAL CPC,0,0,TOTAL MOT,8,kg,2.474,FALSE,15,g,2474,FALSE,2.96,FALSE,0,FALSE,136458.052,0,136458.052,0,FALSE,TRUE
C,A,20210101,2021,52,2021,276,DEU,Germany,M,Import,442,LUX,Luxembourg,0,W00,World,H5,HS,TRUE,710812,"Metals; gold, non-monetary, unwrought (but not powder)",6,TRUE,C00,TOTAL CPC,0,0,TOTAL MOT,8,kg,888.986,FALSE,15,g,888986,FALSE,888.819,FALSE,0,FALSE,52002575.49,0,52002575.49,0,FALSE,TRUE
C,A,20210101,2021,52,2021,276,DEU,Germany,M,Import,484,MEX,Mexico,0,W00,World,H5,HS,TRUE,710812,"Metals; gold, non-monetary, unwrought (but not powder)",6,TRUE,C00,TOTAL CPC,0,0,TOTAL MOT,8,kg,965.508,FALSE,15,g,965508,FALSE,965,FALSE,0,FALSE,53983671.64,0,53983671.64,0,FALSE,TRUE
C,A,20210101,2021,52,2021,276,DEU,Germany,M,Import,616,POL,Poland,0,W00,World,H5,HS,TRUE,710812,"Metals; gold, non-monetary, unwrought (but not powder)",6,TRUE,C00,TOTAL CPC,0,0,TOTAL MOT,8,kg,760.181,FALSE,15,g,760181,FALSE,762.435,FALSE,0,FALSE,32655764.27,0,32655764.27,0,FALSE,TRUE
C,A,20210101,2021,52,2021,276,DEU,Germany,M,Import,620,PRT,Portugal,0,W00,World,H5,HS,TRUE,710812,"Metals; gold, non-monetary, unwrought (but not powder)",6,TRUE,C00,TOTAL CPC,0,0,TOTAL MOT,8,kg,474.92,FALSE,15,g,474920,FALSE,473.232,FALSE,0,FALSE,27403075.72,0,27403075.72,0,FALSE,TRUE
C,A,20210101,2021,52,2021,276,DEU,Germany,M,Import,642,ROU,Romania,0,W00,World,H5,HS,TRUE,710812,"Metals; gold, non-monetary, unwrought (but not powder)",6,TRUE,C00,TOTAL CPC,0,0,TOTAL MOT,8,kg,17.672,FALSE,15,g,17672,FALSE,17.486,FALSE,0,FALSE,999049.029,0,999049.029,0,FALSE,TRUE
C,A,20210101,2021,52,2021,276,DEU,Germany,M,Import,643,RUS,Russian Federation,0,W00,World,H5,HS,TRUE,710812,"Metals; gold, non-monetary, unwrought (but not powder)",6,TRUE,C00,TOTAL CPC,0,0,TOTAL MOT,8,kg,5849.061,FALSE,15,g,5849061,FALSE,5851.342,FALSE,0,FALSE,338415519.1,0,338415519.1,0,FALSE,TRUE
C,A,20210101,2021,52,2021,276,DEU,Germany,M,Import,688,SRB,Serbia,0,W00,World,H5,HS,TRUE,710812,"Metals; gold, non-monetary, unwrought (but not powder)",6,TRUE,C00,TOTAL CPC,0,0,TOTAL MOT,8,kg,0.2,FALSE,15,g,200,FALSE,0.2,FALSE,0,FALSE,11192.113,0,11192.113,0,FALSE,TRUE
C,A,20210101,2021,52,2021,276,DEU,Germany,M,Import,699,IND,India,0,W00,World,H5,HS,TRUE,710812,"Metals; gold, non-monetary, unwrought (but not powder)",6,TRUE,C00,TOTAL CPC,0,0,TOTAL MOT,8,kg,0.021,FALSE,15,g,21,FALSE,0.021,FALSE,0,FALSE,1236.352,0,1236.352,0,FALSE,TRUE
C,A,20210101,2021,52,2021,276,DEU,Germany,M,Import,702,SGP,Singapore,0,W00,World,H5,HS,TRUE,710812,"Metals; gold, non-monetary, unwrought (but not powder)",6,TRUE,C00,TOTAL CPC,0,0,TOTAL MOT,8,kg,19.087,FALSE,15,g,19087,FALSE,19.087,FALSE,0,FALSE,1076732.545,0,1076732.545,0,FALSE,TRUE
C,A,20210101,2021,52,2021,276,DEU,Germany,M,Import,703,SVK,Slovakia,0,W00,World,H5,HS,TRUE,710812,"Metals; gold, non-monetary, unwrought (but not powder)",6,TRUE,C00,TOTAL CPC,0,0,TOTAL MOT,8,kg,223.752,TRUE,15,g,223752,FALSE,223.3,TRUE,0,FALSE,12817301.87,0,12817301.87,6,FALSE,TRUE
C,A,20210101,2021,52,2021,276,DEU,Germany,M,Import,705,SVN,Slovenia,0,W00,World,H5,HS,TRUE,710812,"Metals; gold, non-monetary, unwrought (but not powder)",6,TRUE,C00,TOTAL CPC,0,0,TOTAL MOT,8,kg,1,FALSE,15,g,1000,FALSE,1,FALSE,0,FALSE,57815.684,0,57815.684,0,FALSE,TRUE
C,A,20210101,2021,52,2021,276,DEU,Germany,M,Import,710,ZAF,South Africa,0,W00,World,H5,HS,TRUE,710812,"Metals; gold, non-monetary, unwrought (but not powder)",6,TRUE,C00,TOTAL CPC,0,0,TOTAL MOT,8,kg,725.421,FALSE,15,g,725421,FALSE,725,FALSE,0,FALSE,41189652.63,0,41189652.63,0,FALSE,TRUE
C,A,20210101,2021,52,2021,276,DEU,Germany,M,Import,724,ESP,Spain,0,W00,World,H5,HS,TRUE,710812,"Metals; gold, non-monetary, unwrought (but not powder)",6,TRUE,C00,TOTAL CPC,0,0,TOTAL MOT,8,kg,7.312,FALSE,15,g,7312,FALSE,7.326,FALSE,0,FALSE,416741.49,0,416741.49,0,FALSE,TRUE
C,A,20210101,2021,52,2021,276,DEU,Germany,M,Import,752,SWE,Sweden,0,W00,World,H5,HS,TRUE,710812,"Metals; gold, non-monetary, unwrought (but not powder)",6,TRUE,C00,TOTAL CPC,0,0,TOTAL MOT,8,kg,4652.899,FALSE,15,g,4652899,FALSE,4652,FALSE,0,FALSE,266998828.5,0,266998828.5,0,FALSE,TRUE
C,A,20210101,2021,52,2021,276,DEU,Germany,M,Import,757,CHE,Switzerland,0,W00,World,H5,HS,TRUE,710812,"Metals; gold, non-monetary, unwrought (but not powder)",6,TRUE,C00,TOTAL CPC,0,0,TOTAL MOT,8,kg,74361.606,FALSE,15,g,74361606,FALSE,74383.158,FALSE,0,FALSE,4290811192,0,4290811192,0,FALSE,TRUE
C,A,20210101,2021,52,2021,276,DEU,Germany,M,Import,764,THA,Thailand,0,W00,World,H5,HS,TRUE,710812,"Metals; gold, non-monetary, unwrought (but not powder)",6,TRUE,C00,TOTAL CPC,0,0,TOTAL MOT,8,kg,661.697,FALSE,15,g,661697,FALSE,661,FALSE,0,FALSE,20950637.03,0,20950637.03,0,FALSE,TRUE
C,A,20210101,2021,52,2021,276,DEU,Germany,M,Import,784,ARE,United Arab Emirates,0,W00,World,H5,HS,TRUE,710812,"Metals; gold, non-monetary, unwrought (but not powder)",6,TRUE,C00,TOTAL CPC,0,0,TOTAL MOT,8,kg,50.372,FALSE,15,g,50372,FALSE,50.368,FALSE,0,FALSE,1621772.402,0,1621772.402,0,FALSE,TRUE
C,A,20210101,2021,52,2021,276,DEU,Germany,M,Import,792,TUR,Türkiye,0,W00,World,H5,HS,TRUE,710812,"Metals; gold, non-monetary, unwrought (but not powder)",6,TRUE,C00,TOTAL CPC,0,0,TOTAL MOT,8,kg,100.549,FALSE,15,g,100549,FALSE,100.155,FALSE,0,FALSE,5913717.573,0,5913717.573,0,FALSE,TRUE
C,A,20210101,2021,52,2021,276,DEU,Germany,M,Import,826,GBR,United Kingdom,0,W00,World,H5,HS,TRUE,710812,"Metals; gold, non-monetary, unwrought (but not powder)",6,TRUE,C00,TOTAL CPC,0,0,TOTAL MOT,8,kg,29662.359,FALSE,15,g,29662359,FALSE,29652.225,FALSE,0,FALSE,1779899502,0,1779899502,0,FALSE,TRUE
C,A,20210101,2021,52,2021,276,DEU,Germany,M,Import,839,XX ,Special Categories,0,W00,World,H5,HS,TRUE,710812,"Metals; gold, non-monetary, unwrought (but not powder)",6,TRUE,C00,TOTAL CPC,0,0,TOTAL MOT,8,kg,16111.052,FALSE,15,g,16111052,FALSE,16110,FALSE,0,FALSE,848137484.8,0,848137484.8,0,FALSE,TRUE
C,A,20210101,2021,52,2021,276,DEU,Germany,M,Import,842,USA,USA,0,W00,World,H5,HS,TRUE,710812,"Metals; gold, non-monetary, unwrought (but not powder)",6,TRUE,C00,TOTAL CPC,0,0,TOTAL MOT,8,kg,2035.788,TRUE,15,g,2035787,FALSE,2033.959,TRUE,0,FALSE,118945812.1,0,118945812.1,6,FALSE,TRUE
C,A,20210101,2021,52,2021,276,DEU,Germany,M,Import,0,W00,World,0,W00,World,H5,HS,TRUE,711011,"Metals; platinum, unwrought or in powder form",6,TRUE,C00,TOTAL CPC,0,0,TOTAL MOT,8,kg,48007.412,TRUE,15,g,48007411,FALSE,48002.196,TRUE,0,FALSE,1278869444,0,1278869444,6,FALSE,TRUE
C,A,20210101,2021,52,2021,276,DEU,Germany,M,Import,36,AUS,Australia,0,W00,World,H5,HS,TRUE,711011,"Metals; platinum, unwrought or in powder form",6,TRUE,C00,TOTAL CPC,0,0,TOTAL MOT,8,kg,0.028,FALSE,15,g,28,FALSE,0.028,FALSE,0,FALSE,1061.586,0,1061.586,0,FALSE,TRUE
C,A,20210101,2021,52,2021,276,DEU,Germany,M,Import,40,AUT,Austria,0,W00,World,H5,HS,TRUE,711011,"Metals; platinum, unwrought or in powder form",6,TRUE,C00,TOTAL CPC,0,0,TOTAL MOT,8,kg,166.19,FALSE,15,g,166190,FALSE,167.884,FALSE,0,FALSE,5732710.706,0,5732710.706,0,FALSE,TRUE
C,A,20210101,2021,52,2021,276,DEU,Germany,M,Import,124,CAN,Canada,0,W00,World,H5,HS,TRUE,711011,"Metals; platinum, unwrought or in powder form",6,TRUE,C00,TOTAL CPC,0,0,TOTAL MOT,8,kg,158.877,FALSE,15,g,158877,FALSE,159,FALSE,0,FALSE,3281509.188,0,3281509.188,0,FALSE,TRUE
C,A,20210101,2021,52,2021,276,DEU,Germany,M,Import,156,CHN,China,0,W00,World,H5,HS,TRUE,711011,"Metals; platinum, unwrought or in powder form",6,TRUE,C00,TOTAL CPC,0,0,TOTAL MOT,8,kg,0.066,FALSE,15,g,66,FALSE,0.066,FALSE,0,FALSE,3383.14,0,3383.14,0,FALSE,TRUE
C,A,20210101,2021,52,2021,276,DEU,Germany,M,Import,191,HRV,Croatia,0,W00,World,H5,HS,TRUE,711011,"Metals; platinum, unwrought or in powder form",6,TRUE,C00,TOTAL CPC,0,0,TOTAL MOT,8,kg,0.473,FALSE,15,g,473,FALSE,0.473,FALSE,0,FALSE,16746.84,0,16746.84,0,FALSE,TRUE
C,A,20210101,2021,52,2021,276,DEU,Germany,M,Import,196,CYP,Cyprus,0,W00,World,H5,HS,TRUE,711011,"Metals; platinum, unwrought or in powder form",6,TRUE,C00,TOTAL CPC,0,0,TOTAL MOT,8,kg,3.349,FALSE,15,g,3349,FALSE,3.649,FALSE,0,FALSE,119077.095,0,119077.095,0,FALSE,TRUE
C,A,20210101,2021,52,2021,276,DEU,Germany,M,Import,203,CZE,Czechia,0,W00,World,H5,HS,TRUE,711011,"Metals; platinum, unwrought or in powder form",6,TRUE,C00,TOTAL CPC,0,0,TOTAL MOT,8,kg,43.013,FALSE,15,g,43013,FALSE,42.792,FALSE,0,FALSE,1514013.771,0,1514013.771,0,FALSE,TRUE
C,A,20210101,2021,52,2021,276,DEU,Germany,M,Import,208,DNK,Denmark,0,W00,World,H5,HS,TRUE,711011,"Metals; platinum, unwrought or in powder form",6,TRUE,C00,TOTAL CPC,0,0,TOTAL MOT,8,kg,2.03,FALSE,15,g,2030,FALSE,2.4,FALSE,0,FALSE,69062.117,0,69062.117,0,FALSE,TRUE
C,A,20210101,2021,52,2021,276,DEU,Germany,M,Import,246,FIN,Finland,0,W00,World,H5,HS,TRUE,711011,"Metals; platinum, unwrought or in powder form",6,TRUE,C00,TOTAL CPC,0,0,TOTAL MOT,8,kg,2.36,FALSE,15,g,2360,FALSE,2.37,FALSE,0,FALSE,81009.975,0,81009.975,0,FALSE,TRUE
C,A,20210101,2021,52,2021,276,DEU,Germany,M,Import,251,FRA,France,0,W00,World,H5,HS,TRUE,711011,"Metals; platinum, unwrought or in powder form",6,TRUE,C00,TOTAL CPC,0,0,TOTAL MOT,8,kg,252.548,FALSE,15,g,252548,FALSE,252.497,FALSE,0,FALSE,9783658.197,0,9783658.197,0,FALSE,TRUE
C,A,20210101,2021,52,2021,276,DEU,Germany,M,Import,300,GRC,Greece,0,W00,World,H5,HS,TRUE,711011,"Metals; platinum, unwrought or in powder form",6,TRUE,C00,TOTAL CPC,0,0,TOTAL MOT,8,kg,2.076,FALSE,15,g,2076,FALSE,2.406,FALSE,0,FALSE,76476.685,0,76476.685,0,FALSE,TRUE
C,A,20210101,2021,52,2021,276,DEU,Germany,M,Import,344,HKG,"China, Hong Kong SAR",0,W00,World,H5,HS,TRUE,711011,"Metals; platinum, unwrought or in powder form",6,TRUE,C00,TOTAL CPC,0,0,TOTAL MOT,8,kg,0.146,FALSE,15,g,146,FALSE,0.146,FALSE,0,FALSE,4481.333,0,4481.333,0,FALSE,TRUE
C,A,20210101,2021,52,2021,276,DEU,Germany,M,Import,348,HUN,Hungary,0,W00,World,H5,HS,TRUE,711011,"Metals; platinum, unwrought or in powder form",6,TRUE,C00,TOTAL CPC,0,0,TOTAL MOT,8,kg,43.4,FALSE,15,g,43400,FALSE,45,FALSE,0,FALSE,1472027.405,0,1472027.405,0,FALSE,TRUE
C,A,20210101,2021,52,2021,276,DEU,Germany,M,Import,360,IDN,Indonesia,0,W00,World,H5,HS,TRUE,711011,"Metals; platinum, unwrought or in powder form",6,TRUE,C00,TOTAL CPC,0,0,TOTAL MOT,8,kg,0.605,FALSE,15,g,605,FALSE,1,FALSE,0,FALSE,19639.927,0,19639.927,0,FALSE,TRUE
C,A,20210101,2021,52,2021,276,DEU,Germany,M,Import,372,IRL,Ireland,0,W00,World,H5,HS,TRUE,711011,"Metals; platinum, unwrought or in powder form",6,TRUE,C00,TOTAL CPC,0,0,TOTAL MOT,8,kg,1.351,FALSE,15,g,1351,FALSE,1.351,FALSE,0,FALSE,44317.368,0,44317.368,0,FALSE,TRUE
C,A,20210101,2021,52,2021,276,DEU,Germany,M,Import,376,ISR,Israel,0,W00,World,H5,HS,TRUE,711011,"Metals; platinum, unwrought or in powder form",6,TRUE,C00,TOTAL CPC,0,0,TOTAL MOT,8,kg,0.8,FALSE,15,g,800,FALSE,0.8,FALSE,0,FALSE,3686.619,0,3686.619,0,FALSE,TRUE
C,A,20210101,2021,52,2021,276,DEU,Germany,M,Import,380,ITA,Italy,0,W00,World,H5,HS,TRUE,711011,"Metals; platinum, unwrought or in powder form",6,TRUE,C00,TOTAL CPC,0,0,TOTAL MOT,8,kg,6941.624,FALSE,15,g,6941624,FALSE,6941.2,FALSE,0,FALSE,249185687.5,0,249185687.5,0,FALSE,TRUE
C,A,20210101,2021,52,2021,276,DEU,Germany,M,Import,392,JPN,Japan,0,W00,World,H5,HS,TRUE,711011,"Metals; platinum, unwrought or in powder form",6,TRUE,C00,TOTAL CPC,0,0,TOTAL MOT,8,kg,480.376,FALSE,15,g,480376,FALSE,481,FALSE,0,FALSE,18370362.51,0,18370362.51,0,FALSE,TRUE
C,A,20210101,2021,52,2021,276,DEU,Germany,M,Import,410,KOR,Rep. of Korea,0,W00,World,H5,HS,TRUE,711011,"Metals; platinum, unwrought or in powder form",6,TRUE,C00,TOTAL CPC,0,0,TOTAL MOT,8,kg,52.191,FALSE,15,g,52191,FALSE,52,FALSE,0,FALSE,2207087.57,0,2207087.57,0,FALSE,TRUE
C,A,20210101,2021,52,2021,276,DEU,Germany,M,Import,428,LVA,Latvia,0,W00,World,H5,HS,TRUE,711011,"Metals; platinum, unwrought or in powder form",6,TRUE,C00,TOTAL CPC,0,0,TOTAL MOT,8,kg,1.32,FALSE,15,g,1320,FALSE,1,FALSE,0,FALSE,45722.581,0,45722.581,0,FALSE,TRUE
C,A,20210101,2021,52,2021,276,DEU,Germany,M,Import,440,LTU,Lithuania,0,W00,World,H5,HS,TRUE,711011,"Metals; platinum, unwrought or in powder form",6,TRUE,C00,TOTAL CPC,0,0,TOTAL MOT,8,kg,95.912,FALSE,15,g,95912,FALSE,96,FALSE,0,FALSE,3344267.918,0,3344267.918,0,FALSE,TRUE
C,A,20210101,2021,52,2021,276,DEU,Germany,M,Import,442,LUX,Luxembourg,0,W00,World,H5,HS,TRUE,711011,"Metals; platinum, unwrought or in powder form",6,TRUE,C00,TOTAL CPC,0,0,TOTAL MOT,8,kg,2.455,FALSE,15,g,2455,FALSE,2.455,FALSE,0,FALSE,79078.102,0,79078.102,0,FALSE,TRUE
C,A,20210101,2021,52,2021,276,DEU,Germany,M,Import,579,NOR,Norway,0,W00,World,H5,HS,TRUE,711011,"Metals; platinum, unwrought or in powder form",6,TRUE,C00,TOTAL CPC,0,0,TOTAL MOT,8,kg,31.104,FALSE,15,g,31104,FALSE,31,FALSE,0,FALSE,1065346.772,0,1065346.772,0,FALSE,TRUE
C,A,20210101,2021,52,2021,276,DEU,Germany,M,Import,616,POL,Poland,0,W00,World,H5,HS,TRUE,711011,"Metals; platinum, unwrought or in powder form",6,TRUE,C00,TOTAL CPC,0,0,TOTAL MOT,8,kg,518.533,FALSE,15,g,518533,FALSE,517,FALSE,0,FALSE,17304972.05,0,17304972.05,0,FALSE,TRUE
C,A,20210101,2021,52,2021,276,DEU,Germany,M,Import,620,PRT,Portugal,0,W00,World,H5,HS,TRUE,711011,"Metals; platinum, unwrought or in powder form",6,TRUE,C00,TOTAL CPC,0,0,TOTAL MOT,8,kg,0.145,FALSE,15,g,145,FALSE,0.145,FALSE,0,FALSE,4429.375,0,4429.375,0,FALSE,TRUE
C,A,20210101,2021,52,2021,276,DEU,Germany,M,Import,643,RUS,Russian Federation,0,W00,World,H5,HS,TRUE,711011,"Metals; platinum, unwrought or in powder form",6,TRUE,C00,TOTAL CPC,0,0,TOTAL MOT,8,kg,451.31,FALSE,15,g,451310,FALSE,450,FALSE,0,FALSE,17605789.32,0,17605789.32,0,FALSE,TRUE
C,A,20210101,2021,52,2021,276,DEU,Germany,M,Import,705,SVN,Slovenia,0,W00,World,H5,HS,TRUE,711011,"Metals; platinum, unwrought or in powder form",6,TRUE,C00,TOTAL CPC,0,0,TOTAL MOT,8,kg,3.116,FALSE,15,g,3116,FALSE,3.142,FALSE,0,FALSE,102333.797,0,102333.797,0,FALSE,TRUE
C,A,20210101,2021,52,2021,276,DEU,Germany,M,Import,710,ZAF,South Africa,0,W00,World,H5,HS,TRUE,711011,"Metals; platinum, unwrought or in powder form",6,TRUE,C00,TOTAL CPC,0,0,TOTAL MOT,8,kg,10399.016,FALSE,15,g,10399016,FALSE,10398.028,FALSE,0,FALSE,370242761.1,0,370242761.1,0,FALSE,TRUE
C,A,20210101,2021,52,2021,276,DEU,Germany,M,Import,724,ESP,Spain,0,W00,World,H5,HS,TRUE,711011,"Metals; platinum, unwrought or in powder form",6,TRUE,C00,TOTAL CPC,0,0,TOTAL MOT,8,kg,2.314,FALSE,15,g,2314,FALSE,3,FALSE,0,FALSE,79546.9,0,79546.9,0,FALSE,TRUE
C,A,20210101,2021,52,2021,276,DEU,Germany,M,Import,752,SWE,Sweden,0,W00,World,H5,HS,TRUE,711011,"Metals; platinum, unwrought or in powder form",6,TRUE,C00,TOTAL CPC,0,0,TOTAL MOT,8,kg,1.046,FALSE,15,g,1046,FALSE,1.247,FALSE,0,FALSE,35229.532,0,35229.532,0,FALSE,TRUE
C,A,20210101,2021,52,2021,276,DEU,Germany,M,Import,757,CHE,Switzerland,0,W00,World,H5,HS,TRUE,711011,"Metals; platinum, unwrought or in powder form",6,TRUE,C00,TOTAL CPC,0,0,TOTAL MOT,8,kg,761.149,TRUE,15,g,761148,FALSE,762.555,TRUE,0,FALSE,26759047.42,0,26759047.42,6,FALSE,TRUE
C,A,20210101,2021,52,2021,276,DEU,Germany,M,Import,792,TUR,Türkiye,0,W00,World,H5,HS,TRUE,711011,"Metals; platinum, unwrought or in powder form",6,TRUE,C00,TOTAL CPC,0,0,TOTAL MOT,8,kg,0.437,FALSE,15,g,437,FALSE,0.437,FALSE,0,FALSE,17636.021,0,17636.021,0,FALSE,TRUE
C,A,20210101,2021,52,2021,276,DEU,Germany,M,Import,804,UKR,Ukraine,0,W00,World,H5,HS,TRUE,711011,"Metals; platinum, unwrought or in powder form",6,TRUE,C00,TOTAL CPC,0,0,TOTAL MOT,8,kg,15.552,FALSE,15,g,15552,FALSE,16,FALSE,0,FALSE,566570.327,0,566570.327,0,FALSE,TRUE
C,A,20210101,2021,52,2021,276,DEU,Germany,M,Import,826,GBR,United Kingdom,0,W00,World,H5,HS,TRUE,711011,"Metals; platinum, unwrought or in powder form",6,TRUE,C00,TOTAL CPC,0,0,TOTAL MOT,8,kg,2512.523,FALSE,15,g,2512523,FALSE,2511.04,FALSE,0,FALSE,85702124.18,0,85702124.18,0,FALSE,TRUE
C,A,20210101,2021,52,2021,276,DEU,Germany,M,Import,839,XX ,Special Categories,0,W00,World,H5,HS,TRUE,711011,"Metals; platinum, unwrought or in powder form",6,TRUE,C00,TOTAL CPC,0,0,TOTAL MOT,8,kg,23542.736,FALSE,15,g,23542736,FALSE,23540,FALSE,0,FALSE,393624600.8,0,393624600.8,0,FALSE,TRUE
C,A,20210101,2021,52,2021,276,DEU,Germany,M,Import,842,USA,USA,0,W00,World,H5,HS,TRUE,711011,"Metals; platinum, unwrought or in powder form",6,TRUE,C00,TOTAL CPC,0,0,TOTAL MOT,8,kg,1517.241,FALSE,15,g,1517241,FALSE,1513.085,FALSE,0,FALSE,70303988.06,0,70303988.06,0,FALSE,TRUE
C,A,20210101,2021,52,2021,276,DEU,Germany,M,Import,0,W00,World,0,W00,World,H5,HS,TRUE,720280,Ferro-alloys; ferro-tungsten and ferro-silico-tungsten,6,TRUE,C00,TOTAL CPC,0,0,TOTAL MOT,8,kg,695196,FALSE,8,kg,695196,FALSE,695196,FALSE,0,FALSE,18046203.34,0,18046203.34,0,FALSE,TRUE
C,A,20210101,2021,52,2021,276,DEU,Germany,M,Import,40,AUT,Austria,0,W00,World,H5,HS,TRUE,720280,Ferro-alloys; ferro-tungsten and ferro-silico-tungsten,6,TRUE,C00,TOTAL CPC,0,0,TOTAL MOT,8,kg,115,FALSE,8,kg,115,FALSE,115,FALSE,0,FALSE,1426.469,0,1426.469,0,FALSE,TRUE
C,A,20210101,2021,52,2021,276,DEU,Germany,M,Import,56,BEL,Belgium,0,W00,World,H5,HS,TRUE,720280,Ferro-alloys; ferro-tungsten and ferro-silico-tungsten,6,TRUE,C00,TOTAL CPC,0,0,TOTAL MOT,8,kg,500,FALSE,8,kg,500,FALSE,500,FALSE,0,FALSE,15586.063,0,15586.063,0,FALSE,TRUE
C,A,20210101,2021,52,2021,276,DEU,Germany,M,Import,76,BRA,Brazil,0,W00,World,H5,HS,TRUE,720280,Ferro-alloys; ferro-tungsten and ferro-silico-tungsten,6,TRUE,C00,TOTAL CPC,0,0,TOTAL MOT,8,kg,4885,FALSE,8,kg,4885,FALSE,4885,FALSE,0,FALSE,67133.786,0,67133.786,0,FALSE,TRUE
C,A,20210101,2021,52,2021,276,DEU,Germany,M,Import,156,CHN,China,0,W00,World,H5,HS,TRUE,720280,Ferro-alloys; ferro-tungsten and ferro-silico-tungsten,6,TRUE,C00,TOTAL CPC,0,0,TOTAL MOT,8,kg,205549,FALSE,8,kg,205549,FALSE,205549,FALSE,0,FALSE,5501163.383,0,5501163.383,0,FALSE,TRUE
C,A,20210101,2021,52,2021,276,DEU,Germany,M,Import,208,DNK,Denmark,0,W00,World,H5,HS,TRUE,720280,Ferro-alloys; ferro-tungsten and ferro-silico-tungsten,6,TRUE,C00,TOTAL CPC,0,0,TOTAL MOT,8,kg,4052,FALSE,8,kg,4052,FALSE,4052,FALSE,0,FALSE,50527.467,0,50527.467,0,FALSE,TRUE
C,A,20210101,2021,52,2021,276,DEU,Germany,M,Import,233,EST,Estonia,0,W00,World,H5,HS,TRUE,720280,Ferro-alloys; ferro-tungsten and ferro-silico-tungsten,6,TRUE,C00,TOTAL CPC,0,0,TOTAL MOT,8,kg,10000,FALSE,8,kg,10000,FALSE,10000,FALSE,0,FALSE,237929.827,0,237929.827,0,FALSE,TRUE
C,A,20210101,2021,52,2021,276,DEU,Germany,M,Import,251,FRA,France,0,W00,World,H5,HS,TRUE,720280,Ferro-alloys; ferro-tungsten and ferro-silico-tungsten,6,TRUE,C00,TOTAL CPC,0,0,TOTAL MOT,8,kg,583,FALSE,8,kg,583,FALSE,583,FALSE,0,FALSE,17078.659,0,17078.659,0,FALSE,TRUE
C,A,20210101,2021,52,2021,276,DEU,Germany,M,Import,410,KOR,Rep. of Korea,0,W00,World,H5,HS,TRUE,720280,Ferro-alloys; ferro-tungsten and ferro-silico-tungsten,6,TRUE,C00,TOTAL CPC,0,0,TOTAL MOT,8,kg,233,FALSE,8,kg,233,FALSE,233,FALSE,0,FALSE,4882.822,0,4882.822,0,FALSE,TRUE
C,A,20210101,2021,52,2021,276,DEU,Germany,M,Import,528,NLD,Netherlands,0,W00,World,H5,HS,TRUE,720280,Ferro-alloys; ferro-tungsten and ferro-silico-tungsten,6,TRUE,C00,TOTAL CPC,0,0,TOTAL MOT,8,kg,125881,FALSE,8,kg,125881,FALSE,125881,FALSE,0,FALSE,3471331.113,0,3471331.113,0,FALSE,TRUE
C,A,20210101,2021,52,2021,276,DEU,Germany,M,Import,616,POL,Poland,0,W00,World,H5,HS,TRUE,720280,Ferro-alloys; ferro-tungsten and ferro-silico-tungsten,6,TRUE,C00,TOTAL CPC,0,0,TOTAL MOT,8,kg,500,FALSE,8,kg,500,FALSE,500,FALSE,0,FALSE,17004.266,0,17004.266,0,FALSE,TRUE
C,A,20210101,2021,52,2021,276,DEU,Germany,M,Import,643,RUS,Russian Federation,0,W00,World,H5,HS,TRUE,720280,Ferro-alloys; ferro-tungsten and ferro-silico-tungsten,6,TRUE,C00,TOTAL CPC,0,0,TOTAL MOT,8,kg,314448,FALSE,8,kg,314448,FALSE,314448,FALSE,0,FALSE,7892545.311,0,7892545.311,0,FALSE,TRUE
C,A,20210101,2021,52,2021,276,DEU,Germany,M,Import,704,VNM,Viet Nam,0,W00,World,H5,HS,TRUE,720280,Ferro-alloys; ferro-tungsten and ferro-silico-tungsten,6,TRUE,C00,TOTAL CPC,0,0,TOTAL MOT,8,kg,17300,FALSE,8,kg,17300,FALSE,17300,FALSE,0,FALSE,455369.514,0,455369.514,0,FALSE,TRUE
C,A,20210101,2021,52,2021,276,DEU,Germany,M,Import,705,SVN,Slovenia,0,W00,World,H5,HS,TRUE,720280,Ferro-alloys; ferro-tungsten and ferro-silico-tungsten,6,TRUE,C00,TOTAL CPC,0,0,TOTAL MOT,8,kg,150,FALSE,8,kg,150,FALSE,150,FALSE,0,FALSE,7321.281,0,7321.281,0,FALSE,TRUE
C,A,20210101,2021,52,2021,276,DEU,Germany,M,Import,724,ESP,Spain,0,W00,World,H5,HS,TRUE,720280,Ferro-alloys; ferro-tungsten and ferro-silico-tungsten,6,TRUE,C00,TOTAL CPC,0,0,TOTAL MOT,8,kg,10000,FALSE,8,kg,10000,FALSE,10000,FALSE,0,FALSE,258252.286,0,258252.286,0,FALSE,TRUE
C,A,20210101,2021,52,2021,276,DEU,Germany,M,Import,752,SWE,Sweden,0,W00,World,H5,HS,TRUE,720280,Ferro-alloys; ferro-tungsten and ferro-silico-tungsten,6,TRUE,C00,TOTAL CPC,0,0,TOTAL MOT,8,kg,1000,FALSE,8,kg,1000,FALSE,1000,FALSE,0,FALSE,48651.094,0,48651.094,0,FALSE,TRUE
C,A,20210101,2021,52,2021,276,DEU,Germany,M,Import,0,W00,World,0,W00,World,H5,HS,TRUE,720292,Ferro-alloys; ferro-vanadium,6,TRUE,C00,TOTAL CPC,0,0,TOTAL MOT,8,kg,4689182,FALSE,8,kg,4689182,FALSE,4689182,FALSE,0,FALSE,112739416.9,0,112739416.9,0,FALSE,TRUE
C,A,20210101,2021,52,2021,276,DEU,Germany,M,Import,40,AUT,Austria,0,W00,World,H5,HS,TRUE,720292,Ferro-alloys; ferro-vanadium,6,TRUE,C00,TOTAL CPC,0,0,TOTAL MOT,8,kg,1926714,FALSE,8,kg,1926714,FALSE,1926714,FALSE,0,FALSE,44037444.4,0,44037444.4,0,FALSE,TRUE
C,A,20210101,2021,52,2021,276,DEU,Germany,M,Import,51,ARM,Armenia,0,W00,World,H5,HS,TRUE,720292,Ferro-alloys; ferro-vanadium,6,TRUE,C00,TOTAL CPC,0,0,TOTAL MOT,8,kg,2000,FALSE,8,kg,2000,FALSE,2000,FALSE,0,FALSE,41906.068,0,41906.068,0,FALSE,TRUE
C,A,20210101,2021,52,2021,276,DEU,Germany,M,Import,76,BRA,Brazil,0,W00,World,H5,HS,TRUE,720292,Ferro-alloys; ferro-vanadium,6,TRUE,C00,TOTAL CPC,0,0,TOTAL MOT,8,kg,250,FALSE,8,kg,250,FALSE,250,FALSE,0,FALSE,6827.685,0,6827.685,0,FALSE,TRUE
C,A,20210101,2021,52,2021,276,DEU,Germany,M,Import,156,CHN,China,0,W00,World,H5,HS,TRUE,720292,Ferro-alloys; ferro-vanadium,6,TRUE,C00,TOTAL CPC,0,0,TOTAL MOT,8,kg,310492,FALSE,8,kg,310492,FALSE,310492,FALSE,0,FALSE,8103846.93,0,8103846.93,0,FALSE,TRUE
C,A,20210101,2021,52,2021,276,DEU,Germany,M,Import,203,CZE,Czechia,0,W00,World,H5,HS,TRUE,720292,Ferro-alloys; ferro-vanadium,6,TRUE,C00,TOTAL CPC,0,0,TOTAL MOT,8,kg,591039,FALSE,8,kg,591039,FALSE,591039,FALSE,0,FALSE,14514092.61,0,14514092.61,0,FALSE,TRUE
C,A,20210101,2021,52,2021,276,DEU,Germany,M,Import,251,FRA,France,0,W00,World,H5,HS,TRUE,720292,Ferro-alloys; ferro-vanadium,6,TRUE,C00,TOTAL CPC,0,0,TOTAL MOT,8,kg,8181,FALSE,8,kg,8181,FALSE,8181,FALSE,0,FALSE,216687.484,0,216687.484,0,FALSE,TRUE
C,A,20210101,2021,52,2021,276,DEU,Germany,M,Import,372,IRL,Ireland,0,W00,World,H5,HS,TRUE,720292,Ferro-alloys; ferro-vanadium,6,TRUE,C00,TOTAL CPC,0,0,TOTAL MOT,8,kg,347920,FALSE,8,kg,347920,FALSE,347920,FALSE,0,FALSE,8199909.223,0,8199909.223,0,FALSE,TRUE
C,A,20210101,2021,52,2021,276,DEU,Germany,M,Import,392,JPN,Japan,0,W00,World,H5,HS,TRUE,720292,Ferro-alloys; ferro-vanadium,6,TRUE,C00,TOTAL CPC,0,0,TOTAL MOT,8,kg,6000,FALSE,8,kg,6000,FALSE,6000,FALSE,0,FALSE,97223.07,0,97223.07,0,FALSE,TRUE
C,A,20210101,2021,52,2021,276,DEU,Germany,M,Import,410,KOR,Rep. of Korea,0,W00,World,H5,HS,TRUE,720292,Ferro-alloys; ferro-vanadium,6,TRUE,C00,TOTAL CPC,0,0,TOTAL MOT,8,kg,331153,FALSE,8,kg,331153,FALSE,331153,FALSE,0,FALSE,9146749.252,0,9146749.252,0,FALSE,TRUE
C,A,20210101,2021,52,2021,276,DEU,Germany,M,Import,428,LVA,Latvia,0,W00,World,H5,HS,TRUE,720292,Ferro-alloys; ferro-vanadium,6,TRUE,C00,TOTAL CPC,0,0,TOTAL MOT,8,kg,71441,FALSE,8,kg,71441,FALSE,71441,FALSE,0,FALSE,2260077.113,0,2260077.113,0,FALSE,TRUE
C,A,20210101,2021,52,2021,276,DEU,Germany,M,Import,442,LUX,Luxembourg,0,W00,World,H5,HS,TRUE,720292,Ferro-alloys; ferro-vanadium,6,TRUE,C00,TOTAL CPC,0,0,TOTAL MOT,8,kg,2116,FALSE,8,kg,2116,FALSE,2116,FALSE,0,FALSE,46183.114,0,46183.114,0,FALSE,TRUE
C,A,20210101,2021,52,2021,276,DEU,Germany,M,Import,528,NLD,Netherlands,0,W00,World,H5,HS,TRUE,720292,Ferro-alloys; ferro-vanadium,6,TRUE,C00,TOTAL CPC,0,0,TOTAL MOT,8,kg,307783,FALSE,8,kg,307783,FALSE,307783,FALSE,0,FALSE,7724121.601,0,7724121.601,0,FALSE,TRUE
C,A,20210101,2021,52,2021,276,DEU,Germany,M,Import,642,ROU,Romania,0,W00,World,H5,HS,TRUE,720292,Ferro-alloys; ferro-vanadium,6,TRUE,C00,TOTAL CPC,0,0,TOTAL MOT,8,kg,39786,FALSE,8,kg,39786,FALSE,39786,FALSE,0,FALSE,1044344.142,0,1044344.142,0,FALSE,TRUE
C,A,20210101,2021,52,2021,276,DEU,Germany,M,Import,643,RUS,Russian Federation,0,W00,World,H5,HS,TRUE,720292,Ferro-alloys; ferro-vanadium,6,TRUE,C00,TOTAL CPC,0,0,TOTAL MOT,8,kg,4000,FALSE,8,kg,4000,FALSE,4000,FALSE,0,FALSE,102122.425,0,102122.425,0,FALSE,TRUE
C,A,20210101,2021,52,2021,276,DEU,Germany,M,Import,710,ZAF,South Africa,0,W00,World,H5,HS,TRUE,720292,Ferro-alloys; ferro-vanadium,6,TRUE,C00,TOTAL CPC,0,0,TOTAL MOT,8,kg,715057,FALSE,8,kg,715057,FALSE,715057,FALSE,0,FALSE,16612032.87,0,16612032.87,0,FALSE,TRUE
C,A,20210101,2021,52,2021,276,DEU,Germany,M,Import,752,SWE,Sweden,0,W00,World,H5,HS,TRUE,720292,Ferro-alloys; ferro-vanadium,6,TRUE,C00,TOTAL CPC,0,0,TOTAL MOT,8,kg,24000,FALSE,8,kg,24000,FALSE,24000,FALSE,0,FALSE,553338.883,0,553338.883,0,FALSE,TRUE
C,A,20210101,2021,52,2021,276,DEU,Germany,M,Import,826,GBR,United Kingdom,0,W00,World,H5,HS,TRUE,720292,Ferro-alloys; ferro-vanadium,6,TRUE,C00,TOTAL CPC,0,0,TOTAL MOT,8,kg,1250,FALSE,8,kg,1250,FALSE,1250,FALSE,0,FALSE,32510.031,0,32510.031,0,FALSE,TRUE
C,A,20210101,2021,52,2021,276,DEU,Germany,M,Import,0,W00,World,0,W00,World,H5,HS,TRUE,720293,Ferro-alloys; ferro-niobium,6,TRUE,C00,TOTAL CPC,0,0,TOTAL MOT,8,kg,5807127,FALSE,8,kg,5807127,FALSE,5807127,FALSE,0,FALSE,150052446.5,0,150052446.5,0,FALSE,TRUE
C,A,20210101,2021,52,2021,276,DEU,Germany,M,Import,56,BEL,Belgium,0,W00,World,H5,HS,TRUE,720293,Ferro-alloys; ferro-niobium,6,TRUE,C00,TOTAL CPC,0,0,TOTAL MOT,8,kg,50779,FALSE,8,kg,50779,FALSE,50779,FALSE,0,FALSE,1396437.54,0,1396437.54,0,FALSE,TRUE
C,A,20210101,2021,52,2021,276,DEU,Germany,M,Import,76,BRA,Brazil,0,W00,World,H5,HS,TRUE,720293,Ferro-alloys; ferro-niobium,6,TRUE,C00,TOTAL CPC,0,0,TOTAL MOT,8,kg,3105056,FALSE,8,kg,3105056,FALSE,3105056,FALSE,0,FALSE,76663406.34,0,76663406.34,0,FALSE,TRUE
C,A,20210101,2021,52,2021,276,DEU,Germany,M,Import,124,CAN,Canada,0,W00,World,H5,HS,TRUE,720293,Ferro-alloys; ferro-niobium,6,TRUE,C00,TOTAL CPC,0,0,TOTAL MOT,8,kg,1070332,FALSE,8,kg,1070332,FALSE,1070332,FALSE,0,FALSE,26906083.55,0,26906083.55,0,FALSE,TRUE
C,A,20210101,2021,52,2021,276,DEU,Germany,M,Import,196,CYP,Cyprus,0,W00,World,H5,HS,TRUE,720293,Ferro-alloys; ferro-niobium,6,TRUE,C00,TOTAL CPC,0,0,TOTAL MOT,8,kg,2020,FALSE,8,kg,2020,FALSE,2020,FALSE,0,FALSE,56060.939,0,56060.939,0,FALSE,TRUE
C,A,20210101,2021,52,2021,276,DEU,Germany,M,Import,251,FRA,France,0,W00,World,H5,HS,TRUE,720293,Ferro-alloys; ferro-niobium,6,TRUE,C00,TOTAL CPC,0,0,TOTAL MOT,8,kg,1054,FALSE,8,kg,1054,FALSE,1054,FALSE,0,FALSE,31531.104,0,31531.104,0,FALSE,TRUE
C,A,20210101,2021,52,2021,276,DEU,Germany,M,Import,442,LUX,Luxembourg,0,W00,World,H5,HS,TRUE,720293,Ferro-alloys; ferro-niobium,6,TRUE,C00,TOTAL CPC,0,0,TOTAL MOT,8,kg,5000,FALSE,8,kg,5000,FALSE,5000,FALSE,0,FALSE,137733.372,0,137733.372,0,FALSE,TRUE
C,A,20210101,2021,52,2021,276,DEU,Germany,M,Import,528,NLD,Netherlands,0,W00,World,H5,HS,TRUE,720293,Ferro-alloys; ferro-niobium,6,TRUE,C00,TOTAL CPC,0,0,TOTAL MOT,8,kg,1470949,FALSE,8,kg,1470949,FALSE,1470949,FALSE,0,FALSE,41871589.81,0,41871589.81,0,FALSE,TRUE
C,A,20210101,2021,52,2021,276,DEU,Germany,M,Import,616,POL,Poland,0,W00,World,H5,HS,TRUE,720293,Ferro-alloys; ferro-niobium,6,TRUE,C00,TOTAL CPC,0,0,TOTAL MOT,8,kg,1513,FALSE,8,kg,1513,FALSE,1513,FALSE,0,FALSE,34212.819,0,34212.819,0,FALSE,TRUE
C,A,20210101,2021,52,2021,276,DEU,Germany,M,Import,643,RUS,Russian Federation,0,W00,World,H5,HS,TRUE,720293,Ferro-alloys; ferro-niobium,6,TRUE,C00,TOTAL CPC,0,0,TOTAL MOT,8,kg,82941,FALSE,8,kg,82941,FALSE,82941,FALSE,0,FALSE,2507147.914,0,2507147.914,0,FALSE,TRUE
C,A,20210101,2021,52,2021,276,DEU,Germany,M,Import,703,SVK,Slovakia,0,W00,World,H5,HS,TRUE,720293,Ferro-alloys; ferro-niobium,6,TRUE,C00,TOTAL CPC,0,0,TOTAL MOT,8,kg,332,FALSE,8,kg,332,FALSE,332,FALSE,0,FALSE,7551.547,0,7551.547,0,FALSE,TRUE
C,A,20210101,2021,52,2021,276,DEU,Germany,M,Import,710,ZAF,South Africa,0,W00,World,H5,HS,TRUE,720293,Ferro-alloys; ferro-niobium,6,TRUE,C00,TOTAL CPC,0,0,TOTAL MOT,8,kg,10751,FALSE,8,kg,10751,FALSE,10751,FALSE,0,FALSE,246198.151,0,246198.151,0,FALSE,TRUE
C,A,20210101,2021,52,2021,276,DEU,Germany,M,Import,724,ESP,Spain,0,W00,World,H5,HS,TRUE,720293,Ferro-alloys; ferro-niobium,6,TRUE,C00,TOTAL CPC,0,0,TOTAL MOT,8,kg,4650,FALSE,8,kg,4650,FALSE,4650,FALSE,0,FALSE,134617.104,0,134617.104,0,FALSE,TRUE
C,A,20210101,2021,52,2021,276,DEU,Germany,M,Import,752,SWE,Sweden,0,W00,World,H5,HS,TRUE,720293,Ferro-alloys; ferro-niobium,6,TRUE,C00,TOTAL CPC,0,0,TOTAL MOT,8,kg,1750,FALSE,8,kg,1750,FALSE,1750,FALSE,0,FALSE,59876.271,0,59876.271,0,FALSE,TRUE
C,A,20210101,2021,52,2021,276,DEU,Germany,M,Import,0,W00,World,0,W00,World,H5,HS,TRUE,760110,"Aluminium; unwrought, (not alloyed)",6,TRUE,C00,TOTAL CPC,0,0,TOTAL MOT,8,kg,704378777.6,TRUE,-1,N/A,0,FALSE,704378777.6,TRUE,0,FALSE,1862050590,0,1862050590,6,FALSE,TRUE
C,A,20210101,2021,52,2021,276,DEU,Germany,M,Import,40,AUT,Austria,0,W00,World,H5,HS,TRUE,760110,"Aluminium; unwrought, (not alloyed)",6,TRUE,C00,TOTAL CPC,0,0,TOTAL MOT,8,kg,638784,FALSE,8,kg,638784,FALSE,638784,FALSE,0,FALSE,1871605.215,0,1871605.215,0,FALSE,TRUE
C,A,20210101,2021,52,2021,276,DEU,Germany,M,Import,44,BHS,Bahamas,0,W00,World,H5,HS,TRUE,760110,"Aluminium; unwrought, (not alloyed)",6,TRUE,C00,TOTAL CPC,0,0,TOTAL MOT,8,kg,9337146,FALSE,8,kg,9337146,FALSE,9337146,FALSE,0,FALSE,24195635.46,0,24195635.46,0,FALSE,TRUE
C,A,20210101,2021,52,2021,276,DEU,Germany,M,Import,56,BEL,Belgium,0,W00,World,H5,HS,TRUE,760110,"Aluminium; unwrought, (not alloyed)",6,TRUE,C00,TOTAL CPC,0,0,TOTAL MOT,8,kg,7637510,FALSE,8,kg,7637510,FALSE,7637510,FALSE,0,FALSE,16575897.62,0,16575897.62,0,FALSE,TRUE
C,A,20210101,2021,52,2021,276,DEU,Germany,M,Import,76,BRA,Brazil,0,W00,World,H5,HS,TRUE,760110,"Aluminium; unwrought, (not alloyed)",6,TRUE,C00,TOTAL CPC,0,0,TOTAL MOT,8,kg,9053458,FALSE,8,kg,9053458,FALSE,9053458,FALSE,0,FALSE,24753759.16,0,24753759.16,0,FALSE,TRUE
C,A,20210101,2021,52,2021,276,DEU,Germany,M,Import,120,CMR,Cameroon,0,W00,World,H5,HS,TRUE,760110,"Aluminium; unwrought, (not alloyed)",6,TRUE,C00,TOTAL CPC,0,0,TOTAL MOT,8,kg,1418225,FALSE,8,kg,1418225,FALSE,1418225,FALSE,0,FALSE,2794064.197,0,2794064.197,0,FALSE,TRUE
C,A,20210101,2021,52,2021,276,DEU,Germany,M,Import,124,CAN,Canada,0,W00,World,H5,HS,TRUE,760110,"Aluminium; unwrought, (not alloyed)",6,TRUE,C00,TOTAL CPC,0,0,TOTAL MOT,8,kg,13480566,FALSE,8,kg,13480566,FALSE,13480566,FALSE,0,FALSE,36283976.27,0,36283976.27,0,FALSE,TRUE
C,A,20210101,2021,52,2021,276,DEU,Germany,M,Import,156,CHN,China,0,W00,World,H5,HS,TRUE,760110,"Aluminium; unwrought, (not alloyed)",6,TRUE,C00,TOTAL CPC,0,0,TOTAL MOT,8,kg,23906.385,TRUE,-1,N/A,0,FALSE,23906.385,TRUE,0,FALSE,149467.496,0,149467.496,6,FALSE,TRUE
C,A,20210101,2021,52,2021,276,DEU,Germany,M,Import,203,CZE,Czechia,0,W00,World,H5,HS,TRUE,760110,"Aluminium; unwrought, (not alloyed)",6,TRUE,C00,TOTAL CPC,0,0,TOTAL MOT,8,kg,1641530,FALSE,8,kg,1641530,FALSE,1641530,FALSE,0,FALSE,4515739.022,0,4515739.022,0,FALSE,TRUE
C,A,20210101,2021,52,2021,276,DEU,Germany,M,Import,208,DNK,Denmark,0,W00,World,H5,HS,TRUE,760110,"Aluminium; unwrought, (not alloyed)",6,TRUE,C00,TOTAL CPC,0,0,TOTAL MOT,8,kg,1,FALSE,8,kg,1,FALSE,1,FALSE,0,FALSE,59.043,0,59.043,0,FALSE,TRUE
C,A,20210101,2021,52,2021,276,DEU,Germany,M,Import,246,FIN,Finland,0,W00,World,H5,HS,TRUE,760110,"Aluminium; unwrought, (not alloyed)",6,TRUE,C00,TOTAL CPC,0,0,TOTAL MOT,8,kg,48120,FALSE,8,kg,48120,FALSE,48120,FALSE,0,FALSE,103271.393,0,103271.393,0,FALSE,TRUE
C,A,20210101,2021,52,2021,276,DEU,Germany,M,Import,251,FRA,France,0,W00,World,H5,HS,TRUE,760110,"Aluminium; unwrought, (not alloyed)",6,TRUE,C00,TOTAL CPC,0,0,TOTAL MOT,8,kg,63597976,FALSE,8,kg,63597976,FALSE,63597976,FALSE,0,FALSE,173489665.7,0,173489665.7,0,FALSE,TRUE
C,A,20210101,2021,52,2021,276,DEU,Germany,M,Import,288,GHA,Ghana,0,W00,World,H5,HS,TRUE,760110,"Aluminium; unwrought, (not alloyed)",6,TRUE,C00,TOTAL CPC,0,0,TOTAL MOT,8,kg,198431,FALSE,8,kg,198431,FALSE,198431,FALSE,0,FALSE,431561.18,0,431561.18,0,FALSE,TRUE
C,A,20210101,2021,52,2021,276,DEU,Germany,M,Import,348,HUN,Hungary,0,W00,World,H5,HS,TRUE,760110,"Aluminium; unwrought, (not alloyed)",6,TRUE,C00,TOTAL CPC,0,0,TOTAL MOT,8,kg,101746,FALSE,8,kg,101746,FALSE,101746,FALSE,0,FALSE,222140.658,0,222140.658,0,FALSE,TRUE
C,A,20210101,2021,52,2021,276,DEU,Germany,M,Import,352,ISL,Iceland,0,W00,World,H5,HS,TRUE,760110,"Aluminium; unwrought, (not alloyed)",6,TRUE,C00,TOTAL CPC,0,0,TOTAL MOT,8,kg,66523833,FALSE,8,kg,66523833,FALSE,66523833,FALSE,0,FALSE,174209450.4,0,174209450.4,0,FALSE,TRUE
C,A,20210101,2021,52,2021,276,DEU,Germany,M,Import,380,ITA,Italy,0,W00,World,H5,HS,TRUE,760110,"Aluminium; unwrought, (not alloyed)",6,TRUE,C00,TOTAL CPC,0,0,TOTAL MOT,8,kg,2578248.887,TRUE,-1,N/A,0,FALSE,2578248.887,TRUE,0,FALSE,7060619.874,0,7060619.874,6,FALSE,TRUE
C,A,20210101,2021,52,2021,276,DEU,Germany,M,Import,392,JPN,Japan,0,W00,World,H5,HS,TRUE,760110,"Aluminium; unwrought, (not alloyed)",6,TRUE,C00,TOTAL CPC,0,0,TOTAL MOT,8,kg,3515.912,TRUE,-1,N/A,0,FALSE,3515.912,TRUE,0,FALSE,8915.431,0,8915.431,6,FALSE,TRUE
C,A,20210101,2021,52,2021,276,DEU,Germany,M,Import,410,KOR,Rep. of Korea,0,W00,World,H5,HS,TRUE,760110,"Aluminium; unwrought, (not alloyed)",6,TRUE,C00,TOTAL CPC,0,0,TOTAL MOT,8,kg,5590,FALSE,8,kg,5590,FALSE,5590,FALSE,0,FALSE,10893.358,0,10893.358,0,FALSE,TRUE
C,A,20210101,2021,52,2021,276,DEU,Germany,M,Import,508,MOZ,Mozambique,0,W00,World,H5,HS,TRUE,760110,"Aluminium; unwrought, (not alloyed)",6,TRUE,C00,TOTAL CPC,0,0,TOTAL MOT,8,kg,47993286,FALSE,8,kg,47993286,FALSE,47993286,FALSE,0,FALSE,122424321.6,0,122424321.6,0,FALSE,TRUE
C,A,20210101,2021,52,2021,276,DEU,Germany,M,Import,512,OMN,Oman,0,W00,World,H5,HS,TRUE,760110,"Aluminium; unwrought, (not alloyed)",6,TRUE,C00,TOTAL CPC,0,0,TOTAL MOT,8,kg,4959182,FALSE,8,kg,4959182,FALSE,4959182,FALSE,0,FALSE,15327648.71,0,15327648.71,0,FALSE,TRUE
C,A,20210101,2021,52,2021,276,DEU,Germany,M,Import,528,NLD,Netherlands,0,W00,World,H5,HS,TRUE,760110,"Aluminium; unwrought, (not alloyed)",6,TRUE,C00,TOTAL CPC,0,0,TOTAL MOT,8,kg,161186525.3,TRUE,-1,N/A,0,FALSE,161186525.3,TRUE,0,FALSE,401203224.9,0,401203224.9,6,FALSE,TRUE
C,A,20210101,2021,52,2021,276,DEU,Germany,M,Import,554,NZL,New Zealand,0,W00,World,H5,HS,TRUE,760110,"Aluminium; unwrought, (not alloyed)",6,TRUE,C00,TOTAL CPC,0,0,TOTAL MOT,8,kg,659147,FALSE,8,kg,659147,FALSE,659147,FALSE,0,FALSE,2140990.572,0,2140990.572,0,FALSE,TRUE
C,A,20210101,2021,52,2021,276,DEU,Germany,M,Import,579,NOR,Norway,0,W00,World,H5,HS,TRUE,760110,"Aluminium; unwrought, (not alloyed)",6,TRUE,C00,TOTAL CPC,0,0,TOTAL MOT,8,kg,26168498.47,TRUE,-1,N/A,0,FALSE,26168498.47,TRUE,0,FALSE,79391806.91,0,79391806.91,6,FALSE,TRUE
C,A,20210101,2021,52,2021,276,DEU,Germany,M,Import,616,POL,Poland,0,W00,World,H5,HS,TRUE,760110,"Aluminium; unwrought, (not alloyed)",6,TRUE,C00,TOTAL CPC,0,0,TOTAL MOT,8,kg,869913,FALSE,8,kg,869913,FALSE,869913,FALSE,0,FALSE,2487523.338,0,2487523.338,0,FALSE,TRUE
C,A,20210101,2021,52,2021,276,DEU,Germany,M,Import,642,ROU,Romania,0,W00,World,H5,HS,TRUE,760110,"Aluminium; unwrought, (not alloyed)",6,TRUE,C00,TOTAL CPC,0,0,TOTAL MOT,8,kg,24106,FALSE,8,kg,24106,FALSE,24106,FALSE,0,FALSE,58988.27,0,58988.27,0,FALSE,TRUE
C,A,20210101,2021,52,2021,276,DEU,Germany,M,Import,643,RUS,Russian Federation,0,W00,World,H5,HS,TRUE,760110,"Aluminium; unwrought, (not alloyed)",6,TRUE,C00,TOTAL CPC,0,0,TOTAL MOT,8,kg,166451717.7,TRUE,-1,N/A,0,FALSE,166451717.7,TRUE,0,FALSE,457483123.1,0,457483123.1,6,FALSE,TRUE
C,A,20210101,2021,52,2021,276,DEU,Germany,M,Import,699,IND,India,0,W00,World,H5,HS,TRUE,760110,"Aluminium; unwrought, (not alloyed)",6,TRUE,C00,TOTAL CPC,0,0,TOTAL MOT,8,kg,250879,FALSE,8,kg,250879,FALSE,250879,FALSE,0,FALSE,717530.42,0,717530.42,0,FALSE,TRUE
C,A,20210101,2021,52,2021,276,DEU,Germany,M,Import,703,SVK,Slovakia,0,W00,World,H5,HS,TRUE,760110,"Aluminium; unwrought, (not alloyed)",6,TRUE,C00,TOTAL CPC,0,0,TOTAL MOT,8,kg,63943,FALSE,8,kg,63943,FALSE,63943,FALSE,0,FALSE,195279.822,0,195279.822,0,FALSE,TRUE
C,A,20210101,2021,52,2021,276,DEU,Germany,M,Import,710,ZAF,South Africa,0,W00,World,H5,HS,TRUE,760110,"Aluminium; unwrought, (not alloyed)",6,TRUE,C00,TOTAL CPC,0,0,TOTAL MOT,8,kg,83237624,FALSE,8,kg,83237624,FALSE,83237624,FALSE,0,FALSE,218363296,0,218363296,0,FALSE,TRUE
C,A,20210101,2021,52,2021,276,DEU,Germany,M,Import,724,ESP,Spain,0,W00,World,H5,HS,TRUE,760110,"Aluminium; unwrought, (not alloyed)",6,TRUE,C00,TOTAL CPC,0,0,TOTAL MOT,8,kg,5246128,FALSE,8,kg,5246128,FALSE,5246128,FALSE,0,FALSE,14589677.75,0,14589677.75,0,FALSE,TRUE
C,A,20210101,2021,52,2021,276,DEU,Germany,M,Import,757,CHE,Switzerland,0,W00,World,H5,HS,TRUE,760110,"Aluminium; unwrought, (not alloyed)",6,TRUE,C00,TOTAL CPC,0,0,TOTAL MOT,8,kg,118863,FALSE,8,kg,118863,FALSE,118863,FALSE,0,FALSE,426067.858,0,426067.858,0,FALSE,TRUE
C,A,20210101,2021,52,2021,276,DEU,Germany,M,Import,784,ARE,United Arab Emirates,0,W00,World,H5,HS,TRUE,760110,"Aluminium; unwrought, (not alloyed)",6,TRUE,C00,TOTAL CPC,0,0,TOTAL MOT,8,kg,30791037,FALSE,8,kg,30791037,FALSE,30791037,FALSE,0,FALSE,80374961.67,0,80374961.67,0,FALSE,TRUE
C,A,20210101,2021,52,2021,276,DEU,Germany,M,Import,792,TUR,Türkiye,0,W00,World,H5,HS,TRUE,760110,"Aluminium; unwrought, (not alloyed)",6,TRUE,C00,TOTAL CPC,0,0,TOTAL MOT,8,kg,467.893,TRUE,-1,N/A,0,FALSE,467.893,TRUE,0,FALSE,3517.757,0,3517.757,6,FALSE,TRUE
C,A,20210101,2021,52,2021,276,DEU,Germany,M,Import,826,GBR,United Kingdom,0,W00,World,H5,HS,TRUE,760110,"Aluminium; unwrought, (not alloyed)",6,TRUE,C00,TOTAL CPC,0,0,TOTAL MOT,8,kg,46018.873,TRUE,-1,N/A,0,FALSE,46018.873,TRUE,0,FALSE,119711.212,0,119711.212,6,FALSE,TRUE
C,A,20210101,2021,52,2021,276,DEU,Germany,M,Import,842,USA,USA,0,W00,World,H5,HS,TRUE,760110,"Aluminium; unwrought, (not alloyed)",6,TRUE,C00,TOTAL CPC,0,0,TOTAL MOT,8,kg,22854.255,TRUE,-1,N/A,0,FALSE,22854.255,TRUE,0,FALSE,66198.551,0,66198.551,6,FALSE,TRUE
C,A,20210101,2021,52,2021,276,DEU,Germany,M,Import,0,W00,World,0,W00,World,H5,HS,TRUE,790111,"Zinc; unwrought, (not alloyed), containing by weight 99.99% or more of zinc",6,TRUE,C00,TOTAL CPC,0,0,TOTAL MOT,8,kg,245505617.2,TRUE,-1,N/A,0,FALSE,245505617.2,TRUE,0,FALSE,754781810.3,0,754781810.3,6,FALSE,TRUE
C,A,20210101,2021,52,2021,276,DEU,Germany,M,Import,40,AUT,Austria,0,W00,World,H5,HS,TRUE,790111,"Zinc; unwrought, (not alloyed), containing by weight 99.99% or more of zinc",6,TRUE,C00,TOTAL CPC,0,0,TOTAL MOT,8,kg,4728203,FALSE,8,kg,4728203,FALSE,4728203,FALSE,0,FALSE,14755870.83,0,14755870.83,0,FALSE,TRUE
C,A,20210101,2021,52,2021,276,DEU,Germany,M,Import,56,BEL,Belgium,0,W00,World,H5,HS,TRUE,790111,"Zinc; unwrought, (not alloyed), containing by weight 99.99% or more of zinc",6,TRUE,C00,TOTAL CPC,0,0,TOTAL MOT,8,kg,33337456,FALSE,8,kg,33337456,FALSE,33337456,FALSE,0,FALSE,104680026.7,0,104680026.7,0,FALSE,TRUE
C,A,20210101,2021,52,2021,276,DEU,Germany,M,Import,156,CHN,China,0,W00,World,H5,HS,TRUE,790111,"Zinc; unwrought, (not alloyed), containing by weight 99.99% or more of zinc",6,TRUE,C00,TOTAL CPC,0,0,TOTAL MOT,8,kg,1246,FALSE,8,kg,1246,FALSE,1246,FALSE,0,FALSE,3423.289,0,3423.289,0,FALSE,TRUE
C,A,20210101,2021,52,2021,276,DEU,Germany,M,Import,208,DNK,Denmark,0,W00,World,H5,HS,TRUE,790111,"Zinc; unwrought, (not alloyed), containing by weight 99.99% or more of zinc",6,TRUE,C00,TOTAL CPC,0,0,TOTAL MOT,8,kg,10390,FALSE,8,kg,10390,FALSE,10390,FALSE,0,FALSE,72582.236,0,72582.236,0,FALSE,TRUE
C,A,20210101,2021,52,2021,276,DEU,Germany,M,Import,246,FIN,Finland,0,W00,World,H5,HS,TRUE,790111,"Zinc; unwrought, (not alloyed), containing by weight 99.99% or more of zinc",6,TRUE,C00,TOTAL CPC,0,0,TOTAL MOT,8,kg,68049976,FALSE,8,kg,68049976,FALSE,68049976,FALSE,0,FALSE,206966984,0,206966984,0,FALSE,TRUE
C,A,20210101,2021,52,2021,276,DEU,Germany,M,Import,251,FRA,France,0,W00,World,H5,HS,TRUE,790111,"Zinc; unwrought, (not alloyed), containing by weight 99.99% or more of zinc",6,TRUE,C00,TOTAL CPC,0,0,TOTAL MOT,8,kg,88889,FALSE,8,kg,88889,FALSE,88889,FALSE,0,FALSE,644173.545,0,644173.545,0,FALSE,TRUE
C,A,20210101,2021,52,2021,276,DEU,Germany,M,Import,380,ITA,Italy,0,W00,World,H5,HS,TRUE,790111,"Zinc; unwrought, (not alloyed), containing by weight 99.99% or more of zinc",6,TRUE,C00,TOTAL CPC,0,0,TOTAL MOT,8,kg,567753,FALSE,8,kg,567753,FALSE,567753,FALSE,0,FALSE,1900171.2,0,1900171.2,0,FALSE,TRUE
C,A,20210101,2021,52,2021,276,DEU,Germany,M,Import,392,JPN,Japan,0,W00,World,H5,HS,TRUE,790111,"Zinc; unwrought, (not alloyed), containing by weight 99.99% or more of zinc",6,TRUE,C00,TOTAL CPC,0,0,TOTAL MOT,8,kg,1028,FALSE,8,kg,1028,FALSE,1028,FALSE,0,FALSE,2889.544,0,2889.544,0,FALSE,TRUE
C,A,20210101,2021,52,2021,276,DEU,Germany,M,Import,410,KOR,Rep. of Korea,0,W00,World,H5,HS,TRUE,790111,"Zinc; unwrought, (not alloyed), containing by weight 99.99% or more of zinc",6,TRUE,C00,TOTAL CPC,0,0,TOTAL MOT,8,kg,25193,FALSE,8,kg,25193,FALSE,25193,FALSE,0,FALSE,90211.172,0,90211.172,0,FALSE,TRUE
C,A,20210101,2021,52,2021,276,DEU,Germany,M,Import,442,LUX,Luxembourg,0,W00,World,H5,HS,TRUE,790111,"Zinc; unwrought, (not alloyed), containing by weight 99.99% or more of zinc",6,TRUE,C00,TOTAL CPC,0,0,TOTAL MOT,8,kg,1441975,FALSE,8,kg,1441975,FALSE,1441975,FALSE,0,FALSE,4782769.76,0,4782769.76,0,FALSE,TRUE
C,A,20210101,2021,52,2021,276,DEU,Germany,M,Import,484,MEX,Mexico,0,W00,World,H5,HS,TRUE,790111,"Zinc; unwrought, (not alloyed), containing by weight 99.99% or more of zinc",6,TRUE,C00,TOTAL CPC,0,0,TOTAL MOT,8,kg,6810776,FALSE,8,kg,6810776,FALSE,6810776,FALSE,0,FALSE,21911435.91,0,21911435.91,0,FALSE,TRUE
C,A,20210101,2021,52,2021,276,DEU,Germany,M,Import,516,NAM,Namibia,0,W00,World,H5,HS,TRUE,790111,"Zinc; unwrought, (not alloyed), containing by weight 99.99% or more of zinc",6,TRUE,C00,TOTAL CPC,0,0,TOTAL MOT,8,kg,48770,FALSE,8,kg,48770,FALSE,48770,FALSE,0,FALSE,159484.662,0,159484.662,0,FALSE,TRUE
C,A,20210101,2021,52,2021,276,DEU,Germany,M,Import,528,NLD,Netherlands,0,W00,World,H5,HS,TRUE,790111,"Zinc; unwrought, (not alloyed), containing by weight 99.99% or more of zinc",6,TRUE,C00,TOTAL CPC,0,0,TOTAL MOT,8,kg,24639700,FALSE,8,kg,24639700,FALSE,24639700,FALSE,0,FALSE,74720072.64,0,74720072.64,0,FALSE,TRUE
C,A,20210101,2021,52,2021,276,DEU,Germany,M,Import,579,NOR,Norway,0,W00,World,H5,HS,TRUE,790111,"Zinc; unwrought, (not alloyed), containing by weight 99.99% or more of zinc",6,TRUE,C00,TOTAL CPC,0,0,TOTAL MOT,8,kg,8642541,FALSE,8,kg,8642541,FALSE,8642541,FALSE,0,FALSE,25122510.83,0,25122510.83,0,FALSE,TRUE
C,A,20210101,2021,52,2021,276,DEU,Germany,M,Import,604,PER,Peru,0,W00,World,H5,HS,TRUE,790111,"Zinc; unwrought, (not alloyed), containing by weight 99.99% or more of zinc",6,TRUE,C00,TOTAL CPC,0,0,TOTAL MOT,8,kg,2995138,FALSE,8,kg,2995138,FALSE,2995138,FALSE,0,FALSE,9554311.982,0,9554311.982,0,FALSE,TRUE
C,A,20210101,2021,52,2021,276,DEU,Germany,M,Import,616,POL,Poland,0,W00,World,H5,HS,TRUE,790111,"Zinc; unwrought, (not alloyed), containing by weight 99.99% or more of zinc",6,TRUE,C00,TOTAL CPC,0,0,TOTAL MOT,8,kg,3487015,FALSE,8,kg,3487015,FALSE,3487015,FALSE,0,FALSE,11258556.25,0,11258556.25,0,FALSE,TRUE
C,A,20210101,2021,52,2021,276,DEU,Germany,M,Import,643,RUS,Russian Federation,0,W00,World,H5,HS,TRUE,790111,"Zinc; unwrought, (not alloyed), containing by weight 99.99% or more of zinc",6,TRUE,C00,TOTAL CPC,0,0,TOTAL MOT,8,kg,372774,FALSE,8,kg,372774,FALSE,372774,FALSE,0,FALSE,1397780.168,0,1397780.168,0,FALSE,TRUE
C,A,20210101,2021,52,2021,276,DEU,Germany,M,Import,702,SGP,Singapore,0,W00,World,H5,HS,TRUE,790111,"Zinc; unwrought, (not alloyed), containing by weight 99.99% or more of zinc",6,TRUE,C00,TOTAL CPC,0,0,TOTAL MOT,8,kg,98021,FALSE,8,kg,98021,FALSE,98021,FALSE,0,FALSE,302926.271,0,302926.271,0,FALSE,TRUE
C,A,20210101,2021,52,2021,276,DEU,Germany,M,Import,705,SVN,Slovenia,0,W00,World,H5,HS,TRUE,790111,"Zinc; unwrought, (not alloyed), containing by weight 99.99% or more of zinc",6,TRUE,C00,TOTAL CPC,0,0,TOTAL MOT,8,kg,246000,FALSE,8,kg,246000,FALSE,246000,FALSE,0,FALSE,852799.354,0,852799.354,0,FALSE,TRUE
C,A,20210101,2021,52,2021,276,DEU,Germany,M,Import,724,ESP,Spain,0,W00,World,H5,HS,TRUE,790111,"Zinc; unwrought, (not alloyed), containing by weight 99.99% or more of zinc",6,TRUE,C00,TOTAL CPC,0,0,TOTAL MOT,8,kg,83509430,FALSE,8,kg,83509430,FALSE,83509430,FALSE,0,FALSE,255836201.1,0,255836201.1,0,FALSE,TRUE
C,A,20210101,2021,52,2021,276,DEU,Germany,M,Import,752,SWE,Sweden,0,W00,World,H5,HS,TRUE,790111,"Zinc; unwrought, (not alloyed), containing by weight 99.99% or more of zinc",6,TRUE,C00,TOTAL CPC,0,0,TOTAL MOT,8,kg,6338745,FALSE,8,kg,6338745,FALSE,6338745,FALSE,0,FALSE,19579318.57,0,19579318.57,0,FALSE,TRUE
C,A,20210101,2021,52,2021,276,DEU,Germany,M,Import,757,CHE,Switzerland,0,W00,World,H5,HS,TRUE,790111,"Zinc; unwrought, (not alloyed), containing by weight 99.99% or more of zinc",6,TRUE,C00,TOTAL CPC,0,0,TOTAL MOT,8,kg,1116,FALSE,8,kg,1116,FALSE,1116,FALSE,0,FALSE,2863.566,0,2863.566,0,FALSE,TRUE
C,A,20210101,2021,52,2021,276,DEU,Germany,M,Import,826,GBR,United Kingdom,0,W00,World,H5,HS,TRUE,790111,"Zinc; unwrought, (not alloyed), containing by weight 99.99% or more of zinc",6,TRUE,C00,TOTAL CPC,0,0,TOTAL MOT,8,kg,48614,FALSE,8,kg,48614,FALSE,48614,FALSE,0,FALSE,142064.736,0,142064.736,0,FALSE,TRUE
C,A,20210101,2021,52,2021,276,DEU,Germany,M,Import,842,USA,USA,0,W00,World,H5,HS,TRUE,790111,"Zinc; unwrought, (not alloyed), containing by weight 99.99% or more of zinc",6,TRUE,C00,TOTAL CPC,0,0,TOTAL MOT,8,kg,14868.177,TRUE,-1,N/A,0,FALSE,14868.177,TRUE,0,FALSE,42381.952,0,42381.952,6,FALSE,TRUE
C,A,20210101,2021,52,2021,276,DEU,Germany,M,Import,0,W00,World,0,W00,World,H5,HS,TRUE,810320,"Tantalum; unwrought, including bars and rods obtained simply by sintering, powders",6,TRUE,C00,TOTAL CPC,0,0,TOTAL MOT,8,kg,80935.767,TRUE,-1,N/A,0,FALSE,80935.767,TRUE,0,FALSE,21827054.6,0,21827054.6,6,FALSE,TRUE
C,A,20210101,2021,52,2021,276,DEU,Germany,M,Import,40,AUT,Austria,0,W00,World,H5,HS,TRUE,810320,"Tantalum; unwrought, including bars and rods obtained simply by sintering, powders",6,TRUE,C00,TOTAL CPC,0,0,TOTAL MOT,8,kg,304,FALSE,8,kg,304,FALSE,304,FALSE,0,FALSE,93574.238,0,93574.238,0,FALSE,TRUE
C,A,20210101,2021,52,2021,276,DEU,Germany,M,Import,124,CAN,Canada,0,W00,World,H5,HS,TRUE,810320,"Tantalum; unwrought, including bars and rods obtained simply by sintering, powders",6,TRUE,C00,TOTAL CPC,0,0,TOTAL MOT,8,kg,76,FALSE,8,kg,76,FALSE,76,FALSE,0,FALSE,28766.73,0,28766.73,0,FALSE,TRUE
C,A,20210101,2021,52,2021,276,DEU,Germany,M,Import,156,CHN,China,0,W00,World,H5,HS,TRUE,810320,"Tantalum; unwrought, including bars and rods obtained simply by sintering, powders",6,TRUE,C00,TOTAL CPC,0,0,TOTAL MOT,8,kg,569.411,TRUE,-1,N/A,0,FALSE,569.411,TRUE,0,FALSE,257973.605,0,257973.605,6,FALSE,TRUE
C,A,20210101,2021,52,2021,276,DEU,Germany,M,Import,233,EST,Estonia,0,W00,World,H5,HS,TRUE,810320,"Tantalum; unwrought, including bars and rods obtained simply by sintering, powders",6,TRUE,C00,TOTAL CPC,0,0,TOTAL MOT,8,kg,4017.188,TRUE,-1,N/A,0,FALSE,4017.188,TRUE,0,FALSE,1180182.247,0,1180182.247,6,FALSE,TRUE
C,A,20210101,2021,52,2021,276,DEU,Germany,M,Import,251,FRA,France,0,W00,World,H5,HS,TRUE,810320,"Tantalum; unwrought, including bars and rods obtained simply by sintering, powders",6,TRUE,C00,TOTAL CPC,0,0,TOTAL MOT,8,kg,14.556,TRUE,-1,N/A,0,FALSE,14.556,TRUE,0,FALSE,3954.673,0,3954.673,6,FALSE,TRUE
C,A,20210101,2021,52,2021,276,DEU,Germany,M,Import,392,JPN,Japan,0,W00,World,H5,HS,TRUE,810320,"Tantalum; unwrought, including bars and rods obtained simply by sintering, powders",6,TRUE,C00,TOTAL CPC,0,0,TOTAL MOT,8,kg,2438,FALSE,8,kg,2438,FALSE,2438,FALSE,0,FALSE,421414.121,0,421414.121,0,FALSE,TRUE
C,A,20210101,2021,52,2021,276,DEU,Germany,M,Import,398,KAZ,Kazakhstan,0,W00,World,H5,HS,TRUE,810320,"Tantalum; unwrought, including bars and rods obtained simply by sintering, powders",6,TRUE,C00,TOTAL CPC,0,0,TOTAL MOT,8,kg,12893,FALSE,8,kg,12893,FALSE,12893,FALSE,0,FALSE,3538066.952,0,3538066.952,0,FALSE,TRUE
C,A,20210101,2021,52,2021,276,DEU,Germany,M,Import,410,KOR,Rep. of Korea,0,W00,World,H5,HS,TRUE,810320,"Tantalum; unwrought, including bars and rods obtained simply by sintering, powders",6,TRUE,C00,TOTAL CPC,0,0,TOTAL MOT,8,kg,965,FALSE,8,kg,965,FALSE,965,FALSE,0,FALSE,116916.136,0,116916.136,0,FALSE,TRUE
C,A,20210101,2021,52,2021,276,DEU,Germany,M,Import,528,NLD,Netherlands,0,W00,World,H5,HS,TRUE,810320,"Tantalum; unwrought, including bars and rods obtained simply by sintering, powders",6,TRUE,C00,TOTAL CPC,0,0,TOTAL MOT,8,kg,5,FALSE,8,kg,5,FALSE,5,FALSE,0,FALSE,947.043,0,947.043,0,FALSE,TRUE
C,A,20210101,2021,52,2021,276,DEU,Germany,M,Import,643,RUS,Russian Federation,0,W00,World,H5,HS,TRUE,810320,"Tantalum; unwrought, including bars and rods obtained simply by sintering, powders",6,TRUE,C00,TOTAL CPC,0,0,TOTAL MOT,8,kg,695,FALSE,8,kg,695,FALSE,695,FALSE,0,FALSE,128169.653,0,128169.653,0,FALSE,TRUE
C,A,20210101,2021,52,2021,276,DEU,Germany,M,Import,764,THA,Thailand,0,W00,World,H5,HS,TRUE,810320,"Tantalum; unwrought, including bars and rods obtained simply by sintering, powders",6,TRUE,C00,TOTAL CPC,0,0,TOTAL MOT,8,kg,10394,FALSE,8,kg,10394,FALSE,10394,FALSE,0,FALSE,1088345.042,0,1088345.042,0,FALSE,TRUE
C,A,20210101,2021,52,2021,276,DEU,Germany,M,Import,826,GBR,United Kingdom,0,W00,World,H5,HS,TRUE,810320,"Tantalum; unwrought, including bars and rods obtained simply by sintering, powders",6,TRUE,C00,TOTAL CPC,0,0,TOTAL MOT,8,kg,1125,FALSE,8,kg,1125,FALSE,1125,FALSE,0,FALSE,290928.817,0,290928.817,0,FALSE,TRUE
C,A,20210101,2021,52,2021,276,DEU,Germany,M,Import,842,USA,USA,0,W00,World,H5,HS,TRUE,810320,"Tantalum; unwrought, including bars and rods obtained simply by sintering, powders",6,TRUE,C00,TOTAL CPC,0,0,TOTAL MOT,8,kg,47439.611,TRUE,-1,N/A,0,FALSE,47439.611,TRUE,0,FALSE,14677815.35,0,14677815.35,6,FALSE,TRUE
C,A,20210101,2021,52,2021,276,DEU,Germany,M,Import,0,W00,World,0,W00,World,H5,HS,TRUE,810411,"Magnesium; unwrought, containing at least 99.8% by weight of magnesium",6,TRUE,C00,TOTAL CPC,0,0,TOTAL MOT,8,kg,24043141.6,TRUE,-1,N/A,0,FALSE,24043141.6,TRUE,0,FALSE,67973477.86,0,67973477.86,6,FALSE,TRUE
C,A,20210101,2021,52,2021,276,DEU,Germany,M,Import,40,AUT,Austria,0,W00,World,H5,HS,TRUE,810411,"Magnesium; unwrought, containing at least 99.8% by weight of magnesium",6,TRUE,C00,TOTAL CPC,0,0,TOTAL MOT,8,kg,1028980,FALSE,8,kg,1028980,FALSE,1028980,FALSE,0,FALSE,4013966.756,0,4013966.756,0,FALSE,TRUE
C,A,20210101,2021,52,2021,276,DEU,Germany,M,Import,56,BEL,Belgium,0,W00,World,H5,HS,TRUE,810411,"Magnesium; unwrought, containing at least 99.8% by weight of magnesium",6,TRUE,C00,TOTAL CPC,0,0,TOTAL MOT,8,kg,67291,FALSE,8,kg,67291,FALSE,67291,FALSE,0,FALSE,176558.598,0,176558.598,0,FALSE,TRUE
C,A,20210101,2021,52,2021,276,DEU,Germany,M,Import,156,CHN,China,0,W00,World,H5,HS,TRUE,810411,"Magnesium; unwrought, containing at least 99.8% by weight of magnesium",6,TRUE,C00,TOTAL CPC,0,0,TOTAL MOT,8,kg,17250380.5,TRUE,-1,N/A,0,FALSE,17250380.5,TRUE,0,FALSE,44229081.3,0,44229081.3,6,FALSE,TRUE
C,A,20210101,2021,52,2021,276,DEU,Germany,M,Import,251,FRA,France,0,W00,World,H5,HS,TRUE,810411,"Magnesium; unwrought, containing at least 99.8% by weight of magnesium",6,TRUE,C00,TOTAL CPC,0,0,TOTAL MOT,8,kg,138855,FALSE,8,kg,138855,FALSE,138855,FALSE,0,FALSE,489486.684,0,489486.684,0,FALSE,TRUE
C,A,20210101,2021,52,2021,276,DEU,Germany,M,Import,344,HKG,"China, Hong Kong SAR",0,W00,World,H5,HS,TRUE,810411,"Magnesium; unwrought, containing at least 99.8% by weight of magnesium",6,TRUE,C00,TOTAL CPC,0,0,TOTAL MOT,8,kg,50000,FALSE,8,kg,50000,FALSE,50000,FALSE,0,FALSE,93421.909,0,93421.909,0,FALSE,TRUE
C,A,20210101,2021,52,2021,276,DEU,Germany,M,Import,348,HUN,Hungary,0,W00,World,H5,HS,TRUE,810411,"Magnesium; unwrought, containing at least 99.8% by weight of magnesium",6,TRUE,C00,TOTAL CPC,0,0,TOTAL MOT,8,kg,1000,FALSE,8,kg,1000,FALSE,1000,FALSE,0,FALSE,4121.173,0,4121.173,0,FALSE,TRUE
C,A,20210101,2021,52,2021,276,DEU,Germany,M,Import,376,ISR,Israel,0,W00,World,H5,HS,TRUE,810411,"Magnesium; unwrought, containing at least 99.8% by weight of magnesium",6,TRUE,C00,TOTAL CPC,0,0,TOTAL MOT,8,kg,742848,FALSE,8,kg,742848,FALSE,742848,FALSE,0,FALSE,2716250.787,0,2716250.787,0,FALSE,TRUE
C,A,20210101,2021,52,2021,276,DEU,Germany,M,Import,380,ITA,Italy,0,W00,World,H5,HS,TRUE,810411,"Magnesium; unwrought, containing at least 99.8% by weight of magnesium",6,TRUE,C00,TOTAL CPC,0,0,TOTAL MOT,8,kg,166760,FALSE,8,kg,166760,FALSE,166760,FALSE,0,FALSE,917325.819,0,917325.819,0,FALSE,TRUE
C,A,20210101,2021,52,2021,276,DEU,Germany,M,Import,442,LUX,Luxembourg,0,W00,World,H5,HS,TRUE,810411,"Magnesium; unwrought, containing at least 99.8% by weight of magnesium",6,TRUE,C00,TOTAL CPC,0,0,TOTAL MOT,8,kg,278729,FALSE,8,kg,278729,FALSE,278729,FALSE,0,FALSE,1163022.109,0,1163022.109,0,FALSE,TRUE
C,A,20210101,2021,52,2021,276,DEU,Germany,M,Import,528,NLD,Netherlands,0,W00,World,H5,HS,TRUE,810411,"Magnesium; unwrought, containing at least 99.8% by weight of magnesium",6,TRUE,C00,TOTAL CPC,0,0,TOTAL MOT,8,kg,3853632,FALSE,8,kg,3853632,FALSE,3853632,FALSE,0,FALSE,11887264.18,0,11887264.18,0,FALSE,TRUE
C,A,20210101,2021,52,2021,276,DEU,Germany,M,Import,579,NOR,Norway,0,W00,World,H5,HS,TRUE,810411,"Magnesium; unwrought, containing at least 99.8% by weight of magnesium",6,TRUE,C00,TOTAL CPC,0,0,TOTAL MOT,8,kg,50000,FALSE,8,kg,50000,FALSE,50000,FALSE,0,FALSE,98601.124,0,98601.124,0,FALSE,TRUE
C,A,20210101,2021,52,2021,276,DEU,Germany,M,Import,616,POL,Poland,0,W00,World,H5,HS,TRUE,810411,"Magnesium; unwrought, containing at least 99.8% by weight of magnesium",6,TRUE,C00,TOTAL CPC,0,0,TOTAL MOT,8,kg,92387,FALSE,8,kg,92387,FALSE,92387,FALSE,0,FALSE,429201.838,0,429201.838,0,FALSE,TRUE
C,A,20210101,2021,52,2021,276,DEU,Germany,M,Import,703,SVK,Slovakia,0,W00,World,H5,HS,TRUE,810411,"Magnesium; unwrought, containing at least 99.8% by weight of magnesium",6,TRUE,C00,TOTAL CPC,0,0,TOTAL MOT,8,kg,194732,FALSE,8,kg,194732,FALSE,194732,FALSE,0,FALSE,1371055.13,0,1371055.13,0,FALSE,TRUE
C,A,20210101,2021,52,2021,276,DEU,Germany,M,Import,705,SVN,Slovenia,0,W00,World,H5,HS,TRUE,810411,"Magnesium; unwrought, containing at least 99.8% by weight of magnesium",6,TRUE,C00,TOTAL CPC,0,0,TOTAL MOT,8,kg,22740,FALSE,8,kg,22740,FALSE,22740,FALSE,0,FALSE,47260.05,0,47260.05,0,FALSE,TRUE
C,A,20210101,2021,52,2021,276,DEU,Germany,M,Import,724,ESP,Spain,0,W00,World,H5,HS,TRUE,810411,"Magnesium; unwrought, containing at least 99.8% by weight of magnesium",6,TRUE,C00,TOTAL CPC,0,0,TOTAL MOT,8,kg,5560,FALSE,8,kg,5560,FALSE,5560,FALSE,0,FALSE,13459.349,0,13459.349,0,FALSE,TRUE
C,A,20210101,2021,52,2021,276,DEU,Germany,M,Import,752,SWE,Sweden,0,W00,World,H5,HS,TRUE,810411,"Magnesium; unwrought, containing at least 99.8% by weight of magnesium",6,TRUE,C00,TOTAL CPC,0,0,TOTAL MOT,8,kg,65000,FALSE,8,kg,65000,FALSE,65000,FALSE,0,FALSE,208334.139,0,208334.139,0,FALSE,TRUE
C,A,20210101,2021,52,2021,276,DEU,Germany,M,Import,757,CHE,Switzerland,0,W00,World,H5,HS,TRUE,810411,"Magnesium; unwrought, containing at least 99.8% by weight of magnesium",6,TRUE,C00,TOTAL CPC,0,0,TOTAL MOT,8,kg,5336,FALSE,8,kg,5336,FALSE,5336,FALSE,0,FALSE,17673.809,0,17673.809,0,FALSE,TRUE
C,A,20210101,2021,52,2021,276,DEU,Germany,M,Import,792,TUR,Türkiye,0,W00,World,H5,HS,TRUE,810411,"Magnesium; unwrought, containing at least 99.8% by weight of magnesium",6,TRUE,C00,TOTAL CPC,0,0,TOTAL MOT,8,kg,23926,FALSE,8,kg,23926,FALSE,23926,FALSE,0,FALSE,84592.68,0,84592.68,0,FALSE,TRUE
C,A,20210101,2021,52,2021,276,DEU,Germany,M,Import,826,GBR,United Kingdom,0,W00,World,H5,HS,TRUE,810411,"Magnesium; unwrought, containing at least 99.8% by weight of magnesium",6,TRUE,C00,TOTAL CPC,0,0,TOTAL MOT,8,kg,975,FALSE,8,kg,975,FALSE,975,FALSE,0,FALSE,2257.789,0,2257.789,0,FALSE,TRUE
C,A,20210101,2021,52,2021,276,DEU,Germany,M,Import,842,USA,USA,0,W00,World,H5,HS,TRUE,810411,"Magnesium; unwrought, containing at least 99.8% by weight of magnesium",6,TRUE,C00,TOTAL CPC,0,0,TOTAL MOT,8,kg,4010.098,TRUE,-1,N/A,0,FALSE,4010.098,TRUE,0,FALSE,10542.645,0,10542.645,6,FALSE,TRUE
C,A,20210101,2021,52,2021,276,DEU,Germany,M,Import,0,W00,World,0,W00,World,H5,HS,TRUE,271129,"Petroleum gases and other gaseous hydrocarbons; in gaseous state, other than natural gas",6,TRUE,C00,TOTAL CPC,0,0,TOTAL MOT,8,kg,1724600,FALSE,8,kg,1724600,FALSE,1724600,FALSE,0,FALSE,2181467.81,0,2181467.81,0,FALSE,TRUE
C,A,20210101,2021,52,2021,276,DEU,Germany,M,Import,839,XX ,Special Categories,0,W00,World,H5,HS,TRUE,271129,"Petroleum gases and other gaseous hydrocarbons; in gaseous state, other than natural gas",6,TRUE,C00,TOTAL CPC,0,0,TOTAL MOT,8,kg,1724600,FALSE,8,kg,1724600,FALSE,1724600,FALSE,0,FALSE,2181467.81,0,2181467.81,0,FALSE,TRUE
C,A,20210101,2021,52,2021,276,DEU,Germany,M,Import,0,W00,World,0,W00,World,H5,HS,TRUE,280470,Phosphorus,6,TRUE,C00,TOTAL CPC,0,0,TOTAL MOT,8,kg,37231493.74,TRUE,-1,N/A,0,FALSE,37231493.74,TRUE,0,FALSE,113404095.9,0,113404095.9,6,FALSE,TRUE
C,A,20210101,2021,52,2021,276,DEU,Germany,M,Import,40,AUT,Austria,0,W00,World,H5,HS,TRUE,280470,Phosphorus,6,TRUE,C00,TOTAL CPC,0,0,TOTAL MOT,8,kg,827.929,TRUE,-1,N/A,0,FALSE,827.929,TRUE,0,FALSE,2921.427,0,2921.427,6,FALSE,TRUE
C,A,20210101,2021,52,2021,276,DEU,Germany,M,Import,56,BEL,Belgium,0,W00,World,H5,HS,TRUE,280470,Phosphorus,6,TRUE,C00,TOTAL CPC,0,0,TOTAL MOT,8,kg,44002,FALSE,8,kg,44002,FALSE,44002,FALSE,0,FALSE,68242.606,0,68242.606,0,FALSE,TRUE
C,A,20210101,2021,52,2021,276,DEU,Germany,M,Import,156,CHN,China,0,W00,World,H5,HS,TRUE,280470,Phosphorus,6,TRUE,C00,TOTAL CPC,0,0,TOTAL MOT,8,kg,297788.138,TRUE,-1,N/A,0,FALSE,297788.138,TRUE,0,FALSE,1627921.097,0,1627921.097,6,FALSE,TRUE
C,A,20210101,2021,52,2021,276,DEU,Germany,M,Import,251,FRA,France,0,W00,World,H5,HS,TRUE,280470,Phosphorus,6,TRUE,C00,TOTAL CPC,0,0,TOTAL MOT,8,kg,5,FALSE,8,kg,5,FALSE,5,FALSE,0,FALSE,14748.839,0,14748.839,0,FALSE,TRUE
C,A,20210101,2021,52,2021,276,DEU,Germany,M,Import,380,ITA,Italy,0,W00,World,H5,HS,TRUE,280470,Phosphorus,6,TRUE,C00,TOTAL CPC,0,0,TOTAL MOT,8,kg,908100,FALSE,8,kg,908100,FALSE,908100,FALSE,0,FALSE,7374870.514,0,7374870.514,0,FALSE,TRUE
C,A,20210101,2021,52,2021,276,DEU,Germany,M,Import,392,JPN,Japan,0,W00,World,H5,HS,TRUE,280470,Phosphorus,6,TRUE,C00,TOTAL CPC,0,0,TOTAL MOT,8,kg,15429.582,TRUE,-1,N/A,0,FALSE,15429.582,TRUE,0,FALSE,496639.103,0,496639.103,6,FALSE,TRUE
C,A,20210101,2021,52,2021,276,DEU,Germany,M,Import,398,KAZ,Kazakhstan,0,W00,World,H5,HS,TRUE,280470,Phosphorus,6,TRUE,C00,TOTAL CPC,0,0,TOTAL MOT,8,kg,24211756.78,TRUE,-1,N/A,0,FALSE,24211756.78,TRUE,0,FALSE,66350861.15,0,66350861.15,6,FALSE,TRUE
C,A,20210101,2021,52,2021,276,DEU,Germany,M,Import,490,S19,"Other Asia, nes",0,W00,World,H5,HS,TRUE,280470,Phosphorus,6,TRUE,C00,TOTAL CPC,0,0,TOTAL MOT,8,kg,4,FALSE,8,kg,4,FALSE,4,FALSE,0,FALSE,1336.724,0,1336.724,0,FALSE,TRUE
C,A,20210101,2021,52,2021,276,DEU,Germany,M,Import,528,NLD,Netherlands,0,W00,World,H5,HS,TRUE,280470,Phosphorus,6,TRUE,C00,TOTAL CPC,0,0,TOTAL MOT,8,kg,1498271,FALSE,8,kg,1498271,FALSE,1498271,FALSE,0,FALSE,4756525.329,0,4756525.329,0,FALSE,TRUE
C,A,20210101,2021,52,2021,276,DEU,Germany,M,Import,616,POL,Poland,0,W00,World,H5,HS,TRUE,280470,Phosphorus,6,TRUE,C00,TOTAL CPC,0,0,TOTAL MOT,8,kg,7170048,FALSE,8,kg,7170048,FALSE,7170048,FALSE,0,FALSE,22956809.76,0,22956809.76,0,FALSE,TRUE
C,A,20210101,2021,52,2021,276,DEU,Germany,M,Import,704,VNM,Viet Nam,0,W00,World,H5,HS,TRUE,280470,Phosphorus,6,TRUE,C00,TOTAL CPC,0,0,TOTAL MOT,8,kg,3062692,FALSE,8,kg,3062692,FALSE,3062692,FALSE,0,FALSE,9684541.041,0,9684541.041,0,FALSE,TRUE
C,A,20210101,2021,52,2021,276,DEU,Germany,M,Import,705,SVN,Slovenia,0,W00,World,H5,HS,TRUE,280470,Phosphorus,6,TRUE,C00,TOTAL CPC,0,0,TOTAL MOT,8,kg,100,FALSE,8,kg,100,FALSE,100,FALSE,0,FALSE,1753.565,0,1753.565,0,FALSE,TRUE
C,A,20210101,2021,52,2021,276,DEU,Germany,M,Import,792,TUR,Türkiye,0,W00,World,H5,HS,TRUE,280470,Phosphorus,6,TRUE,C00,TOTAL CPC,0,0,TOTAL MOT,8,kg,26,FALSE,8,kg,26,FALSE,26,FALSE,0,FALSE,47.234,0,47.234,0,FALSE,TRUE
C,A,20210101,2021,52,2021,276,DEU,Germany,M,Import,842,USA,USA,0,W00,World,H5,HS,TRUE,280470,Phosphorus,6,TRUE,C00,TOTAL CPC,0,0,TOTAL MOT,8,kg,22443.319,TRUE,-1,N/A,0,FALSE,22443.319,TRUE,0,FALSE,66877.541,0,66877.541,6,FALSE,TRUE
C,A,20210101,2021,52,2021,276,DEU,Germany,M,Import,0,W00,World,0,W00,World,H5,HS,TRUE,280490,Selenium,6,TRUE,C00,TOTAL CPC,0,0,TOTAL MOT,8,kg,136332.072,TRUE,-1,N/A,0,FALSE,136332.072,TRUE,0,FALSE,1987286.18,0,1987286.18,6,FALSE,TRUE
C,A,20210101,2021,52,2021,276,DEU,Germany,M,Import,56,BEL,Belgium,0,W00,World,H5,HS,TRUE,280490,Selenium,6,TRUE,C00,TOTAL CPC,0,0,TOTAL MOT,8,kg,12338.56,TRUE,-1,N/A,0,FALSE,12338.56,TRUE,0,FALSE,181910.218,0,181910.218,6,FALSE,TRUE
C,A,20210101,2021,52,2021,276,DEU,Germany,M,Import,152,CHL,Chile,0,W00,World,H5,HS,TRUE,280490,Selenium,6,TRUE,C00,TOTAL CPC,0,0,TOTAL MOT,8,kg,2500,FALSE,8,kg,2500,FALSE,2500,FALSE,0,FALSE,46981.369,0,46981.369,0,FALSE,TRUE
C,A,20210101,2021,52,2021,276,DEU,Germany,M,Import,156,CHN,China,0,W00,World,H5,HS,TRUE,280490,Selenium,6,TRUE,C00,TOTAL CPC,0,0,TOTAL MOT,8,kg,127.162,TRUE,-1,N/A,0,FALSE,127.162,TRUE,0,FALSE,3908.619,0,3908.619,6,FALSE,TRUE
C,A,20210101,2021,52,2021,276,DEU,Germany,M,Import,251,FRA,France,0,W00,World,H5,HS,TRUE,280490,Selenium,6,TRUE,C00,TOTAL CPC,0,0,TOTAL MOT,8,kg,3865.47,TRUE,-1,N/A,0,FALSE,3865.47,TRUE,0,FALSE,105705.129,0,105705.129,6,FALSE,TRUE
C,A,20210101,2021,52,2021,276,DEU,Germany,M,Import,380,ITA,Italy,0,W00,World,H5,HS,TRUE,280490,Selenium,6,TRUE,C00,TOTAL CPC,0,0,TOTAL MOT,8,kg,2,FALSE,8,kg,2,FALSE,2,FALSE,0,FALSE,236.17,0,236.17,0,FALSE,TRUE
C,A,20210101,2021,52,2021,276,DEU,Germany,M,Import,392,JPN,Japan,0,W00,World,H5,HS,TRUE,280490,Selenium,6,TRUE,C00,TOTAL CPC,0,0,TOTAL MOT,8,kg,3945.054,TRUE,-1,N/A,0,FALSE,3945.054,TRUE,0,FALSE,87946.299,0,87946.299,6,FALSE,TRUE
C,A,20210101,2021,52,2021,276,DEU,Germany,M,Import,410,KOR,Rep. of Korea,0,W00,World,H5,HS,TRUE,280490,Selenium,6,TRUE,C00,TOTAL CPC,0,0,TOTAL MOT,8,kg,1025,FALSE,8,kg,1025,FALSE,1025,FALSE,0,FALSE,22610.95,0,22610.95,0,FALSE,TRUE
C,A,20210101,2021,52,2021,276,DEU,Germany,M,Import,484,MEX,Mexico,0,W00,World,H5,HS,TRUE,280490,Selenium,6,TRUE,C00,TOTAL CPC,0,0,TOTAL MOT,8,kg,191.181,TRUE,-1,N/A,0,FALSE,191.181,TRUE,0,FALSE,2786.81,0,2786.81,6,FALSE,TRUE
C,A,20210101,2021,52,2021,276,DEU,Germany,M,Import,528,NLD,Netherlands,0,W00,World,H5,HS,TRUE,280490,Selenium,6,TRUE,C00,TOTAL CPC,0,0,TOTAL MOT,8,kg,1039.631,TRUE,-1,N/A,0,FALSE,1039.631,TRUE,0,FALSE,35804.607,0,35804.607,6,FALSE,TRUE
C,A,20210101,2021,52,2021,276,DEU,Germany,M,Import,591,PAN,Panama,0,W00,World,H5,HS,TRUE,280490,Selenium,6,TRUE,C00,TOTAL CPC,0,0,TOTAL MOT,8,kg,3000,FALSE,8,kg,3000,FALSE,3000,FALSE,0,FALSE,42420.92,0,42420.92,0,FALSE,TRUE
C,A,20210101,2021,52,2021,276,DEU,Germany,M,Import,608,PHL,Philippines,0,W00,World,H5,HS,TRUE,280490,Selenium,6,TRUE,C00,TOTAL CPC,0,0,TOTAL MOT,8,kg,31,FALSE,8,kg,31,FALSE,31,FALSE,0,FALSE,1550.458,0,1550.458,0,FALSE,TRUE
C,A,20210101,2021,52,2021,276,DEU,Germany,M,Import,643,RUS,Russian Federation,0,W00,World,H5,HS,TRUE,280490,Selenium,6,TRUE,C00,TOTAL CPC,0,0,TOTAL MOT,8,kg,48384,FALSE,8,kg,48384,FALSE,48384,FALSE,0,FALSE,652015.582,0,652015.582,0,FALSE,TRUE
C,A,20210101,2021,52,2021,276,DEU,Germany,M,Import,724,ESP,Spain,0,W00,World,H5,HS,TRUE,280490,Selenium,6,TRUE,C00,TOTAL CPC,0,0,TOTAL MOT,8,kg,6670.847,TRUE,-1,N/A,0,FALSE,6670.847,TRUE,0,FALSE,90514.651,0,90514.651,6,FALSE,TRUE
C,A,20210101,2021,52,2021,276,DEU,Germany,M,Import,752,SWE,Sweden,0,W00,World,H5,HS,TRUE,280490,Selenium,6,TRUE,C00,TOTAL CPC,0,0,TOTAL MOT,8,kg,51139,FALSE,8,kg,51139,FALSE,51139,FALSE,0,FALSE,660163.459,0,660163.459,0,FALSE,TRUE
C,A,20210101,2021,52,2021,276,DEU,Germany,M,Import,757,CHE,Switzerland,0,W00,World,H5,HS,TRUE,280490,Selenium,6,TRUE,C00,TOTAL CPC,0,0,TOTAL MOT,8,kg,1785.68,TRUE,-1,N/A,0,FALSE,1785.68,TRUE,0,FALSE,26029.516,0,26029.516,6,FALSE,TRUE
C,A,20210101,2021,52,2021,276,DEU,Germany,M,Import,826,GBR,United Kingdom,0,W00,World,H5,HS,TRUE,280490,Selenium,6,TRUE,C00,TOTAL CPC,0,0,TOTAL MOT,8,kg,1,FALSE,8,kg,1,FALSE,1,FALSE,0,FALSE,93.287,0,93.287,0,FALSE,TRUE
C,A,20210101,2021,52,2021,276,DEU,Germany,M,Import,842,USA,USA,0,W00,World,H5,HS,TRUE,280490,Selenium,6,TRUE,C00,TOTAL CPC,0,0,TOTAL MOT,8,kg,286.486,TRUE,-1,N/A,0,FALSE,286.486,TRUE,0,FALSE,26608.133,0,26608.133,6,FALSE,TRUE
C,A,20210101,2021,52,2021,276,DEU,Germany,M,Import,0,W00,World,0,W00,World,H5,HS,TRUE,280530,"Earth-metals, rare; scandium and yttrium, whether or not intermixed or interalloyed",6,TRUE,C00,TOTAL CPC,0,0,TOTAL MOT,8,kg,272459.539,TRUE,-1,N/A,0,FALSE,272459.539,TRUE,0,FALSE,3295237.771,0,3295237.771,6,FALSE,TRUE
C,A,20210101,2021,52,2021,276,DEU,Germany,M,Import,40,AUT,Austria,0,W00,World,H5,HS,TRUE,280530,"Earth-metals, rare; scandium and yttrium, whether or not intermixed or interalloyed",6,TRUE,C00,TOTAL CPC,0,0,TOTAL MOT,8,kg,11506.717,TRUE,-1,N/A,0,FALSE,11506.717,TRUE,0,FALSE,162970.536,0,162970.536,6,FALSE,TRUE
C,A,20210101,2021,52,2021,276,DEU,Germany,M,Import,56,BEL,Belgium,0,W00,World,H5,HS,TRUE,280530,"Earth-metals, rare; scandium and yttrium, whether or not intermixed or interalloyed",6,TRUE,C00,TOTAL CPC,0,0,TOTAL MOT,8,kg,85.184,TRUE,-1,N/A,0,FALSE,85.184,TRUE,0,FALSE,738.032,0,738.032,6,FALSE,TRUE
C,A,20210101,2021,52,2021,276,DEU,Germany,M,Import,156,CHN,China,0,W00,World,H5,HS,TRUE,280530,"Earth-metals, rare; scandium and yttrium, whether or not intermixed or interalloyed",6,TRUE,C00,TOTAL CPC,0,0,TOTAL MOT,8,kg,248791.779,TRUE,-1,N/A,0,FALSE,248791.779,TRUE,0,FALSE,2495282.715,0,2495282.715,6,FALSE,TRUE
C,A,20210101,2021,52,2021,276,DEU,Germany,M,Import,251,FRA,France,0,W00,World,H5,HS,TRUE,280530,"Earth-metals, rare; scandium and yttrium, whether or not intermixed or interalloyed",6,TRUE,C00,TOTAL CPC,0,0,TOTAL MOT,8,kg,5759.329,TRUE,-1,N/A,0,FALSE,5759.329,TRUE,0,FALSE,110902.058,0,110902.058,6,FALSE,TRUE
C,A,20210101,2021,52,2021,276,DEU,Germany,M,Import,392,JPN,Japan,0,W00,World,H5,HS,TRUE,280530,"Earth-metals, rare; scandium and yttrium, whether or not intermixed or interalloyed",6,TRUE,C00,TOTAL CPC,0,0,TOTAL MOT,8,kg,9,FALSE,8,kg,9,FALSE,9,FALSE,0,FALSE,4993.822,0,4993.822,0,FALSE,TRUE
C,A,20210101,2021,52,2021,276,DEU,Germany,M,Import,410,KOR,Rep. of Korea,0,W00,World,H5,HS,TRUE,280530,"Earth-metals, rare; scandium and yttrium, whether or not intermixed or interalloyed",6,TRUE,C00,TOTAL CPC,0,0,TOTAL MOT,8,kg,4,FALSE,8,kg,4,FALSE,4,FALSE,0,FALSE,136.979,0,136.979,0,FALSE,TRUE
C,A,20210101,2021,52,2021,276,DEU,Germany,M,Import,528,NLD,Netherlands,0,W00,World,H5,HS,TRUE,280530,"Earth-metals, rare; scandium and yttrium, whether or not intermixed or interalloyed",6,TRUE,C00,TOTAL CPC,0,0,TOTAL MOT,8,kg,1,FALSE,8,kg,1,FALSE,1,FALSE,0,FALSE,3299.3,0,3299.3,0,FALSE,TRUE
C,A,20210101,2021,52,2021,276,DEU,Germany,M,Import,620,PRT,Portugal,0,W00,World,H5,HS,TRUE,280530,"Earth-metals, rare; scandium and yttrium, whether or not intermixed or interalloyed",6,TRUE,C00,TOTAL CPC,0,0,TOTAL MOT,8,kg,4654.413,TRUE,-1,N/A,0,FALSE,4654.413,TRUE,0,FALSE,56292.386,0,56292.386,6,FALSE,TRUE
C,A,20210101,2021,52,2021,276,DEU,Germany,M,Import,643,RUS,Russian Federation,0,W00,World,H5,HS,TRUE,280530,"Earth-metals, rare; scandium and yttrium, whether or not intermixed or interalloyed",6,TRUE,C00,TOTAL CPC,0,0,TOTAL MOT,8,kg,47.343,TRUE,-1,N/A,0,FALSE,47.343,TRUE,0,FALSE,302703.09,0,302703.09,6,FALSE,TRUE
C,A,20210101,2021,52,2021,276,DEU,Germany,M,Import,826,GBR,United Kingdom,0,W00,World,H5,HS,TRUE,280530,"Earth-metals, rare; scandium and yttrium, whether or not intermixed or interalloyed",6,TRUE,C00,TOTAL CPC,0,0,TOTAL MOT,8,kg,980.762,TRUE,-1,N/A,0,FALSE,980.762,TRUE,0,FALSE,48499.945,0,48499.945,6,FALSE,TRUE
C,A,20210101,2021,52,2021,276,DEU,Germany,M,Import,842,USA,USA,0,W00,World,H5,HS,TRUE,280530,"Earth-metals, rare; scandium and yttrium, whether or not intermixed or interalloyed",6,TRUE,C00,TOTAL CPC,0,0,TOTAL MOT,8,kg,620.012,TRUE,-1,N/A,0,FALSE,620.012,TRUE,0,FALSE,109418.908,0,109418.908,6,FALSE,TRUE
C,A,20210101,2021,52,2021,276,DEU,Germany,M,Import,0,W00,World,0,W00,World,H5,HS,TRUE,281820,Aluminium oxide; other than artificial corundum,6,TRUE,C00,TOTAL CPC,0,0,TOTAL MOT,8,kg,810794391.6,TRUE,-1,N/A,0,FALSE,810794391.6,TRUE,0,FALSE,419000749.1,0,419000749.1,6,FALSE,TRUE
C,A,20210101,2021,52,2021,276,DEU,Germany,M,Import,36,AUS,Australia,0,W00,World,H5,HS,TRUE,281820,Aluminium oxide; other than artificial corundum,6,TRUE,C00,TOTAL CPC,0,0,TOTAL MOT,8,kg,23287801.28,TRUE,-1,N/A,0,FALSE,23287801.28,TRUE,0,FALSE,13319084.77,0,13319084.77,6,FALSE,TRUE
C,A,20210101,2021,52,2021,276,DEU,Germany,M,Import,40,AUT,Austria,0,W00,World,H5,HS,TRUE,281820,Aluminium oxide; other than artificial corundum,6,TRUE,C00,TOTAL CPC,0,0,TOTAL MOT,8,kg,8773794,FALSE,8,kg,8773794,FALSE,8773794,FALSE,0,FALSE,3296883.878,0,3296883.878,0,FALSE,TRUE
C,A,20210101,2021,52,2021,276,DEU,Germany,M,Import,56,BEL,Belgium,0,W00,World,H5,HS,TRUE,281820,Aluminium oxide; other than artificial corundum,6,TRUE,C00,TOTAL CPC,0,0,TOTAL MOT,8,kg,239203.666,TRUE,-1,N/A,0,FALSE,239203.666,TRUE,0,FALSE,880294.307,0,880294.307,6,FALSE,TRUE
C,A,20210101,2021,52,2021,276,DEU,Germany,M,Import,70,BIH,Bosnia Herzegovina,0,W00,World,H5,HS,TRUE,281820,Aluminium oxide; other than artificial corundum,6,TRUE,C00,TOTAL CPC,0,0,TOTAL MOT,8,kg,1316214,FALSE,8,kg,1316214,FALSE,1316214,FALSE,0,FALSE,713475.375,0,713475.375,0,FALSE,TRUE
C,A,20210101,2021,52,2021,276,DEU,Germany,M,Import,76,BRA,Brazil,0,W00,World,H5,HS,TRUE,281820,Aluminium oxide; other than artificial corundum,6,TRUE,C00,TOTAL CPC,0,0,TOTAL MOT,8,kg,1512483,FALSE,8,kg,1512483,FALSE,1512483,FALSE,0,FALSE,857111.825,0,857111.825,0,FALSE,TRUE
C,A,20210101,2021,52,2021,276,DEU,Germany,M,Import,124,CAN,Canada,0,W00,World,H5,HS,TRUE,281820,Aluminium oxide; other than artificial corundum,6,TRUE,C00,TOTAL CPC,0,0,TOTAL MOT,8,kg,20873,FALSE,8,kg,20873,FALSE,20873,FALSE,0,FALSE,40141.876,0,40141.876,0,FALSE,TRUE
C,A,20210101,2021,52,2021,276,DEU,Germany,M,Import,156,CHN,China,0,W00,World,H5,HS,TRUE,281820,Aluminium oxide; other than artificial corundum,6,TRUE,C00,TOTAL CPC,0,0,TOTAL MOT,8,kg,6881935.018,TRUE,-1,N/A,0,FALSE,6881935.018,TRUE,0,FALSE,7159062.764,0,7159062.764,6,FALSE,TRUE
C,A,20210101,2021,52,2021,276,DEU,Germany,M,Import,203,CZE,Czechia,0,W00,World,H5,HS,TRUE,281820,Aluminium oxide; other than artificial corundum,6,TRUE,C00,TOTAL CPC,0,0,TOTAL MOT,8,kg,427196,FALSE,8,kg,427196,FALSE,427196,FALSE,0,FALSE,186266.381,0,186266.381,0,FALSE,TRUE
C,A,20210101,2021,52,2021,276,DEU,Germany,M,Import,208,DNK,Denmark,0,W00,World,H5,HS,TRUE,281820,Aluminium oxide; other than artificial corundum,6,TRUE,C00,TOTAL CPC,0,0,TOTAL MOT,8,kg,1366,FALSE,8,kg,1366,FALSE,1366,FALSE,0,FALSE,26552.633,0,26552.633,0,FALSE,TRUE
C,A,20210101,2021,52,2021,276,DEU,Germany,M,Import,251,FRA,France,0,W00,World,H5,HS,TRUE,281820,Aluminium oxide; other than artificial corundum,6,TRUE,C00,TOTAL CPC,0,0,TOTAL MOT,8,kg,29834074,FALSE,8,kg,29834074,FALSE,29834074,FALSE,0,FALSE,27982193.78,0,27982193.78,0,FALSE,TRUE
C,A,20210101,2021,52,2021,276,DEU,Germany,M,Import,300,GRC,Greece,0,W00,World,H5,HS,TRUE,281820,Aluminium oxide; other than artificial corundum,6,TRUE,C00,TOTAL CPC,0,0,TOTAL MOT,8,kg,6278820,FALSE,8,kg,6278820,FALSE,6278820,FALSE,0,FALSE,2503101.135,0,2503101.135,0,FALSE,TRUE
C,A,20210101,2021,52,2021,276,DEU,Germany,M,Import,348,HUN,Hungary,0,W00,World,H5,HS,TRUE,281820,Aluminium oxide; other than artificial corundum,6,TRUE,C00,TOTAL CPC,0,0,TOTAL MOT,8,kg,2003380,FALSE,8,kg,2003380,FALSE,2003380,FALSE,0,FALSE,1503458.137,0,1503458.137,0,FALSE,TRUE
C,A,20210101,2021,52,2021,276,DEU,Germany,M,Import,372,IRL,Ireland,0,W00,World,H5,HS,TRUE,281820,Aluminium oxide; other than artificial corundum,6,TRUE,C00,TOTAL CPC,0,0,TOTAL MOT,8,kg,32722520,FALSE,8,kg,32722520,FALSE,32722520,FALSE,0,FALSE,11839719.55,0,11839719.55,0,FALSE,TRUE
C,A,20210101,2021,52,2021,276,DEU,Germany,M,Import,376,ISR,Israel,0,W00,World,H5,HS,TRUE,281820,Aluminium oxide; other than artificial corundum,6,TRUE,C00,TOTAL CPC,0,0,TOTAL MOT,8,kg,6029,FALSE,8,kg,6029,FALSE,6029,FALSE,0,FALSE,20007.172,0,20007.172,0,FALSE,TRUE
C,A,20210101,2021,52,2021,276,DEU,Germany,M,Import,380,ITA,Italy,0,W00,World,H5,HS,TRUE,281820,Aluminium oxide; other than artificial corundum,6,TRUE,C00,TOTAL CPC,0,0,TOTAL MOT,8,kg,427490,FALSE,8,kg,427490,FALSE,427490,FALSE,0,FALSE,3944099.298,0,3944099.298,0,FALSE,TRUE
C,A,20210101,2021,52,2021,276,DEU,Germany,M,Import,388,JAM,Jamaica,0,W00,World,H5,HS,TRUE,281820,Aluminium oxide; other than artificial corundum,6,TRUE,C00,TOTAL CPC,0,0,TOTAL MOT,8,kg,61918810,FALSE,8,kg,61918810,FALSE,61918810,FALSE,0,FALSE,25362191.86,0,25362191.86,0,FALSE,TRUE
C,A,20210101,2021,52,2021,276,DEU,Germany,M,Import,392,JPN,Japan,0,W00,World,H5,HS,TRUE,281820,Aluminium oxide; other than artificial corundum,6,TRUE,C00,TOTAL CPC,0,0,TOTAL MOT,8,kg,3282533,FALSE,8,kg,3282533,FALSE,3282533,FALSE,0,FALSE,26830326,0,26830326,0,FALSE,TRUE
C,A,20210101,2021,52,2021,276,DEU,Germany,M,Import,410,KOR,Rep. of Korea,0,W00,World,H5,HS,TRUE,281820,Aluminium oxide; other than artificial corundum,6,TRUE,C00,TOTAL CPC,0,0,TOTAL MOT,8,kg,327,FALSE,8,kg,327,FALSE,327,FALSE,0,FALSE,3502.406,0,3502.406,0,FALSE,TRUE
C,A,20210101,2021,52,2021,276,DEU,Germany,M,Import,442,LUX,Luxembourg,0,W00,World,H5,HS,TRUE,281820,Aluminium oxide; other than artificial corundum,6,TRUE,C00,TOTAL CPC,0,0,TOTAL MOT,8,kg,1198840,FALSE,8,kg,1198840,FALSE,1198840,FALSE,0,FALSE,893073.485,0,893073.485,0,FALSE,TRUE
C,A,20210101,2021,52,2021,276,DEU,Germany,M,Import,458,MYS,Malaysia,0,W00,World,H5,HS,TRUE,281820,Aluminium oxide; other than artificial corundum,6,TRUE,C00,TOTAL CPC,0,0,TOTAL MOT,8,kg,8000,FALSE,8,kg,8000,FALSE,8000,FALSE,0,FALSE,18870.012,0,18870.012,0,FALSE,TRUE
C,A,20210101,2021,52,2021,276,DEU,Germany,M,Import,528,NLD,Netherlands,0,W00,World,H5,HS,TRUE,281820,Aluminium oxide; other than artificial corundum,6,TRUE,C00,TOTAL CPC,0,0,TOTAL MOT,8,kg,578738456,FALSE,8,kg,578738456,FALSE,578738456,FALSE,0,FALSE,235692712.9,0,235692712.9,0,FALSE,TRUE
C,A,20210101,2021,52,2021,276,DEU,Germany,M,Import,579,NOR,Norway,0,W00,World,H5,HS,TRUE,281820,Aluminium oxide; other than artificial corundum,6,TRUE,C00,TOTAL CPC,0,0,TOTAL MOT,8,kg,5357559.855,TRUE,-1,N/A,0,FALSE,5357559.855,TRUE,0,FALSE,157335.512,0,157335.512,6,FALSE,TRUE
C,A,20210101,2021,52,2021,276,DEU,Germany,M,Import,616,POL,Poland,0,W00,World,H5,HS,TRUE,281820,Aluminium oxide; other than artificial corundum,6,TRUE,C00,TOTAL CPC,0,0,TOTAL MOT,8,kg,19822,FALSE,8,kg,19822,FALSE,19822,FALSE,0,FALSE,33480.691,0,33480.691,0,FALSE,TRUE
C,A,20210101,2021,52,2021,276,DEU,Germany,M,Import,642,ROU,Romania,0,W00,World,H5,HS,TRUE,281820,Aluminium oxide; other than artificial corundum,6,TRUE,C00,TOTAL CPC,0,0,TOTAL MOT,8,kg,1789080,FALSE,8,kg,1789080,FALSE,1789080,FALSE,0,FALSE,867636.757,0,867636.757,0,FALSE,TRUE
C,A,20210101,2021,52,2021,276,DEU,Germany,M,Import,643,RUS,Russian Federation,0,W00,World,H5,HS,TRUE,281820,Aluminium oxide; other than artificial corundum,6,TRUE,C00,TOTAL CPC,0,0,TOTAL MOT,8,kg,120026,FALSE,8,kg,120026,FALSE,120026,FALSE,0,FALSE,94884.984,0,94884.984,0,FALSE,TRUE
C,A,20210101,2021,52,2021,276,DEU,Germany,M,Import,699,IND,India,0,W00,World,H5,HS,TRUE,281820,Aluminium oxide; other than artificial corundum,6,TRUE,C00,TOTAL CPC,0,0,TOTAL MOT,8,kg,161451.832,TRUE,-1,N/A,0,FALSE,161451.832,TRUE,0,FALSE,116121.422,0,116121.422,6,FALSE,TRUE
C,A,20210101,2021,52,2021,276,DEU,Germany,M,Import,702,SGP,Singapore,0,W00,World,H5,HS,TRUE,281820,Aluminium oxide; other than artificial corundum,6,TRUE,C00,TOTAL CPC,0,0,TOTAL MOT,8,kg,2222906,FALSE,8,kg,2222906,FALSE,2222906,FALSE,0,FALSE,12168997.71,0,12168997.71,0,FALSE,TRUE
C,A,20210101,2021,52,2021,276,DEU,Germany,M,Import,703,SVK,Slovakia,0,W00,World,H5,HS,TRUE,281820,Aluminium oxide; other than artificial corundum,6,TRUE,C00,TOTAL CPC,0,0,TOTAL MOT,8,kg,2000,FALSE,8,kg,2000,FALSE,2000,FALSE,0,FALSE,2394.767,0,2394.767,0,FALSE,TRUE
C,A,20210101,2021,52,2021,276,DEU,Germany,M,Import,705,SVN,Slovenia,0,W00,World,H5,HS,TRUE,281820,Aluminium oxide; other than artificial corundum,6,TRUE,C00,TOTAL CPC,0,0,TOTAL MOT,8,kg,22701150,FALSE,8,kg,22701150,FALSE,22701150,FALSE,0,FALSE,17183852.08,0,17183852.08,0,FALSE,TRUE
C,A,20210101,2021,52,2021,276,DEU,Germany,M,Import,724,ESP,Spain,0,W00,World,H5,HS,TRUE,281820,Aluminium oxide; other than artificial corundum,6,TRUE,C00,TOTAL CPC,0,0,TOTAL MOT,8,kg,15041025.98,TRUE,-1,N/A,0,FALSE,15041025.98,TRUE,0,FALSE,6197505.779,0,6197505.779,6,FALSE,TRUE
C,A,20210101,2021,52,2021,276,DEU,Germany,M,Import,752,SWE,Sweden,0,W00,World,H5,HS,TRUE,281820,Aluminium oxide; other than artificial corundum,6,TRUE,C00,TOTAL CPC,0,0,TOTAL MOT,8,kg,817,FALSE,8,kg,817,FALSE,817,FALSE,0,FALSE,9514.123,0,9514.123,0,FALSE,TRUE
C,A,20210101,2021,52,2021,276,DEU,Germany,M,Import,757,CHE,Switzerland,0,W00,World,H5,HS,TRUE,281820,Aluminium oxide; other than artificial corundum,6,TRUE,C00,TOTAL CPC,0,0,TOTAL MOT,8,kg,150980.777,TRUE,-1,N/A,0,FALSE,150980.777,TRUE,0,FALSE,567080.455,0,567080.455,6,FALSE,TRUE
C,A,20210101,2021,52,2021,276,DEU,Germany,M,Import,792,TUR,Türkiye,0,W00,World,H5,HS,TRUE,281820,Aluminium oxide; other than artificial corundum,6,TRUE,C00,TOTAL CPC,0,0,TOTAL MOT,8,kg,1525559.995,TRUE,-1,N/A,0,FALSE,1525559.995,TRUE,0,FALSE,832528.852,0,832528.852,6,FALSE,TRUE
C,A,20210101,2021,52,2021,276,DEU,Germany,M,Import,826,GBR,United Kingdom,0,W00,World,H5,HS,TRUE,281820,Aluminium oxide; other than artificial corundum,6,TRUE,C00,TOTAL CPC,0,0,TOTAL MOT,8,kg,30865.865,TRUE,-1,N/A,0,FALSE,30865.865,TRUE,0,FALSE,373662.836,0,373662.836,6,FALSE,TRUE
C,A,20210101,2021,52,2021,276,DEU,Germany,M,Import,842,USA,USA,0,W00,World,H5,HS,TRUE,281820,Aluminium oxide; other than artificial corundum,6,TRUE,C00,TOTAL CPC,0,0,TOTAL MOT,8,kg,2791001.32,TRUE,-1,N/A,0,FALSE,2791001.32,TRUE,0,FALSE,17323623.6,0,17323623.6,6,FALSE,TRUE
C,A,20210101,2021,52,2021,276,DEU,Germany,M,Import,0,W00,World,0,W00,World,H5,HS,TRUE,281830,Aluminium hydroxide,6,TRUE,C00,TOTAL CPC,0,0,TOTAL MOT,8,kg,200096574.3,TRUE,-1,N/A,0,FALSE,200096574.3,TRUE,0,FALSE,84854178.13,0,84854178.13,6,FALSE,TRUE
C,A,20210101,2021,52,2021,276,DEU,Germany,M,Import,36,AUS,Australia,0,W00,World,H5,HS,TRUE,281830,Aluminium hydroxide,6,TRUE,C00,TOTAL CPC,0,0,TOTAL MOT,8,kg,3461700,FALSE,8,kg,3461700,FALSE,3461700,FALSE,0,FALSE,1447658.167,0,1447658.167,0,FALSE,TRUE
C,A,20210101,2021,52,2021,276,DEU,Germany,M,Import,40,AUT,Austria,0,W00,World,H5,HS,TRUE,281830,Aluminium hydroxide,6,TRUE,C00,TOTAL CPC,0,0,TOTAL MOT,8,kg,36750,FALSE,8,kg,36750,FALSE,36750,FALSE,0,FALSE,42418.558,0,42418.558,0,FALSE,TRUE
C,A,20210101,2021,52,2021,276,DEU,Germany,M,Import,56,BEL,Belgium,0,W00,World,H5,HS,TRUE,281830,Aluminium hydroxide,6,TRUE,C00,TOTAL CPC,0,0,TOTAL MOT,8,kg,1225992,FALSE,8,kg,1225992,FALSE,1225992,FALSE,0,FALSE,2489601.637,0,2489601.637,0,FALSE,TRUE
C,A,20210101,2021,52,2021,276,DEU,Germany,M,Import,70,BIH,Bosnia Herzegovina,0,W00,World,H5,HS,TRUE,281830,Aluminium hydroxide,6,TRUE,C00,TOTAL CPC,0,0,TOTAL MOT,8,kg,18980876,FALSE,8,kg,18980876,FALSE,18980876,FALSE,0,FALSE,8510515.755,0,8510515.755,0,FALSE,TRUE
C,A,20210101,2021,52,2021,276,DEU,Germany,M,Import,100,BGR,Bulgaria,0,W00,World,H5,HS,TRUE,281830,Aluminium hydroxide,6,TRUE,C00,TOTAL CPC,0,0,TOTAL MOT,8,kg,13936,FALSE,8,kg,13936,FALSE,13936,FALSE,0,FALSE,4841.492,0,4841.492,0,FALSE,TRUE
C,A,20210101,2021,52,2021,276,DEU,Germany,M,Import,156,CHN,China,0,W00,World,H5,HS,TRUE,281830,Aluminium hydroxide,6,TRUE,C00,TOTAL CPC,0,0,TOTAL MOT,8,kg,1727884.919,TRUE,-1,N/A,0,FALSE,1727884.919,TRUE,0,FALSE,3612599.956,0,3612599.956,6,FALSE,TRUE
C,A,20210101,2021,52,2021,276,DEU,Germany,M,Import,203,CZE,Czechia,0,W00,World,H5,HS,TRUE,281830,Aluminium hydroxide,6,TRUE,C00,TOTAL CPC,0,0,TOTAL MOT,8,kg,1802,FALSE,8,kg,1802,FALSE,1802,FALSE,0,FALSE,4891.088,0,4891.088,0,FALSE,TRUE
C,A,20210101,2021,52,2021,276,DEU,Germany,M,Import,208,DNK,Denmark,0,W00,World,H5,HS,TRUE,281830,Aluminium hydroxide,6,TRUE,C00,TOTAL CPC,0,0,TOTAL MOT,8,kg,708379,FALSE,8,kg,708379,FALSE,708379,FALSE,0,FALSE,7807640.886,0,7807640.886,0,FALSE,TRUE
C,A,20210101,2021,52,2021,276,DEU,Germany,M,Import,251,FRA,France,0,W00,World,H5,HS,TRUE,281830,Aluminium hydroxide,6,TRUE,C00,TOTAL CPC,0,0,TOTAL MOT,8,kg,4318516.47,TRUE,-1,N/A,0,FALSE,4318516.47,TRUE,0,FALSE,1904983.171,0,1904983.171,6,FALSE,TRUE
C,A,20210101,2021,52,2021,276,DEU,Germany,M,Import,300,GRC,Greece,0,W00,World,H5,HS,TRUE,281830,Aluminium hydroxide,6,TRUE,C00,TOTAL CPC,0,0,TOTAL MOT,8,kg,395680,FALSE,8,kg,395680,FALSE,395680,FALSE,0,FALSE,222460.669,0,222460.669,0,FALSE,TRUE
C,A,20210101,2021,52,2021,276,DEU,Germany,M,Import,348,HUN,Hungary,0,W00,World,H5,HS,TRUE,281830,Aluminium hydroxide,6,TRUE,C00,TOTAL CPC,0,0,TOTAL MOT,8,kg,4615718,FALSE,8,kg,4615718,FALSE,4615718,FALSE,0,FALSE,2021174.264,0,2021174.264,0,FALSE,TRUE
C,A,20210101,2021,52,2021,276,DEU,Germany,M,Import,372,IRL,Ireland,0,W00,World,H5,HS,TRUE,281830,Aluminium hydroxide,6,TRUE,C00,TOTAL CPC,0,0,TOTAL MOT,8,kg,65744000,FALSE,8,kg,65744000,FALSE,65744000,FALSE,0,FALSE,15451760.96,0,15451760.96,0,FALSE,TRUE
C,A,20210101,2021,52,2021,276,DEU,Germany,M,Import,380,ITA,Italy,0,W00,World,H5,HS,TRUE,281830,Aluminium hydroxide,6,TRUE,C00,TOTAL CPC,0,0,TOTAL MOT,8,kg,555219,FALSE,8,kg,555219,FALSE,555219,FALSE,0,FALSE,292730.797,0,292730.797,0,FALSE,TRUE
C,A,20210101,2021,52,2021,276,DEU,Germany,M,Import,392,JPN,Japan,0,W00,World,H5,HS,TRUE,281830,Aluminium hydroxide,6,TRUE,C00,TOTAL CPC,0,0,TOTAL MOT,8,kg,392671.047,TRUE,-1,N/A,0,FALSE,392671.047,TRUE,0,FALSE,930839.487,0,930839.487,6,FALSE,TRUE
C,A,20210101,2021,52,2021,276,DEU,Germany,M,Import,410,KOR,Rep. of Korea,0,W00,World,H5,HS,TRUE,281830,Aluminium hydroxide,6,TRUE,C00,TOTAL CPC,0,0,TOTAL MOT,8,kg,21112.288,TRUE,-1,N/A,0,FALSE,21112.288,TRUE,0,FALSE,25069.484,0,25069.484,6,FALSE,TRUE
C,A,20210101,2021,52,2021,276,DEU,Germany,M,Import,484,MEX,Mexico,0,W00,World,H5,HS,TRUE,281830,Aluminium hydroxide,6,TRUE,C00,TOTAL CPC,0,0,TOTAL MOT,8,kg,3750,FALSE,8,kg,3750,FALSE,3750,FALSE,0,FALSE,2101.916,0,2101.916,0,FALSE,TRUE
C,A,20210101,2021,52,2021,276,DEU,Germany,M,Import,528,NLD,Netherlands,0,W00,World,H5,HS,TRUE,281830,Aluminium hydroxide,6,TRUE,C00,TOTAL CPC,0,0,TOTAL MOT,8,kg,41059591,FALSE,8,kg,41059591,FALSE,41059591,FALSE,0,FALSE,17334643.31,0,17334643.31,0,FALSE,TRUE
C,A,20210101,2021,52,2021,276,DEU,Germany,M,Import,616,POL,Poland,0,W00,World,H5,HS,TRUE,281830,Aluminium hydroxide,6,TRUE,C00,TOTAL CPC,0,0,TOTAL MOT,8,kg,238344,FALSE,8,kg,238344,FALSE,238344,FALSE,0,FALSE,87980.543,0,87980.543,0,FALSE,TRUE
C,A,20210101,2021,52,2021,276,DEU,Germany,M,Import,643,RUS,Russian Federation,0,W00,World,H5,HS,TRUE,281830,Aluminium hydroxide,6,TRUE,C00,TOTAL CPC,0,0,TOTAL MOT,8,kg,348000,FALSE,8,kg,348000,FALSE,348000,FALSE,0,FALSE,262260.097,0,262260.097,0,FALSE,TRUE
C,A,20210101,2021,52,2021,276,DEU,Germany,M,Import,699,IND,India,0,W00,World,H5,HS,TRUE,281830,Aluminium hydroxide,6,TRUE,C00,TOTAL CPC,0,0,TOTAL MOT,8,kg,15374,FALSE,8,kg,15374,FALSE,15374,FALSE,0,FALSE,58487.589,0,58487.589,0,FALSE,TRUE
C,A,20210101,2021,52,2021,276,DEU,Germany,M,Import,703,SVK,Slovakia,0,W00,World,H5,HS,TRUE,281830,Aluminium hydroxide,6,TRUE,C00,TOTAL CPC,0,0,TOTAL MOT,8,kg,1100,FALSE,8,kg,1100,FALSE,1100,FALSE,0,FALSE,2803.342,0,2803.342,0,FALSE,TRUE
C,A,20210101,2021,52,2021,276,DEU,Germany,M,Import,705,SVN,Slovenia,0,W00,World,H5,HS,TRUE,281830,Aluminium hydroxide,6,TRUE,C00,TOTAL CPC,0,0,TOTAL MOT,8,kg,13270712,FALSE,8,kg,13270712,FALSE,13270712,FALSE,0,FALSE,8720918.746,0,8720918.746,0,FALSE,TRUE
C,A,20210101,2021,52,2021,276,DEU,Germany,M,Import,724,ESP,Spain,0,W00,World,H5,HS,TRUE,281830,Aluminium hydroxide,6,TRUE,C00,TOTAL CPC,0,0,TOTAL MOT,8,kg,42240570,FALSE,8,kg,42240570,FALSE,42240570,FALSE,0,FALSE,9958038.124,0,9958038.124,0,FALSE,TRUE
C,A,20210101,2021,52,2021,276,DEU,Germany,M,Import,757,CHE,Switzerland,0,W00,World,H5,HS,TRUE,281830,Aluminium hydroxide,6,TRUE,C00,TOTAL CPC,0,0,TOTAL MOT,8,kg,37827,FALSE,8,kg,37827,FALSE,37827,FALSE,0,FALSE,63061.028,0,63061.028,0,FALSE,TRUE
C,A,20210101,2021,52,2021,276,DEU,Germany,M,Import,792,TUR,Türkiye,0,W00,World,H5,HS,TRUE,281830,Aluminium hydroxide,6,TRUE,C00,TOTAL CPC,0,0,TOTAL MOT,8,kg,1538,FALSE,8,kg,1538,FALSE,1538,FALSE,0,FALSE,1781.905,0,1781.905,0,FALSE,TRUE
C,A,20210101,2021,52,2021,276,DEU,Germany,M,Import,826,GBR,United Kingdom,0,W00,World,H5,HS,TRUE,281830,Aluminium hydroxide,6,TRUE,C00,TOTAL CPC,0,0,TOTAL MOT,8,kg,21944.599,TRUE,-1,N/A,0,FALSE,21944.599,TRUE,0,FALSE,15923.786,0,15923.786,6,FALSE,TRUE
C,A,20210101,2021,52,2021,276,DEU,Germany,M,Import,842,USA,USA,0,W00,World,H5,HS,TRUE,281830,Aluminium hydroxide,6,TRUE,C00,TOTAL CPC,0,0,TOTAL MOT,8,kg,657587,FALSE,8,kg,657587,FALSE,657587,FALSE,0,FALSE,3576991.37,0,3576991.37,0,FALSE,TRUE
C,A,20210101,2021,52,2021,276,DEU,Germany,M,Import,0,W00,World,0,W00,World,H5,HS,TRUE,281910,Chromium trioxide,6,TRUE,C00,TOTAL CPC,0,0,TOTAL MOT,8,kg,6848187.149,TRUE,-1,N/A,0,FALSE,6848187.149,TRUE,0,FALSE,17863865.66,0,17863865.66,6,FALSE,TRUE
C,A,20210101,2021,52,2021,276,DEU,Germany,M,Import,40,AUT,Austria,0,W00,World,H5,HS,TRUE,281910,Chromium trioxide,6,TRUE,C00,TOTAL CPC,0,0,TOTAL MOT,8,kg,600,FALSE,8,kg,600,FALSE,600,FALSE,0,FALSE,4279.407,0,4279.407,0,FALSE,TRUE
C,A,20210101,2021,52,2021,276,DEU,Germany,M,Import,56,BEL,Belgium,0,W00,World,H5,HS,TRUE,281910,Chromium trioxide,6,TRUE,C00,TOTAL CPC,0,0,TOTAL MOT,8,kg,205.297,TRUE,-1,N/A,0,FALSE,205.297,TRUE,0,FALSE,725.043,0,725.043,6,FALSE,TRUE
C,A,20210101,2021,52,2021,276,DEU,Germany,M,Import,156,CHN,China,0,W00,World,H5,HS,TRUE,281910,Chromium trioxide,6,TRUE,C00,TOTAL CPC,0,0,TOTAL MOT,8,kg,106000,FALSE,8,kg,106000,FALSE,106000,FALSE,0,FALSE,458151.601,0,458151.601,0,FALSE,TRUE
C,A,20210101,2021,52,2021,276,DEU,Germany,M,Import,251,FRA,France,0,W00,World,H5,HS,TRUE,281910,Chromium trioxide,6,TRUE,C00,TOTAL CPC,0,0,TOTAL MOT,8,kg,448,FALSE,8,kg,448,FALSE,448,FALSE,0,FALSE,6846.579,0,6846.579,0,FALSE,TRUE
C,A,20210101,2021,52,2021,276,DEU,Germany,M,Import,380,ITA,Italy,0,W00,World,H5,HS,TRUE,281910,Chromium trioxide,6,TRUE,C00,TOTAL CPC,0,0,TOTAL MOT,8,kg,2475,FALSE,8,kg,2475,FALSE,2475,FALSE,0,FALSE,3428.013,0,3428.013,0,FALSE,TRUE
C,A,20210101,2021,52,2021,276,DEU,Germany,M,Import,398,KAZ,Kazakhstan,0,W00,World,H5,HS,TRUE,281910,Chromium trioxide,6,TRUE,C00,TOTAL CPC,0,0,TOTAL MOT,8,kg,4087600,FALSE,8,kg,4087600,FALSE,4087600,FALSE,0,FALSE,10431865.53,0,10431865.53,0,FALSE,TRUE
C,A,20210101,2021,52,2021,276,DEU,Germany,M,Import,528,NLD,Netherlands,0,W00,World,H5,HS,TRUE,281910,Chromium trioxide,6,TRUE,C00,TOTAL CPC,0,0,TOTAL MOT,8,kg,2599,FALSE,8,kg,2599,FALSE,2599,FALSE,0,FALSE,6690.706,0,6690.706,0,FALSE,TRUE
C,A,20210101,2021,52,2021,276,DEU,Germany,M,Import,643,RUS,Russian Federation,0,W00,World,H5,HS,TRUE,281910,Chromium trioxide,6,TRUE,C00,TOTAL CPC,0,0,TOTAL MOT,8,kg,257800,FALSE,8,kg,257800,FALSE,257800,FALSE,0,FALSE,641608.735,0,641608.735,0,FALSE,TRUE
C,A,20210101,2021,52,2021,276,DEU,Germany,M,Import,710,ZAF,South Africa,0,W00,World,H5,HS,TRUE,281910,Chromium trioxide,6,TRUE,C00,TOTAL CPC,0,0,TOTAL MOT,8,kg,513004,FALSE,8,kg,513004,FALSE,513004,FALSE,0,FALSE,1728058.509,0,1728058.509,0,FALSE,TRUE
C,A,20210101,2021,52,2021,276,DEU,Germany,M,Import,724,ESP,Spain,0,W00,World,H5,HS,TRUE,281910,Chromium trioxide,6,TRUE,C00,TOTAL CPC,0,0,TOTAL MOT,8,kg,51250,FALSE,8,kg,51250,FALSE,51250,FALSE,0,FALSE,245089.332,0,245089.332,0,FALSE,TRUE
C,A,20210101,2021,52,2021,276,DEU,Germany,M,Import,792,TUR,Türkiye,0,W00,World,H5,HS,TRUE,281910,Chromium trioxide,6,TRUE,C00,TOTAL CPC,0,0,TOTAL MOT,8,kg,1185300,FALSE,8,kg,1185300,FALSE,1185300,FALSE,0,FALSE,2722189.291,0,2722189.291,0,FALSE,TRUE
C,A,20210101,2021,52,2021,276,DEU,Germany,M,Import,826,GBR,United Kingdom,0,W00,World,H5,HS,TRUE,281910,Chromium trioxide,6,TRUE,C00,TOTAL CPC,0,0,TOTAL MOT,8,kg,1980,FALSE,8,kg,1980,FALSE,1980,FALSE,0,FALSE,8095.92,0,8095.92,0,FALSE,TRUE
C,A,20210101,2021,52,2021,276,DEU,Germany,M,Import,842,USA,USA,0,W00,World,H5,HS,TRUE,281910,Chromium trioxide,6,TRUE,C00,TOTAL CPC,0,0,TOTAL MOT,8,kg,638925.852,TRUE,-1,N/A,0,FALSE,638925.852,TRUE,0,FALSE,1606836.988,0,1606836.988,6,FALSE,TRUE
C,A,20210101,2021,52,2021,276,DEU,Germany,M,Import,0,W00,World,0,W00,World,H5,HS,TRUE,282110,Iron oxides and hydroxides,6,TRUE,C00,TOTAL CPC,0,0,TOTAL MOT,8,kg,41387485.69,TRUE,-1,N/A,0,FALSE,41387485.69,TRUE,0,FALSE,50894473.62,0,50894473.62,6,FALSE,TRUE
C,A,20210101,2021,52,2021,276,DEU,Germany,M,Import,40,AUT,Austria,0,W00,World,H5,HS,TRUE,282110,Iron oxides and hydroxides,6,TRUE,C00,TOTAL CPC,0,0,TOTAL MOT,8,kg,2446592.768,TRUE,-1,N/A,0,FALSE,2446592.768,TRUE,0,FALSE,1346010.445,0,1346010.445,6,FALSE,TRUE
C,A,20210101,2021,52,2021,276,DEU,Germany,M,Import,56,BEL,Belgium,0,W00,World,H5,HS,TRUE,282110,Iron oxides and hydroxides,6,TRUE,C00,TOTAL CPC,0,0,TOTAL MOT,8,kg,410350,FALSE,8,kg,410350,FALSE,410350,FALSE,0,FALSE,751812.909,0,751812.909,0,FALSE,TRUE
C,A,20210101,2021,52,2021,276,DEU,Germany,M,Import,76,BRA,Brazil,0,W00,World,H5,HS,TRUE,282110,Iron oxides and hydroxides,6,TRUE,C00,TOTAL CPC,0,0,TOTAL MOT,8,kg,4487070.881,TRUE,-1,N/A,0,FALSE,4487070.881,TRUE,0,FALSE,4352191.049,0,4352191.049,6,FALSE,TRUE
C,A,20210101,2021,52,2021,276,DEU,Germany,M,Import,124,CAN,Canada,0,W00,World,H5,HS,TRUE,282110,Iron oxides and hydroxides,6,TRUE,C00,TOTAL CPC,0,0,TOTAL MOT,8,kg,538,FALSE,8,kg,538,FALSE,538,FALSE,0,FALSE,1230.448,0,1230.448,0,FALSE,TRUE
C,A,20210101,2021,52,2021,276,DEU,Germany,M,Import,156,CHN,China,0,W00,World,H5,HS,TRUE,282110,Iron oxides and hydroxides,6,TRUE,C00,TOTAL CPC,0,0,TOTAL MOT,8,kg,12320331.63,TRUE,-1,N/A,0,FALSE,12320331.63,TRUE,0,FALSE,20574943.13,0,20574943.13,6,FALSE,TRUE
C,A,20210101,2021,52,2021,276,DEU,Germany,M,Import,170,COL,Colombia,0,W00,World,H5,HS,TRUE,282110,Iron oxides and hydroxides,6,TRUE,C00,TOTAL CPC,0,0,TOTAL MOT,8,kg,5095,FALSE,8,kg,5095,FALSE,5095,FALSE,0,FALSE,7995.547,0,7995.547,0,FALSE,TRUE
C,A,20210101,2021,52,2021,276,DEU,Germany,M,Import,203,CZE,Czechia,0,W00,World,H5,HS,TRUE,282110,Iron oxides and hydroxides,6,TRUE,C00,TOTAL CPC,0,0,TOTAL MOT,8,kg,953642,FALSE,8,kg,953642,FALSE,953642,FALSE,0,FALSE,821655.569,0,821655.569,0,FALSE,TRUE
C,A,20210101,2021,52,2021,276,DEU,Germany,M,Import,208,DNK,Denmark,0,W00,World,H5,HS,TRUE,282110,Iron oxides and hydroxides,6,TRUE,C00,TOTAL CPC,0,0,TOTAL MOT,8,kg,292992,FALSE,8,kg,292992,FALSE,292992,FALSE,0,FALSE,371031.898,0,371031.898,0,FALSE,TRUE
C,A,20210101,2021,52,2021,276,DEU,Germany,M,Import,246,FIN,Finland,0,W00,World,H5,HS,TRUE,282110,Iron oxides and hydroxides,6,TRUE,C00,TOTAL CPC,0,0,TOTAL MOT,8,kg,5224274,FALSE,8,kg,5224274,FALSE,5224274,FALSE,0,FALSE,344175.786,0,344175.786,0,FALSE,TRUE
C,A,20210101,2021,52,2021,276,DEU,Germany,M,Import,251,FRA,France,0,W00,World,H5,HS,TRUE,282110,Iron oxides and hydroxides,6,TRUE,C00,TOTAL CPC,0,0,TOTAL MOT,8,kg,959533.447,TRUE,-1,N/A,0,FALSE,959533.447,TRUE,0,FALSE,1156610.084,0,1156610.084,6,FALSE,TRUE
C,A,20210101,2021,52,2021,276,DEU,Germany,M,Import,344,HKG,"China, Hong Kong SAR",0,W00,World,H5,HS,TRUE,282110,Iron oxides and hydroxides,6,TRUE,C00,TOTAL CPC,0,0,TOTAL MOT,8,kg,9764,FALSE,8,kg,9764,FALSE,9764,FALSE,0,FALSE,23704.419,0,23704.419,0,FALSE,TRUE
C,A,20210101,2021,52,2021,276,DEU,Germany,M,Import,348,HUN,Hungary,0,W00,World,H5,HS,TRUE,282110,Iron oxides and hydroxides,6,TRUE,C00,TOTAL CPC,0,0,TOTAL MOT,8,kg,32808,FALSE,8,kg,32808,FALSE,32808,FALSE,0,FALSE,94993.622,0,94993.622,0,FALSE,TRUE
C,A,20210101,2021,52,2021,276,DEU,Germany,M,Import,380,ITA,Italy,0,W00,World,H5,HS,TRUE,282110,Iron oxides and hydroxides,6,TRUE,C00,TOTAL CPC,0,0,TOTAL MOT,8,kg,3018352,FALSE,8,kg,3018352,FALSE,3018352,FALSE,0,FALSE,7262376.668,0,7262376.668,0,FALSE,TRUE
C,A,20210101,2021,52,2021,276,DEU,Germany,M,Import,392,JPN,Japan,0,W00,World,H5,HS,TRUE,282110,Iron oxides and hydroxides,6,TRUE,C00,TOTAL CPC,0,0,TOTAL MOT,8,kg,561802,FALSE,8,kg,561802,FALSE,561802,FALSE,0,FALSE,2960961.066,0,2960961.066,0,FALSE,TRUE
C,A,20210101,2021,52,2021,276,DEU,Germany,M,Import,410,KOR,Rep. of Korea,0,W00,World,H5,HS,TRUE,282110,Iron oxides and hydroxides,6,TRUE,C00,TOTAL CPC,0,0,TOTAL MOT,8,kg,21970.827,TRUE,-1,N/A,0,FALSE,21970.827,TRUE,0,FALSE,26242.069,0,26242.069,6,FALSE,TRUE
C,A,20210101,2021,52,2021,276,DEU,Germany,M,Import,490,S19,"Other Asia, nes",0,W00,World,H5,HS,TRUE,282110,Iron oxides and hydroxides,6,TRUE,C00,TOTAL CPC,0,0,TOTAL MOT,8,kg,40000,FALSE,8,kg,40000,FALSE,40000,FALSE,0,FALSE,35956.937,0,35956.937,0,FALSE,TRUE
C,A,20210101,2021,52,2021,276,DEU,Germany,M,Import,528,NLD,Netherlands,0,W00,World,H5,HS,TRUE,282110,Iron oxides and hydroxides,6,TRUE,C00,TOTAL CPC,0,0,TOTAL MOT,8,kg,2482561,FALSE,8,kg,2482561,FALSE,2482561,FALSE,0,FALSE,1905477.948,0,1905477.948,0,FALSE,TRUE
C,A,20210101,2021,52,2021,276,DEU,Germany,M,Import,579,NOR,Norway,0,W00,World,H5,HS,TRUE,282110,Iron oxides and hydroxides,6,TRUE,C00,TOTAL CPC,0,0,TOTAL MOT,8,kg,1992204.444,TRUE,-1,N/A,0,FALSE,1992204.444,TRUE,0,FALSE,2026186.98,0,2026186.98,6,FALSE,TRUE
C,A,20210101,2021,52,2021,276,DEU,Germany,M,Import,616,POL,Poland,0,W00,World,H5,HS,TRUE,282110,Iron oxides and hydroxides,6,TRUE,C00,TOTAL CPC,0,0,TOTAL MOT,8,kg,87713,FALSE,8,kg,87713,FALSE,87713,FALSE,0,FALSE,232075.164,0,232075.164,0,FALSE,TRUE
C,A,20210101,2021,52,2021,276,DEU,Germany,M,Import,643,RUS,Russian Federation,0,W00,World,H5,HS,TRUE,282110,Iron oxides and hydroxides,6,TRUE,C00,TOTAL CPC,0,0,TOTAL MOT,8,kg,358.484,TRUE,-1,N/A,0,FALSE,358.484,TRUE,0,FALSE,1225.724,0,1225.724,6,FALSE,TRUE
C,A,20210101,2021,52,2021,276,DEU,Germany,M,Import,682,SAU,Saudi Arabia,0,W00,World,H5,HS,TRUE,282110,Iron oxides and hydroxides,6,TRUE,C00,TOTAL CPC,0,0,TOTAL MOT,8,kg,24000,FALSE,8,kg,24000,FALSE,24000,FALSE,0,FALSE,17542.734,0,17542.734,0,FALSE,TRUE
C,A,20210101,2021,52,2021,276,DEU,Germany,M,Import,699,IND,India,0,W00,World,H5,HS,TRUE,282110,Iron oxides and hydroxides,6,TRUE,C00,TOTAL CPC,0,0,TOTAL MOT,8,kg,642945.301,TRUE,-1,N/A,0,FALSE,642945.301,TRUE,0,FALSE,311442.575,0,311442.575,6,FALSE,TRUE
C,A,20210101,2021,52,2021,276,DEU,Germany,M,Import,703,SVK,Slovakia,0,W00,World,H5,HS,TRUE,282110,Iron oxides and hydroxides,6,TRUE,C00,TOTAL CPC,0,0,TOTAL MOT,8,kg,321380,FALSE,8,kg,321380,FALSE,321380,FALSE,0,FALSE,43764.729,0,43764.729,0,FALSE,TRUE
C,A,20210101,2021,52,2021,276,DEU,Germany,M,Import,705,SVN,Slovenia,0,W00,World,H5,HS,TRUE,282110,Iron oxides and hydroxides,6,TRUE,C00,TOTAL CPC,0,0,TOTAL MOT,8,kg,95032,FALSE,8,kg,95032,FALSE,95032,FALSE,0,FALSE,181056.462,0,181056.462,0,FALSE,TRUE
C,A,20210101,2021,52,2021,276,DEU,Germany,M,Import,710,ZAF,South Africa,0,W00,World,H5,HS,TRUE,282110,Iron oxides and hydroxides,6,TRUE,C00,TOTAL CPC,0,0,TOTAL MOT,8,kg,34,FALSE,8,kg,34,FALSE,34,FALSE,0,FALSE,1963.757,0,1963.757,0,FALSE,TRUE
C,A,20210101,2021,52,2021,276,DEU,Germany,M,Import,724,ESP,Spain,0,W00,World,H5,HS,TRUE,282110,Iron oxides and hydroxides,6,TRUE,C00,TOTAL CPC,0,0,TOTAL MOT,8,kg,1087836,FALSE,8,kg,1087836,FALSE,1087836,FALSE,0,FALSE,1331180.127,0,1331180.127,0,FALSE,TRUE
C,A,20210101,2021,52,2021,276,DEU,Germany,M,Import,752,SWE,Sweden,0,W00,World,H5,HS,TRUE,282110,Iron oxides and hydroxides,6,TRUE,C00,TOTAL CPC,0,0,TOTAL MOT,8,kg,1906215,FALSE,8,kg,1906215,FALSE,1906215,FALSE,0,FALSE,320296.601,0,320296.601,0,FALSE,TRUE
C,A,20210101,2021,52,2021,276,DEU,Germany,M,Import,757,CHE,Switzerland,0,W00,World,H5,HS,TRUE,282110,Iron oxides and hydroxides,6,TRUE,C00,TOTAL CPC,0,0,TOTAL MOT,8,kg,23889.744,TRUE,-1,N/A,0,FALSE,23889.744,TRUE,0,FALSE,115908.869,0,115908.869,6,FALSE,TRUE
C,A,20210101,2021,52,2021,276,DEU,Germany,M,Import,764,THA,Thailand,0,W00,World,H5,HS,TRUE,282110,Iron oxides and hydroxides,6,TRUE,C00,TOTAL CPC,0,0,TOTAL MOT,8,kg,380000,FALSE,8,kg,380000,FALSE,380000,FALSE,0,FALSE,152405.455,0,152405.455,0,FALSE,TRUE
C,A,20210101,2021,52,2021,276,DEU,Germany,M,Import,792,TUR,Türkiye,0,W00,World,H5,HS,TRUE,282110,Iron oxides and hydroxides,6,TRUE,C00,TOTAL CPC,0,0,TOTAL MOT,8,kg,85515.431,TRUE,-1,N/A,0,FALSE,85515.431,TRUE,0,FALSE,44475.602,0,44475.602,6,FALSE,TRUE
C,A,20210101,2021,52,2021,276,DEU,Germany,M,Import,818,EGY,Egypt,0,W00,World,H5,HS,TRUE,282110,Iron oxides and hydroxides,6,TRUE,C00,TOTAL CPC,0,0,TOTAL MOT,8,kg,760422,FALSE,8,kg,760422,FALSE,760422,FALSE,0,FALSE,120574.415,0,120574.415,0,FALSE,TRUE
C,A,20210101,2021,52,2021,276,DEU,Germany,M,Import,826,GBR,United Kingdom,0,W00,World,H5,HS,TRUE,282110,Iron oxides and hydroxides,6,TRUE,C00,TOTAL CPC,0,0,TOTAL MOT,8,kg,620250.764,TRUE,-1,N/A,0,FALSE,620250.764,TRUE,0,FALSE,982787.519,0,982787.519,6,FALSE,TRUE
C,A,20210101,2021,52,2021,276,DEU,Germany,M,Import,842,USA,USA,0,W00,World,H5,HS,TRUE,282110,Iron oxides and hydroxides,6,TRUE,C00,TOTAL CPC,0,0,TOTAL MOT,8,kg,92011.963,TRUE,-1,N/A,0,FALSE,92011.963,TRUE,0,FALSE,2974217.308,0,2974217.308,6,FALSE,TRUE
C,A,20210101,2021,52,2021,276,DEU,Germany,M,Import,0,W00,World,0,W00,World,H5,HS,TRUE,282300,Titanium oxides,6,TRUE,C00,TOTAL CPC,0,0,TOTAL MOT,8,kg,33472230.84,TRUE,-1,N/A,0,FALSE,33472230.84,TRUE,0,FALSE,117798072.6,0,117798072.6,6,FALSE,TRUE
C,A,20210101,2021,52,2021,276,DEU,Germany,M,Import,40,AUT,Austria,0,W00,World,H5,HS,TRUE,282300,Titanium oxides,6,TRUE,C00,TOTAL CPC,0,0,TOTAL MOT,8,kg,148850,FALSE,8,kg,148850,FALSE,148850,FALSE,0,FALSE,443081.57,0,443081.57,0,FALSE,TRUE
C,A,20210101,2021,52,2021,276,DEU,Germany,M,Import,56,BEL,Belgium,0,W00,World,H5,HS,TRUE,282300,Titanium oxides,6,TRUE,C00,TOTAL CPC,0,0,TOTAL MOT,8,kg,2862322,FALSE,8,kg,2862322,FALSE,2862322,FALSE,0,FALSE,6966529.603,0,6966529.603,0,FALSE,TRUE
C,A,20210101,2021,52,2021,276,DEU,Germany,M,Import,124,CAN,Canada,0,W00,World,H5,HS,TRUE,282300,Titanium oxides,6,TRUE,C00,TOTAL CPC,0,0,TOTAL MOT,8,kg,1245866.691,TRUE,-1,N/A,0,FALSE,1245866.691,TRUE,0,FALSE,2982916.643,0,2982916.643,6,FALSE,TRUE
C,A,20210101,2021,52,2021,276,DEU,Germany,M,Import,156,CHN,China,0,W00,World,H5,HS,TRUE,282300,Titanium oxides,6,TRUE,C00,TOTAL CPC,0,0,TOTAL MOT,8,kg,4622575.995,TRUE,-1,N/A,0,FALSE,4622575.995,TRUE,0,FALSE,12639739.55,0,12639739.55,6,FALSE,TRUE
C,A,20210101,2021,52,2021,276,DEU,Germany,M,Import,203,CZE,Czechia,0,W00,World,H5,HS,TRUE,282300,Titanium oxides,6,TRUE,C00,TOTAL CPC,0,0,TOTAL MOT,8,kg,2171740,FALSE,8,kg,2171740,FALSE,2171740,FALSE,0,FALSE,5187540.956,0,5187540.956,0,FALSE,TRUE
C,A,20210101,2021,52,2021,276,DEU,Germany,M,Import,208,DNK,Denmark,0,W00,World,H5,HS,TRUE,282300,Titanium oxides,6,TRUE,C00,TOTAL CPC,0,0,TOTAL MOT,8,kg,20668,FALSE,8,kg,20668,FALSE,20668,FALSE,0,FALSE,186798.945,0,186798.945,0,FALSE,TRUE
C,A,20210101,2021,52,2021,276,DEU,Germany,M,Import,246,FIN,Finland,0,W00,World,H5,HS,TRUE,282300,Titanium oxides,6,TRUE,C00,TOTAL CPC,0,0,TOTAL MOT,8,kg,1875,FALSE,8,kg,1875,FALSE,1875,FALSE,0,FALSE,18010.352,0,18010.352,0,FALSE,TRUE
C,A,20210101,2021,52,2021,276,DEU,Germany,M,Import,251,FRA,France,0,W00,World,H5,HS,TRUE,282300,Titanium oxides,6,TRUE,C00,TOTAL CPC,0,0,TOTAL MOT,8,kg,10505760,FALSE,8,kg,10505760,FALSE,10505760,FALSE,0,FALSE,58807929.45,0,58807929.45,0,FALSE,TRUE
C,A,20210101,2021,52,2021,276,DEU,Germany,M,Import,380,ITA,Italy,0,W00,World,H5,HS,TRUE,282300,Titanium oxides,6,TRUE,C00,TOTAL CPC,0,0,TOTAL MOT,8,kg,131114,FALSE,8,kg,131114,FALSE,131114,FALSE,0,FALSE,447494.413,0,447494.413,0,FALSE,TRUE
C,A,20210101,2021,52,2021,276,DEU,Germany,M,Import,392,JPN,Japan,0,W00,World,H5,HS,TRUE,282300,Titanium oxides,6,TRUE,C00,TOTAL CPC,0,0,TOTAL MOT,8,kg,448399.324,TRUE,-1,N/A,0,FALSE,448399.324,TRUE,0,FALSE,3026073.233,0,3026073.233,6,FALSE,TRUE
C,A,20210101,2021,52,2021,276,DEU,Germany,M,Import,410,KOR,Rep. of Korea,0,W00,World,H5,HS,TRUE,282300,Titanium oxides,6,TRUE,C00,TOTAL CPC,0,0,TOTAL MOT,8,kg,1611727,FALSE,8,kg,1611727,FALSE,1611727,FALSE,0,FALSE,4416957.227,0,4416957.227,0,FALSE,TRUE
C,A,20210101,2021,52,2021,276,DEU,Germany,M,Import,484,MEX,Mexico,0,W00,World,H5,HS,TRUE,282300,Titanium oxides,6,TRUE,C00,TOTAL CPC,0,0,TOTAL MOT,8,kg,96158,FALSE,8,kg,96158,FALSE,96158,FALSE,0,FALSE,358401.508,0,358401.508,0,FALSE,TRUE
C,A,20210101,2021,52,2021,276,DEU,Germany,M,Import,528,NLD,Netherlands,0,W00,World,H5,HS,TRUE,282300,Titanium oxides,6,TRUE,C00,TOTAL CPC,0,0,TOTAL MOT,8,kg,1333785,FALSE,8,kg,1333785,FALSE,1333785,FALSE,0,FALSE,4451218.461,0,4451218.461,0,FALSE,TRUE
C,A,20210101,2021,52,2021,276,DEU,Germany,M,Import,579,NOR,Norway,0,W00,World,H5,HS,TRUE,282300,Titanium oxides,6,TRUE,C00,TOTAL CPC,0,0,TOTAL MOT,8,kg,6109848,FALSE,8,kg,6109848,FALSE,6109848,FALSE,0,FALSE,11663792.71,0,11663792.71,0,FALSE,TRUE
C,A,20210101,2021,52,2021,276,DEU,Germany,M,Import,616,POL,Poland,0,W00,World,H5,HS,TRUE,282300,Titanium oxides,6,TRUE,C00,TOTAL CPC,0,0,TOTAL MOT,8,kg,821892,FALSE,8,kg,821892,FALSE,821892,FALSE,0,FALSE,2148797.183,0,2148797.183,0,FALSE,TRUE
C,A,20210101,2021,52,2021,276,DEU,Germany,M,Import,643,RUS,Russian Federation,0,W00,World,H5,HS,TRUE,282300,Titanium oxides,6,TRUE,C00,TOTAL CPC,0,0,TOTAL MOT,8,kg,447.608,TRUE,-1,N/A,0,FALSE,447.608,TRUE,0,FALSE,1575.256,0,1575.256,6,FALSE,TRUE
C,A,20210101,2021,52,2021,276,DEU,Germany,M,Import,699,IND,India,0,W00,World,H5,HS,TRUE,282300,Titanium oxides,6,TRUE,C00,TOTAL CPC,0,0,TOTAL MOT,8,kg,1000,FALSE,8,kg,1000,FALSE,1000,FALSE,0,FALSE,7468.888,0,7468.888,0,FALSE,TRUE
C,A,20210101,2021,52,2021,276,DEU,Germany,M,Import,724,ESP,Spain,0,W00,World,H5,HS,TRUE,282300,Titanium oxides,6,TRUE,C00,TOTAL CPC,0,0,TOTAL MOT,8,kg,8023,FALSE,8,kg,8023,FALSE,8023,FALSE,0,FALSE,35397.213,0,35397.213,0,FALSE,TRUE
C,A,20210101,2021,52,2021,276,DEU,Germany,M,Import,752,SWE,Sweden,0,W00,World,H5,HS,TRUE,282300,Titanium oxides,6,TRUE,C00,TOTAL CPC,0,0,TOTAL MOT,8,kg,35537,FALSE,8,kg,35537,FALSE,35537,FALSE,0,FALSE,116713.029,0,116713.029,0,FALSE,TRUE
C,A,20210101,2021,52,2021,276,DEU,Germany,M,Import,757,CHE,Switzerland,0,W00,World,H5,HS,TRUE,282300,Titanium oxides,6,TRUE,C00,TOTAL CPC,0,0,TOTAL MOT,8,kg,155883.14,TRUE,-1,N/A,0,FALSE,155883.14,TRUE,0,FALSE,571597.213,0,571597.213,6,FALSE,TRUE
C,A,20210101,2021,52,2021,276,DEU,Germany,M,Import,792,TUR,Türkiye,0,W00,World,H5,HS,TRUE,282300,Titanium oxides,6,TRUE,C00,TOTAL CPC,0,0,TOTAL MOT,8,kg,502,FALSE,8,kg,502,FALSE,502,FALSE,0,FALSE,1395.767,0,1395.767,0,FALSE,TRUE
C,A,20210101,2021,52,2021,276,DEU,Germany,M,Import,804,UKR,Ukraine,0,W00,World,H5,HS,TRUE,282300,Titanium oxides,6,TRUE,C00,TOTAL CPC,0,0,TOTAL MOT,8,kg,900000,FALSE,8,kg,900000,FALSE,900000,FALSE,0,FALSE,2537332.848,0,2537332.848,0,FALSE,TRUE
C,A,20210101,2021,52,2021,276,DEU,Germany,M,Import,826,GBR,United Kingdom,0,W00,World,H5,HS,TRUE,282300,Titanium oxides,6,TRUE,C00,TOTAL CPC,0,0,TOTAL MOT,8,kg,47951.228,TRUE,-1,N/A,0,FALSE,47951.228,TRUE,0,FALSE,146547.25,0,146547.25,6,FALSE,TRUE
C,A,20210101,2021,52,2021,276,DEU,Germany,M,Import,842,USA,USA,0,W00,World,H5,HS,TRUE,282300,Titanium oxides,6,TRUE,C00,TOTAL CPC,0,0,TOTAL MOT,8,kg,190305.849,TRUE,-1,N/A,0,FALSE,190305.849,TRUE,0,FALSE,634763.337,0,634763.337,6,FALSE,TRUE
C,A,20210101,2021,52,2021,276,DEU,Germany,M,Import,0,W00,World,0,W00,World,H5,HS,TRUE,282540,Nickel oxides and hydroxides,6,TRUE,C00,TOTAL CPC,0,0,TOTAL MOT,8,kg,310732.881,TRUE,-1,N/A,0,FALSE,310732.881,TRUE,0,FALSE,5552571.766,0,5552571.766,6,FALSE,TRUE
C,A,20210101,2021,52,2021,276,DEU,Germany,M,Import,56,BEL,Belgium,0,W00,World,H5,HS,TRUE,282540,Nickel oxides and hydroxides,6,TRUE,C00,TOTAL CPC,0,0,TOTAL MOT,8,kg,28146,FALSE,8,kg,28146,FALSE,28146,FALSE,0,FALSE,529351.06,0,529351.06,0,FALSE,TRUE
C,A,20210101,2021,52,2021,276,DEU,Germany,M,Import,156,CHN,China,0,W00,World,H5,HS,TRUE,282540,Nickel oxides and hydroxides,6,TRUE,C00,TOTAL CPC,0,0,TOTAL MOT,8,kg,2566.162,TRUE,-1,N/A,0,FALSE,2566.162,TRUE,0,FALSE,51587.872,0,51587.872,6,FALSE,TRUE
C,A,20210101,2021,52,2021,276,DEU,Germany,M,Import,203,CZE,Czechia,0,W00,World,H5,HS,TRUE,282540,Nickel oxides and hydroxides,6,TRUE,C00,TOTAL CPC,0,0,TOTAL MOT,8,kg,197600,FALSE,8,kg,197600,FALSE,197600,FALSE,0,FALSE,3301459.679,0,3301459.679,0,FALSE,TRUE
C,A,20210101,2021,52,2021,276,DEU,Germany,M,Import,251,FRA,France,0,W00,World,H5,HS,TRUE,282540,Nickel oxides and hydroxides,6,TRUE,C00,TOTAL CPC,0,0,TOTAL MOT,8,kg,27.194,TRUE,-1,N/A,0,FALSE,27.194,TRUE,0,FALSE,774.639,0,774.639,6,FALSE,TRUE
C,A,20210101,2021,52,2021,276,DEU,Germany,M,Import,380,ITA,Italy,0,W00,World,H5,HS,TRUE,282540,Nickel oxides and hydroxides,6,TRUE,C00,TOTAL CPC,0,0,TOTAL MOT,8,kg,59288,FALSE,8,kg,59288,FALSE,59288,FALSE,0,FALSE,1023963.821,0,1023963.821,0,FALSE,TRUE
C,A,20210101,2021,52,2021,276,DEU,Germany,M,Import,392,JPN,Japan,0,W00,World,H5,HS,TRUE,282540,Nickel oxides and hydroxides,6,TRUE,C00,TOTAL CPC,0,0,TOTAL MOT,8,kg,7336.428,TRUE,-1,N/A,0,FALSE,7336.428,TRUE,0,FALSE,176586.938,0,176586.938,6,FALSE,TRUE
C,A,20210101,2021,52,2021,276,DEU,Germany,M,Import,398,KAZ,Kazakhstan,0,W00,World,H5,HS,TRUE,282540,Nickel oxides and hydroxides,6,TRUE,C00,TOTAL CPC,0,0,TOTAL MOT,8,kg,468,FALSE,8,kg,468,FALSE,468,FALSE,0,FALSE,1105.277,0,1105.277,0,FALSE,TRUE
C,A,20210101,2021,52,2021,276,DEU,Germany,M,Import,528,NLD,Netherlands,0,W00,World,H5,HS,TRUE,282540,Nickel oxides and hydroxides,6,TRUE,C00,TOTAL CPC,0,0,TOTAL MOT,8,kg,12345,FALSE,8,kg,12345,FALSE,12345,FALSE,0,FALSE,236754.88,0,236754.88,0,FALSE,TRUE
C,A,20210101,2021,52,2021,276,DEU,Germany,M,Import,724,ESP,Spain,0,W00,World,H5,HS,TRUE,282540,Nickel oxides and hydroxides,6,TRUE,C00,TOTAL CPC,0,0,TOTAL MOT,8,kg,1490,FALSE,8,kg,1490,FALSE,1490,FALSE,0,FALSE,82018.423,0,82018.423,0,FALSE,TRUE
C,A,20210101,2021,52,2021,276,DEU,Germany,M,Import,757,CHE,Switzerland,0,W00,World,H5,HS,TRUE,282540,Nickel oxides and hydroxides,6,TRUE,C00,TOTAL CPC,0,0,TOTAL MOT,8,kg,178.277,TRUE,-1,N/A,0,FALSE,178.277,TRUE,0,FALSE,71839.48,0,71839.48,6,FALSE,TRUE
C,A,20210101,2021,52,2021,276,DEU,Germany,M,Import,842,USA,USA,0,W00,World,H5,HS,TRUE,282540,Nickel oxides and hydroxides,6,TRUE,C00,TOTAL CPC,0,0,TOTAL MOT,8,kg,1287.82,TRUE,-1,N/A,0,FALSE,1287.82,TRUE,0,FALSE,77129.696,0,77129.696,6,FALSE,TRUE
C,A,20210101,2021,52,2021,276,DEU,Germany,M,Import,0,W00,World,0,W00,World,H5,HS,TRUE,282550,Copper oxides and hydroxides,6,TRUE,C00,TOTAL CPC,0,0,TOTAL MOT,8,kg,1347224.992,TRUE,-1,N/A,0,FALSE,1347224.992,TRUE,0,FALSE,11132836.87,0,11132836.87,6,FALSE,TRUE
C,A,20210101,2021,52,2021,276,DEU,Germany,M,Import,36,AUS,Australia,0,W00,World,H5,HS,TRUE,282550,Copper oxides and hydroxides,6,TRUE,C00,TOTAL CPC,0,0,TOTAL MOT,8,kg,825880,FALSE,8,kg,825880,FALSE,825880,FALSE,0,FALSE,6387191.907,0,6387191.907,0,FALSE,TRUE
C,A,20210101,2021,52,2021,276,DEU,Germany,M,Import,40,AUT,Austria,0,W00,World,H5,HS,TRUE,282550,Copper oxides and hydroxides,6,TRUE,C00,TOTAL CPC,0,0,TOTAL MOT,8,kg,40005,FALSE,8,kg,40005,FALSE,40005,FALSE,0,FALSE,318716.622,0,318716.622,0,FALSE,TRUE
C,A,20210101,2021,52,2021,276,DEU,Germany,M,Import,56,BEL,Belgium,0,W00,World,H5,HS,TRUE,282550,Copper oxides and hydroxides,6,TRUE,C00,TOTAL CPC,0,0,TOTAL MOT,8,kg,110146,FALSE,8,kg,110146,FALSE,110146,FALSE,0,FALSE,944714.496,0,944714.496,0,FALSE,TRUE
C,A,20210101,2021,52,2021,276,DEU,Germany,M,Import,156,CHN,China,0,W00,World,H5,HS,TRUE,282550,Copper oxides and hydroxides,6,TRUE,C00,TOTAL CPC,0,0,TOTAL MOT,8,kg,2502.007,TRUE,-1,N/A,0,FALSE,2502.007,TRUE,0,FALSE,23976.015,0,23976.015,6,FALSE,TRUE
C,A,20210101,2021,52,2021,276,DEU,Germany,M,Import,251,FRA,France,0,W00,World,H5,HS,TRUE,282550,Copper oxides and hydroxides,6,TRUE,C00,TOTAL CPC,0,0,TOTAL MOT,8,kg,20066,FALSE,8,kg,20066,FALSE,20066,FALSE,0,FALSE,228496.002,0,228496.002,0,FALSE,TRUE
C,A,20210101,2021,52,2021,276,DEU,Germany,M,Import,360,IDN,Indonesia,0,W00,World,H5,HS,TRUE,282550,Copper oxides and hydroxides,6,TRUE,C00,TOTAL CPC,0,0,TOTAL MOT,8,kg,40000,FALSE,8,kg,40000,FALSE,40000,FALSE,0,FALSE,357012.826,0,357012.826,0,FALSE,TRUE
C,A,20210101,2021,52,2021,276,DEU,Germany,M,Import,364,IRN,Iran,0,W00,World,H5,HS,TRUE,282550,Copper oxides and hydroxides,6,TRUE,C00,TOTAL CPC,0,0,TOTAL MOT,8,kg,4000,FALSE,8,kg,4000,FALSE,4000,FALSE,0,FALSE,48863.647,0,48863.647,0,FALSE,TRUE
C,A,20210101,2021,52,2021,276,DEU,Germany,M,Import,380,ITA,Italy,0,W00,World,H5,HS,TRUE,282550,Copper oxides and hydroxides,6,TRUE,C00,TOTAL CPC,0,0,TOTAL MOT,8,kg,174318,FALSE,8,kg,174318,FALSE,174318,FALSE,0,FALSE,1448322.986,0,1448322.986,0,FALSE,TRUE
C,A,20210101,2021,52,2021,276,DEU,Germany,M,Import,392,JPN,Japan,0,W00,World,H5,HS,TRUE,282550,Copper oxides and hydroxides,6,TRUE,C00,TOTAL CPC,0,0,TOTAL MOT,8,kg,555.145,TRUE,-1,N/A,0,FALSE,555.145,TRUE,0,FALSE,3705.513,0,3705.513,6,FALSE,TRUE
C,A,20210101,2021,52,2021,276,DEU,Germany,M,Import,410,KOR,Rep. of Korea,0,W00,World,H5,HS,TRUE,282550,Copper oxides and hydroxides,6,TRUE,C00,TOTAL CPC,0,0,TOTAL MOT,8,kg,22000,FALSE,8,kg,22000,FALSE,22000,FALSE,0,FALSE,233879.506,0,233879.506,0,FALSE,TRUE
C,A,20210101,2021,52,2021,276,DEU,Germany,M,Import,490,S19,"Other Asia, nes",0,W00,World,H5,HS,TRUE,282550,Copper oxides and hydroxides,6,TRUE,C00,TOTAL CPC,0,0,TOTAL MOT,8,kg,68000,FALSE,8,kg,68000,FALSE,68000,FALSE,0,FALSE,668428.241,0,668428.241,0,FALSE,TRUE
C,A,20210101,2021,52,2021,276,DEU,Germany,M,Import,528,NLD,Netherlands,0,W00,World,H5,HS,TRUE,282550,Copper oxides and hydroxides,6,TRUE,C00,TOTAL CPC,0,0,TOTAL MOT,8,kg,24400,FALSE,8,kg,24400,FALSE,24400,FALSE,0,FALSE,315965.237,0,315965.237,0,FALSE,TRUE
C,A,20210101,2021,52,2021,276,DEU,Germany,M,Import,642,ROU,Romania,0,W00,World,H5,HS,TRUE,282550,Copper oxides and hydroxides,6,TRUE,C00,TOTAL CPC,0,0,TOTAL MOT,8,kg,700,FALSE,8,kg,700,FALSE,700,FALSE,0,FALSE,5039.875,0,5039.875,0,FALSE,TRUE
C,A,20210101,2021,52,2021,276,DEU,Germany,M,Import,699,IND,India,0,W00,World,H5,HS,TRUE,282550,Copper oxides and hydroxides,6,TRUE,C00,TOTAL CPC,0,0,TOTAL MOT,8,kg,666.444,TRUE,-1,N/A,0,FALSE,666.444,TRUE,0,FALSE,4247.524,0,4247.524,6,FALSE,TRUE
C,A,20210101,2021,52,2021,276,DEU,Germany,M,Import,702,SGP,Singapore,0,W00,World,H5,HS,TRUE,282550,Copper oxides and hydroxides,6,TRUE,C00,TOTAL CPC,0,0,TOTAL MOT,8,kg,1650,FALSE,8,kg,1650,FALSE,1650,FALSE,0,FALSE,15478.605,0,15478.605,0,FALSE,TRUE
C,A,20210101,2021,52,2021,276,DEU,Germany,M,Import,724,ESP,Spain,0,W00,World,H5,HS,TRUE,282550,Copper oxides and hydroxides,6,TRUE,C00,TOTAL CPC,0,0,TOTAL MOT,8,kg,589.459,TRUE,-1,N/A,0,FALSE,589.459,TRUE,0,FALSE,4871.014,0,4871.014,6,FALSE,TRUE
C,A,20210101,2021,52,2021,276,DEU,Germany,M,Import,757,CHE,Switzerland,0,W00,World,H5,HS,TRUE,282550,Copper oxides and hydroxides,6,TRUE,C00,TOTAL CPC,0,0,TOTAL MOT,8,kg,494.716,TRUE,-1,N/A,0,FALSE,494.716,TRUE,0,FALSE,19831.225,0,19831.225,6,FALSE,TRUE
C,A,20210101,2021,52,2021,276,DEU,Germany,M,Import,826,GBR,United Kingdom,0,W00,World,H5,HS,TRUE,282550,Copper oxides and hydroxides,6,TRUE,C00,TOTAL CPC,0,0,TOTAL MOT,8,kg,3771,FALSE,8,kg,3771,FALSE,3771,FALSE,0,FALSE,28724.22,0,28724.22,0,FALSE,TRUE
C,A,20210101,2021,52,2021,276,DEU,Germany,M,Import,842,USA,USA,0,W00,World,H5,HS,TRUE,282550,Copper oxides and hydroxides,6,TRUE,C00,TOTAL CPC,0,0,TOTAL MOT,8,kg,7481.221,TRUE,-1,N/A,0,FALSE,7481.221,TRUE,0,FALSE,75371.408,0,75371.408,6,FALSE,TRUE
C,A,20210101,2021,52,2021,276,DEU,Germany,M,Import,0,W00,World,0,W00,World,H5,HS,TRUE,282570,Molybdenum oxides and hydroxides,6,TRUE,C00,TOTAL CPC,0,0,TOTAL MOT,8,kg,1677348.019,TRUE,-1,N/A,0,FALSE,1677348.019,TRUE,0,FALSE,45203789.43,0,45203789.43,6,FALSE,TRUE
C,A,20210101,2021,52,2021,276,DEU,Germany,M,Import,56,BEL,Belgium,0,W00,World,H5,HS,TRUE,282570,Molybdenum oxides and hydroxides,6,TRUE,C00,TOTAL CPC,0,0,TOTAL MOT,8,kg,31.437,TRUE,-1,N/A,0,FALSE,31.437,TRUE,0,FALSE,1117.086,0,1117.086,6,FALSE,TRUE
C,A,20210101,2021,52,2021,276,DEU,Germany,M,Import,152,CHL,Chile,0,W00,World,H5,HS,TRUE,282570,Molybdenum oxides and hydroxides,6,TRUE,C00,TOTAL CPC,0,0,TOTAL MOT,8,kg,1437925,FALSE,8,kg,1437925,FALSE,1437925,FALSE,0,FALSE,39775537.74,0,39775537.74,0,FALSE,TRUE
C,A,20210101,2021,52,2021,276,DEU,Germany,M,Import,156,CHN,China,0,W00,World,H5,HS,TRUE,282570,Molybdenum oxides and hydroxides,6,TRUE,C00,TOTAL CPC,0,0,TOTAL MOT,8,kg,80182.924,TRUE,-1,N/A,0,FALSE,80182.924,TRUE,0,FALSE,2034497.815,0,2034497.815,6,FALSE,TRUE
C,A,20210101,2021,52,2021,276,DEU,Germany,M,Import,251,FRA,France,0,W00,World,H5,HS,TRUE,282570,Molybdenum oxides and hydroxides,6,TRUE,C00,TOTAL CPC,0,0,TOTAL MOT,8,kg,3400.657,TRUE,-1,N/A,0,FALSE,3400.657,TRUE,0,FALSE,120748,0,120748,6,FALSE,TRUE
C,A,20210101,2021,52,2021,276,DEU,Germany,M,Import,380,ITA,Italy,0,W00,World,H5,HS,TRUE,282570,Molybdenum oxides and hydroxides,6,TRUE,C00,TOTAL CPC,0,0,TOTAL MOT,8,kg,2000,FALSE,8,kg,2000,FALSE,2000,FALSE,0,FALSE,65501.849,0,65501.849,0,FALSE,TRUE
C,A,20210101,2021,52,2021,276,DEU,Germany,M,Import,528,NLD,Netherlands,0,W00,World,H5,HS,TRUE,282570,Molybdenum oxides and hydroxides,6,TRUE,C00,TOTAL CPC,0,0,TOTAL MOT,8,kg,81836,FALSE,8,kg,81836,FALSE,81836,FALSE,0,FALSE,1699229.194,0,1699229.194,0,FALSE,TRUE
C,A,20210101,2021,52,2021,276,DEU,Germany,M,Import,752,SWE,Sweden,0,W00,World,H5,HS,TRUE,282570,Molybdenum oxides and hydroxides,6,TRUE,C00,TOTAL CPC,0,0,TOTAL MOT,8,kg,66000,FALSE,8,kg,66000,FALSE,66000,FALSE,0,FALSE,1346891.36,0,1346891.36,0,FALSE,TRUE
C,A,20210101,2021,52,2021,276,DEU,Germany,M,Import,826,GBR,United Kingdom,0,W00,World,H5,HS,TRUE,282570,Molybdenum oxides and hydroxides,6,TRUE,C00,TOTAL CPC,0,0,TOTAL MOT,8,kg,10,FALSE,8,kg,10,FALSE,10,FALSE,0,FALSE,186.575,0,186.575,0,FALSE,TRUE
C,A,20210101,2021,52,2021,276,DEU,Germany,M,Import,842,USA,USA,0,W00,World,H5,HS,TRUE,282570,Molybdenum oxides and hydroxides,6,TRUE,C00,TOTAL CPC,0,0,TOTAL MOT,8,kg,5962,FALSE,8,kg,5962,FALSE,5962,FALSE,0,FALSE,160079.811,0,160079.811,0,FALSE,TRUE
C,A,20210101,2021,52,2021,276,DEU,Germany,M,Import,0,W00,World,0,W00,World,H5,HS,TRUE,282580,Antimony oxides,6,TRUE,C00,TOTAL CPC,0,0,TOTAL MOT,8,kg,5249077.165,TRUE,-1,N/A,0,FALSE,5249077.165,TRUE,0,FALSE,46338706.08,0,46338706.08,6,FALSE,TRUE
C,A,20210101,2021,52,2021,276,DEU,Germany,M,Import,56,BEL,Belgium,0,W00,World,H5,HS,TRUE,282580,Antimony oxides,6,TRUE,C00,TOTAL CPC,0,0,TOTAL MOT,8,kg,1337460,FALSE,8,kg,1337460,FALSE,1337460,FALSE,0,FALSE,12398688.73,0,12398688.73,0,FALSE,TRUE
C,A,20210101,2021,52,2021,276,DEU,Germany,M,Import,68,BOL,Bolivia (Plurinational State of),0,W00,World,H5,HS,TRUE,282580,Antimony oxides,6,TRUE,C00,TOTAL CPC,0,0,TOTAL MOT,8,kg,38280,FALSE,8,kg,38280,FALSE,38280,FALSE,0,FALSE,405363.983,0,405363.983,0,FALSE,TRUE
C,A,20210101,2021,52,2021,276,DEU,Germany,M,Import,156,CHN,China,0,W00,World,H5,HS,TRUE,282580,Antimony oxides,6,TRUE,C00,TOTAL CPC,0,0,TOTAL MOT,8,kg,863091.287,TRUE,-1,N/A,0,FALSE,863091.287,TRUE,0,FALSE,7434890.849,0,7434890.849,6,FALSE,TRUE
C,A,20210101,2021,52,2021,276,DEU,Germany,M,Import,251,FRA,France,0,W00,World,H5,HS,TRUE,282580,Antimony oxides,6,TRUE,C00,TOTAL CPC,0,0,TOTAL MOT,8,kg,2488035,FALSE,8,kg,2488035,FALSE,2488035,FALSE,0,FALSE,22032999.88,0,22032999.88,0,FALSE,TRUE
C,A,20210101,2021,52,2021,276,DEU,Germany,M,Import,344,HKG,"China, Hong Kong SAR",0,W00,World,H5,HS,TRUE,282580,Antimony oxides,6,TRUE,C00,TOTAL CPC,0,0,TOTAL MOT,8,kg,20000,FALSE,8,kg,20000,FALSE,20000,FALSE,0,FALSE,122448.426,0,122448.426,0,FALSE,TRUE
C,A,20210101,2021,52,2021,276,DEU,Germany,M,Import,380,ITA,Italy,0,W00,World,H5,HS,TRUE,282580,Antimony oxides,6,TRUE,C00,TOTAL CPC,0,0,TOTAL MOT,8,kg,32037,FALSE,8,kg,32037,FALSE,32037,FALSE,0,FALSE,338058.974,0,338058.974,0,FALSE,TRUE
C,A,20210101,2021,52,2021,276,DEU,Germany,M,Import,392,JPN,Japan,0,W00,World,H5,HS,TRUE,282580,Antimony oxides,6,TRUE,C00,TOTAL CPC,0,0,TOTAL MOT,8,kg,575.851,TRUE,-1,N/A,0,FALSE,575.851,TRUE,0,FALSE,11038.603,0,11038.603,6,FALSE,TRUE
C,A,20210101,2021,52,2021,276,DEU,Germany,M,Import,410,KOR,Rep. of Korea,0,W00,World,H5,HS,TRUE,282580,Antimony oxides,6,TRUE,C00,TOTAL CPC,0,0,TOTAL MOT,8,kg,249200,FALSE,8,kg,249200,FALSE,249200,FALSE,0,FALSE,1746656.925,0,1746656.925,0,FALSE,TRUE
C,A,20210101,2021,52,2021,276,DEU,Germany,M,Import,528,NLD,Netherlands,0,W00,World,H5,HS,TRUE,282580,Antimony oxides,6,TRUE,C00,TOTAL CPC,0,0,TOTAL MOT,8,kg,79071,FALSE,8,kg,79071,FALSE,79071,FALSE,0,FALSE,770460.921,0,770460.921,0,FALSE,TRUE
C,A,20210101,2021,52,2021,276,DEU,Germany,M,Import,642,ROU,Romania,0,W00,World,H5,HS,TRUE,282580,Antimony oxides,6,TRUE,C00,TOTAL CPC,0,0,TOTAL MOT,8,kg,550,FALSE,8,kg,550,FALSE,550,FALSE,0,FALSE,1039.15,0,1039.15,0,FALSE,TRUE
C,A,20210101,2021,52,2021,276,DEU,Germany,M,Import,699,IND,India,0,W00,World,H5,HS,TRUE,282580,Antimony oxides,6,TRUE,C00,TOTAL CPC,0,0,TOTAL MOT,8,kg,10,FALSE,8,kg,10,FALSE,10,FALSE,0,FALSE,1328.458,0,1328.458,0,FALSE,TRUE
C,A,20210101,2021,52,2021,276,DEU,Germany,M,Import,724,ESP,Spain,0,W00,World,H5,HS,TRUE,282580,Antimony oxides,6,TRUE,C00,TOTAL CPC,0,0,TOTAL MOT,8,kg,42050,FALSE,8,kg,42050,FALSE,42050,FALSE,0,FALSE,282751.419,0,282751.419,0,FALSE,TRUE
C,A,20210101,2021,52,2021,276,DEU,Germany,M,Import,757,CHE,Switzerland,0,W00,World,H5,HS,TRUE,282580,Antimony oxides,6,TRUE,C00,TOTAL CPC,0,0,TOTAL MOT,8,kg,9000,FALSE,8,kg,9000,FALSE,9000,FALSE,0,FALSE,48149.232,0,48149.232,0,FALSE,TRUE
C,A,20210101,2021,52,2021,276,DEU,Germany,M,Import,826,GBR,United Kingdom,0,W00,World,H5,HS,TRUE,282580,Antimony oxides,6,TRUE,C00,TOTAL CPC,0,0,TOTAL MOT,8,kg,51339,FALSE,8,kg,51339,FALSE,51339,FALSE,0,FALSE,457296.664,0,457296.664,0,FALSE,TRUE
C,A,20210101,2021,52,2021,276,DEU,Germany,M,Import,842,USA,USA,0,W00,World,H5,HS,TRUE,282580,Antimony oxides,6,TRUE,C00,TOTAL CPC,0,0,TOTAL MOT,8,kg,38378.026,TRUE,-1,N/A,0,FALSE,38378.026,TRUE,0,FALSE,287533.868,0,287533.868,6,FALSE,TRUE
C,A,20210101,2021,52,2021,276,DEU,Germany,M,Import,0,W00,World,0,W00,World,H5,HS,TRUE,283691,Carbonates; lithium carbonate,6,TRUE,C00,TOTAL CPC,0,0,TOTAL MOT,8,kg,2590115.436,TRUE,-1,N/A,0,FALSE,2590115.436,TRUE,0,FALSE,19400750.17,0,19400750.17,6,FALSE,TRUE
C,A,20210101,2021,52,2021,276,DEU,Germany,M,Import,32,ARG,Argentina,0,W00,World,H5,HS,TRUE,283691,Carbonates; lithium carbonate,6,TRUE,C00,TOTAL CPC,0,0,TOTAL MOT,8,kg,262992.158,TRUE,-1,N/A,0,FALSE,262992.158,TRUE,0,FALSE,1859986.814,0,1859986.814,6,FALSE,TRUE
C,A,20210101,2021,52,2021,276,DEU,Germany,M,Import,40,AUT,Austria,0,W00,World,H5,HS,TRUE,283691,Carbonates; lithium carbonate,6,TRUE,C00,TOTAL CPC,0,0,TOTAL MOT,8,kg,50,FALSE,8,kg,50,FALSE,50,FALSE,0,FALSE,1357.98,0,1357.98,0,FALSE,TRUE
C,A,20210101,2021,52,2021,276,DEU,Germany,M,Import,56,BEL,Belgium,0,W00,World,H5,HS,TRUE,283691,Carbonates; lithium carbonate,6,TRUE,C00,TOTAL CPC,0,0,TOTAL MOT,8,kg,554538,FALSE,8,kg,554538,FALSE,554538,FALSE,0,FALSE,4349588.451,0,4349588.451,0,FALSE,TRUE
C,A,20210101,2021,52,2021,276,DEU,Germany,M,Import,152,CHL,Chile,0,W00,World,H5,HS,TRUE,283691,Carbonates; lithium carbonate,6,TRUE,C00,TOTAL CPC,0,0,TOTAL MOT,8,kg,1300715.315,TRUE,-1,N/A,0,FALSE,1300715.315,TRUE,0,FALSE,7268971.725,0,7268971.725,6,FALSE,TRUE
C,A,20210101,2021,52,2021,276,DEU,Germany,M,Import,156,CHN,China,0,W00,World,H5,HS,TRUE,283691,Carbonates; lithium carbonate,6,TRUE,C00,TOTAL CPC,0,0,TOTAL MOT,8,kg,58938.012,TRUE,-1,N/A,0,FALSE,58938.012,TRUE,0,FALSE,981281.933,0,981281.933,6,FALSE,TRUE
C,A,20210101,2021,52,2021,276,DEU,Germany,M,Import,251,FRA,France,0,W00,World,H5,HS,TRUE,283691,Carbonates; lithium carbonate,6,TRUE,C00,TOTAL CPC,0,0,TOTAL MOT,8,kg,133881,FALSE,8,kg,133881,FALSE,133881,FALSE,0,FALSE,1503281.01,0,1503281.01,0,FALSE,TRUE
C,A,20210101,2021,52,2021,276,DEU,Germany,M,Import,380,ITA,Italy,0,W00,World,H5,HS,TRUE,283691,Carbonates; lithium carbonate,6,TRUE,C00,TOTAL CPC,0,0,TOTAL MOT,8,kg,10000,FALSE,8,kg,10000,FALSE,10000,FALSE,0,FALSE,105095.809,0,105095.809,0,FALSE,TRUE
C,A,20210101,2021,52,2021,276,DEU,Germany,M,Import,528,NLD,Netherlands,0,W00,World,H5,HS,TRUE,283691,Carbonates; lithium carbonate,6,TRUE,C00,TOTAL CPC,0,0,TOTAL MOT,8,kg,20772,FALSE,8,kg,20772,FALSE,20772,FALSE,0,FALSE,211895.588,0,211895.588,0,FALSE,TRUE
C,A,20210101,2021,52,2021,276,DEU,Germany,M,Import,616,POL,Poland,0,W00,World,H5,HS,TRUE,283691,Carbonates; lithium carbonate,6,TRUE,C00,TOTAL CPC,0,0,TOTAL MOT,8,kg,439,FALSE,8,kg,439,FALSE,439,FALSE,0,FALSE,3070.215,0,3070.215,0,FALSE,TRUE
C,A,20210101,2021,52,2021,276,DEU,Germany,M,Import,643,RUS,Russian Federation,0,W00,World,H5,HS,TRUE,283691,Carbonates; lithium carbonate,6,TRUE,C00,TOTAL CPC,0,0,TOTAL MOT,8,kg,650,FALSE,8,kg,650,FALSE,650,FALSE,0,FALSE,7229.175,0,7229.175,0,FALSE,TRUE
C,A,20210101,2021,52,2021,276,DEU,Germany,M,Import,699,IND,India,0,W00,World,H5,HS,TRUE,283691,Carbonates; lithium carbonate,6,TRUE,C00,TOTAL CPC,0,0,TOTAL MOT,8,kg,173,FALSE,8,kg,173,FALSE,173,FALSE,0,FALSE,1957.852,0,1957.852,0,FALSE,TRUE
C,A,20210101,2021,52,2021,276,DEU,Germany,M,Import,826,GBR,United Kingdom,0,W00,World,H5,HS,TRUE,283691,Carbonates; lithium carbonate,6,TRUE,C00,TOTAL CPC,0,0,TOTAL MOT,8,kg,224905.329,TRUE,-1,N/A,0,FALSE,224905.329,TRUE,0,FALSE,2848351.496,0,2848351.496,6,FALSE,TRUE
C,A,20210101,2021,52,2021,276,DEU,Germany,M,Import,842,USA,USA,0,W00,World,H5,HS,TRUE,283691,Carbonates; lithium carbonate,6,TRUE,C00,TOTAL CPC,0,0,TOTAL MOT,8,kg,22061.621,TRUE,-1,N/A,0,FALSE,22061.621,TRUE,0,FALSE,258682.117,0,258682.117,6,FALSE,TRUE
C,A,20210101,2021,52,2021,276,DEU,Germany,M,Import,0,W00,World,0,W00,World,H5,HS,TRUE,283692,Carbonates; strontium carbonate,6,TRUE,C00,TOTAL CPC,0,0,TOTAL MOT,8,kg,53966.338,TRUE,-1,N/A,0,FALSE,53966.338,TRUE,0,FALSE,287232.751,0,287232.751,6,FALSE,TRUE
C,A,20210101,2021,52,2021,276,DEU,Germany,M,Import,156,CHN,China,0,W00,World,H5,HS,TRUE,283692,Carbonates; strontium carbonate,6,TRUE,C00,TOTAL CPC,0,0,TOTAL MOT,8,kg,350.92,TRUE,-1,N/A,0,FALSE,350.92,TRUE,0,FALSE,2796.257,0,2796.257,6,FALSE,TRUE
C,A,20210101,2021,52,2021,276,DEU,Germany,M,Import,251,FRA,France,0,W00,World,H5,HS,TRUE,283692,Carbonates; strontium carbonate,6,TRUE,C00,TOTAL CPC,0,0,TOTAL MOT,8,kg,28500,FALSE,8,kg,28500,FALSE,28500,FALSE,0,FALSE,24839.217,0,24839.217,0,FALSE,TRUE
C,A,20210101,2021,52,2021,276,DEU,Germany,M,Import,380,ITA,Italy,0,W00,World,H5,HS,TRUE,283692,Carbonates; strontium carbonate,6,TRUE,C00,TOTAL CPC,0,0,TOTAL MOT,8,kg,23413.192,TRUE,-1,N/A,0,FALSE,23413.192,TRUE,0,FALSE,214918.568,0,214918.568,6,FALSE,TRUE
C,A,20210101,2021,52,2021,276,DEU,Germany,M,Import,699,IND,India,0,W00,World,H5,HS,TRUE,283692,Carbonates; strontium carbonate,6,TRUE,C00,TOTAL CPC,0,0,TOTAL MOT,8,kg,165.884,TRUE,-1,N/A,0,FALSE,165.884,TRUE,0,FALSE,30958.391,0,30958.391,6,FALSE,TRUE
C,A,20210101,2021,52,2021,276,DEU,Germany,M,Import,757,CHE,Switzerland,0,W00,World,H5,HS,TRUE,283692,Carbonates; strontium carbonate,6,TRUE,C00,TOTAL CPC,0,0,TOTAL MOT,8,kg,260,FALSE,8,kg,260,FALSE,260,FALSE,0,FALSE,3446.906,0,3446.906,0,FALSE,TRUE
C,A,20210101,2021,52,2021,276,DEU,Germany,M,Import,826,GBR,United Kingdom,0,W00,World,H5,HS,TRUE,283692,Carbonates; strontium carbonate,6,TRUE,C00,TOTAL CPC,0,0,TOTAL MOT,8,kg,358.814,TRUE,-1,N/A,0,FALSE,358.814,TRUE,0,FALSE,2626.214,0,2626.214,6,FALSE,TRUE
C,A,20210101,2021,52,2021,276,DEU,Germany,M,Import,842,USA,USA,0,W00,World,H5,HS,TRUE,283692,Carbonates; strontium carbonate,6,TRUE,C00,TOTAL CPC,0,0,TOTAL MOT,8,kg,917.529,TRUE,-1,N/A,0,FALSE,917.529,TRUE,0,FALSE,7647.196,0,7647.196,6,FALSE,TRUE
C,A,20210101,2021,52,2021,276,DEU,Germany,M,Import,0,W00,World,0,W00,World,H5,HS,TRUE,284321,Silver compounds; silver nitrates,6,TRUE,C00,TOTAL CPC,0,0,TOTAL MOT,8,kg,52749.242,TRUE,-1,N/A,0,FALSE,52749.242,TRUE,0,FALSE,21400758.84,0,21400758.84,6,FALSE,TRUE
C,A,20210101,2021,52,2021,276,DEU,Germany,M,Import,56,BEL,Belgium,0,W00,World,H5,HS,TRUE,284321,Silver compounds; silver nitrates,6,TRUE,C00,TOTAL CPC,0,0,TOTAL MOT,8,kg,1755.073,TRUE,-1,N/A,0,FALSE,1755.073,TRUE,0,FALSE,692157.458,0,692157.458,6,FALSE,TRUE
C,A,20210101,2021,52,2021,276,DEU,Germany,M,Import,100,BGR,Bulgaria,0,W00,World,H5,HS,TRUE,284321,Silver compounds; silver nitrates,6,TRUE,C00,TOTAL CPC,0,0,TOTAL MOT,8,kg,1901,FALSE,8,kg,1901,FALSE,1901,FALSE,0,FALSE,1030543.527,0,1030543.527,0,FALSE,TRUE
C,A,20210101,2021,52,2021,276,DEU,Germany,M,Import,203,CZE,Czechia,0,W00,World,H5,HS,TRUE,284321,Silver compounds; silver nitrates,6,TRUE,C00,TOTAL CPC,0,0,TOTAL MOT,8,kg,1938.035,TRUE,-1,N/A,0,FALSE,1938.035,TRUE,0,FALSE,1014826.39,0,1014826.39,6,FALSE,TRUE
C,A,20210101,2021,52,2021,276,DEU,Germany,M,Import,251,FRA,France,0,W00,World,H5,HS,TRUE,284321,Silver compounds; silver nitrates,6,TRUE,C00,TOTAL CPC,0,0,TOTAL MOT,8,kg,5517.631,TRUE,-1,N/A,0,FALSE,5517.631,TRUE,0,FALSE,1435516.649,0,1435516.649,6,FALSE,TRUE
C,A,20210101,2021,52,2021,276,DEU,Germany,M,Import,372,IRL,Ireland,0,W00,World,H5,HS,TRUE,284321,Silver compounds; silver nitrates,6,TRUE,C00,TOTAL CPC,0,0,TOTAL MOT,8,kg,12.579,TRUE,-1,N/A,0,FALSE,12.579,TRUE,0,FALSE,4380.96,0,4380.96,6,FALSE,TRUE
C,A,20210101,2021,52,2021,276,DEU,Germany,M,Import,380,ITA,Italy,0,W00,World,H5,HS,TRUE,284321,Silver compounds; silver nitrates,6,TRUE,C00,TOTAL CPC,0,0,TOTAL MOT,8,kg,198,FALSE,8,kg,198,FALSE,198,FALSE,0,FALSE,221905.668,0,221905.668,0,FALSE,TRUE
C,A,20210101,2021,52,2021,276,DEU,Germany,M,Import,392,JPN,Japan,0,W00,World,H5,HS,TRUE,284321,Silver compounds; silver nitrates,6,TRUE,C00,TOTAL CPC,0,0,TOTAL MOT,8,kg,5,FALSE,8,kg,5,FALSE,5,FALSE,0,FALSE,388.5,0,388.5,0,FALSE,TRUE
C,A,20210101,2021,52,2021,276,DEU,Germany,M,Import,528,NLD,Netherlands,0,W00,World,H5,HS,TRUE,284321,Silver compounds; silver nitrates,6,TRUE,C00,TOTAL CPC,0,0,TOTAL MOT,8,kg,1157.483,TRUE,-1,N/A,0,FALSE,1157.483,TRUE,0,FALSE,638506.637,0,638506.637,6,FALSE,TRUE
C,A,20210101,2021,52,2021,276,DEU,Germany,M,Import,616,POL,Poland,0,W00,World,H5,HS,TRUE,284321,Silver compounds; silver nitrates,6,TRUE,C00,TOTAL CPC,0,0,TOTAL MOT,8,kg,22.309,TRUE,-1,N/A,0,FALSE,22.309,TRUE,0,FALSE,13638.838,0,13638.838,6,FALSE,TRUE
C,A,20210101,2021,52,2021,276,DEU,Germany,M,Import,699,IND,India,0,W00,World,H5,HS,TRUE,284321,Silver compounds; silver nitrates,6,TRUE,C00,TOTAL CPC,0,0,TOTAL MOT,8,kg,1.355,TRUE,-1,N/A,0,FALSE,1.355,TRUE,0,FALSE,726.224,0,726.224,6,FALSE,TRUE
C,A,20210101,2021,52,2021,276,DEU,Germany,M,Import,705,SVN,Slovenia,0,W00,World,H5,HS,TRUE,284321,Silver compounds; silver nitrates,6,TRUE,C00,TOTAL CPC,0,0,TOTAL MOT,8,kg,100,FALSE,8,kg,100,FALSE,100,FALSE,0,FALSE,11535.741,0,11535.741,0,FALSE,TRUE
C,A,20210101,2021,52,2021,276,DEU,Germany,M,Import,710,ZAF,South Africa,0,W00,World,H5,HS,TRUE,284321,Silver compounds; silver nitrates,6,TRUE,C00,TOTAL CPC,0,0,TOTAL MOT,8,kg,8,FALSE,8,kg,8,FALSE,8,FALSE,0,FALSE,3745.662,0,3745.662,0,FALSE,TRUE
C,A,20210101,2021,52,2021,276,DEU,Germany,M,Import,724,ESP,Spain,0,W00,World,H5,HS,TRUE,284321,Silver compounds; silver nitrates,6,TRUE,C00,TOTAL CPC,0,0,TOTAL MOT,8,kg,65,FALSE,8,kg,65,FALSE,65,FALSE,0,FALSE,30238.072,0,30238.072,0,FALSE,TRUE
C,A,20210101,2021,52,2021,276,DEU,Germany,M,Import,757,CHE,Switzerland,0,W00,World,H5,HS,TRUE,284321,Silver compounds; silver nitrates,6,TRUE,C00,TOTAL CPC,0,0,TOTAL MOT,8,kg,166,FALSE,8,kg,166,FALSE,166,FALSE,0,FALSE,130210.165,0,130210.165,0,FALSE,TRUE
C,A,20210101,2021,52,2021,276,DEU,Germany,M,Import,807,MKD,North Macedonia,0,W00,World,H5,HS,TRUE,284321,Silver compounds; silver nitrates,6,TRUE,C00,TOTAL CPC,0,0,TOTAL MOT,8,kg,2245,FALSE,8,kg,2245,FALSE,2245,FALSE,0,FALSE,1451584.499,0,1451584.499,0,FALSE,TRUE
C,A,20210101,2021,52,2021,276,DEU,Germany,M,Import,826,GBR,United Kingdom,0,W00,World,H5,HS,TRUE,284321,Silver compounds; silver nitrates,6,TRUE,C00,TOTAL CPC,0,0,TOTAL MOT,8,kg,37314.128,TRUE,-1,N/A,0,FALSE,37314.128,TRUE,0,FALSE,14567947.71,0,14567947.71,6,FALSE,TRUE
C,A,20210101,2021,52,2021,276,DEU,Germany,M,Import,842,USA,USA,0,W00,World,H5,HS,TRUE,284321,Silver compounds; silver nitrates,6,TRUE,C00,TOTAL CPC,0,0,TOTAL MOT,8,kg,342.649,TRUE,-1,N/A,0,FALSE,342.649,TRUE,0,FALSE,152906.137,0,152906.137,6,FALSE,TRUE
C,A,20210101,2021,52,2021,276,DEU,Germany,M,Import,0,W00,World,0,W00,World,H5,HS,TRUE,284420,"Uranium; enriched in U235, plutonium, their compounds, alloys dispersions (including cermets), ceramic products and mixtures containing uranium enriched in U235, plutonium or compounds of these products",6,TRUE,C00,TOTAL CPC,0,0,TOTAL MOT,8,kg,166641.236,TRUE,38,gi F/S,5398661,FALSE,166641.236,TRUE,0,FALSE,149039428,0,149039428,6,FALSE,TRUE
C,A,20210101,2021,52,2021,276,DEU,Germany,M,Import,251,FRA,France,0,W00,World,H5,HS,TRUE,284420,"Uranium; enriched in U235, plutonium, their compounds, alloys dispersions (including cermets), ceramic products and mixtures containing uranium enriched in U235, plutonium or compounds of these products",6,TRUE,C00,TOTAL CPC,0,0,TOTAL MOT,8,kg,35431,FALSE,38,gi F/S,1281742,FALSE,35431,FALSE,0,FALSE,33281646.42,0,33281646.42,0,FALSE,TRUE
C,A,20210101,2021,52,2021,276,DEU,Germany,M,Import,528,NLD,Netherlands,0,W00,World,H5,HS,TRUE,284420,"Uranium; enriched in U235, plutonium, their compounds, alloys dispersions (including cermets), ceramic products and mixtures containing uranium enriched in U235, plutonium or compounds of these products",6,TRUE,C00,TOTAL CPC,0,0,TOTAL MOT,8,kg,52581,FALSE,38,gi F/S,1990770,FALSE,52581,FALSE,0,FALSE,63495129.33,0,63495129.33,0,FALSE,TRUE
C,A,20210101,2021,52,2021,276,DEU,Germany,M,Import,643,RUS,Russian Federation,0,W00,World,H5,HS,TRUE,284420,"Uranium; enriched in U235, plutonium, their compounds, alloys dispersions (including cermets), ceramic products and mixtures containing uranium enriched in U235, plutonium or compounds of these products",6,TRUE,C00,TOTAL CPC,0,0,TOTAL MOT,8,kg,78506.681,TRUE,38,gi F/S,2123259,FALSE,78506.681,TRUE,0,FALSE,52174794.46,0,52174794.46,6,FALSE,TRUE
C,A,20210101,2021,52,2021,276,DEU,Germany,M,Import,842,USA,USA,0,W00,World,H5,HS,TRUE,284420,"Uranium; enriched in U235, plutonium, their compounds, alloys dispersions (including cermets), ceramic products and mixtures containing uranium enriched in U235, plutonium or compounds of these products",6,TRUE,C00,TOTAL CPC,0,0,TOTAL MOT,8,kg,122.555,TRUE,38,gi F/S,2890,FALSE,122.555,TRUE,0,FALSE,87857.735,0,87857.735,6,FALSE,TRUE
C,A,20210101,2021,52,2021,276,DEU,Germany,M,Import,0,W00,World,0,W00,World,H5,HS,TRUE,710610,Metals; silver powder,6,TRUE,C00,TOTAL CPC,0,0,TOTAL MOT,8,kg,53098.042,FALSE,15,g,53098042,FALSE,53095.72,FALSE,0,FALSE,33056457.99,0,33056457.99,0,FALSE,TRUE
C,A,20210101,2021,52,2021,276,DEU,Germany,M,Import,36,AUS,Australia,0,W00,World,H5,HS,TRUE,710610,Metals; silver powder,6,TRUE,C00,TOTAL CPC,0,0,TOTAL MOT,8,kg,14.251,FALSE,15,g,14251,FALSE,14,FALSE,0,FALSE,12035.241,0,12035.241,0,FALSE,TRUE
C,A,20210101,2021,52,2021,276,DEU,Germany,M,Import,40,AUT,Austria,0,W00,World,H5,HS,TRUE,710610,Metals; silver powder,6,TRUE,C00,TOTAL CPC,0,0,TOTAL MOT,8,kg,35.666,FALSE,15,g,35666,FALSE,36,FALSE,0,FALSE,12988.189,0,12988.189,0,FALSE,TRUE
C,A,20210101,2021,52,2021,276,DEU,Germany,M,Import,124,CAN,Canada,0,W00,World,H5,HS,TRUE,710610,Metals; silver powder,6,TRUE,C00,TOTAL CPC,0,0,TOTAL MOT,8,kg,4438.503,FALSE,15,g,4438503,FALSE,4439.351,FALSE,0,FALSE,2322337.524,0,2322337.524,0,FALSE,TRUE
C,A,20210101,2021,52,2021,276,DEU,Germany,M,Import,156,CHN,China,0,W00,World,H5,HS,TRUE,710610,Metals; silver powder,6,TRUE,C00,TOTAL CPC,0,0,TOTAL MOT,8,kg,37.614,FALSE,15,g,37614,FALSE,38.394,FALSE,0,FALSE,20628.3,0,20628.3,0,FALSE,TRUE
C,A,20210101,2021,52,2021,276,DEU,Germany,M,Import,203,CZE,Czechia,0,W00,World,H5,HS,TRUE,710610,Metals; silver powder,6,TRUE,C00,TOTAL CPC,0,0,TOTAL MOT,8,kg,60.87,FALSE,15,g,60870,FALSE,61,FALSE,0,FALSE,44766.091,0,44766.091,0,FALSE,TRUE
C,A,20210101,2021,52,2021,276,DEU,Germany,M,Import,251,FRA,France,0,W00,World,H5,HS,TRUE,710610,Metals; silver powder,6,TRUE,C00,TOTAL CPC,0,0,TOTAL MOT,8,kg,83.071,FALSE,15,g,83071,FALSE,83.5,FALSE,0,FALSE,70943.214,0,70943.214,0,FALSE,TRUE
C,A,20210101,2021,52,2021,276,DEU,Germany,M,Import,376,ISR,Israel,0,W00,World,H5,HS,TRUE,710610,Metals; silver powder,6,TRUE,C00,TOTAL CPC,0,0,TOTAL MOT,8,kg,114.588,FALSE,15,g,114588,FALSE,115,FALSE,0,FALSE,73068.747,0,73068.747,0,FALSE,TRUE
C,A,20210101,2021,52,2021,276,DEU,Germany,M,Import,380,ITA,Italy,0,W00,World,H5,HS,TRUE,710610,Metals; silver powder,6,TRUE,C00,TOTAL CPC,0,0,TOTAL MOT,8,kg,942.081,FALSE,15,g,942081,FALSE,944.245,FALSE,0,FALSE,158653.342,0,158653.342,0,FALSE,TRUE
C,A,20210101,2021,52,2021,276,DEU,Germany,M,Import,392,JPN,Japan,0,W00,World,H5,HS,TRUE,710610,Metals; silver powder,6,TRUE,C00,TOTAL CPC,0,0,TOTAL MOT,8,kg,1118.492,FALSE,15,g,1118492,FALSE,1118,FALSE,0,FALSE,291462.562,0,291462.562,0,FALSE,TRUE
C,A,20210101,2021,52,2021,276,DEU,Germany,M,Import,410,KOR,Rep. of Korea,0,W00,World,H5,HS,TRUE,710610,Metals; silver powder,6,TRUE,C00,TOTAL CPC,0,0,TOTAL MOT,8,kg,66.551,FALSE,15,g,66551,FALSE,66.1,FALSE,0,FALSE,62731.57,0,62731.57,0,FALSE,TRUE
C,A,20210101,2021,52,2021,276,DEU,Germany,M,Import,484,MEX,Mexico,0,W00,World,H5,HS,TRUE,710610,Metals; silver powder,6,TRUE,C00,TOTAL CPC,0,0,TOTAL MOT,8,kg,5,FALSE,15,g,5000,FALSE,5,FALSE,0,FALSE,5325.642,0,5325.642,0,FALSE,TRUE
C,A,20210101,2021,52,2021,276,DEU,Germany,M,Import,490,S19,"Other Asia, nes",0,W00,World,H5,HS,TRUE,710610,Metals; silver powder,6,TRUE,C00,TOTAL CPC,0,0,TOTAL MOT,8,kg,18.56,FALSE,15,g,18560,FALSE,18.41,FALSE,0,FALSE,7830.228,0,7830.228,0,FALSE,TRUE
C,A,20210101,2021,52,2021,276,DEU,Germany,M,Import,579,NOR,Norway,0,W00,World,H5,HS,TRUE,710610,Metals; silver powder,6,TRUE,C00,TOTAL CPC,0,0,TOTAL MOT,8,kg,2.35,FALSE,15,g,2350,FALSE,2,FALSE,0,FALSE,1443.001,0,1443.001,0,FALSE,TRUE
C,A,20210101,2021,52,2021,276,DEU,Germany,M,Import,616,POL,Poland,0,W00,World,H5,HS,TRUE,710610,Metals; silver powder,6,TRUE,C00,TOTAL CPC,0,0,TOTAL MOT,8,kg,0.218,FALSE,15,g,218,FALSE,0.218,FALSE,0,FALSE,69.67,0,69.67,0,FALSE,TRUE
C,A,20210101,2021,52,2021,276,DEU,Germany,M,Import,642,ROU,Romania,0,W00,World,H5,HS,TRUE,710610,Metals; silver powder,6,TRUE,C00,TOTAL CPC,0,0,TOTAL MOT,8,kg,13288.4,FALSE,15,g,13288400,FALSE,13288,FALSE,0,FALSE,1769974.025,0,1769974.025,0,FALSE,TRUE
C,A,20210101,2021,52,2021,276,DEU,Germany,M,Import,702,SGP,Singapore,0,W00,World,H5,HS,TRUE,710610,Metals; silver powder,6,TRUE,C00,TOTAL CPC,0,0,TOTAL MOT,8,kg,1.8,FALSE,15,g,1800,FALSE,2,FALSE,0,FALSE,1848.033,0,1848.033,0,FALSE,TRUE
C,A,20210101,2021,52,2021,276,DEU,Germany,M,Import,757,CHE,Switzerland,0,W00,World,H5,HS,TRUE,710610,Metals; silver powder,6,TRUE,C00,TOTAL CPC,0,0,TOTAL MOT,8,kg,1988.189,FALSE,15,g,1988189,FALSE,1987.75,FALSE,0,FALSE,1068047.38,0,1068047.38,0,FALSE,TRUE
C,A,20210101,2021,52,2021,276,DEU,Germany,M,Import,792,TUR,Türkiye,0,W00,World,H5,HS,TRUE,710610,Metals; silver powder,6,TRUE,C00,TOTAL CPC,0,0,TOTAL MOT,8,kg,10.87,FALSE,15,g,10870,FALSE,11,FALSE,0,FALSE,8503.314,0,8503.314,0,FALSE,TRUE
C,A,20210101,2021,52,2021,276,DEU,Germany,M,Import,826,GBR,United Kingdom,0,W00,World,H5,HS,TRUE,710610,Metals; silver powder,6,TRUE,C00,TOTAL CPC,0,0,TOTAL MOT,8,kg,2801.665,FALSE,15,g,2801665,FALSE,2801,FALSE,0,FALSE,1920363.766,0,1920363.766,0,FALSE,TRUE
C,A,20210101,2021,52,2021,276,DEU,Germany,M,Import,842,USA,USA,0,W00,World,H5,HS,TRUE,710610,Metals; silver powder,6,TRUE,C00,TOTAL CPC,0,0,TOTAL MOT,8,kg,28069.303,FALSE,15,g,28069303,FALSE,28064.752,FALSE,0,FALSE,25203438.15,0,25203438.15,0,FALSE,TRUE
C,A,20210101,2021,52,2021,276,DEU,Germany,M,Import,0,W00,World,0,W00,World,H5,HS,TRUE,2614,Titanium ores and concentrates,4,FALSE,C00,TOTAL CPC,0,0,TOTAL MOT,8,kg,553055696.6,TRUE,-1,N/A,0,FALSE,553055696.6,TRUE,0,FALSE,248214296.4,0,248214296.4,6,FALSE,TRUE
C,A,20210101,2021,52,2021,276,DEU,Germany,M,Import,40,AUT,Austria,0,W00,World,H5,HS,TRUE,2614,Titanium ores and concentrates,4,FALSE,C00,TOTAL CPC,0,0,TOTAL MOT,8,kg,25009,FALSE,8,kg,25009,FALSE,25009,FALSE,0,FALSE,12108.454,0,12108.454,0,FALSE,TRUE
C,A,20210101,2021,52,2021,276,DEU,Germany,M,Import,56,BEL,Belgium,0,W00,World,H5,HS,TRUE,2614,Titanium ores and concentrates,4,FALSE,C00,TOTAL CPC,0,0,TOTAL MOT,8,kg,50526,FALSE,8,kg,50526,FALSE,50526,FALSE,0,FALSE,22672.354,0,22672.354,0,FALSE,TRUE
C,A,20210101,2021,52,2021,276,DEU,Germany,M,Import,124,CAN,Canada,0,W00,World,H5,HS,TRUE,2614,Titanium ores and concentrates,4,FALSE,C00,TOTAL CPC,0,0,TOTAL MOT,8,kg,42268826,FALSE,8,kg,42268826,FALSE,42268826,FALSE,0,FALSE,4248270.187,0,4248270.187,0,FALSE,TRUE
C,A,20210101,2021,52,2021,276,DEU,Germany,M,Import,156,CHN,China,0,W00,World,H5,HS,TRUE,2614,Titanium ores and concentrates,4,FALSE,C00,TOTAL CPC,0,0,TOTAL MOT,8,kg,63929,FALSE,8,kg,63929,FALSE,63929,FALSE,0,FALSE,13234.987,0,13234.987,0,FALSE,TRUE
C,A,20210101,2021,52,2021,276,DEU,Germany,M,Import,196,CYP,Cyprus,0,W00,World,H5,HS,TRUE,2614,Titanium ores and concentrates,4,FALSE,C00,TOTAL CPC,0,0,TOTAL MOT,8,kg,6192,FALSE,8,kg,6192,FALSE,6192,FALSE,0,FALSE,2924.97,0,2924.97,0,FALSE,TRUE
C,A,20210101,2021,52,2021,276,DEU,Germany,M,Import,246,FIN,Finland,0,W00,World,H5,HS,TRUE,2614,Titanium ores and concentrates,4,FALSE,C00,TOTAL CPC,0,0,TOTAL MOT,8,kg,535850,FALSE,8,kg,535850,FALSE,535850,FALSE,0,FALSE,147552.155,0,147552.155,0,FALSE,TRUE
C,A,20210101,2021,52,2021,276,DEU,Germany,M,Import,251,FRA,France,0,W00,World,H5,HS,TRUE,2614,Titanium ores and concentrates,4,FALSE,C00,TOTAL CPC,0,0,TOTAL MOT,8,kg,20870,FALSE,8,kg,20870,FALSE,20870,FALSE,0,FALSE,9857.751,0,9857.751,0,FALSE,TRUE
C,A,20210101,2021,52,2021,276,DEU,Germany,M,Import,380,ITA,Italy,0,W00,World,H5,HS,TRUE,2614,Titanium ores and concentrates,4,FALSE,C00,TOTAL CPC,0,0,TOTAL MOT,8,kg,353297,FALSE,8,kg,353297,FALSE,353297,FALSE,0,FALSE,162475.759,0,162475.759,0,FALSE,TRUE
C,A,20210101,2021,52,2021,276,DEU,Germany,M,Import,404,KEN,Kenya,0,W00,World,H5,HS,TRUE,2614,Titanium ores and concentrates,4,FALSE,C00,TOTAL CPC,0,0,TOTAL MOT,8,kg,3000760,FALSE,8,kg,3000760,FALSE,3000760,FALSE,0,FALSE,2962696.918,0,2962696.918,0,FALSE,TRUE
C,A,20210101,2021,52,2021,276,DEU,Germany,M,Import,442,LUX,Luxembourg,0,W00,World,H5,HS,TRUE,2614,Titanium ores and concentrates,4,FALSE,C00,TOTAL CPC,0,0,TOTAL MOT,8,kg,35000,FALSE,8,kg,35000,FALSE,35000,FALSE,0,FALSE,14908.254,0,14908.254,0,FALSE,TRUE
C,A,20210101,2021,52,2021,276,DEU,Germany,M,Import,508,MOZ,Mozambique,0,W00,World,H5,HS,TRUE,2614,Titanium ores and concentrates,4,FALSE,C00,TOTAL CPC,0,0,TOTAL MOT,8,kg,4041788,FALSE,8,kg,4041788,FALSE,4041788,FALSE,0,FALSE,1846032.688,0,1846032.688,0,FALSE,TRUE
C,A,20210101,2021,52,2021,276,DEU,Germany,M,Import,528,NLD,Netherlands,0,W00,World,H5,HS,TRUE,2614,Titanium ores and concentrates,4,FALSE,C00,TOTAL CPC,0,0,TOTAL MOT,8,kg,2953286,FALSE,8,kg,2953286,FALSE,2953286,FALSE,0,FALSE,1678097.851,0,1678097.851,0,FALSE,TRUE
C,A,20210101,2021,52,2021,276,DEU,Germany,M,Import,579,NOR,Norway,0,W00,World,H5,HS,TRUE,2614,Titanium ores and concentrates,4,FALSE,C00,TOTAL CPC,0,0,TOTAL MOT,8,kg,290381341,FALSE,8,kg,290381341,FALSE,290381341,FALSE,0,FALSE,57066882.75,0,57066882.75,0,FALSE,TRUE
C,A,20210101,2021,52,2021,276,DEU,Germany,M,Import,616,POL,Poland,0,W00,World,H5,HS,TRUE,2614,Titanium ores and concentrates,4,FALSE,C00,TOTAL CPC,0,0,TOTAL MOT,8,kg,52631,FALSE,8,kg,52631,FALSE,52631,FALSE,0,FALSE,23617.036,0,23617.036,0,FALSE,TRUE
C,A,20210101,2021,52,2021,276,DEU,Germany,M,Import,642,ROU,Romania,0,W00,World,H5,HS,TRUE,2614,Titanium ores and concentrates,4,FALSE,C00,TOTAL CPC,0,0,TOTAL MOT,8,kg,23675,FALSE,8,kg,23675,FALSE,23675,FALSE,0,FALSE,10344.262,0,10344.262,0,FALSE,TRUE
C,A,20210101,2021,52,2021,276,DEU,Germany,M,Import,686,SEN,Senegal,0,W00,World,H5,HS,TRUE,2614,Titanium ores and concentrates,4,FALSE,C00,TOTAL CPC,0,0,TOTAL MOT,8,kg,40000,FALSE,8,kg,40000,FALSE,40000,FALSE,0,FALSE,51610.308,0,51610.308,0,FALSE,TRUE
C,A,20210101,2021,52,2021,276,DEU,Germany,M,Import,694,SLE,Sierra Leone,0,W00,World,H5,HS,TRUE,2614,Titanium ores and concentrates,4,FALSE,C00,TOTAL CPC,0,0,TOTAL MOT,8,kg,64848610,FALSE,8,kg,64848610,FALSE,64848610,FALSE,0,FALSE,74110169.78,0,74110169.78,0,FALSE,TRUE
C,A,20210101,2021,52,2021,276,DEU,Germany,M,Import,699,IND,India,0,W00,World,H5,HS,TRUE,2614,Titanium ores and concentrates,4,FALSE,C00,TOTAL CPC,0,0,TOTAL MOT,8,kg,496.631,TRUE,-1,N/A,0,FALSE,496.631,TRUE,0,FALSE,101.553,0,101.553,6,FALSE,TRUE
C,A,20210101,2021,52,2021,276,DEU,Germany,M,Import,705,SVN,Slovenia,0,W00,World,H5,HS,TRUE,2614,Titanium ores and concentrates,4,FALSE,C00,TOTAL CPC,0,0,TOTAL MOT,8,kg,26080,FALSE,8,kg,26080,FALSE,26080,FALSE,0,FALSE,11808.518,0,11808.518,0,FALSE,TRUE
C,A,20210101,2021,52,2021,276,DEU,Germany,M,Import,710,ZAF,South Africa,0,W00,World,H5,HS,TRUE,2614,Titanium ores and concentrates,4,FALSE,C00,TOTAL CPC,0,0,TOTAL MOT,8,kg,140976013,FALSE,8,kg,140976013,FALSE,140976013,FALSE,0,FALSE,103719891.4,0,103719891.4,0,FALSE,TRUE
C,A,20210101,2021,52,2021,276,DEU,Germany,M,Import,724,ESP,Spain,0,W00,World,H5,HS,TRUE,2614,Titanium ores and concentrates,4,FALSE,C00,TOTAL CPC,0,0,TOTAL MOT,8,kg,2453600,FALSE,8,kg,2453600,FALSE,2453600,FALSE,0,FALSE,1490877.342,0,1490877.342,0,FALSE,TRUE
C,A,20210101,2021,52,2021,276,DEU,Germany,M,Import,804,UKR,Ukraine,0,W00,World,H5,HS,TRUE,2614,Titanium ores and concentrates,4,FALSE,C00,TOTAL CPC,0,0,TOTAL MOT,8,kg,642051,FALSE,8,kg,642051,FALSE,642051,FALSE,0,FALSE,553775.798,0,553775.798,0,FALSE,TRUE
C,A,20210101,2021,52,2021,276,DEU,Germany,M,Import,842,USA,USA,0,W00,World,H5,HS,TRUE,2614,Titanium ores and concentrates,4,FALSE,C00,TOTAL CPC,0,0,TOTAL MOT,8,kg,255866,FALSE,8,kg,255866,FALSE,255866,FALSE,0,FALSE,54385.31,0,54385.31,0,FALSE,TRUE
C,A,20210101,2021,52,2021,276,DEU,Germany,M,Import,0,W00,World,0,W00,World,H5,HS,TRUE,2701,"Coal; briquettes, ovoids and similar solid fuels manufactured from coal",4,FALSE,C00,TOTAL CPC,0,0,TOTAL MOT,8,kg,38673034728,FALSE,8,kg,38673034728,FALSE,38673034728,FALSE,0,FALSE,5321507529,0,5321507529,0,FALSE,TRUE
C,A,20210101,2021,52,2021,276,DEU,Germany,M,Import,36,AUS,Australia,0,W00,World,H5,HS,TRUE,2701,"Coal; briquettes, ovoids and similar solid fuels manufactured from coal",4,FALSE,C00,TOTAL CPC,0,0,TOTAL MOT,8,kg,5405988102,FALSE,8,kg,5405988102,FALSE,5405988102,FALSE,0,FALSE,930876688.9,0,930876688.9,0,FALSE,TRUE
C,A,20210101,2021,52,2021,276,DEU,Germany,M,Import,40,AUT,Austria,0,W00,World,H5,HS,TRUE,2701,"Coal; briquettes, ovoids and similar solid fuels manufactured from coal",4,FALSE,C00,TOTAL CPC,0,0,TOTAL MOT,8,kg,618430,FALSE,8,kg,618430,FALSE,618430,FALSE,0,FALSE,114253.315,0,114253.315,0,FALSE,TRUE
C,A,20210101,2021,52,2021,276,DEU,Germany,M,Import,56,BEL,Belgium,0,W00,World,H5,HS,TRUE,2701,"Coal; briquettes, ovoids and similar solid fuels manufactured from coal",4,FALSE,C00,TOTAL CPC,0,0,TOTAL MOT,8,kg,232680913,FALSE,8,kg,232680913,FALSE,232680913,FALSE,0,FALSE,38242180.43,0,38242180.43,0,FALSE,TRUE
C,A,20210101,2021,52,2021,276,DEU,Germany,M,Import,124,CAN,Canada,0,W00,World,H5,HS,TRUE,2701,"Coal; briquettes, ovoids and similar solid fuels manufactured from coal",4,FALSE,C00,TOTAL CPC,0,0,TOTAL MOT,8,kg,1301007727,FALSE,8,kg,1301007727,FALSE,1301007727,FALSE,0,FALSE,182419487.7,0,182419487.7,0,FALSE,TRUE
C,A,20210101,2021,52,2021,276,DEU,Germany,M,Import,156,CHN,China,0,W00,World,H5,HS,TRUE,2701,"Coal; briquettes, ovoids and similar solid fuels manufactured from coal",4,FALSE,C00,TOTAL CPC,0,0,TOTAL MOT,8,kg,9716716,FALSE,8,kg,9716716,FALSE,9716716,FALSE,0,FALSE,4134678.149,0,4134678.149,0,FALSE,TRUE
C,A,20210101,2021,52,2021,276,DEU,Germany,M,Import,170,COL,Colombia,0,W00,World,H5,HS,TRUE,2701,"Coal; briquettes, ovoids and similar solid fuels manufactured from coal",4,FALSE,C00,TOTAL CPC,0,0,TOTAL MOT,8,kg,2372805197,FALSE,8,kg,2372805197,FALSE,2372805197,FALSE,0,FALSE,305250066.1,0,305250066.1,0,FALSE,TRUE
C,A,20210101,2021,52,2021,276,DEU,Germany,M,Import,203,CZE,Czechia,0,W00,World,H5,HS,TRUE,2701,"Coal; briquettes, ovoids and similar solid fuels manufactured from coal",4,FALSE,C00,TOTAL CPC,0,0,TOTAL MOT,8,kg,4237522,FALSE,8,kg,4237522,FALSE,4237522,FALSE,0,FALSE,982202.998,0,982202.998,0,FALSE,TRUE
C,A,20210101,2021,52,2021,276,DEU,Germany,M,Import,251,FRA,France,0,W00,World,H5,HS,TRUE,2701,"Coal; briquettes, ovoids and similar solid fuels manufactured from coal",4,FALSE,C00,TOTAL CPC,0,0,TOTAL MOT,8,kg,2019840,FALSE,8,kg,2019840,FALSE,2019840,FALSE,0,FALSE,225514.351,0,225514.351,0,FALSE,TRUE
C,A,20210101,2021,52,2021,276,DEU,Germany,M,Import,372,IRL,Ireland,0,W00,World,H5,HS,TRUE,2701,"Coal; briquettes, ovoids and similar solid fuels manufactured from coal",4,FALSE,C00,TOTAL CPC,0,0,TOTAL MOT,8,kg,4090000,FALSE,8,kg,4090000,FALSE,4090000,FALSE,0,FALSE,590381.023,0,590381.023,0,FALSE,TRUE
C,A,20210101,2021,52,2021,276,DEU,Germany,M,Import,380,ITA,Italy,0,W00,World,H5,HS,TRUE,2701,"Coal; briquettes, ovoids and similar solid fuels manufactured from coal",4,FALSE,C00,TOTAL CPC,0,0,TOTAL MOT,8,kg,10622870,FALSE,8,kg,10622870,FALSE,10622870,FALSE,0,FALSE,1003524.458,0,1003524.458,0,FALSE,TRUE
C,A,20210101,2021,52,2021,276,DEU,Germany,M,Import,508,MOZ,Mozambique,0,W00,World,H5,HS,TRUE,2701,"Coal; briquettes, ovoids and similar solid fuels manufactured from coal",4,FALSE,C00,TOTAL CPC,0,0,TOTAL MOT,8,kg,15647263,FALSE,8,kg,15647263,FALSE,15647263,FALSE,0,FALSE,3664986.084,0,3664986.084,0,FALSE,TRUE
C,A,20210101,2021,52,2021,276,DEU,Germany,M,Import,528,NLD,Netherlands,0,W00,World,H5,HS,TRUE,2701,"Coal; briquettes, ovoids and similar solid fuels manufactured from coal",4,FALSE,C00,TOTAL CPC,0,0,TOTAL MOT,8,kg,764291252,FALSE,8,kg,764291252,FALSE,764291252,FALSE,0,FALSE,73405658.25,0,73405658.25,0,FALSE,TRUE
C,A,20210101,2021,52,2021,276,DEU,Germany,M,Import,579,NOR,Norway,0,W00,World,H5,HS,TRUE,2701,"Coal; briquettes, ovoids and similar solid fuels manufactured from coal",4,FALSE,C00,TOTAL CPC,0,0,TOTAL MOT,8,kg,48473700,FALSE,8,kg,48473700,FALSE,48473700,FALSE,0,FALSE,5289389.423,0,5289389.423,0,FALSE,TRUE
C,A,20210101,2021,52,2021,276,DEU,Germany,M,Import,616,POL,Poland,0,W00,World,H5,HS,TRUE,2701,"Coal; briquettes, ovoids and similar solid fuels manufactured from coal",4,FALSE,C00,TOTAL CPC,0,0,TOTAL MOT,8,kg,300147386,FALSE,8,kg,300147386,FALSE,300147386,FALSE,0,FALSE,39017569.05,0,39017569.05,0,FALSE,TRUE
C,A,20210101,2021,52,2021,276,DEU,Germany,M,Import,643,RUS,Russian Federation,0,W00,World,H5,HS,TRUE,2701,"Coal; briquettes, ovoids and similar solid fuels manufactured from coal",4,FALSE,C00,TOTAL CPC,0,0,TOTAL MOT,8,kg,20075942352,FALSE,8,kg,20075942352,FALSE,20075942352,FALSE,0,FALSE,2564607177,0,2564607177,0,FALSE,TRUE
C,A,20210101,2021,52,2021,276,DEU,Germany,M,Import,703,SVK,Slovakia,0,W00,World,H5,HS,TRUE,2701,"Coal; briquettes, ovoids and similar solid fuels manufactured from coal",4,FALSE,C00,TOTAL CPC,0,0,TOTAL MOT,8,kg,2527198,FALSE,8,kg,2527198,FALSE,2527198,FALSE,0,FALSE,1120268.189,0,1120268.189,0,FALSE,TRUE
C,A,20210101,2021,52,2021,276,DEU,Germany,M,Import,710,ZAF,South Africa,0,W00,World,H5,HS,TRUE,2701,"Coal; briquettes, ovoids and similar solid fuels manufactured from coal",4,FALSE,C00,TOTAL CPC,0,0,TOTAL MOT,8,kg,1028289807,FALSE,8,kg,1028289807,FALSE,1028289807,FALSE,0,FALSE,172575215.2,0,172575215.2,0,FALSE,TRUE
C,A,20210101,2021,52,2021,276,DEU,Germany,M,Import,724,ESP,Spain,0,W00,World,H5,HS,TRUE,2701,"Coal; briquettes, ovoids and similar solid fuels manufactured from coal",4,FALSE,C00,TOTAL CPC,0,0,TOTAL MOT,8,kg,23827091,FALSE,8,kg,23827091,FALSE,23827091,FALSE,0,FALSE,2177387.967,0,2177387.967,0,FALSE,TRUE
C,A,20210101,2021,52,2021,276,DEU,Germany,M,Import,757,CHE,Switzerland,0,W00,World,H5,HS,TRUE,2701,"Coal; briquettes, ovoids and similar solid fuels manufactured from coal",4,FALSE,C00,TOTAL CPC,0,0,TOTAL MOT,8,kg,1353550,FALSE,8,kg,1353550,FALSE,1353550,FALSE,0,FALSE,235355.57,0,235355.57,0,FALSE,TRUE
C,A,20210101,2021,52,2021,276,DEU,Germany,M,Import,792,TUR,Türkiye,0,W00,World,H5,HS,TRUE,2701,"Coal; briquettes, ovoids and similar solid fuels manufactured from coal",4,FALSE,C00,TOTAL CPC,0,0,TOTAL MOT,8,kg,61124,FALSE,8,kg,61124,FALSE,61124,FALSE,0,FALSE,7687.345,0,7687.345,0,FALSE,TRUE
C,A,20210101,2021,52,2021,276,DEU,Germany,M,Import,804,UKR,Ukraine,0,W00,World,H5,HS,TRUE,2701,"Coal; briquettes, ovoids and similar solid fuels manufactured from coal",4,FALSE,C00,TOTAL CPC,0,0,TOTAL MOT,8,kg,10402710,FALSE,8,kg,10402710,FALSE,10402710,FALSE,0,FALSE,1662875.491,0,1662875.491,0,FALSE,TRUE
C,A,20210101,2021,52,2021,276,DEU,Germany,M,Import,826,GBR,United Kingdom,0,W00,World,H5,HS,TRUE,2701,"Coal; briquettes, ovoids and similar solid fuels manufactured from coal",4,FALSE,C00,TOTAL CPC,0,0,TOTAL MOT,8,kg,40924323,FALSE,8,kg,40924323,FALSE,40924323,FALSE,0,FALSE,4822917.54,0,4822917.54,0,FALSE,TRUE
C,A,20210101,2021,52,2021,276,DEU,Germany,M,Import,842,USA,USA,0,W00,World,H5,HS,TRUE,2701,"Coal; briquettes, ovoids and similar solid fuels manufactured from coal",4,FALSE,C00,TOTAL CPC,0,0,TOTAL MOT,8,kg,7017359655,FALSE,8,kg,7017359655,FALSE,7017359655,FALSE,0,FALSE,989082063.9,0,989082063.9,0,FALSE,TRUE
C,A,20210101,2021,52,2021,276,DEU,Germany,M,Import,0,W00,World,0,W00,World,H5,HS,TRUE,2702,"Lignite; whether or not agglomerated, excluding jet",4,FALSE,C00,TOTAL CPC,0,0,TOTAL MOT,8,kg,191371347,FALSE,8,kg,191371347,FALSE,191371347,FALSE,0,FALSE,13798527.12,0,13798527.12,0,FALSE,TRUE
C,A,20210101,2021,52,2021,276,DEU,Germany,M,Import,203,CZE,Czechia,0,W00,World,H5,HS,TRUE,2702,"Lignite; whether or not agglomerated, excluding jet",4,FALSE,C00,TOTAL CPC,0,0,TOTAL MOT,8,kg,67922050,FALSE,8,kg,67922050,FALSE,67922050,FALSE,0,FALSE,5900383.394,0,5900383.394,0,FALSE,TRUE
C,A,20210101,2021,52,2021,276,DEU,Germany,M,Import,442,LUX,Luxembourg,0,W00,World,H5,HS,TRUE,2702,"Lignite; whether or not agglomerated, excluding jet",4,FALSE,C00,TOTAL CPC,0,0,TOTAL MOT,8,kg,4530,FALSE,8,kg,4530,FALSE,4530,FALSE,0,FALSE,890.362,0,890.362,0,FALSE,TRUE
C,A,20210101,2021,52,2021,276,DEU,Germany,M,Import,826,GBR,United Kingdom,0,W00,World,H5,HS,TRUE,2702,"Lignite; whether or not agglomerated, excluding jet",4,FALSE,C00,TOTAL CPC,0,0,TOTAL MOT,8,kg,121944600,FALSE,8,kg,121944600,FALSE,121944600,FALSE,0,FALSE,7199924.96,0,7199924.96,0,FALSE,TRUE
C,A,20210101,2021,52,2021,276,DEU,Germany,M,Import,842,USA,USA,0,W00,World,H5,HS,TRUE,2702,"Lignite; whether or not agglomerated, excluding jet",4,FALSE,C00,TOTAL CPC,0,0,TOTAL MOT,8,kg,1500167,FALSE,8,kg,1500167,FALSE,1500167,FALSE,0,FALSE,697328.408,0,697328.408,0,FALSE,TRUE
C,A,20210101,2021,52,2021,276,DEU,Germany,M,Import,0,W00,World,0,W00,World,H5,HS,TRUE,2709,Petroleum oils and oils obtained from bituminous minerals; crude,4,FALSE,C00,TOTAL CPC,0,0,TOTAL MOT,8,kg,79378005959,TRUE,-1,N/A,0,FALSE,79378005959,TRUE,0,FALSE,40339157341,0,40339157341,6,FALSE,TRUE
C,A,20210101,2021,52,2021,276,DEU,Germany,M,Import,12,DZA,Algeria,0,W00,World,H5,HS,TRUE,2709,Petroleum oils and oils obtained from bituminous minerals; crude,4,FALSE,C00,TOTAL CPC,0,0,TOTAL MOT,8,kg,809827000,FALSE,8,kg,809827000,FALSE,809827000,FALSE,0,FALSE,470370303,0,470370303,0,FALSE,TRUE
C,A,20210101,2021,52,2021,276,DEU,Germany,M,Import,31,AZE,Azerbaijan,0,W00,World,H5,HS,TRUE,2709,Petroleum oils and oils obtained from bituminous minerals; crude,4,FALSE,C00,TOTAL CPC,0,0,TOTAL MOT,8,kg,1475781000,FALSE,8,kg,1475781000,FALSE,1475781000,FALSE,0,FALSE,803150242.3,0,803150242.3,0,FALSE,TRUE
C,A,20210101,2021,52,2021,276,DEU,Germany,M,Import,76,BRA,Brazil,0,W00,World,H5,HS,TRUE,2709,Petroleum oils and oils obtained from bituminous minerals; crude,4,FALSE,C00,TOTAL CPC,0,0,TOTAL MOT,8,kg,143117500,FALSE,8,kg,143117500,FALSE,143117500,FALSE,0,FALSE,67082304.37,0,67082304.37,0,FALSE,TRUE
C,A,20210101,2021,52,2021,276,DEU,Germany,M,Import,124,CAN,Canada,0,W00,World,H5,HS,TRUE,2709,Petroleum oils and oils obtained from bituminous minerals; crude,4,FALSE,C00,TOTAL CPC,0,0,TOTAL MOT,8,kg,288743637,FALSE,8,kg,288743637,FALSE,288743637,FALSE,0,FALSE,120536241.2,0,120536241.2,0,FALSE,TRUE
C,A,20210101,2021,52,2021,276,DEU,Germany,M,Import,148,TCD,Chad,0,W00,World,H5,HS,TRUE,2709,Petroleum oils and oils obtained from bituminous minerals; crude,4,FALSE,C00,TOTAL CPC,0,0,TOTAL MOT,8,kg,2007223000,FALSE,8,kg,2007223000,FALSE,2007223000,FALSE,0,FALSE,1054301031,0,1054301031,0,FALSE,TRUE
C,A,20210101,2021,52,2021,276,DEU,Germany,M,Import,170,COL,Colombia,0,W00,World,H5,HS,TRUE,2709,Petroleum oils and oils obtained from bituminous minerals; crude,4,FALSE,C00,TOTAL CPC,0,0,TOTAL MOT,8,kg,446022500,FALSE,8,kg,446022500,FALSE,446022500,FALSE,0,FALSE,210767777.5,0,210767777.5,0,FALSE,TRUE
C,A,20210101,2021,52,2021,276,DEU,Germany,M,Import,208,DNK,Denmark,0,W00,World,H5,HS,TRUE,2709,Petroleum oils and oils obtained from bituminous minerals; crude,4,FALSE,C00,TOTAL CPC,0,0,TOTAL MOT,8,kg,34629000,FALSE,8,kg,34629000,FALSE,34629000,FALSE,0,FALSE,19131621.05,0,19131621.05,0,FALSE,TRUE
C,A,20210101,2021,52,2021,276,DEU,Germany,M,Import,251,FRA,France,0,W00,World,H5,HS,TRUE,2709,Petroleum oils and oils obtained from bituminous minerals; crude,4,FALSE,C00,TOTAL CPC,0,0,TOTAL MOT,8,kg,17717964,FALSE,8,kg,17717964,FALSE,17717964,FALSE,0,FALSE,9155074.258,0,9155074.258,0,FALSE,TRUE
C,A,20210101,2021,52,2021,276,DEU,Germany,M,Import,328,GUY,Guyana,0,W00,World,H5,HS,TRUE,2709,Petroleum oils and oils obtained from bituminous minerals; crude,4,FALSE,C00,TOTAL CPC,0,0,TOTAL MOT,8,kg,19928000,FALSE,8,kg,19928000,FALSE,19928000,FALSE,0,FALSE,12374144.73,0,12374144.73,0,FALSE,TRUE
C,A,20210101,2021,52,2021,276,DEU,Germany,M,Import,368,IRQ,Iraq,0,W00,World,H5,HS,TRUE,2709,Petroleum oils and oils obtained from bituminous minerals; crude,4,FALSE,C00,TOTAL CPC,0,0,TOTAL MOT,8,kg,2245874000,FALSE,8,kg,2245874000,FALSE,2245874000,FALSE,0,FALSE,1094892051,0,1094892051,0,FALSE,TRUE
C,A,20210101,2021,52,2021,276,DEU,Germany,M,Import,380,ITA,Italy,0,W00,World,H5,HS,TRUE,2709,Petroleum oils and oils obtained from bituminous minerals; crude,4,FALSE,C00,TOTAL CPC,0,0,TOTAL MOT,8,kg,27890700,FALSE,8,kg,27890700,FALSE,27890700,FALSE,0,FALSE,9225456.567,0,9225456.567,0,FALSE,TRUE
C,A,20210101,2021,52,2021,276,DEU,Germany,M,Import,384,CIV,Côte d'Ivoire,0,W00,World,H5,HS,TRUE,2709,Petroleum oils and oils obtained from bituminous minerals; crude,4,FALSE,C00,TOTAL CPC,0,0,TOTAL MOT,8,kg,47206000,FALSE,8,kg,47206000,FALSE,47206000,FALSE,0,FALSE,24962290.5,0,24962290.5,0,FALSE,TRUE
C,A,20210101,2021,52,2021,276,DEU,Germany,M,Import,398,KAZ,Kazakhstan,0,W00,World,H5,HS,TRUE,2709,Petroleum oils and oils obtained from bituminous minerals; crude,4,FALSE,C00,TOTAL CPC,0,0,TOTAL MOT,8,kg,7501151000,FALSE,8,kg,7501151000,FALSE,7501151000,FALSE,0,FALSE,3980207968,0,3980207968,0,FALSE,TRUE
C,A,20210101,2021,52,2021,276,DEU,Germany,M,Import,434,LBY,Libya,0,W00,World,H5,HS,TRUE,2709,Petroleum oils and oils obtained from bituminous minerals; crude,4,FALSE,C00,TOTAL CPC,0,0,TOTAL MOT,8,kg,6984909000,FALSE,8,kg,6984909000,FALSE,6984909000,FALSE,0,FALSE,3630095649,0,3630095649,0,FALSE,TRUE
C,A,20210101,2021,52,2021,276,DEU,Germany,M,Import,528,NLD,Netherlands,0,W00,World,H5,HS,TRUE,2709,Petroleum oils and oils obtained from bituminous minerals; crude,4,FALSE,C00,TOTAL CPC,0,0,TOTAL MOT,8,kg,9563485000,FALSE,8,kg,9563485000,FALSE,9563485000,FALSE,0,FALSE,5002407155,0,5002407155,0,FALSE,TRUE
C,A,20210101,2021,52,2021,276,DEU,Germany,M,Import,566,NGA,Nigeria,0,W00,World,H5,HS,TRUE,2709,Petroleum oils and oils obtained from bituminous minerals; crude,4,FALSE,C00,TOTAL CPC,0,0,TOTAL MOT,8,kg,2028563000,FALSE,8,kg,2028563000,FALSE,2028563000,FALSE,0,FALSE,1141514514,0,1141514514,0,FALSE,TRUE
C,A,20210101,2021,52,2021,276,DEU,Germany,M,Import,579,NOR,Norway,0,W00,World,H5,HS,TRUE,2709,Petroleum oils and oils obtained from bituminous minerals; crude,4,FALSE,C00,TOTAL CPC,0,0,TOTAL MOT,8,kg,5935499300,FALSE,8,kg,5935499300,FALSE,5935499300,FALSE,0,FALSE,3151606027,0,3151606027,0,FALSE,TRUE
C,A,20210101,2021,52,2021,276,DEU,Germany,M,Import,616,POL,Poland,0,W00,World,H5,HS,TRUE,2709,Petroleum oils and oils obtained from bituminous minerals; crude,4,FALSE,C00,TOTAL CPC,0,0,TOTAL MOT,8,kg,151045000,FALSE,8,kg,151045000,FALSE,151045000,FALSE,0,FALSE,71262670.86,0,71262670.86,0,FALSE,TRUE
C,A,20210101,2021,52,2021,276,DEU,Germany,M,Import,643,RUS,Russian Federation,0,W00,World,H5,HS,TRUE,2709,Petroleum oils and oils obtained from bituminous minerals; crude,4,FALSE,C00,TOTAL CPC,0,0,TOTAL MOT,8,kg,24320027058,TRUE,-1,N/A,0,FALSE,24320027058,TRUE,0,FALSE,11454509604,0,11454509604,6,FALSE,TRUE
C,A,20210101,2021,52,2021,276,DEU,Germany,M,Import,682,SAU,Saudi Arabia,0,W00,World,H5,HS,TRUE,2709,Petroleum oils and oils obtained from bituminous minerals; crude,4,FALSE,C00,TOTAL CPC,0,0,TOTAL MOT,8,kg,1006362000,FALSE,8,kg,1006362000,FALSE,1006362000,FALSE,0,FALSE,476418427.5,0,476418427.5,0,FALSE,TRUE
C,A,20210101,2021,52,2021,276,DEU,Germany,M,Import,780,TTO,Trinidad and Tobago,0,W00,World,H5,HS,TRUE,2709,Petroleum oils and oils obtained from bituminous minerals; crude,4,FALSE,C00,TOTAL CPC,0,0,TOTAL MOT,8,kg,51904000,FALSE,8,kg,51904000,FALSE,51904000,FALSE,0,FALSE,28397360.02,0,28397360.02,0,FALSE,TRUE
C,A,20210101,2021,52,2021,276,DEU,Germany,M,Import,788,TUN,Tunisia,0,W00,World,H5,HS,TRUE,2709,Petroleum oils and oils obtained from bituminous minerals; crude,4,FALSE,C00,TOTAL CPC,0,0,TOTAL MOT,8,kg,72252000,FALSE,8,kg,72252000,FALSE,72252000,FALSE,0,FALSE,38726049.8,0,38726049.8,0,FALSE,TRUE
C,A,20210101,2021,52,2021,276,DEU,Germany,M,Import,818,EGY,Egypt,0,W00,World,H5,HS,TRUE,2709,Petroleum oils and oils obtained from bituminous minerals; crude,4,FALSE,C00,TOTAL CPC,0,0,TOTAL MOT,8,kg,451775000,FALSE,8,kg,451775000,FALSE,451775000,FALSE,0,FALSE,212654808.1,0,212654808.1,0,FALSE,TRUE
C,A,20210101,2021,52,2021,276,DEU,Germany,M,Import,826,GBR,United Kingdom,0,W00,World,H5,HS,TRUE,2709,Petroleum oils and oils obtained from bituminous minerals; crude,4,FALSE,C00,TOTAL CPC,0,0,TOTAL MOT,8,kg,5875510300,FALSE,8,kg,5875510300,FALSE,5875510300,FALSE,0,FALSE,2986587580,0,2986587580,0,FALSE,TRUE
C,A,20210101,2021,52,2021,276,DEU,Germany,M,Import,842,USA,USA,0,W00,World,H5,HS,TRUE,2709,Petroleum oils and oils obtained from bituminous minerals; crude,4,FALSE,C00,TOTAL CPC,0,0,TOTAL MOT,8,kg,7689746000,FALSE,8,kg,7689746000,FALSE,7689746000,FALSE,0,FALSE,4171547037,0,4171547037,0,FALSE,TRUE
C,A,20210101,2021,52,2021,276,DEU,Germany,M,Import,887,YEM,Yemen,0,W00,World,H5,HS,TRUE,2709,Petroleum oils and oils obtained from bituminous minerals; crude,4,FALSE,C00,TOTAL CPC,0,0,TOTAL MOT,8,kg,181817000,FALSE,8,kg,181817000,FALSE,181817000,FALSE,0,FALSE,97273952.15,0,97273952.15,0,FALSE,TRUE
C,A,20210101,2021,52,2021,276,DEU,Germany,M,Import,0,W00,World,0,W00,World,H5,HS,TRUE,2710,"Petroleum oils and oils from bituminous minerals, not crude; preparations n.e.c, containing by weight 70% or more of petroleum oils or oils from bituminous minerals; these being the basic constituents of the preparations; waste oils",4,FALSE,C00,TOTAL CPC,0,0,TOTAL MOT,8,kg,31852779832,TRUE,-1,N/A,0,FALSE,31852779832,TRUE,0,FALSE,22175395211,0,22175395211,6,FALSE,TRUE
C,A,20210101,2021,52,2021,276,DEU,Germany,M,Import,12,DZA,Algeria,0,W00,World,H5,HS,TRUE,2710,"Petroleum oils and oils from bituminous minerals, not crude; preparations n.e.c, containing by weight 70% or more of petroleum oils or oils from bituminous minerals; these being the basic constituents of the preparations; waste oils",4,FALSE,C00,TOTAL CPC,0,0,TOTAL MOT,8,kg,582471882,FALSE,8,kg,582471882,FALSE,582471882,FALSE,0,FALSE,362653575.4,0,362653575.4,0,FALSE,TRUE
C,A,20210101,2021,52,2021,276,DEU,Germany,M,Import,36,AUS,Australia,0,W00,World,H5,HS,TRUE,2710,"Petroleum oils and oils from bituminous minerals, not crude; preparations n.e.c, containing by weight 70% or more of petroleum oils or oils from bituminous minerals; these being the basic constituents of the preparations; waste oils",4,FALSE,C00,TOTAL CPC,0,0,TOTAL MOT,8,kg,16610.93,TRUE,-1,N/A,0,FALSE,16610.93,TRUE,0,FALSE,121680.873,0,121680.873,6,FALSE,TRUE
C,A,20210101,2021,52,2021,276,DEU,Germany,M,Import,40,AUT,Austria,0,W00,World,H5,HS,TRUE,2710,"Petroleum oils and oils from bituminous minerals, not crude; preparations n.e.c, containing by weight 70% or more of petroleum oils or oils from bituminous minerals; these being the basic constituents of the preparations; waste oils",4,FALSE,C00,TOTAL CPC,0,0,TOTAL MOT,8,kg,210680187.9,TRUE,-1,N/A,0,FALSE,210680187.9,TRUE,0,FALSE,170433308.3,0,170433308.3,6,FALSE,TRUE
C,A,20210101,2021,52,2021,276,DEU,Germany,M,Import,44,BHS,Bahamas,0,W00,World,H5,HS,TRUE,2710,"Petroleum oils and oils from bituminous minerals, not crude; preparations n.e.c, containing by weight 70% or more of petroleum oils or oils from bituminous minerals; these being the basic constituents of the preparations; waste oils",4,FALSE,C00,TOTAL CPC,0,0,TOTAL MOT,8,kg,7645790,FALSE,8,kg,7645790,FALSE,7645790,FALSE,0,FALSE,10567462.74,0,10567462.74,0,FALSE,TRUE
C,A,20210101,2021,52,2021,276,DEU,Germany,M,Import,56,BEL,Belgium,0,W00,World,H5,HS,TRUE,2710,"Petroleum oils and oils from bituminous minerals, not crude; preparations n.e.c, containing by weight 70% or more of petroleum oils or oils from bituminous minerals; these being the basic constituents of the preparations; waste oils",4,FALSE,C00,TOTAL CPC,0,0,TOTAL MOT,8,kg,6006071114,TRUE,-1,N/A,0,FALSE,6006071114,TRUE,0,FALSE,4270764195,0,4270764195,6,FALSE,TRUE
C,A,20210101,2021,52,2021,276,DEU,Germany,M,Import,70,BIH,Bosnia Herzegovina,0,W00,World,H5,HS,TRUE,2710,"Petroleum oils and oils from bituminous minerals, not crude; preparations n.e.c, containing by weight 70% or more of petroleum oils or oils from bituminous minerals; these being the basic constituents of the preparations; waste oils",4,FALSE,C00,TOTAL CPC,0,0,TOTAL MOT,8,kg,23960,FALSE,8,kg,23960,FALSE,23960,FALSE,0,FALSE,42230.803,0,42230.803,0,FALSE,TRUE
C,A,20210101,2021,52,2021,276,DEU,Germany,M,Import,76,BRA,Brazil,0,W00,World,H5,HS,TRUE,2710,"Petroleum oils and oils from bituminous minerals, not crude; preparations n.e.c, containing by weight 70% or more of petroleum oils or oils from bituminous minerals; these being the basic constituents of the preparations; waste oils",4,FALSE,C00,TOTAL CPC,0,0,TOTAL MOT,8,kg,8502258,FALSE,8,kg,8502258,FALSE,8502258,FALSE,0,FALSE,6805228.791,0,6805228.791,0,FALSE,TRUE
C,A,20210101,2021,52,2021,276,DEU,Germany,M,Import,100,BGR,Bulgaria,0,W00,World,H5,HS,TRUE,2710,"Petroleum oils and oils from bituminous minerals, not crude; preparations n.e.c, containing by weight 70% or more of petroleum oils or oils from bituminous minerals; these being the basic constituents of the preparations; waste oils",4,FALSE,C00,TOTAL CPC,0,0,TOTAL MOT,8,kg,423,FALSE,8,kg,423,FALSE,423,FALSE,0,FALSE,2796.257,0,2796.257,0,FALSE,TRUE
C,A,20210101,2021,52,2021,276,DEU,Germany,M,Import,112,BLR,Belarus,0,W00,World,H5,HS,TRUE,2710,"Petroleum oils and oils from bituminous minerals, not crude; preparations n.e.c, containing by weight 70% or more of petroleum oils or oils from bituminous minerals; these being the basic constituents of the preparations; waste oils",4,FALSE,C00,TOTAL CPC,0,0,TOTAL MOT,8,kg,42427969,FALSE,8,kg,42427969,FALSE,42427969,FALSE,0,FALSE,21322652.58,0,21322652.58,0,FALSE,TRUE
C,A,20210101,2021,52,2021,276,DEU,Germany,M,Import,124,CAN,Canada,0,W00,World,H5,HS,TRUE,2710,"Petroleum oils and oils from bituminous minerals, not crude; preparations n.e.c, containing by weight 70% or more of petroleum oils or oils from bituminous minerals; these being the basic constituents of the preparations; waste oils",4,FALSE,C00,TOTAL CPC,0,0,TOTAL MOT,8,kg,12736538.85,TRUE,-1,N/A,0,FALSE,12736538.85,TRUE,0,FALSE,19187008.91,0,19187008.91,6,FALSE,TRUE
C,A,20210101,2021,52,2021,276,DEU,Germany,M,Import,156,CHN,China,0,W00,World,H5,HS,TRUE,2710,"Petroleum oils and oils from bituminous minerals, not crude; preparations n.e.c, containing by weight 70% or more of petroleum oils or oils from bituminous minerals; these being the basic constituents of the preparations; waste oils",4,FALSE,C00,TOTAL CPC,0,0,TOTAL MOT,8,kg,6529577.445,TRUE,-1,N/A,0,FALSE,6529577.445,TRUE,0,FALSE,9274012.012,0,9274012.012,6,FALSE,TRUE
C,A,20210101,2021,52,2021,276,DEU,Germany,M,Import,191,HRV,Croatia,0,W00,World,H5,HS,TRUE,2710,"Petroleum oils and oils from bituminous minerals, not crude; preparations n.e.c, containing by weight 70% or more of petroleum oils or oils from bituminous minerals; these being the basic constituents of the preparations; waste oils",4,FALSE,C00,TOTAL CPC,0,0,TOTAL MOT,8,kg,83667,FALSE,8,kg,83667,FALSE,83667,FALSE,0,FALSE,353477.356,0,353477.356,0,FALSE,TRUE
C,A,20210101,2021,52,2021,276,DEU,Germany,M,Import,203,CZE,Czechia,0,W00,World,H5,HS,TRUE,2710,"Petroleum oils and oils from bituminous minerals, not crude; preparations n.e.c, containing by weight 70% or more of petroleum oils or oils from bituminous minerals; these being the basic constituents of the preparations; waste oils",4,FALSE,C00,TOTAL CPC,0,0,TOTAL MOT,8,kg,531056545.2,TRUE,-1,N/A,0,FALSE,531056545.2,TRUE,0,FALSE,441770302.9,0,441770302.9,6,FALSE,TRUE
C,A,20210101,2021,52,2021,276,DEU,Germany,M,Import,208,DNK,Denmark,0,W00,World,H5,HS,TRUE,2710,"Petroleum oils and oils from bituminous minerals, not crude; preparations n.e.c, containing by weight 70% or more of petroleum oils or oils from bituminous minerals; these being the basic constituents of the preparations; waste oils",4,FALSE,C00,TOTAL CPC,0,0,TOTAL MOT,8,kg,72377492.24,TRUE,-1,N/A,0,FALSE,72377492.24,TRUE,0,FALSE,44949239.11,0,44949239.11,6,FALSE,TRUE
C,A,20210101,2021,52,2021,276,DEU,Germany,M,Import,233,EST,Estonia,0,W00,World,H5,HS,TRUE,2710,"Petroleum oils and oils from bituminous minerals, not crude; preparations n.e.c, containing by weight 70% or more of petroleum oils or oils from bituminous minerals; these being the basic constituents of the preparations; waste oils",4,FALSE,C00,TOTAL CPC,0,0,TOTAL MOT,8,kg,412401,FALSE,8,kg,412401,FALSE,412401,FALSE,0,FALSE,1195421.139,0,1195421.139,0,FALSE,TRUE
C,A,20210101,2021,52,2021,276,DEU,Germany,M,Import,246,FIN,Finland,0,W00,World,H5,HS,TRUE,2710,"Petroleum oils and oils from bituminous minerals, not crude; preparations n.e.c, containing by weight 70% or more of petroleum oils or oils from bituminous minerals; these being the basic constituents of the preparations; waste oils",4,FALSE,C00,TOTAL CPC,0,0,TOTAL MOT,8,kg,194174587.9,TRUE,-1,N/A,0,FALSE,194174587.9,TRUE,0,FALSE,124334075.4,0,124334075.4,6,FALSE,TRUE
C,A,20210101,2021,52,2021,276,DEU,Germany,M,Import,251,FRA,France,0,W00,World,H5,HS,TRUE,2710,"Petroleum oils and oils from bituminous minerals, not crude; preparations n.e.c, containing by weight 70% or more of petroleum oils or oils from bituminous minerals; these being the basic constituents of the preparations; waste oils",4,FALSE,C00,TOTAL CPC,0,0,TOTAL MOT,8,kg,568929837.6,TRUE,-1,N/A,0,FALSE,568929837.6,TRUE,0,FALSE,493673670.3,0,493673670.3,6,FALSE,TRUE
C,A,20210101,2021,52,2021,276,DEU,Germany,M,Import,266,GAB,Gabon,0,W00,World,H5,HS,TRUE,2710,"Petroleum oils and oils from bituminous minerals, not crude; preparations n.e.c, containing by weight 70% or more of petroleum oils or oils from bituminous minerals; these being the basic constituents of the preparations; waste oils",4,FALSE,C00,TOTAL CPC,0,0,TOTAL MOT,8,kg,95708510,FALSE,8,kg,95708510,FALSE,95708510,FALSE,0,FALSE,50388601.43,0,50388601.43,0,FALSE,TRUE
C,A,20210101,2021,52,2021,276,DEU,Germany,M,Import,268,GEO,Georgia,0,W00,World,H5,HS,TRUE,2710,"Petroleum oils and oils from bituminous minerals, not crude; preparations n.e.c, containing by weight 70% or more of petroleum oils or oils from bituminous minerals; these being the basic constituents of the preparations; waste oils",4,FALSE,C00,TOTAL CPC,0,0,TOTAL MOT,8,kg,243,FALSE,8,kg,243,FALSE,243,FALSE,0,FALSE,3386.683,0,3386.683,0,FALSE,TRUE
C,A,20210101,2021,52,2021,276,DEU,Germany,M,Import,300,GRC,Greece,0,W00,World,H5,HS,TRUE,2710,"Petroleum oils and oils from bituminous minerals, not crude; preparations n.e.c, containing by weight 70% or more of petroleum oils or oils from bituminous minerals; these being the basic constituents of the preparations; waste oils",4,FALSE,C00,TOTAL CPC,0,0,TOTAL MOT,8,kg,4168816,FALSE,8,kg,4168816,FALSE,4168816,FALSE,0,FALSE,4844527.128,0,4844527.128,0,FALSE,TRUE
C,A,20210101,2021,52,2021,276,DEU,Germany,M,Import,340,HND,Honduras,0,W00,World,H5,HS,TRUE,2710,"Petroleum oils and oils from bituminous minerals, not crude; preparations n.e.c, containing by weight 70% or more of petroleum oils or oils from bituminous minerals; these being the basic constituents of the preparations; waste oils",4,FALSE,C00,TOTAL CPC,0,0,TOTAL MOT,8,kg,1462.394,TRUE,-1,N/A,0,FALSE,1462.394,TRUE,0,FALSE,4181.396,0,4181.396,6,FALSE,TRUE
C,A,20210101,2021,52,2021,276,DEU,Germany,M,Import,348,HUN,Hungary,0,W00,World,H5,HS,TRUE,2710,"Petroleum oils and oils from bituminous minerals, not crude; preparations n.e.c, containing by weight 70% or more of petroleum oils or oils from bituminous minerals; these being the basic constituents of the preparations; waste oils",4,FALSE,C00,TOTAL CPC,0,0,TOTAL MOT,8,kg,18943031.82,TRUE,-1,N/A,0,FALSE,18943031.82,TRUE,0,FALSE,13488424.82,0,13488424.82,6,FALSE,TRUE
C,A,20210101,2021,52,2021,276,DEU,Germany,M,Import,360,IDN,Indonesia,0,W00,World,H5,HS,TRUE,2710,"Petroleum oils and oils from bituminous minerals, not crude; preparations n.e.c, containing by weight 70% or more of petroleum oils or oils from bituminous minerals; these being the basic constituents of the preparations; waste oils",4,FALSE,C00,TOTAL CPC,0,0,TOTAL MOT,8,kg,4700326,FALSE,8,kg,4700326,FALSE,4700326,FALSE,0,FALSE,6917288.084,0,6917288.084,0,FALSE,TRUE
C,A,20210101,2021,52,2021,276,DEU,Germany,M,Import,372,IRL,Ireland,0,W00,World,H5,HS,TRUE,2710,"Petroleum oils and oils from bituminous minerals, not crude; preparations n.e.c, containing by weight 70% or more of petroleum oils or oils from bituminous minerals; these being the basic constituents of the preparations; waste oils",4,FALSE,C00,TOTAL CPC,0,0,TOTAL MOT,8,kg,682511.385,TRUE,-1,N/A,0,FALSE,682511.385,TRUE,0,FALSE,273491.179,0,273491.179,6,FALSE,TRUE
C,A,20210101,2021,52,2021,276,DEU,Germany,M,Import,376,ISR,Israel,0,W00,World,H5,HS,TRUE,2710,"Petroleum oils and oils from bituminous minerals, not crude; preparations n.e.c, containing by weight 70% or more of petroleum oils or oils from bituminous minerals; these being the basic constituents of the preparations; waste oils",4,FALSE,C00,TOTAL CPC,0,0,TOTAL MOT,8,kg,15043216,FALSE,8,kg,15043216,FALSE,15043216,FALSE,0,FALSE,12010385.69,0,12010385.69,0,FALSE,TRUE
C,A,20210101,2021,52,2021,276,DEU,Germany,M,Import,380,ITA,Italy,0,W00,World,H5,HS,TRUE,2710,"Petroleum oils and oils from bituminous minerals, not crude; preparations n.e.c, containing by weight 70% or more of petroleum oils or oils from bituminous minerals; these being the basic constituents of the preparations; waste oils",4,FALSE,C00,TOTAL CPC,0,0,TOTAL MOT,8,kg,154385845.7,TRUE,-1,N/A,0,FALSE,154385845.7,TRUE,0,FALSE,198788611.1,0,198788611.1,6,FALSE,TRUE
C,A,20210101,2021,52,2021,276,DEU,Germany,M,Import,392,JPN,Japan,0,W00,World,H5,HS,TRUE,2710,"Petroleum oils and oils from bituminous minerals, not crude; preparations n.e.c, containing by weight 70% or more of petroleum oils or oils from bituminous minerals; these being the basic constituents of the preparations; waste oils",4,FALSE,C00,TOTAL CPC,0,0,TOTAL MOT,8,kg,2050474.076,TRUE,-1,N/A,0,FALSE,2050474.076,TRUE,0,FALSE,6634550.835,0,6634550.835,6,FALSE,TRUE
C,A,20210101,2021,52,2021,276,DEU,Germany,M,Import,400,JOR,Jordan,0,W00,World,H5,HS,TRUE,2710,"Petroleum oils and oils from bituminous minerals, not crude; preparations n.e.c, containing by weight 70% or more of petroleum oils or oils from bituminous minerals; these being the basic constituents of the preparations; waste oils",4,FALSE,C00,TOTAL CPC,0,0,TOTAL MOT,8,kg,1,FALSE,8,kg,1,FALSE,1,FALSE,0,FALSE,36.606,0,36.606,0,FALSE,TRUE
C,A,20210101,2021,52,2021,276,DEU,Germany,M,Import,410,KOR,Rep. of Korea,0,W00,World,H5,HS,TRUE,2710,"Petroleum oils and oils from bituminous minerals, not crude; preparations n.e.c, containing by weight 70% or more of petroleum oils or oils from bituminous minerals; these being the basic constituents of the preparations; waste oils",4,FALSE,C00,TOTAL CPC,0,0,TOTAL MOT,8,kg,49763655.83,TRUE,-1,N/A,0,FALSE,49763655.83,TRUE,0,FALSE,71687226.04,0,71687226.04,6,FALSE,TRUE
C,A,20210101,2021,52,2021,276,DEU,Germany,M,Import,428,LVA,Latvia,0,W00,World,H5,HS,TRUE,2710,"Petroleum oils and oils from bituminous minerals, not crude; preparations n.e.c, containing by weight 70% or more of petroleum oils or oils from bituminous minerals; these being the basic constituents of the preparations; waste oils",4,FALSE,C00,TOTAL CPC,0,0,TOTAL MOT,8,kg,7415402,FALSE,8,kg,7415402,FALSE,7415402,FALSE,0,FALSE,7033581.91,0,7033581.91,0,FALSE,TRUE
C,A,20210101,2021,52,2021,276,DEU,Germany,M,Import,434,LBY,Libya,0,W00,World,H5,HS,TRUE,2710,"Petroleum oils and oils from bituminous minerals, not crude; preparations n.e.c, containing by weight 70% or more of petroleum oils or oils from bituminous minerals; these being the basic constituents of the preparations; waste oils",4,FALSE,C00,TOTAL CPC,0,0,TOTAL MOT,8,kg,20328620,FALSE,8,kg,20328620,FALSE,20328620,FALSE,0,FALSE,15687533.37,0,15687533.37,0,FALSE,TRUE
C,A,20210101,2021,52,2021,276,DEU,Germany,M,Import,440,LTU,Lithuania,0,W00,World,H5,HS,TRUE,2710,"Petroleum oils and oils from bituminous minerals, not crude; preparations n.e.c, containing by weight 70% or more of petroleum oils or oils from bituminous minerals; these being the basic constituents of the preparations; waste oils",4,FALSE,C00,TOTAL CPC,0,0,TOTAL MOT,8,kg,9169150,FALSE,8,kg,9169150,FALSE,9169150,FALSE,0,FALSE,14622238.56,0,14622238.56,0,FALSE,TRUE
C,A,20210101,2021,52,2021,276,DEU,Germany,M,Import,442,LUX,Luxembourg,0,W00,World,H5,HS,TRUE,2710,"Petroleum oils and oils from bituminous minerals, not crude; preparations n.e.c, containing by weight 70% or more of petroleum oils or oils from bituminous minerals; these being the basic constituents of the preparations; waste oils",4,FALSE,C00,TOTAL CPC,0,0,TOTAL MOT,8,kg,3329640,FALSE,8,kg,3329640,FALSE,3329640,FALSE,0,FALSE,1824096.005,0,1824096.005,0,FALSE,TRUE
C,A,20210101,2021,52,2021,276,DEU,Germany,M,Import,458,MYS,Malaysia,0,W00,World,H5,HS,TRUE,2710,"Petroleum oils and oils from bituminous minerals, not crude; preparations n.e.c, containing by weight 70% or more of petroleum oils or oils from bituminous minerals; these being the basic constituents of the preparations; waste oils",4,FALSE,C00,TOTAL CPC,0,0,TOTAL MOT,8,kg,236046.042,TRUE,-1,N/A,0,FALSE,236046.042,TRUE,0,FALSE,216386.367,0,216386.367,6,FALSE,TRUE
C,A,20210101,2021,52,2021,276,DEU,Germany,M,Import,470,MLT,Malta,0,W00,World,H5,HS,TRUE,2710,"Petroleum oils and oils from bituminous minerals, not crude; preparations n.e.c, containing by weight 70% or more of petroleum oils or oils from bituminous minerals; these being the basic constituents of the preparations; waste oils",4,FALSE,C00,TOTAL CPC,0,0,TOTAL MOT,8,kg,25013810,FALSE,8,kg,25013810,FALSE,25013810,FALSE,0,FALSE,15216491.59,0,15216491.59,0,FALSE,TRUE
C,A,20210101,2021,52,2021,276,DEU,Germany,M,Import,484,MEX,Mexico,0,W00,World,H5,HS,TRUE,2710,"Petroleum oils and oils from bituminous minerals, not crude; preparations n.e.c, containing by weight 70% or more of petroleum oils or oils from bituminous minerals; these being the basic constituents of the preparations; waste oils",4,FALSE,C00,TOTAL CPC,0,0,TOTAL MOT,8,kg,19654163.61,TRUE,-1,N/A,0,FALSE,19654163.61,TRUE,0,FALSE,10644411.77,0,10644411.77,6,FALSE,TRUE
C,A,20210101,2021,52,2021,276,DEU,Germany,M,Import,490,S19,"Other Asia, nes",0,W00,World,H5,HS,TRUE,2710,"Petroleum oils and oils from bituminous minerals, not crude; preparations n.e.c, containing by weight 70% or more of petroleum oils or oils from bituminous minerals; these being the basic constituents of the preparations; waste oils",4,FALSE,C00,TOTAL CPC,0,0,TOTAL MOT,8,kg,613089.036,TRUE,-1,N/A,0,FALSE,613089.036,TRUE,0,FALSE,1274496.88,0,1274496.88,6,FALSE,TRUE
C,A,20210101,2021,52,2021,276,DEU,Germany,M,Import,512,OMN,Oman,0,W00,World,H5,HS,TRUE,2710,"Petroleum oils and oils from bituminous minerals, not crude; preparations n.e.c, containing by weight 70% or more of petroleum oils or oils from bituminous minerals; these being the basic constituents of the preparations; waste oils",4,FALSE,C00,TOTAL CPC,0,0,TOTAL MOT,8,kg,196357700,FALSE,8,kg,196357700,FALSE,196357700,FALSE,0,FALSE,139582836.2,0,139582836.2,0,FALSE,TRUE
C,A,20210101,2021,52,2021,276,DEU,Germany,M,Import,528,NLD,Netherlands,0,W00,World,H5,HS,TRUE,2710,"Petroleum oils and oils from bituminous minerals, not crude; preparations n.e.c, containing by weight 70% or more of petroleum oils or oils from bituminous minerals; these being the basic constituents of the preparations; waste oils",4,FALSE,C00,TOTAL CPC,0,0,TOTAL MOT,8,kg,13891544098,TRUE,-1,N/A,0,FALSE,13891544098,TRUE,0,FALSE,9653600812,0,9653600812,6,FALSE,TRUE
C,A,20210101,2021,52,2021,276,DEU,Germany,M,Import,566,NGA,Nigeria,0,W00,World,H5,HS,TRUE,2710,"Petroleum oils and oils from bituminous minerals, not crude; preparations n.e.c, containing by weight 70% or more of petroleum oils or oils from bituminous minerals; these being the basic constituents of the preparations; waste oils",4,FALSE,C00,TOTAL CPC,0,0,TOTAL MOT,8,kg,88400560,FALSE,8,kg,88400560,FALSE,88400560,FALSE,0,FALSE,53082233.01,0,53082233.01,0,FALSE,TRUE
C,A,20210101,2021,52,2021,276,DEU,Germany,M,Import,579,NOR,Norway,0,W00,World,H5,HS,TRUE,2710,"Petroleum oils and oils from bituminous minerals, not crude; preparations n.e.c, containing by weight 70% or more of petroleum oils or oils from bituminous minerals; these being the basic constituents of the preparations; waste oils",4,FALSE,C00,TOTAL CPC,0,0,TOTAL MOT,8,kg,592330168.2,TRUE,-1,N/A,0,FALSE,592330168.2,TRUE,0,FALSE,356207513.3,0,356207513.3,6,FALSE,TRUE
C,A,20210101,2021,52,2021,276,DEU,Germany,M,Import,616,POL,Poland,0,W00,World,H5,HS,TRUE,2710,"Petroleum oils and oils from bituminous minerals, not crude; preparations n.e.c, containing by weight 70% or more of petroleum oils or oils from bituminous minerals; these being the basic constituents of the preparations; waste oils",4,FALSE,C00,TOTAL CPC,0,0,TOTAL MOT,8,kg,194040840.3,TRUE,-1,N/A,0,FALSE,194040840.3,TRUE,0,FALSE,165118678.2,0,165118678.2,6,FALSE,TRUE
C,A,20210101,2021,52,2021,276,DEU,Germany,M,Import,620,PRT,Portugal,0,W00,World,H5,HS,TRUE,2710,"Petroleum oils and oils from bituminous minerals, not crude; preparations n.e.c, containing by weight 70% or more of petroleum oils or oils from bituminous minerals; these being the basic constituents of the preparations; waste oils",4,FALSE,C00,TOTAL CPC,0,0,TOTAL MOT,8,kg,6940,FALSE,8,kg,6940,FALSE,6940,FALSE,0,FALSE,108494.301,0,108494.301,0,FALSE,TRUE
C,A,20210101,2021,52,2021,276,DEU,Germany,M,Import,634,QAT,Qatar,0,W00,World,H5,HS,TRUE,2710,"Petroleum oils and oils from bituminous minerals, not crude; preparations n.e.c, containing by weight 70% or more of petroleum oils or oils from bituminous minerals; these being the basic constituents of the preparations; waste oils",4,FALSE,C00,TOTAL CPC,0,0,TOTAL MOT,8,kg,361908071,FALSE,8,kg,361908071,FALSE,361908071,FALSE,0,FALSE,381590846,0,381590846,0,FALSE,TRUE
C,A,20210101,2021,52,2021,276,DEU,Germany,M,Import,642,ROU,Romania,0,W00,World,H5,HS,TRUE,2710,"Petroleum oils and oils from bituminous minerals, not crude; preparations n.e.c, containing by weight 70% or more of petroleum oils or oils from bituminous minerals; these being the basic constituents of the preparations; waste oils",4,FALSE,C00,TOTAL CPC,0,0,TOTAL MOT,8,kg,40764856,FALSE,8,kg,40764856,FALSE,40764856,FALSE,0,FALSE,24390922.37,0,24390922.37,0,FALSE,TRUE
C,A,20210101,2021,52,2021,276,DEU,Germany,M,Import,643,RUS,Russian Federation,0,W00,World,H5,HS,TRUE,2710,"Petroleum oils and oils from bituminous minerals, not crude; preparations n.e.c, containing by weight 70% or more of petroleum oils or oils from bituminous minerals; these being the basic constituents of the preparations; waste oils",4,FALSE,C00,TOTAL CPC,0,0,TOTAL MOT,8,kg,5121955584,TRUE,-1,N/A,0,FALSE,5121955584,TRUE,0,FALSE,3058958091,0,3058958091,6,FALSE,TRUE
C,A,20210101,2021,52,2021,276,DEU,Germany,M,Import,682,SAU,Saudi Arabia,0,W00,World,H5,HS,TRUE,2710,"Petroleum oils and oils from bituminous minerals, not crude; preparations n.e.c, containing by weight 70% or more of petroleum oils or oils from bituminous minerals; these being the basic constituents of the preparations; waste oils",4,FALSE,C00,TOTAL CPC,0,0,TOTAL MOT,8,kg,88850412,FALSE,8,kg,88850412,FALSE,88850412,FALSE,0,FALSE,47912302.09,0,47912302.09,0,FALSE,TRUE
C,A,20210101,2021,52,2021,276,DEU,Germany,M,Import,686,SEN,Senegal,0,W00,World,H5,HS,TRUE,2710,"Petroleum oils and oils from bituminous minerals, not crude; preparations n.e.c, containing by weight 70% or more of petroleum oils or oils from bituminous minerals; these being the basic constituents of the preparations; waste oils",4,FALSE,C00,TOTAL CPC,0,0,TOTAL MOT,8,kg,660584,FALSE,8,kg,660584,FALSE,660584,FALSE,0,FALSE,526172.207,0,526172.207,0,FALSE,TRUE
C,A,20210101,2021,52,2021,276,DEU,Germany,M,Import,688,SRB,Serbia,0,W00,World,H5,HS,TRUE,2710,"Petroleum oils and oils from bituminous minerals, not crude; preparations n.e.c, containing by weight 70% or more of petroleum oils or oils from bituminous minerals; these being the basic constituents of the preparations; waste oils",4,FALSE,C00,TOTAL CPC,0,0,TOTAL MOT,8,kg,389201.65,TRUE,-1,N/A,0,FALSE,389201.65,TRUE,0,FALSE,211429.151,0,211429.151,6,FALSE,TRUE
C,A,20210101,2021,52,2021,276,DEU,Germany,M,Import,699,IND,India,0,W00,World,H5,HS,TRUE,2710,"Petroleum oils and oils from bituminous minerals, not crude; preparations n.e.c, containing by weight 70% or more of petroleum oils or oils from bituminous minerals; these being the basic constituents of the preparations; waste oils",4,FALSE,C00,TOTAL CPC,0,0,TOTAL MOT,8,kg,1918.867,TRUE,-1,N/A,0,FALSE,1918.867,TRUE,0,FALSE,12117.901,0,12117.901,6,FALSE,TRUE
C,A,20210101,2021,52,2021,276,DEU,Germany,M,Import,702,SGP,Singapore,0,W00,World,H5,HS,TRUE,2710,"Petroleum oils and oils from bituminous minerals, not crude; preparations n.e.c, containing by weight 70% or more of petroleum oils or oils from bituminous minerals; these being the basic constituents of the preparations; waste oils",4,FALSE,C00,TOTAL CPC,0,0,TOTAL MOT,8,kg,6062.865,TRUE,-1,N/A,0,FALSE,6062.865,TRUE,0,FALSE,13113.359,0,13113.359,6,FALSE,TRUE
C,A,20210101,2021,52,2021,276,DEU,Germany,M,Import,703,SVK,Slovakia,0,W00,World,H5,HS,TRUE,2710,"Petroleum oils and oils from bituminous minerals, not crude; preparations n.e.c, containing by weight 70% or more of petroleum oils or oils from bituminous minerals; these being the basic constituents of the preparations; waste oils",4,FALSE,C00,TOTAL CPC,0,0,TOTAL MOT,8,kg,19627222,FALSE,-1,N/A,0,FALSE,19627222,FALSE,0,FALSE,10220265.16,0,10220265.16,0,FALSE,TRUE
C,A,20210101,2021,52,2021,276,DEU,Germany,M,Import,705,SVN,Slovenia,0,W00,World,H5,HS,TRUE,2710,"Petroleum oils and oils from bituminous minerals, not crude; preparations n.e.c, containing by weight 70% or more of petroleum oils or oils from bituminous minerals; these being the basic constituents of the preparations; waste oils",4,FALSE,C00,TOTAL CPC,0,0,TOTAL MOT,8,kg,2149620,FALSE,8,kg,2149620,FALSE,2149620,FALSE,0,FALSE,870645.567,0,870645.567,0,FALSE,TRUE
C,A,20210101,2021,52,2021,276,DEU,Germany,M,Import,710,ZAF,South Africa,0,W00,World,H5,HS,TRUE,2710,"Petroleum oils and oils from bituminous minerals, not crude; preparations n.e.c, containing by weight 70% or more of petroleum oils or oils from bituminous minerals; these being the basic constituents of the preparations; waste oils",4,FALSE,C00,TOTAL CPC,0,0,TOTAL MOT,8,kg,3340206,FALSE,8,kg,3340206,FALSE,3340206,FALSE,0,FALSE,3337731.904,0,3337731.904,0,FALSE,TRUE
C,A,20210101,2021,52,2021,276,DEU,Germany,M,Import,724,ESP,Spain,0,W00,World,H5,HS,TRUE,2710,"Petroleum oils and oils from bituminous minerals, not crude; preparations n.e.c, containing by weight 70% or more of petroleum oils or oils from bituminous minerals; these being the basic constituents of the preparations; waste oils",4,FALSE,C00,TOTAL CPC,0,0,TOTAL MOT,8,kg,79506839.48,TRUE,-1,N/A,0,FALSE,79506839.48,TRUE,0,FALSE,96846514.5,0,96846514.5,6,FALSE,TRUE
C,A,20210101,2021,52,2021,276,DEU,Germany,M,Import,752,SWE,Sweden,0,W00,World,H5,HS,TRUE,2710,"Petroleum oils and oils from bituminous minerals, not crude; preparations n.e.c, containing by weight 70% or more of petroleum oils or oils from bituminous minerals; these being the basic constituents of the preparations; waste oils",4,FALSE,C00,TOTAL CPC,0,0,TOTAL MOT,8,kg,418425348,TRUE,-1,N/A,0,FALSE,418425348,TRUE,0,FALSE,294252719,0,294252719,6,FALSE,TRUE
C,A,20210101,2021,52,2021,276,DEU,Germany,M,Import,757,CHE,Switzerland,0,W00,World,H5,HS,TRUE,2710,"Petroleum oils and oils from bituminous minerals, not crude; preparations n.e.c, containing by weight 70% or more of petroleum oils or oils from bituminous minerals; these being the basic constituents of the preparations; waste oils",4,FALSE,C00,TOTAL CPC,0,0,TOTAL MOT,8,kg,17477071.49,TRUE,-1,N/A,0,FALSE,17477071.49,TRUE,0,FALSE,34157041.38,0,34157041.38,6,FALSE,TRUE
C,A,20210101,2021,52,2021,276,DEU,Germany,M,Import,764,THA,Thailand,0,W00,World,H5,HS,TRUE,2710,"Petroleum oils and oils from bituminous minerals, not crude; preparations n.e.c, containing by weight 70% or more of petroleum oils or oils from bituminous minerals; these being the basic constituents of the preparations; waste oils",4,FALSE,C00,TOTAL CPC,0,0,TOTAL MOT,8,kg,2711,FALSE,8,kg,2711,FALSE,2711,FALSE,0,FALSE,22078.386,0,22078.386,0,FALSE,TRUE
C,A,20210101,2021,52,2021,276,DEU,Germany,M,Import,784,ARE,United Arab Emirates,0,W00,World,H5,HS,TRUE,2710,"Petroleum oils and oils from bituminous minerals, not crude; preparations n.e.c, containing by weight 70% or more of petroleum oils or oils from bituminous minerals; these being the basic constituents of the preparations; waste oils",4,FALSE,C00,TOTAL CPC,0,0,TOTAL MOT,8,kg,27870158.45,TRUE,-1,N/A,0,FALSE,27870158.45,TRUE,0,FALSE,45336644.7,0,45336644.7,6,FALSE,TRUE
C,A,20210101,2021,52,2021,276,DEU,Germany,M,Import,792,TUR,Türkiye,0,W00,World,H5,HS,TRUE,2710,"Petroleum oils and oils from bituminous minerals, not crude; preparations n.e.c, containing by weight 70% or more of petroleum oils or oils from bituminous minerals; these being the basic constituents of the preparations; waste oils",4,FALSE,C00,TOTAL CPC,0,0,TOTAL MOT,8,kg,7067122.669,TRUE,-1,N/A,0,FALSE,7067122.669,TRUE,0,FALSE,8739083.789,0,8739083.789,6,FALSE,TRUE
C,A,20210101,2021,52,2021,276,DEU,Germany,M,Import,804,UKR,Ukraine,0,W00,World,H5,HS,TRUE,2710,"Petroleum oils and oils from bituminous minerals, not crude; preparations n.e.c, containing by weight 70% or more of petroleum oils or oils from bituminous minerals; these being the basic constituents of the preparations; waste oils",4,FALSE,C00,TOTAL CPC,0,0,TOTAL MOT,8,kg,99437,FALSE,8,kg,99437,FALSE,99437,FALSE,0,FALSE,195882.057,0,195882.057,0,FALSE,TRUE
C,A,20210101,2021,52,2021,276,DEU,Germany,M,Import,826,GBR,United Kingdom,0,W00,World,H5,HS,TRUE,2710,"Petroleum oils and oils from bituminous minerals, not crude; preparations n.e.c, containing by weight 70% or more of petroleum oils or oils from bituminous minerals; these being the basic constituents of the preparations; waste oils",4,FALSE,C00,TOTAL CPC,0,0,TOTAL MOT,8,kg,148546061.6,TRUE,-1,N/A,0,FALSE,148546061.6,TRUE,0,FALSE,107885297.7,0,107885297.7,6,FALSE,TRUE
C,A,20210101,2021,52,2021,276,DEU,Germany,M,Import,842,USA,USA,0,W00,World,H5,HS,TRUE,2710,"Petroleum oils and oils from bituminous minerals, not crude; preparations n.e.c, containing by weight 70% or more of petroleum oils or oils from bituminous minerals; these being the basic constituents of the preparations; waste oils",4,FALSE,C00,TOTAL CPC,0,0,TOTAL MOT,8,kg,1876102181,TRUE,-1,N/A,0,FALSE,1876102181,TRUE,0,FALSE,1283205461,0,1283205461,6,FALSE,TRUE
C,A,20210101,2021,52,2021,276,DEU,Germany,M,Import,0,W00,World,0,W00,World,H5,HS,TRUE,2809,Diphosphorus pentoxide; phosphoric acid and polyphosphoric acids,4,FALSE,C00,TOTAL CPC,0,0,TOTAL MOT,-1,N/A,0,FALSE,-1,N/A,0,FALSE,0,FALSE,0,FALSE,240373460.6,0,240373460.6,0,FALSE,TRUE
C,A,20210101,2021,52,2021,276,DEU,Germany,M,Import,40,AUT,Austria,0,W00,World,H5,HS,TRUE,2809,Diphosphorus pentoxide; phosphoric acid and polyphosphoric acids,4,FALSE,C00,TOTAL CPC,0,0,TOTAL MOT,8,kg,1434153,FALSE,27,kg P2O5,964272,FALSE,1434153,FALSE,0,FALSE,1344391.497,0,1344391.497,0,FALSE,TRUE
C,A,20210101,2021,52,2021,276,DEU,Germany,M,Import,56,BEL,Belgium,0,W00,World,H5,HS,TRUE,2809,Diphosphorus pentoxide; phosphoric acid and polyphosphoric acids,4,FALSE,C00,TOTAL CPC,0,0,TOTAL MOT,8,kg,18321552,FALSE,27,kg P2O5,10832877,FALSE,18321552,FALSE,0,FALSE,15783782.24,0,15783782.24,0,FALSE,TRUE
C,A,20210101,2021,52,2021,276,DEU,Germany,M,Import,156,CHN,China,0,W00,World,H5,HS,TRUE,2809,Diphosphorus pentoxide; phosphoric acid and polyphosphoric acids,4,FALSE,C00,TOTAL CPC,0,0,TOTAL MOT,8,kg,5004279.274,TRUE,-1,N/A,0,FALSE,5004279.274,TRUE,0,FALSE,9360665.278,0,9360665.278,6,FALSE,TRUE
C,A,20210101,2021,52,2021,276,DEU,Germany,M,Import,170,COL,Colombia,0,W00,World,H5,HS,TRUE,2809,Diphosphorus pentoxide; phosphoric acid and polyphosphoric acids,4,FALSE,C00,TOTAL CPC,0,0,TOTAL MOT,8,kg,422,FALSE,27,kg P2O5,416,FALSE,422,FALSE,0,FALSE,11083.475,0,11083.475,0,FALSE,TRUE
C,A,20210101,2021,52,2021,276,DEU,Germany,M,Import,203,CZE,Czechia,0,W00,World,H5,HS,TRUE,2809,Diphosphorus pentoxide; phosphoric acid and polyphosphoric acids,4,FALSE,C00,TOTAL CPC,0,0,TOTAL MOT,8,kg,13848043,FALSE,27,kg P2O5,8912537,FALSE,13848043,FALSE,0,FALSE,13175039.74,0,13175039.74,0,FALSE,TRUE
C,A,20210101,2021,52,2021,276,DEU,Germany,M,Import,246,FIN,Finland,0,W00,World,H5,HS,TRUE,2809,Diphosphorus pentoxide; phosphoric acid and polyphosphoric acids,4,FALSE,C00,TOTAL CPC,0,0,TOTAL MOT,8,kg,149088,FALSE,27,kg P2O5,104399,FALSE,149088,FALSE,0,FALSE,183729.911,0,183729.911,0,FALSE,TRUE
C,A,20210101,2021,52,2021,276,DEU,Germany,M,Import,251,FRA,France,0,W00,World,H5,HS,TRUE,2809,Diphosphorus pentoxide; phosphoric acid and polyphosphoric acids,4,FALSE,C00,TOTAL CPC,0,0,TOTAL MOT,8,kg,1505754.188,TRUE,-1,N/A,0,FALSE,1505754.188,TRUE,0,FALSE,3201520.65,0,3201520.65,6,FALSE,TRUE
C,A,20210101,2021,52,2021,276,DEU,Germany,M,Import,348,HUN,Hungary,0,W00,World,H5,HS,TRUE,2809,Diphosphorus pentoxide; phosphoric acid and polyphosphoric acids,4,FALSE,C00,TOTAL CPC,0,0,TOTAL MOT,8,kg,13472.388,TRUE,-1,N/A,0,FALSE,13472.388,TRUE,0,FALSE,12834.678,0,12834.678,6,FALSE,TRUE
C,A,20210101,2021,52,2021,276,DEU,Germany,M,Import,372,IRL,Ireland,0,W00,World,H5,HS,TRUE,2809,Diphosphorus pentoxide; phosphoric acid and polyphosphoric acids,4,FALSE,C00,TOTAL CPC,0,0,TOTAL MOT,-1,N/A,0,FALSE,-1,N/A,0,FALSE,0,FALSE,0,FALSE,1261.15,0,1261.15,0,FALSE,TRUE
C,A,20210101,2021,52,2021,276,DEU,Germany,M,Import,380,ITA,Italy,0,W00,World,H5,HS,TRUE,2809,Diphosphorus pentoxide; phosphoric acid and polyphosphoric acids,4,FALSE,C00,TOTAL CPC,0,0,TOTAL MOT,8,kg,328512,FALSE,27,kg P2O5,201073,FALSE,328512,FALSE,0,FALSE,349625.417,0,349625.417,0,FALSE,TRUE
C,A,20210101,2021,52,2021,276,DEU,Germany,M,Import,392,JPN,Japan,0,W00,World,H5,HS,TRUE,2809,Diphosphorus pentoxide; phosphoric acid and polyphosphoric acids,4,FALSE,C00,TOTAL CPC,0,0,TOTAL MOT,8,kg,103,FALSE,27,kg P2O5,65,FALSE,103,FALSE,0,FALSE,79.117,0,79.117,0,FALSE,TRUE
C,A,20210101,2021,52,2021,276,DEU,Germany,M,Import,440,LTU,Lithuania,0,W00,World,H5,HS,TRUE,2809,Diphosphorus pentoxide; phosphoric acid and polyphosphoric acids,4,FALSE,C00,TOTAL CPC,0,0,TOTAL MOT,8,kg,24340,FALSE,27,kg P2O5,18255,FALSE,24340,FALSE,0,FALSE,22993.546,0,22993.546,0,FALSE,TRUE
C,A,20210101,2021,52,2021,276,DEU,Germany,M,Import,446,MAC,"China, Macao SAR",0,W00,World,H5,HS,TRUE,2809,Diphosphorus pentoxide; phosphoric acid and polyphosphoric acids,4,FALSE,C00,TOTAL CPC,0,0,TOTAL MOT,8,kg,806869,FALSE,27,kg P2O5,511610,FALSE,806869,FALSE,0,FALSE,828621.414,0,828621.414,0,FALSE,TRUE
C,A,20210101,2021,52,2021,276,DEU,Germany,M,Import,528,NLD,Netherlands,0,W00,World,H5,HS,TRUE,2809,Diphosphorus pentoxide; phosphoric acid and polyphosphoric acids,4,FALSE,C00,TOTAL CPC,0,0,TOTAL MOT,8,kg,13401082.91,TRUE,-1,N/A,0,FALSE,13401082.91,TRUE,0,FALSE,11029779.21,0,11029779.21,6,FALSE,TRUE
C,A,20210101,2021,52,2021,276,DEU,Germany,M,Import,616,POL,Poland,0,W00,World,H5,HS,TRUE,2809,Diphosphorus pentoxide; phosphoric acid and polyphosphoric acids,4,FALSE,C00,TOTAL CPC,0,0,TOTAL MOT,8,kg,23823993.23,TRUE,-1,N/A,0,FALSE,23823993.23,TRUE,0,FALSE,20392828.63,0,20392828.63,6,FALSE,TRUE
C,A,20210101,2021,52,2021,276,DEU,Germany,M,Import,688,SRB,Serbia,0,W00,World,H5,HS,TRUE,2809,Diphosphorus pentoxide; phosphoric acid and polyphosphoric acids,4,FALSE,C00,TOTAL CPC,0,0,TOTAL MOT,8,kg,1460905,FALSE,27,kg P2O5,777024,FALSE,1460905,FALSE,0,FALSE,726619.436,0,726619.436,0,FALSE,TRUE
C,A,20210101,2021,52,2021,276,DEU,Germany,M,Import,699,IND,India,0,W00,World,H5,HS,TRUE,2809,Diphosphorus pentoxide; phosphoric acid and polyphosphoric acids,4,FALSE,C00,TOTAL CPC,0,0,TOTAL MOT,8,kg,64117,FALSE,27,kg P2O5,64035,FALSE,64117,FALSE,0,FALSE,448235.988,0,448235.988,0,FALSE,TRUE
C,A,20210101,2021,52,2021,276,DEU,Germany,M,Import,705,SVN,Slovenia,0,W00,World,H5,HS,TRUE,2809,Diphosphorus pentoxide; phosphoric acid and polyphosphoric acids,4,FALSE,C00,TOTAL CPC,0,0,TOTAL MOT,8,kg,298219,FALSE,27,kg P2O5,182616,FALSE,298219,FALSE,0,FALSE,417662.555,0,417662.555,0,FALSE,TRUE
C,A,20210101,2021,52,2021,276,DEU,Germany,M,Import,710,ZAF,South Africa,0,W00,World,H5,HS,TRUE,2809,Diphosphorus pentoxide; phosphoric acid and polyphosphoric acids,4,FALSE,C00,TOTAL CPC,0,0,TOTAL MOT,8,kg,21380,FALSE,27,kg P2O5,19242,FALSE,21380,FALSE,0,FALSE,51214.723,0,51214.723,0,FALSE,TRUE
C,A,20210101,2021,52,2021,276,DEU,Germany,M,Import,724,ESP,Spain,0,W00,World,H5,HS,TRUE,2809,Diphosphorus pentoxide; phosphoric acid and polyphosphoric acids,4,FALSE,C00,TOTAL CPC,0,0,TOTAL MOT,8,kg,12614.143,TRUE,-1,N/A,0,FALSE,12614.143,TRUE,0,FALSE,22456.258,0,22456.258,6,FALSE,TRUE
C,A,20210101,2021,52,2021,276,DEU,Germany,M,Import,752,SWE,Sweden,0,W00,World,H5,HS,TRUE,2809,Diphosphorus pentoxide; phosphoric acid and polyphosphoric acids,4,FALSE,C00,TOTAL CPC,0,0,TOTAL MOT,8,kg,2135,FALSE,27,kg P2O5,1250,FALSE,2135,FALSE,0,FALSE,1988.554,0,1988.554,0,FALSE,TRUE
C,A,20210101,2021,52,2021,276,DEU,Germany,M,Import,757,CHE,Switzerland,0,W00,World,H5,HS,TRUE,2809,Diphosphorus pentoxide; phosphoric acid and polyphosphoric acids,4,FALSE,C00,TOTAL CPC,0,0,TOTAL MOT,8,kg,3691259.218,TRUE,-1,N/A,0,FALSE,3691259.218,TRUE,0,FALSE,5897881.169,0,5897881.169,6,FALSE,TRUE
C,A,20210101,2021,52,2021,276,DEU,Germany,M,Import,826,GBR,United Kingdom,0,W00,World,H5,HS,TRUE,2809,Diphosphorus pentoxide; phosphoric acid and polyphosphoric acids,4,FALSE,C00,TOTAL CPC,0,0,TOTAL MOT,8,kg,284531,FALSE,27,kg P2O5,162479,FALSE,284531,FALSE,0,FALSE,360620.328,0,360620.328,0,FALSE,TRUE
C,A,20210101,2021,52,2021,276,DEU,Germany,M,Import,839,XX ,Special Categories,0,W00,World,H5,HS,TRUE,2809,Diphosphorus pentoxide; phosphoric acid and polyphosphoric acids,4,FALSE,C00,TOTAL CPC,0,0,TOTAL MOT,8,kg,154203300,FALSE,27,kg P2O5,93013180,FALSE,154203300,FALSE,0,FALSE,154451637.8,0,154451637.8,0,FALSE,TRUE
C,A,20210101,2021,52,2021,276,DEU,Germany,M,Import,842,USA,USA,0,W00,World,H5,HS,TRUE,2809,Diphosphorus pentoxide; phosphoric acid and polyphosphoric acids,4,FALSE,C00,TOTAL CPC,0,0,TOTAL MOT,8,kg,2131999,FALSE,27,kg P2O5,1533387,FALSE,2131999,FALSE,0,FALSE,2296907.881,0,2296907.881,0,FALSE,TRUE
C,A,20210101,2021,52,2021,276,DEU,Germany,M,Import,0,W00,World,0,W00,World,H5,HS,TRUE,2817,Zinc; oxide and peroxide,4,FALSE,C00,TOTAL CPC,0,0,TOTAL MOT,8,kg,44124891.31,TRUE,-1,N/A,0,FALSE,44124891.31,TRUE,0,FALSE,123297042,0,123297042,6,FALSE,TRUE
C,A,20210101,2021,52,2021,276,DEU,Germany,M,Import,36,AUS,Australia,0,W00,World,H5,HS,TRUE,2817,Zinc; oxide and peroxide,4,FALSE,C00,TOTAL CPC,0,0,TOTAL MOT,8,kg,85463.423,TRUE,-1,N/A,0,FALSE,85463.423,TRUE,0,FALSE,492390.399,0,492390.399,6,FALSE,TRUE
C,A,20210101,2021,52,2021,276,DEU,Germany,M,Import,40,AUT,Austria,0,W00,World,H5,HS,TRUE,2817,Zinc; oxide and peroxide,4,FALSE,C00,TOTAL CPC,0,0,TOTAL MOT,8,kg,7845297,FALSE,8,kg,7845297,FALSE,7845297,FALSE,0,FALSE,21717678.21,0,21717678.21,0,FALSE,TRUE
C,A,20210101,2021,52,2021,276,DEU,Germany,M,Import,56,BEL,Belgium,0,W00,World,H5,HS,TRUE,2817,Zinc; oxide and peroxide,4,FALSE,C00,TOTAL CPC,0,0,TOTAL MOT,8,kg,5181728,FALSE,8,kg,5181728,FALSE,5181728,FALSE,0,FALSE,15742421.72,0,15742421.72,0,FALSE,TRUE
C,A,20210101,2021,52,2021,276,DEU,Germany,M,Import,124,CAN,Canada,0,W00,World,H5,HS,TRUE,2817,Zinc; oxide and peroxide,4,FALSE,C00,TOTAL CPC,0,0,TOTAL MOT,8,kg,10412,FALSE,8,kg,10412,FALSE,10412,FALSE,0,FALSE,45707.23,0,45707.23,0,FALSE,TRUE
C,A,20210101,2021,52,2021,276,DEU,Germany,M,Import,156,CHN,China,0,W00,World,H5,HS,TRUE,2817,Zinc; oxide and peroxide,4,FALSE,C00,TOTAL CPC,0,0,TOTAL MOT,8,kg,116848.917,TRUE,-1,N/A,0,FALSE,116848.917,TRUE,0,FALSE,407570.995,0,407570.995,6,FALSE,TRUE
C,A,20210101,2021,52,2021,276,DEU,Germany,M,Import,191,HRV,Croatia,0,W00,World,H5,HS,TRUE,2817,Zinc; oxide and peroxide,4,FALSE,C00,TOTAL CPC,0,0,TOTAL MOT,8,kg,10000,FALSE,8,kg,10000,FALSE,10000,FALSE,0,FALSE,30111.721,0,30111.721,0,FALSE,TRUE
C,A,20210101,2021,52,2021,276,DEU,Germany,M,Import,203,CZE,Czechia,0,W00,World,H5,HS,TRUE,2817,Zinc; oxide and peroxide,4,FALSE,C00,TOTAL CPC,0,0,TOTAL MOT,8,kg,792805,FALSE,8,kg,792805,FALSE,792805,FALSE,0,FALSE,2089336.572,0,2089336.572,0,FALSE,TRUE
C,A,20210101,2021,52,2021,276,DEU,Germany,M,Import,208,DNK,Denmark,0,W00,World,H5,HS,TRUE,2817,Zinc; oxide and peroxide,4,FALSE,C00,TOTAL CPC,0,0,TOTAL MOT,8,kg,835.508,TRUE,-1,N/A,0,FALSE,835.508,TRUE,0,FALSE,3300.481,0,3300.481,6,FALSE,TRUE
C,A,20210101,2021,52,2021,276,DEU,Germany,M,Import,246,FIN,Finland,0,W00,World,H5,HS,TRUE,2817,Zinc; oxide and peroxide,4,FALSE,C00,TOTAL CPC,0,0,TOTAL MOT,8,kg,4980,FALSE,8,kg,4980,FALSE,4980,FALSE,0,FALSE,153484.754,0,153484.754,0,FALSE,TRUE
C,A,20210101,2021,52,2021,276,DEU,Germany,M,Import,251,FRA,France,0,W00,World,H5,HS,TRUE,2817,Zinc; oxide and peroxide,4,FALSE,C00,TOTAL CPC,0,0,TOTAL MOT,8,kg,153302,FALSE,8,kg,153302,FALSE,153302,FALSE,0,FALSE,438638.025,0,438638.025,0,FALSE,TRUE
C,A,20210101,2021,52,2021,276,DEU,Germany,M,Import,300,GRC,Greece,0,W00,World,H5,HS,TRUE,2817,Zinc; oxide and peroxide,4,FALSE,C00,TOTAL CPC,0,0,TOTAL MOT,8,kg,72000,FALSE,8,kg,72000,FALSE,72000,FALSE,0,FALSE,133436.252,0,133436.252,0,FALSE,TRUE
C,A,20210101,2021,52,2021,276,DEU,Germany,M,Import,344,HKG,"China, Hong Kong SAR",0,W00,World,H5,HS,TRUE,2817,Zinc; oxide and peroxide,4,FALSE,C00,TOTAL CPC,0,0,TOTAL MOT,8,kg,1558,FALSE,8,kg,1558,FALSE,1558,FALSE,0,FALSE,3703.151,0,3703.151,0,FALSE,TRUE
C,A,20210101,2021,52,2021,276,DEU,Germany,M,Import,380,ITA,Italy,0,W00,World,H5,HS,TRUE,2817,Zinc; oxide and peroxide,4,FALSE,C00,TOTAL CPC,0,0,TOTAL MOT,8,kg,943189,FALSE,8,kg,943189,FALSE,943189,FALSE,0,FALSE,2930217.589,0,2930217.589,0,FALSE,TRUE
C,A,20210101,2021,52,2021,276,DEU,Germany,M,Import,392,JPN,Japan,0,W00,World,H5,HS,TRUE,2817,Zinc; oxide and peroxide,4,FALSE,C00,TOTAL CPC,0,0,TOTAL MOT,8,kg,19737.657,TRUE,-1,N/A,0,FALSE,19737.657,TRUE,0,FALSE,136292.733,0,136292.733,6,FALSE,TRUE
C,A,20210101,2021,52,2021,276,DEU,Germany,M,Import,410,KOR,Rep. of Korea,0,W00,World,H5,HS,TRUE,2817,Zinc; oxide and peroxide,4,FALSE,C00,TOTAL CPC,0,0,TOTAL MOT,8,kg,5329,FALSE,8,kg,5329,FALSE,5329,FALSE,0,FALSE,13721.498,0,13721.498,0,FALSE,TRUE
C,A,20210101,2021,52,2021,276,DEU,Germany,M,Import,484,MEX,Mexico,0,W00,World,H5,HS,TRUE,2817,Zinc; oxide and peroxide,4,FALSE,C00,TOTAL CPC,0,0,TOTAL MOT,8,kg,3134713.423,TRUE,-1,N/A,0,FALSE,3134713.423,TRUE,0,FALSE,6904864.342,0,6904864.342,6,FALSE,TRUE
C,A,20210101,2021,52,2021,276,DEU,Germany,M,Import,490,S19,"Other Asia, nes",0,W00,World,H5,HS,TRUE,2817,Zinc; oxide and peroxide,4,FALSE,C00,TOTAL CPC,0,0,TOTAL MOT,8,kg,140095,FALSE,8,kg,140095,FALSE,140095,FALSE,0,FALSE,552942.117,0,552942.117,0,FALSE,TRUE
C,A,20210101,2021,52,2021,276,DEU,Germany,M,Import,528,NLD,Netherlands,0,W00,World,H5,HS,TRUE,2817,Zinc; oxide and peroxide,4,FALSE,C00,TOTAL CPC,0,0,TOTAL MOT,8,kg,8058293,FALSE,8,kg,8058293,FALSE,8058293,FALSE,0,FALSE,21900639.38,0,21900639.38,0,FALSE,TRUE
C,A,20210101,2021,52,2021,276,DEU,Germany,M,Import,558,NIC,Nicaragua,0,W00,World,H5,HS,TRUE,2817,Zinc; oxide and peroxide,4,FALSE,C00,TOTAL CPC,0,0,TOTAL MOT,8,kg,24000,FALSE,8,kg,24000,FALSE,24000,FALSE,0,FALSE,80628.56,0,80628.56,0,FALSE,TRUE
C,A,20210101,2021,52,2021,276,DEU,Germany,M,Import,579,NOR,Norway,0,W00,World,H5,HS,TRUE,2817,Zinc; oxide and peroxide,4,FALSE,C00,TOTAL CPC,0,0,TOTAL MOT,8,kg,3000,FALSE,8,kg,3000,FALSE,3000,FALSE,0,FALSE,17712.777,0,17712.777,0,FALSE,TRUE
C,A,20210101,2021,52,2021,276,DEU,Germany,M,Import,604,PER,Peru,0,W00,World,H5,HS,TRUE,2817,Zinc; oxide and peroxide,4,FALSE,C00,TOTAL CPC,0,0,TOTAL MOT,8,kg,6332934.69,TRUE,-1,N/A,0,FALSE,6332934.69,TRUE,0,FALSE,18701099.02,0,18701099.02,6,FALSE,TRUE
C,A,20210101,2021,52,2021,276,DEU,Germany,M,Import,616,POL,Poland,0,W00,World,H5,HS,TRUE,2817,Zinc; oxide and peroxide,4,FALSE,C00,TOTAL CPC,0,0,TOTAL MOT,8,kg,5937921.207,TRUE,-1,N/A,0,FALSE,5937921.207,TRUE,0,FALSE,16614696.87,0,16614696.87,6,FALSE,TRUE
C,A,20210101,2021,52,2021,276,DEU,Germany,M,Import,620,PRT,Portugal,0,W00,World,H5,HS,TRUE,2817,Zinc; oxide and peroxide,4,FALSE,C00,TOTAL CPC,0,0,TOTAL MOT,8,kg,15,FALSE,8,kg,15,FALSE,15,FALSE,0,FALSE,112.181,0,112.181,0,FALSE,TRUE
C,A,20210101,2021,52,2021,276,DEU,Germany,M,Import,642,ROU,Romania,0,W00,World,H5,HS,TRUE,2817,Zinc; oxide and peroxide,4,FALSE,C00,TOTAL CPC,0,0,TOTAL MOT,8,kg,45267,FALSE,8,kg,45267,FALSE,45267,FALSE,0,FALSE,125186.822,0,125186.822,0,FALSE,TRUE
C,A,20210101,2021,52,2021,276,DEU,Germany,M,Import,643,RUS,Russian Federation,0,W00,World,H5,HS,TRUE,2817,Zinc; oxide and peroxide,4,FALSE,C00,TOTAL CPC,0,0,TOTAL MOT,8,kg,1321659.018,TRUE,-1,N/A,0,FALSE,1321659.018,TRUE,0,FALSE,3666654.627,0,3666654.627,6,FALSE,TRUE
C,A,20210101,2021,52,2021,276,DEU,Germany,M,Import,699,IND,India,0,W00,World,H5,HS,TRUE,2817,Zinc; oxide and peroxide,4,FALSE,C00,TOTAL CPC,0,0,TOTAL MOT,8,kg,205,FALSE,8,kg,205,FALSE,205,FALSE,0,FALSE,606.958,0,606.958,0,FALSE,TRUE
C,A,20210101,2021,52,2021,276,DEU,Germany,M,Import,703,SVK,Slovakia,0,W00,World,H5,HS,TRUE,2817,Zinc; oxide and peroxide,4,FALSE,C00,TOTAL CPC,0,0,TOTAL MOT,8,kg,2025000,FALSE,8,kg,2025000,FALSE,2025000,FALSE,0,FALSE,5774680.541,0,5774680.541,0,FALSE,TRUE
C,A,20210101,2021,52,2021,276,DEU,Germany,M,Import,705,SVN,Slovenia,0,W00,World,H5,HS,TRUE,2817,Zinc; oxide and peroxide,4,FALSE,C00,TOTAL CPC,0,0,TOTAL MOT,8,kg,23400,FALSE,8,kg,23400,FALSE,23400,FALSE,0,FALSE,69742.288,0,69742.288,0,FALSE,TRUE
C,A,20210101,2021,52,2021,276,DEU,Germany,M,Import,710,ZAF,South Africa,0,W00,World,H5,HS,TRUE,2817,Zinc; oxide and peroxide,4,FALSE,C00,TOTAL CPC,0,0,TOTAL MOT,8,kg,24000,FALSE,8,kg,24000,FALSE,24000,FALSE,0,FALSE,75787.068,0,75787.068,0,FALSE,TRUE
C,A,20210101,2021,52,2021,276,DEU,Germany,M,Import,724,ESP,Spain,0,W00,World,H5,HS,TRUE,2817,Zinc; oxide and peroxide,4,FALSE,C00,TOTAL CPC,0,0,TOTAL MOT,8,kg,375943,FALSE,8,kg,375943,FALSE,375943,FALSE,0,FALSE,1009042.578,0,1009042.578,0,FALSE,TRUE
C,A,20210101,2021,52,2021,276,DEU,Germany,M,Import,757,CHE,Switzerland,0,W00,World,H5,HS,TRUE,2817,Zinc; oxide and peroxide,4,FALSE,C00,TOTAL CPC,0,0,TOTAL MOT,8,kg,36404.423,TRUE,-1,N/A,0,FALSE,36404.423,TRUE,0,FALSE,114559.156,0,114559.156,6,FALSE,TRUE
C,A,20210101,2021,52,2021,276,DEU,Germany,M,Import,764,THA,Thailand,0,W00,World,H5,HS,TRUE,2817,Zinc; oxide and peroxide,4,FALSE,C00,TOTAL CPC,0,0,TOTAL MOT,8,kg,136456.423,TRUE,-1,N/A,0,FALSE,136456.423,TRUE,0,FALSE,414266.425,0,414266.425,6,FALSE,TRUE
C,A,20210101,2021,52,2021,276,DEU,Germany,M,Import,792,TUR,Türkiye,0,W00,World,H5,HS,TRUE,2817,Zinc; oxide and peroxide,4,FALSE,C00,TOTAL CPC,0,0,TOTAL MOT,8,kg,999593.297,TRUE,-1,N/A,0,FALSE,999593.297,TRUE,0,FALSE,1983601.922,0,1983601.922,6,FALSE,TRUE
C,A,20210101,2021,52,2021,276,DEU,Germany,M,Import,826,GBR,United Kingdom,0,W00,World,H5,HS,TRUE,2817,Zinc; oxide and peroxide,4,FALSE,C00,TOTAL CPC,0,0,TOTAL MOT,8,kg,75366.762,TRUE,-1,N/A,0,FALSE,75366.762,TRUE,0,FALSE,191890.778,0,191890.778,6,FALSE,TRUE
C,A,20210101,2021,52,2021,276,DEU,Germany,M,Import,842,USA,USA,0,W00,World,H5,HS,TRUE,2817,Zinc; oxide and peroxide,4,FALSE,C00,TOTAL CPC,0,0,TOTAL MOT,8,kg,187138.559,TRUE,-1,N/A,0,FALSE,187138.559,TRUE,0,FALSE,760316.223,0,760316.223,6,FALSE,TRUE
C,A,20210101,2021,52,2021,276,DEU,Germany,M,Import,0,W00,World,0,W00,World,H5,HS,TRUE,2819,Chromium oxides and hydroxides,4,FALSE,C00,TOTAL CPC,0,0,TOTAL MOT,8,kg,10199698.01,TRUE,-1,N/A,0,FALSE,10199698.01,TRUE,0,FALSE,34623304.25,0,34623304.25,6,FALSE,TRUE
C,A,20210101,2021,52,2021,276,DEU,Germany,M,Import,40,AUT,Austria,0,W00,World,H5,HS,TRUE,2819,Chromium oxides and hydroxides,4,FALSE,C00,TOTAL CPC,0,0,TOTAL MOT,8,kg,43510,FALSE,8,kg,43510,FALSE,43510,FALSE,0,FALSE,141633.725,0,141633.725,0,FALSE,TRUE
C,A,20210101,2021,52,2021,276,DEU,Germany,M,Import,56,BEL,Belgium,0,W00,World,H5,HS,TRUE,2819,Chromium oxides and hydroxides,4,FALSE,C00,TOTAL CPC,0,0,TOTAL MOT,8,kg,10890.297,TRUE,-1,N/A,0,FALSE,10890.297,TRUE,0,FALSE,100694.775,0,100694.775,6,FALSE,TRUE
C,A,20210101,2021,52,2021,276,DEU,Germany,M,Import,156,CHN,China,0,W00,World,H5,HS,TRUE,2819,Chromium oxides and hydroxides,4,FALSE,C00,TOTAL CPC,0,0,TOTAL MOT,8,kg,618035.301,TRUE,-1,N/A,0,FALSE,618035.301,TRUE,0,FALSE,3664165.392,0,3664165.392,6,FALSE,TRUE
C,A,20210101,2021,52,2021,276,DEU,Germany,M,Import,208,DNK,Denmark,0,W00,World,H5,HS,TRUE,2819,Chromium oxides and hydroxides,4,FALSE,C00,TOTAL CPC,0,0,TOTAL MOT,8,kg,2000,FALSE,8,kg,2000,FALSE,2000,FALSE,0,FALSE,16980.649,0,16980.649,0,FALSE,TRUE
C,A,20210101,2021,52,2021,276,DEU,Germany,M,Import,251,FRA,France,0,W00,World,H5,HS,TRUE,2819,Chromium oxides and hydroxides,4,FALSE,C00,TOTAL CPC,0,0,TOTAL MOT,8,kg,19599.431,TRUE,-1,N/A,0,FALSE,19599.431,TRUE,0,FALSE,135239.413,0,135239.413,6,FALSE,TRUE
C,A,20210101,2021,52,2021,276,DEU,Germany,M,Import,348,HUN,Hungary,0,W00,World,H5,HS,TRUE,2819,Chromium oxides and hydroxides,4,FALSE,C00,TOTAL CPC,0,0,TOTAL MOT,8,kg,1237,FALSE,8,kg,1237,FALSE,1237,FALSE,0,FALSE,11351.528,0,11351.528,0,FALSE,TRUE
C,A,20210101,2021,52,2021,276,DEU,Germany,M,Import,380,ITA,Italy,0,W00,World,H5,HS,TRUE,2819,Chromium oxides and hydroxides,4,FALSE,C00,TOTAL CPC,0,0,TOTAL MOT,8,kg,51615,FALSE,8,kg,51615,FALSE,51615,FALSE,0,FALSE,215002.409,0,215002.409,0,FALSE,TRUE
C,A,20210101,2021,52,2021,276,DEU,Germany,M,Import,392,JPN,Japan,0,W00,World,H5,HS,TRUE,2819,Chromium oxides and hydroxides,4,FALSE,C00,TOTAL CPC,0,0,TOTAL MOT,8,kg,993.708,TRUE,-1,N/A,0,FALSE,993.708,TRUE,0,FALSE,16726.766,0,16726.766,6,FALSE,TRUE
C,A,20210101,2021,52,2021,276,DEU,Germany,M,Import,398,KAZ,Kazakhstan,0,W00,World,H5,HS,TRUE,2819,Chromium oxides and hydroxides,4,FALSE,C00,TOTAL CPC,0,0,TOTAL MOT,8,kg,4724600,FALSE,8,kg,4724600,FALSE,4724600,FALSE,0,FALSE,13064461.24,0,13064461.24,0,FALSE,TRUE
C,A,20210101,2021,52,2021,276,DEU,Germany,M,Import,528,NLD,Netherlands,0,W00,World,H5,HS,TRUE,2819,Chromium oxides and hydroxides,4,FALSE,C00,TOTAL CPC,0,0,TOTAL MOT,8,kg,434310,FALSE,8,kg,434310,FALSE,434310,FALSE,0,FALSE,2451887.593,0,2451887.593,0,FALSE,TRUE
C,A,20210101,2021,52,2021,276,DEU,Germany,M,Import,643,RUS,Russian Federation,0,W00,World,H5,HS,TRUE,2819,Chromium oxides and hydroxides,4,FALSE,C00,TOTAL CPC,0,0,TOTAL MOT,8,kg,695851.181,TRUE,-1,N/A,0,FALSE,695851.181,TRUE,0,FALSE,2192655.199,0,2192655.199,6,FALSE,TRUE
C,A,20210101,2021,52,2021,276,DEU,Germany,M,Import,699,IND,India,0,W00,World,H5,HS,TRUE,2819,Chromium oxides and hydroxides,4,FALSE,C00,TOTAL CPC,0,0,TOTAL MOT,8,kg,484403.417,TRUE,-1,N/A,0,FALSE,484403.417,TRUE,0,FALSE,1938742.543,0,1938742.543,6,FALSE,TRUE
C,A,20210101,2021,52,2021,276,DEU,Germany,M,Import,710,ZAF,South Africa,0,W00,World,H5,HS,TRUE,2819,Chromium oxides and hydroxides,4,FALSE,C00,TOTAL CPC,0,0,TOTAL MOT,8,kg,513004,FALSE,8,kg,513004,FALSE,513004,FALSE,0,FALSE,1728058.509,0,1728058.509,0,FALSE,TRUE
C,A,20210101,2021,52,2021,276,DEU,Germany,M,Import,724,ESP,Spain,0,W00,World,H5,HS,TRUE,2819,Chromium oxides and hydroxides,4,FALSE,C00,TOTAL CPC,0,0,TOTAL MOT,8,kg,157610,FALSE,8,kg,157610,FALSE,157610,FALSE,0,FALSE,767058.887,0,767058.887,0,FALSE,TRUE
C,A,20210101,2021,52,2021,276,DEU,Germany,M,Import,757,CHE,Switzerland,0,W00,World,H5,HS,TRUE,2819,Chromium oxides and hydroxides,4,FALSE,C00,TOTAL CPC,0,0,TOTAL MOT,8,kg,4503,FALSE,8,kg,4503,FALSE,4503,FALSE,0,FALSE,43560.442,0,43560.442,0,FALSE,TRUE
C,A,20210101,2021,52,2021,276,DEU,Germany,M,Import,792,TUR,Türkiye,0,W00,World,H5,HS,TRUE,2819,Chromium oxides and hydroxides,4,FALSE,C00,TOTAL CPC,0,0,TOTAL MOT,8,kg,1185300,FALSE,8,kg,1185300,FALSE,1185300,FALSE,0,FALSE,2722189.291,0,2722189.291,0,FALSE,TRUE
C,A,20210101,2021,52,2021,276,DEU,Germany,M,Import,826,GBR,United Kingdom,0,W00,World,H5,HS,TRUE,2819,Chromium oxides and hydroxides,4,FALSE,C00,TOTAL CPC,0,0,TOTAL MOT,8,kg,74594.824,TRUE,-1,N/A,0,FALSE,74594.824,TRUE,0,FALSE,479092.827,0,479092.827,6,FALSE,TRUE
C,A,20210101,2021,52,2021,276,DEU,Germany,M,Import,842,USA,USA,0,W00,World,H5,HS,TRUE,2819,Chromium oxides and hydroxides,4,FALSE,C00,TOTAL CPC,0,0,TOTAL MOT,8,kg,1177640.852,TRUE,-1,N/A,0,FALSE,1177640.852,TRUE,0,FALSE,4933803.066,0,4933803.066,6,FALSE,TRUE
C,A,20210101,2021,52,2021,276,DEU,Germany,M,Import,0,W00,World,0,W00,World,H5,HS,TRUE,2820,Manganese oxides,4,FALSE,C00,TOTAL CPC,0,0,TOTAL MOT,8,kg,19805916.91,TRUE,-1,N/A,0,FALSE,19805916.91,TRUE,0,FALSE,33092368.87,0,33092368.87,6,FALSE,TRUE
C,A,20210101,2021,52,2021,276,DEU,Germany,M,Import,40,AUT,Austria,0,W00,World,H5,HS,TRUE,2820,Manganese oxides,4,FALSE,C00,TOTAL CPC,0,0,TOTAL MOT,8,kg,31600,FALSE,8,kg,31600,FALSE,31600,FALSE,0,FALSE,73432.449,0,73432.449,0,FALSE,TRUE
C,A,20210101,2021,52,2021,276,DEU,Germany,M,Import,56,BEL,Belgium,0,W00,World,H5,HS,TRUE,2820,Manganese oxides,4,FALSE,C00,TOTAL CPC,0,0,TOTAL MOT,8,kg,348609,FALSE,8,kg,348609,FALSE,348609,FALSE,0,FALSE,984408.829,0,984408.829,0,FALSE,TRUE
C,A,20210101,2021,52,2021,276,DEU,Germany,M,Import,76,BRA,Brazil,0,W00,World,H5,HS,TRUE,2820,Manganese oxides,4,FALSE,C00,TOTAL CPC,0,0,TOTAL MOT,8,kg,873100,FALSE,8,kg,873100,FALSE,873100,FALSE,0,FALSE,748438.035,0,748438.035,0,FALSE,TRUE
C,A,20210101,2021,52,2021,276,DEU,Germany,M,Import,156,CHN,China,0,W00,World,H5,HS,TRUE,2820,Manganese oxides,4,FALSE,C00,TOTAL CPC,0,0,TOTAL MOT,8,kg,4368717.81,TRUE,-1,N/A,0,FALSE,4368717.81,TRUE,0,FALSE,7612154.415,0,7612154.415,6,FALSE,TRUE
C,A,20210101,2021,52,2021,276,DEU,Germany,M,Import,203,CZE,Czechia,0,W00,World,H5,HS,TRUE,2820,Manganese oxides,4,FALSE,C00,TOTAL CPC,0,0,TOTAL MOT,8,kg,71500,FALSE,8,kg,71500,FALSE,71500,FALSE,0,FALSE,61028.782,0,61028.782,0,FALSE,TRUE
C,A,20210101,2021,52,2021,276,DEU,Germany,M,Import,251,FRA,France,0,W00,World,H5,HS,TRUE,2820,Manganese oxides,4,FALSE,C00,TOTAL CPC,0,0,TOTAL MOT,8,kg,2436467.341,TRUE,-1,N/A,0,FALSE,2436467.341,TRUE,0,FALSE,1492492.748,0,1492492.748,6,FALSE,TRUE
C,A,20210101,2021,52,2021,276,DEU,Germany,M,Import,300,GRC,Greece,0,W00,World,H5,HS,TRUE,2820,Manganese oxides,4,FALSE,C00,TOTAL CPC,0,0,TOTAL MOT,8,kg,6056000,FALSE,8,kg,6056000,FALSE,6056000,FALSE,0,FALSE,12421377.62,0,12421377.62,0,FALSE,TRUE
C,A,20210101,2021,52,2021,276,DEU,Germany,M,Import,380,ITA,Italy,0,W00,World,H5,HS,TRUE,2820,Manganese oxides,4,FALSE,C00,TOTAL CPC,0,0,TOTAL MOT,8,kg,1250,FALSE,8,kg,1250,FALSE,1250,FALSE,0,FALSE,999.001,0,999.001,0,FALSE,TRUE
C,A,20210101,2021,52,2021,276,DEU,Germany,M,Import,442,LUX,Luxembourg,0,W00,World,H5,HS,TRUE,2820,Manganese oxides,4,FALSE,C00,TOTAL CPC,0,0,TOTAL MOT,8,kg,15908,FALSE,8,kg,15908,FALSE,15908,FALSE,0,FALSE,33428.733,0,33428.733,0,FALSE,TRUE
C,A,20210101,2021,52,2021,276,DEU,Germany,M,Import,484,MEX,Mexico,0,W00,World,H5,HS,TRUE,2820,Manganese oxides,4,FALSE,C00,TOTAL CPC,0,0,TOTAL MOT,8,kg,54236.118,TRUE,-1,N/A,0,FALSE,54236.118,TRUE,0,FALSE,45883.177,0,45883.177,6,FALSE,TRUE
C,A,20210101,2021,52,2021,276,DEU,Germany,M,Import,528,NLD,Netherlands,0,W00,World,H5,HS,TRUE,2820,Manganese oxides,4,FALSE,C00,TOTAL CPC,0,0,TOTAL MOT,8,kg,844001,FALSE,8,kg,844001,FALSE,844001,FALSE,0,FALSE,751825.899,0,751825.899,0,FALSE,TRUE
C,A,20210101,2021,52,2021,276,DEU,Germany,M,Import,579,NOR,Norway,0,W00,World,H5,HS,TRUE,2820,Manganese oxides,4,FALSE,C00,TOTAL CPC,0,0,TOTAL MOT,8,kg,72900,FALSE,8,kg,72900,FALSE,72900,FALSE,0,FALSE,65495.945,0,65495.945,0,FALSE,TRUE
C,A,20210101,2021,52,2021,276,DEU,Germany,M,Import,616,POL,Poland,0,W00,World,H5,HS,TRUE,2820,Manganese oxides,4,FALSE,C00,TOTAL CPC,0,0,TOTAL MOT,8,kg,23750,FALSE,8,kg,23750,FALSE,23750,FALSE,0,FALSE,55810.598,0,55810.598,0,FALSE,TRUE
C,A,20210101,2021,52,2021,276,DEU,Germany,M,Import,699,IND,India,0,W00,World,H5,HS,TRUE,2820,Manganese oxides,4,FALSE,C00,TOTAL CPC,0,0,TOTAL MOT,8,kg,140790,FALSE,8,kg,140790,FALSE,140790,FALSE,0,FALSE,141640.811,0,141640.811,0,FALSE,TRUE
C,A,20210101,2021,52,2021,276,DEU,Germany,M,Import,710,ZAF,South Africa,0,W00,World,H5,HS,TRUE,2820,Manganese oxides,4,FALSE,C00,TOTAL CPC,0,0,TOTAL MOT,8,kg,44568,FALSE,8,kg,44568,FALSE,44568,FALSE,0,FALSE,43906.431,0,43906.431,0,FALSE,TRUE
C,A,20210101,2021,52,2021,276,DEU,Germany,M,Import,724,ESP,Spain,0,W00,World,H5,HS,TRUE,2820,Manganese oxides,4,FALSE,C00,TOTAL CPC,0,0,TOTAL MOT,8,kg,3876663,FALSE,8,kg,3876663,FALSE,3876663,FALSE,0,FALSE,7005829.532,0,7005829.532,0,FALSE,TRUE
C,A,20210101,2021,52,2021,276,DEU,Germany,M,Import,804,UKR,Ukraine,0,W00,World,H5,HS,TRUE,2820,Manganese oxides,4,FALSE,C00,TOTAL CPC,0,0,TOTAL MOT,8,kg,208252,FALSE,8,kg,208252,FALSE,208252,FALSE,0,FALSE,259003.308,0,259003.308,0,FALSE,TRUE
C,A,20210101,2021,52,2021,276,DEU,Germany,M,Import,826,GBR,United Kingdom,0,W00,World,H5,HS,TRUE,2820,Manganese oxides,4,FALSE,C00,TOTAL CPC,0,0,TOTAL MOT,8,kg,22117.771,TRUE,-1,N/A,0,FALSE,22117.771,TRUE,0,FALSE,107393.747,0,107393.747,6,FALSE,TRUE
C,A,20210101,2021,52,2021,276,DEU,Germany,M,Import,842,USA,USA,0,W00,World,H5,HS,TRUE,2820,Manganese oxides,4,FALSE,C00,TOTAL CPC,0,0,TOTAL MOT,8,kg,315486.873,TRUE,-1,N/A,0,FALSE,315486.873,TRUE,0,FALSE,1187818.816,0,1187818.816,6,FALSE,TRUE
C,A,20210101,2021,52,2021,276,DEU,Germany,M,Import,0,W00,World,0,W00,World,H5,HS,TRUE,2822,Cobalt oxides and hydroxides; commercial cobalt oxides,4,FALSE,C00,TOTAL CPC,0,0,TOTAL MOT,8,kg,1228448.897,TRUE,-1,N/A,0,FALSE,1228448.897,TRUE,0,FALSE,37440596.98,0,37440596.98,6,FALSE,TRUE
C,A,20210101,2021,52,2021,276,DEU,Germany,M,Import,56,BEL,Belgium,0,W00,World,H5,HS,TRUE,2822,Cobalt oxides and hydroxides; commercial cobalt oxides,4,FALSE,C00,TOTAL CPC,0,0,TOTAL MOT,8,kg,173382,FALSE,8,kg,173382,FALSE,173382,FALSE,0,FALSE,5304487.794,0,5304487.794,0,FALSE,TRUE
C,A,20210101,2021,52,2021,276,DEU,Germany,M,Import,156,CHN,China,0,W00,World,H5,HS,TRUE,2822,Cobalt oxides and hydroxides; commercial cobalt oxides,4,FALSE,C00,TOTAL CPC,0,0,TOTAL MOT,8,kg,11115.223,TRUE,-1,N/A,0,FALSE,11115.223,TRUE,0,FALSE,469183.118,0,469183.118,6,FALSE,TRUE
C,A,20210101,2021,52,2021,276,DEU,Germany,M,Import,208,DNK,Denmark,0,W00,World,H5,HS,TRUE,2822,Cobalt oxides and hydroxides; commercial cobalt oxides,4,FALSE,C00,TOTAL CPC,0,0,TOTAL MOT,8,kg,400,FALSE,8,kg,400,FALSE,400,FALSE,0,FALSE,17392.766,0,17392.766,0,FALSE,TRUE
C,A,20210101,2021,52,2021,276,DEU,Germany,M,Import,246,FIN,Finland,0,W00,World,H5,HS,TRUE,2822,Cobalt oxides and hydroxides; commercial cobalt oxides,4,FALSE,C00,TOTAL CPC,0,0,TOTAL MOT,8,kg,966678,FALSE,8,kg,966678,FALSE,966678,FALSE,0,FALSE,28856451.58,0,28856451.58,0,FALSE,TRUE
C,A,20210101,2021,52,2021,276,DEU,Germany,M,Import,251,FRA,France,0,W00,World,H5,HS,TRUE,2822,Cobalt oxides and hydroxides; commercial cobalt oxides,4,FALSE,C00,TOTAL CPC,0,0,TOTAL MOT,8,kg,752.79,TRUE,-1,N/A,0,FALSE,752.79,TRUE,0,FALSE,37081.108,0,37081.108,6,FALSE,TRUE
C,A,20210101,2021,52,2021,276,DEU,Germany,M,Import,380,ITA,Italy,0,W00,World,H5,HS,TRUE,2822,Cobalt oxides and hydroxides; commercial cobalt oxides,4,FALSE,C00,TOTAL CPC,0,0,TOTAL MOT,8,kg,62525,FALSE,8,kg,62525,FALSE,62525,FALSE,0,FALSE,2128621.149,0,2128621.149,0,FALSE,TRUE
C,A,20210101,2021,52,2021,276,DEU,Germany,M,Import,392,JPN,Japan,0,W00,World,H5,HS,TRUE,2822,Cobalt oxides and hydroxides; commercial cobalt oxides,4,FALSE,C00,TOTAL CPC,0,0,TOTAL MOT,8,kg,5099.194,TRUE,-1,N/A,0,FALSE,5099.194,TRUE,0,FALSE,288241.199,0,288241.199,6,FALSE,TRUE
C,A,20210101,2021,52,2021,276,DEU,Germany,M,Import,699,IND,India,0,W00,World,H5,HS,TRUE,2822,Cobalt oxides and hydroxides; commercial cobalt oxides,4,FALSE,C00,TOTAL CPC,0,0,TOTAL MOT,8,kg,99,FALSE,8,kg,99,FALSE,99,FALSE,0,FALSE,9025.25,0,9025.25,0,FALSE,TRUE
C,A,20210101,2021,52,2021,276,DEU,Germany,M,Import,724,ESP,Spain,0,W00,World,H5,HS,TRUE,2822,Cobalt oxides and hydroxides; commercial cobalt oxides,4,FALSE,C00,TOTAL CPC,0,0,TOTAL MOT,8,kg,7755.714,TRUE,-1,N/A,0,FALSE,7755.714,TRUE,0,FALSE,265111.855,0,265111.855,6,FALSE,TRUE
C,A,20210101,2021,52,2021,276,DEU,Germany,M,Import,757,CHE,Switzerland,0,W00,World,H5,HS,TRUE,2822,Cobalt oxides and hydroxides; commercial cobalt oxides,4,FALSE,C00,TOTAL CPC,0,0,TOTAL MOT,8,kg,36,FALSE,8,kg,36,FALSE,36,FALSE,0,FALSE,118.085,0,118.085,0,FALSE,TRUE
C,A,20210101,2021,52,2021,276,DEU,Germany,M,Import,826,GBR,United Kingdom,0,W00,World,H5,HS,TRUE,2822,Cobalt oxides and hydroxides; commercial cobalt oxides,4,FALSE,C00,TOTAL CPC,0,0,TOTAL MOT,8,kg,258.518,TRUE,-1,N/A,0,FALSE,258.518,TRUE,0,FALSE,22627.482,0,22627.482,6,FALSE,TRUE
C,A,20210101,2021,52,2021,276,DEU,Germany,M,Import,842,USA,USA,0,W00,World,H5,HS,TRUE,2822,Cobalt oxides and hydroxides; commercial cobalt oxides,4,FALSE,C00,TOTAL CPC,0,0,TOTAL MOT,8,kg,347.459,TRUE,-1,N/A,0,FALSE,347.459,TRUE,0,FALSE,42255.6,0,42255.6,6,FALSE,TRUE
C,A,20210101,2021,52,2021,276,DEU,Germany,M,Import,0,W00,World,0,W00,World,H5,HS,TRUE,260200,"Manganese ores and concentrates, including ferruginous manganese ores and concentrates with a manganese content of 20% or more, calculated on the dry weight",6,TRUE,C00,TOTAL CPC,0,0,TOTAL MOT,8,kg,21946186.22,TRUE,-1,N/A,0,FALSE,21946186.22,TRUE,0,FALSE,12695606.83,0,12695606.83,6,FALSE,TRUE
C,A,20210101,2021,52,2021,276,DEU,Germany,M,Import,56,BEL,Belgium,0,W00,World,H5,HS,TRUE,260200,"Manganese ores and concentrates, including ferruginous manganese ores and concentrates with a manganese content of 20% or more, calculated on the dry weight",6,TRUE,C00,TOTAL CPC,0,0,TOTAL MOT,8,kg,1751774,FALSE,8,kg,1751774,FALSE,1751774,FALSE,0,FALSE,1165967.153,0,1165967.153,0,FALSE,TRUE
C,A,20210101,2021,52,2021,276,DEU,Germany,M,Import,76,BRA,Brazil,0,W00,World,H5,HS,TRUE,260200,"Manganese ores and concentrates, including ferruginous manganese ores and concentrates with a manganese content of 20% or more, calculated on the dry weight",6,TRUE,C00,TOTAL CPC,0,0,TOTAL MOT,8,kg,4018756,FALSE,8,kg,4018756,FALSE,4018756,FALSE,0,FALSE,2495629.886,0,2495629.886,0,FALSE,TRUE
C,A,20210101,2021,52,2021,276,DEU,Germany,M,Import,156,CHN,China,0,W00,World,H5,HS,TRUE,260200,"Manganese ores and concentrates, including ferruginous manganese ores and concentrates with a manganese content of 20% or more, calculated on the dry weight",6,TRUE,C00,TOTAL CPC,0,0,TOTAL MOT,8,kg,3000,FALSE,8,kg,3000,FALSE,3000,FALSE,0,FALSE,8088.835,0,8088.835,0,FALSE,TRUE
C,A,20210101,2021,52,2021,276,DEU,Germany,M,Import,251,FRA,France,0,W00,World,H5,HS,TRUE,260200,"Manganese ores and concentrates, including ferruginous manganese ores and concentrates with a manganese content of 20% or more, calculated on the dry weight",6,TRUE,C00,TOTAL CPC,0,0,TOTAL MOT,8,kg,574518,FALSE,8,kg,574518,FALSE,574518,FALSE,0,FALSE,364084.947,0,364084.947,0,FALSE,TRUE
C,A,20210101,2021,52,2021,276,DEU,Germany,M,Import,266,GAB,Gabon,0,W00,World,H5,HS,TRUE,260200,"Manganese ores and concentrates, including ferruginous manganese ores and concentrates with a manganese content of 20% or more, calculated on the dry weight",6,TRUE,C00,TOTAL CPC,0,0,TOTAL MOT,8,kg,1216050,FALSE,8,kg,1216050,FALSE,1216050,FALSE,0,FALSE,453610.045,0,453610.045,0,FALSE,TRUE
C,A,20210101,2021,52,2021,276,DEU,Germany,M,Import,328,GUY,Guyana,0,W00,World,H5,HS,TRUE,260200,"Manganese ores and concentrates, including ferruginous manganese ores and concentrates with a manganese content of 20% or more, calculated on the dry weight",6,TRUE,C00,TOTAL CPC,0,0,TOTAL MOT,8,kg,71400,FALSE,8,kg,71400,FALSE,71400,FALSE,0,FALSE,41688.792,0,41688.792,0,FALSE,TRUE
C,A,20210101,2021,52,2021,276,DEU,Germany,M,Import,380,ITA,Italy,0,W00,World,H5,HS,TRUE,260200,"Manganese ores and concentrates, including ferruginous manganese ores and concentrates with a manganese content of 20% or more, calculated on the dry weight",6,TRUE,C00,TOTAL CPC,0,0,TOTAL MOT,8,kg,12386,FALSE,8,kg,12386,FALSE,12386,FALSE,0,FALSE,6728.493,0,6728.493,0,FALSE,TRUE
C,A,20210101,2021,52,2021,276,DEU,Germany,M,Import,384,CIV,Côte d'Ivoire,0,W00,World,H5,HS,TRUE,260200,"Manganese ores and concentrates, including ferruginous manganese ores and concentrates with a manganese content of 20% or more, calculated on the dry weight",6,TRUE,C00,TOTAL CPC,0,0,TOTAL MOT,8,kg,2400,FALSE,8,kg,2400,FALSE,2400,FALSE,0,FALSE,2408.938,0,2408.938,0,FALSE,TRUE
C,A,20210101,2021,52,2021,276,DEU,Germany,M,Import,504,MAR,Morocco,0,W00,World,H5,HS,TRUE,260200,"Manganese ores and concentrates, including ferruginous manganese ores and concentrates with a manganese content of 20% or more, calculated on the dry weight",6,TRUE,C00,TOTAL CPC,0,0,TOTAL MOT,8,kg,2999599,FALSE,8,kg,2999599,FALSE,2999599,FALSE,0,FALSE,1697328.023,0,1697328.023,0,FALSE,TRUE
C,A,20210101,2021,52,2021,276,DEU,Germany,M,Import,528,NLD,Netherlands,0,W00,World,H5,HS,TRUE,260200,"Manganese ores and concentrates, including ferruginous manganese ores and concentrates with a manganese content of 20% or more, calculated on the dry weight",6,TRUE,C00,TOTAL CPC,0,0,TOTAL MOT,8,kg,9559022,FALSE,8,kg,9559022,FALSE,9559022,FALSE,0,FALSE,5166205.326,0,5166205.326,0,FALSE,TRUE
C,A,20210101,2021,52,2021,276,DEU,Germany,M,Import,699,IND,India,0,W00,World,H5,HS,TRUE,260200,"Manganese ores and concentrates, including ferruginous manganese ores and concentrates with a manganese content of 20% or more, calculated on the dry weight",6,TRUE,C00,TOTAL CPC,0,0,TOTAL MOT,8,kg,33359,FALSE,8,kg,33359,FALSE,33359,FALSE,0,FALSE,39454.62,0,39454.62,0,FALSE,TRUE
C,A,20210101,2021,52,2021,276,DEU,Germany,M,Import,710,ZAF,South Africa,0,W00,World,H5,HS,TRUE,260200,"Manganese ores and concentrates, including ferruginous manganese ores and concentrates with a manganese content of 20% or more, calculated on the dry weight",6,TRUE,C00,TOTAL CPC,0,0,TOTAL MOT,8,kg,830585.613,TRUE,-1,N/A,0,FALSE,830585.613,TRUE,0,FALSE,367706.62,0,367706.62,6,FALSE,TRUE
C,A,20210101,2021,52,2021,276,DEU,Germany,M,Import,724,ESP,Spain,0,W00,World,H5,HS,TRUE,260200,"Manganese ores and concentrates, including ferruginous manganese ores and concentrates with a manganese content of 20% or more, calculated on the dry weight",6,TRUE,C00,TOTAL CPC,0,0,TOTAL MOT,8,kg,360000,FALSE,8,kg,360000,FALSE,360000,FALSE,0,FALSE,246561.854,0,246561.854,0,FALSE,TRUE
C,A,20210101,2021,52,2021,276,DEU,Germany,M,Import,792,TUR,Türkiye,0,W00,World,H5,HS,TRUE,260200,"Manganese ores and concentrates, including ferruginous manganese ores and concentrates with a manganese content of 20% or more, calculated on the dry weight",6,TRUE,C00,TOTAL CPC,0,0,TOTAL MOT,8,kg,400200,FALSE,8,kg,400200,FALSE,400200,FALSE,0,FALSE,147683.229,0,147683.229,0,FALSE,TRUE
C,A,20210101,2021,52,2021,276,DEU,Germany,M,Import,842,USA,USA,0,W00,World,H5,HS,TRUE,260200,"Manganese ores and concentrates, including ferruginous manganese ores and concentrates with a manganese content of 20% or more, calculated on the dry weight",6,TRUE,C00,TOTAL CPC,0,0,TOTAL MOT,8,kg,113136.605,TRUE,-1,N/A,0,FALSE,113136.605,TRUE,0,FALSE,492460.069,0,492460.069,6,FALSE,TRUE
C,A,20210101,2021,52,2021,276,DEU,Germany,M,Import,0,W00,World,0,W00,World,H5,HS,TRUE,261610,Silver ores and concentrates,6,TRUE,C00,TOTAL CPC,0,0,TOTAL MOT,8,kg,12653552.64,TRUE,-1,N/A,0,FALSE,12653552.64,TRUE,0,FALSE,117268429.9,0,117268429.9,6,FALSE,TRUE
C,A,20210101,2021,52,2021,276,DEU,Germany,M,Import,32,ARG,Argentina,0,W00,World,H5,HS,TRUE,261610,Silver ores and concentrates,6,TRUE,C00,TOTAL CPC,0,0,TOTAL MOT,8,kg,4156549,FALSE,8,kg,4156549,FALSE,4156549,FALSE,0,FALSE,35281174.49,0,35281174.49,0,FALSE,TRUE
C,A,20210101,2021,52,2021,276,DEU,Germany,M,Import,68,BOL,Bolivia (Plurinational State of),0,W00,World,H5,HS,TRUE,261610,Silver ores and concentrates,6,TRUE,C00,TOTAL CPC,0,0,TOTAL MOT,8,kg,1929871,FALSE,8,kg,1929871,FALSE,1929871,FALSE,0,FALSE,8087259.505,0,8087259.505,0,FALSE,TRUE
C,A,20210101,2021,52,2021,276,DEU,Germany,M,Import,124,CAN,Canada,0,W00,World,H5,HS,TRUE,261610,Silver ores and concentrates,6,TRUE,C00,TOTAL CPC,0,0,TOTAL MOT,8,kg,1576,FALSE,8,kg,1576,FALSE,1576,FALSE,0,FALSE,886059.226,0,886059.226,0,FALSE,TRUE
C,A,20210101,2021,52,2021,276,DEU,Germany,M,Import,484,MEX,Mexico,0,W00,World,H5,HS,TRUE,261610,Silver ores and concentrates,6,TRUE,C00,TOTAL CPC,0,0,TOTAL MOT,8,kg,1057220,FALSE,8,kg,1057220,FALSE,1057220,FALSE,0,FALSE,26938277.11,0,26938277.11,0,FALSE,TRUE
C,A,20210101,2021,52,2021,276,DEU,Germany,M,Import,504,MAR,Morocco,0,W00,World,H5,HS,TRUE,261610,Silver ores and concentrates,6,TRUE,C00,TOTAL CPC,0,0,TOTAL MOT,8,kg,2.637,TRUE,-1,N/A,0,FALSE,2.637,TRUE,0,FALSE,128.713,0,128.713,6,FALSE,TRUE
C,A,20210101,2021,52,2021,276,DEU,Germany,M,Import,604,PER,Peru,0,W00,World,H5,HS,TRUE,261610,Silver ores and concentrates,6,TRUE,C00,TOTAL CPC,0,0,TOTAL MOT,8,kg,5034090,FALSE,8,kg,5034090,FALSE,5034090,FALSE,0,FALSE,40359816.12,0,40359816.12,0,FALSE,TRUE
C,A,20210101,2021,52,2021,276,DEU,Germany,M,Import,643,RUS,Russian Federation,0,W00,World,H5,HS,TRUE,261610,Silver ores and concentrates,6,TRUE,C00,TOTAL CPC,0,0,TOTAL MOT,8,kg,105181,FALSE,8,kg,105181,FALSE,105181,FALSE,0,FALSE,1404488.587,0,1404488.587,0,FALSE,TRUE
C,A,20210101,2021,52,2021,276,DEU,Germany,M,Import,702,SGP,Singapore,0,W00,World,H5,HS,TRUE,261610,Silver ores and concentrates,6,TRUE,C00,TOTAL CPC,0,0,TOTAL MOT,8,kg,369062,FALSE,8,kg,369062,FALSE,369062,FALSE,0,FALSE,4311171.8,0,4311171.8,0,FALSE,TRUE
C,A,20210101,2021,52,2021,276,DEU,Germany,M,Import,842,USA,USA,0,W00,World,H5,HS,TRUE,261610,Silver ores and concentrates,6,TRUE,C00,TOTAL CPC,0,0,TOTAL MOT,8,kg,1,FALSE,8,kg,1,FALSE,1,FALSE,0,FALSE,54.319,0,54.319,0,FALSE,TRUE
C,A,20210101,2021,52,2021,276,DEU,Germany,M,Import,0,W00,World,0,W00,World,H5,HS,TRUE,261710,Antimony ores and concentrates,6,TRUE,C00,TOTAL CPC,0,0,TOTAL MOT,8,kg,17.833,TRUE,-1,N/A,0,FALSE,17.833,TRUE,0,FALSE,5547.642,0,5547.642,6,FALSE,TRUE
C,A,20210101,2021,52,2021,276,DEU,Germany,M,Import,842,USA,USA,0,W00,World,H5,HS,TRUE,261710,Antimony ores and concentrates,6,TRUE,C00,TOTAL CPC,0,0,TOTAL MOT,8,kg,17.833,TRUE,-1,N/A,0,FALSE,17.833,TRUE,0,FALSE,5547.642,0,5547.642,6,FALSE,TRUE
C,A,20210101,2021,52,2021,276,DEU,Germany,M,Import,0,W00,World,0,W00,World,H5,HS,TRUE,271111,"Petroleum gases and other gaseous hydrocarbons; liquefied, natural gas",6,TRUE,C00,TOTAL CPC,0,0,TOTAL MOT,8,kg,132464100,FALSE,18,TJ,7026,FALSE,132464100,FALSE,0,FALSE,101185097.4,0,101185097.4,0,FALSE,TRUE
C,A,20210101,2021,52,2021,276,DEU,Germany,M,Import,839,XX ,Special Categories,0,W00,World,H5,HS,TRUE,271111,"Petroleum gases and other gaseous hydrocarbons; liquefied, natural gas",6,TRUE,C00,TOTAL CPC,0,0,TOTAL MOT,8,kg,132464100,FALSE,18,TJ,7026,FALSE,132464100,FALSE,0,FALSE,101185097.4,0,101185097.4,0,FALSE,TRUE
C,A,20210101,2021,52,2021,276,DEU,Germany,M,Import,0,W00,World,0,W00,World,H5,HS,TRUE,2824,Lead oxides; red lead and orange lead,4,FALSE,C00,TOTAL CPC,0,0,TOTAL MOT,8,kg,1764186.905,TRUE,-1,N/A,0,FALSE,1764186.905,TRUE,0,FALSE,4618735.276,0,4618735.276,6,FALSE,TRUE
C,A,20210101,2021,52,2021,276,DEU,Germany,M,Import,36,AUS,Australia,0,W00,World,H5,HS,TRUE,2824,Lead oxides; red lead and orange lead,4,FALSE,C00,TOTAL CPC,0,0,TOTAL MOT,8,kg,80,FALSE,8,kg,80,FALSE,80,FALSE,0,FALSE,1415.841,0,1415.841,0,FALSE,TRUE
C,A,20210101,2021,52,2021,276,DEU,Germany,M,Import,56,BEL,Belgium,0,W00,World,H5,HS,TRUE,2824,Lead oxides; red lead and orange lead,4,FALSE,C00,TOTAL CPC,0,0,TOTAL MOT,8,kg,368.423,TRUE,-1,N/A,0,FALSE,368.423,TRUE,0,FALSE,899.809,0,899.809,6,FALSE,TRUE
C,A,20210101,2021,52,2021,276,DEU,Germany,M,Import,156,CHN,China,0,W00,World,H5,HS,TRUE,2824,Lead oxides; red lead and orange lead,4,FALSE,C00,TOTAL CPC,0,0,TOTAL MOT,8,kg,69.485,TRUE,-1,N/A,0,FALSE,69.485,TRUE,0,FALSE,2138.523,0,2138.523,6,FALSE,TRUE
C,A,20210101,2021,52,2021,276,DEU,Germany,M,Import,251,FRA,France,0,W00,World,H5,HS,TRUE,2824,Lead oxides; red lead and orange lead,4,FALSE,C00,TOTAL CPC,0,0,TOTAL MOT,8,kg,14000,FALSE,8,kg,14000,FALSE,14000,FALSE,0,FALSE,38650.46,0,38650.46,0,FALSE,TRUE
C,A,20210101,2021,52,2021,276,DEU,Germany,M,Import,380,ITA,Italy,0,W00,World,H5,HS,TRUE,2824,Lead oxides; red lead and orange lead,4,FALSE,C00,TOTAL CPC,0,0,TOTAL MOT,8,kg,1289042,FALSE,8,kg,1289042,FALSE,1289042,FALSE,0,FALSE,3252795.596,0,3252795.596,0,FALSE,TRUE
C,A,20210101,2021,52,2021,276,DEU,Germany,M,Import,392,JPN,Japan,0,W00,World,H5,HS,TRUE,2824,Lead oxides; red lead and orange lead,4,FALSE,C00,TOTAL CPC,0,0,TOTAL MOT,8,kg,18000,FALSE,8,kg,18000,FALSE,18000,FALSE,0,FALSE,101315.903,0,101315.903,0,FALSE,TRUE
C,A,20210101,2021,52,2021,276,DEU,Germany,M,Import,410,KOR,Rep. of Korea,0,W00,World,H5,HS,TRUE,2824,Lead oxides; red lead and orange lead,4,FALSE,C00,TOTAL CPC,0,0,TOTAL MOT,8,kg,18000,FALSE,8,kg,18000,FALSE,18000,FALSE,0,FALSE,54813.959,0,54813.959,0,FALSE,TRUE
C,A,20210101,2021,52,2021,276,DEU,Germany,M,Import,579,NOR,Norway,0,W00,World,H5,HS,TRUE,2824,Lead oxides; red lead and orange lead,4,FALSE,C00,TOTAL CPC,0,0,TOTAL MOT,8,kg,690,FALSE,8,kg,690,FALSE,690,FALSE,0,FALSE,1437.097,0,1437.097,0,FALSE,TRUE
C,A,20210101,2021,52,2021,276,DEU,Germany,M,Import,616,POL,Poland,0,W00,World,H5,HS,TRUE,2824,Lead oxides; red lead and orange lead,4,FALSE,C00,TOTAL CPC,0,0,TOTAL MOT,8,kg,151379,FALSE,8,kg,151379,FALSE,151379,FALSE,0,FALSE,376005.646,0,376005.646,0,FALSE,TRUE
C,A,20210101,2021,52,2021,276,DEU,Germany,M,Import,710,ZAF,South Africa,0,W00,World,H5,HS,TRUE,2824,Lead oxides; red lead and orange lead,4,FALSE,C00,TOTAL CPC,0,0,TOTAL MOT,8,kg,35600,FALSE,8,kg,35600,FALSE,35600,FALSE,0,FALSE,169255.03,0,169255.03,0,FALSE,TRUE
C,A,20210101,2021,52,2021,276,DEU,Germany,M,Import,724,ESP,Spain,0,W00,World,H5,HS,TRUE,2824,Lead oxides; red lead and orange lead,4,FALSE,C00,TOTAL CPC,0,0,TOTAL MOT,8,kg,230344,FALSE,8,kg,230344,FALSE,230344,FALSE,0,FALSE,530984.178,0,530984.178,0,FALSE,TRUE
C,A,20210101,2021,52,2021,276,DEU,Germany,M,Import,757,CHE,Switzerland,0,W00,World,H5,HS,TRUE,2824,Lead oxides; red lead and orange lead,4,FALSE,C00,TOTAL CPC,0,0,TOTAL MOT,8,kg,187,FALSE,8,kg,187,FALSE,187,FALSE,0,FALSE,6253.791,0,6253.791,0,FALSE,TRUE
C,A,20210101,2021,52,2021,276,DEU,Germany,M,Import,792,TUR,Türkiye,0,W00,World,H5,HS,TRUE,2824,Lead oxides; red lead and orange lead,4,FALSE,C00,TOTAL CPC,0,0,TOTAL MOT,8,kg,1559,FALSE,8,kg,1559,FALSE,1559,FALSE,0,FALSE,39970.652,0,39970.652,0,FALSE,TRUE
C,A,20210101,2021,52,2021,276,DEU,Germany,M,Import,826,GBR,United Kingdom,0,W00,World,H5,HS,TRUE,2824,Lead oxides; red lead and orange lead,4,FALSE,C00,TOTAL CPC,0,0,TOTAL MOT,8,kg,2532.522,TRUE,-1,N/A,0,FALSE,2532.522,TRUE,0,FALSE,3071.396,0,3071.396,6,FALSE,TRUE
C,A,20210101,2021,52,2021,276,DEU,Germany,M,Import,842,USA,USA,0,W00,World,H5,HS,TRUE,2824,Lead oxides; red lead and orange lead,4,FALSE,C00,TOTAL CPC,0,0,TOTAL MOT,8,kg,2335.474,TRUE,-1,N/A,0,FALSE,2335.474,TRUE,0,FALSE,39727.397,0,39727.397,6,FALSE,TRUE
C,A,20210101,2021,52,2021,276,DEU,Germany,M,Import,0,W00,World,0,W00,World,H5,HS,TRUE,7403,"Copper; refined and copper alloys, unwrought",4,FALSE,C00,TOTAL CPC,0,0,TOTAL MOT,8,kg,528454878.8,TRUE,-1,N/A,0,FALSE,528454878.8,TRUE,0,FALSE,4833779105,0,4833779105,6,FALSE,TRUE
C,A,20210101,2021,52,2021,276,DEU,Germany,M,Import,40,AUT,Austria,0,W00,World,H5,HS,TRUE,7403,"Copper; refined and copper alloys, unwrought",4,FALSE,C00,TOTAL CPC,0,0,TOTAL MOT,8,kg,29336573.03,TRUE,-1,N/A,0,FALSE,29336573.03,TRUE,0,FALSE,263258389.6,0,263258389.6,6,FALSE,TRUE
C,A,20210101,2021,52,2021,276,DEU,Germany,M,Import,56,BEL,Belgium,0,W00,World,H5,HS,TRUE,7403,"Copper; refined and copper alloys, unwrought",4,FALSE,C00,TOTAL CPC,0,0,TOTAL MOT,8,kg,88021903,FALSE,8,kg,88021903,FALSE,88021903,FALSE,0,FALSE,795858628.9,0,795858628.9,0,FALSE,TRUE
C,A,20210101,2021,52,2021,276,DEU,Germany,M,Import,70,BIH,Bosnia Herzegovina,0,W00,World,H5,HS,TRUE,7403,"Copper; refined and copper alloys, unwrought",4,FALSE,C00,TOTAL CPC,0,0,TOTAL MOT,8,kg,7364,FALSE,8,kg,7364,FALSE,7364,FALSE,0,FALSE,54687.608,0,54687.608,0,FALSE,TRUE
C,A,20210101,2021,52,2021,276,DEU,Germany,M,Import,76,BRA,Brazil,0,W00,World,H5,HS,TRUE,7403,"Copper; refined and copper alloys, unwrought",4,FALSE,C00,TOTAL CPC,0,0,TOTAL MOT,8,kg,3564704,FALSE,8,kg,3564704,FALSE,3564704,FALSE,0,FALSE,36600999.55,0,36600999.55,0,FALSE,TRUE
C,A,20210101,2021,52,2021,276,DEU,Germany,M,Import,100,BGR,Bulgaria,0,W00,World,H5,HS,TRUE,7403,"Copper; refined and copper alloys, unwrought",4,FALSE,C00,TOTAL CPC,0,0,TOTAL MOT,8,kg,843095,FALSE,8,kg,843095,FALSE,843095,FALSE,0,FALSE,7695184.828,0,7695184.828,0,FALSE,TRUE
C,A,20210101,2021,52,2021,276,DEU,Germany,M,Import,112,BLR,Belarus,0,W00,World,H5,HS,TRUE,7403,"Copper; refined and copper alloys, unwrought",4,FALSE,C00,TOTAL CPC,0,0,TOTAL MOT,8,kg,80870,FALSE,8,kg,80870,FALSE,80870,FALSE,0,FALSE,1358120.08,0,1358120.08,0,FALSE,TRUE
C,A,20210101,2021,52,2021,276,DEU,Germany,M,Import,152,CHL,Chile,0,W00,World,H5,HS,TRUE,7403,"Copper; refined and copper alloys, unwrought",4,FALSE,C00,TOTAL CPC,0,0,TOTAL MOT,8,kg,9416370,FALSE,8,kg,9416370,FALSE,9416370,FALSE,0,FALSE,78907780.48,0,78907780.48,0,FALSE,TRUE
C,A,20210101,2021,52,2021,276,DEU,Germany,M,Import,156,CHN,China,0,W00,World,H5,HS,TRUE,7403,"Copper; refined and copper alloys, unwrought",4,FALSE,C00,TOTAL CPC,0,0,TOTAL MOT,8,kg,432942.194,TRUE,-1,N/A,0,FALSE,432942.194,TRUE,0,FALSE,4383457.642,0,4383457.642,6,FALSE,TRUE
C,A,20210101,2021,52,2021,276,DEU,Germany,M,Import,178,COG,Congo,0,W00,World,H5,HS,TRUE,7403,"Copper; refined and copper alloys, unwrought",4,FALSE,C00,TOTAL CPC,0,0,TOTAL MOT,8,kg,1936841,FALSE,8,kg,1936841,FALSE,1936841,FALSE,0,FALSE,22107806.84,0,22107806.84,0,FALSE,TRUE
C,A,20210101,2021,52,2021,276,DEU,Germany,M,Import,180,COD,Dem. Rep. of the Congo,0,W00,World,H5,HS,TRUE,7403,"Copper; refined and copper alloys, unwrought",4,FALSE,C00,TOTAL CPC,0,0,TOTAL MOT,8,kg,12769266,FALSE,8,kg,12769266,FALSE,12769266,FALSE,0,FALSE,117081974.6,0,117081974.6,0,FALSE,TRUE
C,A,20210101,2021,52,2021,276,DEU,Germany,M,Import,191,HRV,Croatia,0,W00,World,H5,HS,TRUE,7403,"Copper; refined and copper alloys, unwrought",4,FALSE,C00,TOTAL CPC,0,0,TOTAL MOT,8,kg,7338,FALSE,8,kg,7338,FALSE,7338,FALSE,0,FALSE,63247.603,0,63247.603,0,FALSE,TRUE
C,A,20210101,2021,52,2021,276,DEU,Germany,M,Import,203,CZE,Czechia,0,W00,World,H5,HS,TRUE,7403,"Copper; refined and copper alloys, unwrought",4,FALSE,C00,TOTAL CPC,0,0,TOTAL MOT,8,kg,193654.703,TRUE,-1,N/A,0,FALSE,193654.703,TRUE,0,FALSE,1567959.805,0,1567959.805,6,FALSE,TRUE
C,A,20210101,2021,52,2021,276,DEU,Germany,M,Import,208,DNK,Denmark,0,W00,World,H5,HS,TRUE,7403,"Copper; refined and copper alloys, unwrought",4,FALSE,C00,TOTAL CPC,0,0,TOTAL MOT,8,kg,262433,FALSE,8,kg,262433,FALSE,262433,FALSE,0,FALSE,798723.427,0,798723.427,0,FALSE,TRUE
C,A,20210101,2021,52,2021,276,DEU,Germany,M,Import,246,FIN,Finland,0,W00,World,H5,HS,TRUE,7403,"Copper; refined and copper alloys, unwrought",4,FALSE,C00,TOTAL CPC,0,0,TOTAL MOT,8,kg,56520676,FALSE,8,kg,56520676,FALSE,56520676,FALSE,0,FALSE,537374688.9,0,537374688.9,0,FALSE,TRUE
C,A,20210101,2021,52,2021,276,DEU,Germany,M,Import,251,FRA,France,0,W00,World,H5,HS,TRUE,7403,"Copper; refined and copper alloys, unwrought",4,FALSE,C00,TOTAL CPC,0,0,TOTAL MOT,8,kg,11649140.8,TRUE,-1,N/A,0,FALSE,11649140.8,TRUE,0,FALSE,90306864,0,90306864,6,FALSE,TRUE
C,A,20210101,2021,52,2021,276,DEU,Germany,M,Import,300,GRC,Greece,0,W00,World,H5,HS,TRUE,7403,"Copper; refined and copper alloys, unwrought",4,FALSE,C00,TOTAL CPC,0,0,TOTAL MOT,8,kg,67227,FALSE,8,kg,67227,FALSE,67227,FALSE,0,FALSE,582027.677,0,582027.677,0,FALSE,TRUE
C,A,20210101,2021,52,2021,276,DEU,Germany,M,Import,344,HKG,"China, Hong Kong SAR",0,W00,World,H5,HS,TRUE,7403,"Copper; refined and copper alloys, unwrought",4,FALSE,C00,TOTAL CPC,0,0,TOTAL MOT,8,kg,143.028,TRUE,-1,N/A,0,FALSE,143.028,TRUE,0,FALSE,3645.289,0,3645.289,6,FALSE,TRUE
C,A,20210101,2021,52,2021,276,DEU,Germany,M,Import,348,HUN,Hungary,0,W00,World,H5,HS,TRUE,7403,"Copper; refined and copper alloys, unwrought",4,FALSE,C00,TOTAL CPC,0,0,TOTAL MOT,8,kg,119086.289,TRUE,-1,N/A,0,FALSE,119086.289,TRUE,0,FALSE,1131208.781,0,1131208.781,6,FALSE,TRUE
C,A,20210101,2021,52,2021,276,DEU,Germany,M,Import,360,IDN,Indonesia,0,W00,World,H5,HS,TRUE,7403,"Copper; refined and copper alloys, unwrought",4,FALSE,C00,TOTAL CPC,0,0,TOTAL MOT,8,kg,4,FALSE,8,kg,4,FALSE,4,FALSE,0,FALSE,322.373,0,322.373,0,FALSE,TRUE
C,A,20210101,2021,52,2021,276,DEU,Germany,M,Import,364,IRN,Iran,0,W00,World,H5,HS,TRUE,7403,"Copper; refined and copper alloys, unwrought",4,FALSE,C00,TOTAL CPC,0,0,TOTAL MOT,8,kg,25930,FALSE,8,kg,25930,FALSE,25930,FALSE,0,FALSE,189164.191,0,189164.191,0,FALSE,TRUE
C,A,20210101,2021,52,2021,276,DEU,Germany,M,Import,372,IRL,Ireland,0,W00,World,H5,HS,TRUE,7403,"Copper; refined and copper alloys, unwrought",4,FALSE,C00,TOTAL CPC,0,0,TOTAL MOT,8,kg,1111,FALSE,8,kg,1111,FALSE,1111,FALSE,0,FALSE,75503.663,0,75503.663,0,FALSE,TRUE
C,A,20210101,2021,52,2021,276,DEU,Germany,M,Import,376,ISR,Israel,0,W00,World,H5,HS,TRUE,7403,"Copper; refined and copper alloys, unwrought",4,FALSE,C00,TOTAL CPC,0,0,TOTAL MOT,8,kg,34547,FALSE,8,kg,34547,FALSE,34547,FALSE,0,FALSE,273606.902,0,273606.902,0,FALSE,TRUE
C,A,20210101,2021,52,2021,276,DEU,Germany,M,Import,380,ITA,Italy,0,W00,World,H5,HS,TRUE,7403,"Copper; refined and copper alloys, unwrought",4,FALSE,C00,TOTAL CPC,0,0,TOTAL MOT,8,kg,6595901.727,TRUE,-1,N/A,0,FALSE,6595901.727,TRUE,0,FALSE,64064658.88,0,64064658.88,6,FALSE,TRUE
C,A,20210101,2021,52,2021,276,DEU,Germany,M,Import,392,JPN,Japan,0,W00,World,H5,HS,TRUE,7403,"Copper; refined and copper alloys, unwrought",4,FALSE,C00,TOTAL CPC,0,0,TOTAL MOT,8,kg,526771.29,TRUE,-1,N/A,0,FALSE,526771.29,TRUE,0,FALSE,5253306.135,0,5253306.135,6,FALSE,TRUE
C,A,20210101,2021,52,2021,276,DEU,Germany,M,Import,398,KAZ,Kazakhstan,0,W00,World,H5,HS,TRUE,7403,"Copper; refined and copper alloys, unwrought",4,FALSE,C00,TOTAL CPC,0,0,TOTAL MOT,8,kg,3454947,FALSE,8,kg,3454947,FALSE,3454947,FALSE,0,FALSE,33193605.66,0,33193605.66,0,FALSE,TRUE
C,A,20210101,2021,52,2021,276,DEU,Germany,M,Import,410,KOR,Rep. of Korea,0,W00,World,H5,HS,TRUE,7403,"Copper; refined and copper alloys, unwrought",4,FALSE,C00,TOTAL CPC,0,0,TOTAL MOT,8,kg,4923,FALSE,8,kg,4923,FALSE,4923,FALSE,0,FALSE,63886.444,0,63886.444,0,FALSE,TRUE
C,A,20210101,2021,52,2021,276,DEU,Germany,M,Import,428,LVA,Latvia,0,W00,World,H5,HS,TRUE,7403,"Copper; refined and copper alloys, unwrought",4,FALSE,C00,TOTAL CPC,0,0,TOTAL MOT,8,kg,50247,FALSE,8,kg,50247,FALSE,50247,FALSE,0,FALSE,461839.401,0,461839.401,0,FALSE,TRUE
C,A,20210101,2021,52,2021,276,DEU,Germany,M,Import,440,LTU,Lithuania,0,W00,World,H5,HS,TRUE,7403,"Copper; refined and copper alloys, unwrought",4,FALSE,C00,TOTAL CPC,0,0,TOTAL MOT,8,kg,261624,FALSE,8,kg,261624,FALSE,261624,FALSE,0,FALSE,2834706.754,0,2834706.754,0,FALSE,TRUE
C,A,20210101,2021,52,2021,276,DEU,Germany,M,Import,442,LUX,Luxembourg,0,W00,World,H5,HS,TRUE,7403,"Copper; refined and copper alloys, unwrought",4,FALSE,C00,TOTAL CPC,0,0,TOTAL MOT,8,kg,5144063,FALSE,8,kg,5144063,FALSE,5144063,FALSE,0,FALSE,41567331.54,0,41567331.54,0,FALSE,TRUE
C,A,20210101,2021,52,2021,276,DEU,Germany,M,Import,470,MLT,Malta,0,W00,World,H5,HS,TRUE,7403,"Copper; refined and copper alloys, unwrought",4,FALSE,C00,TOTAL CPC,0,0,TOTAL MOT,8,kg,37638,FALSE,8,kg,37638,FALSE,37638,FALSE,0,FALSE,225449.405,0,225449.405,0,FALSE,TRUE
C,A,20210101,2021,52,2021,276,DEU,Germany,M,Import,484,MEX,Mexico,0,W00,World,H5,HS,TRUE,7403,"Copper; refined and copper alloys, unwrought",4,FALSE,C00,TOTAL CPC,0,0,TOTAL MOT,8,kg,4000,FALSE,8,kg,4000,FALSE,4000,FALSE,0,FALSE,11584.156,0,11584.156,0,FALSE,TRUE
C,A,20210101,2021,52,2021,276,DEU,Germany,M,Import,490,S19,"Other Asia, nes",0,W00,World,H5,HS,TRUE,7403,"Copper; refined and copper alloys, unwrought",4,FALSE,C00,TOTAL CPC,0,0,TOTAL MOT,8,kg,128102,FALSE,8,kg,128102,FALSE,128102,FALSE,0,FALSE,916489.776,0,916489.776,0,FALSE,TRUE
C,A,20210101,2021,52,2021,276,DEU,Germany,M,Import,508,MOZ,Mozambique,0,W00,World,H5,HS,TRUE,7403,"Copper; refined and copper alloys, unwrought",4,FALSE,C00,TOTAL CPC,0,0,TOTAL MOT,8,kg,24377,FALSE,8,kg,24377,FALSE,24377,FALSE,0,FALSE,81744.465,0,81744.465,0,FALSE,TRUE
C,A,20210101,2021,52,2021,276,DEU,Germany,M,Import,528,NLD,Netherlands,0,W00,World,H5,HS,TRUE,7403,"Copper; refined and copper alloys, unwrought",4,FALSE,C00,TOTAL CPC,0,0,TOTAL MOT,8,kg,17880067.17,TRUE,-1,N/A,0,FALSE,17880067.17,TRUE,0,FALSE,166966299.1,0,166966299.1,6,FALSE,TRUE
C,A,20210101,2021,52,2021,276,DEU,Germany,M,Import,579,NOR,Norway,0,W00,World,H5,HS,TRUE,7403,"Copper; refined and copper alloys, unwrought",4,FALSE,C00,TOTAL CPC,0,0,TOTAL MOT,8,kg,4551466,FALSE,8,kg,4551466,FALSE,4551466,FALSE,0,FALSE,39687351.73,0,39687351.73,0,FALSE,TRUE
C,A,20210101,2021,52,2021,276,DEU,Germany,M,Import,616,POL,Poland,0,W00,World,H5,HS,TRUE,7403,"Copper; refined and copper alloys, unwrought",4,FALSE,C00,TOTAL CPC,0,0,TOTAL MOT,8,kg,84609699,FALSE,8,kg,84609699,FALSE,84609699,FALSE,0,FALSE,785802378.2,0,785802378.2,0,FALSE,TRUE
C,A,20210101,2021,52,2021,276,DEU,Germany,M,Import,620,PRT,Portugal,0,W00,World,H5,HS,TRUE,7403,"Copper; refined and copper alloys, unwrought",4,FALSE,C00,TOTAL CPC,0,0,TOTAL MOT,8,kg,1312398,FALSE,8,kg,1312398,FALSE,1312398,FALSE,0,FALSE,11261537.9,0,11261537.9,0,FALSE,TRUE
C,A,20210101,2021,52,2021,276,DEU,Germany,M,Import,642,ROU,Romania,0,W00,World,H5,HS,TRUE,7403,"Copper; refined and copper alloys, unwrought",4,FALSE,C00,TOTAL CPC,0,0,TOTAL MOT,8,kg,37740,FALSE,8,kg,37740,FALSE,37740,FALSE,0,FALSE,374097.39,0,374097.39,0,FALSE,TRUE
C,A,20210101,2021,52,2021,276,DEU,Germany,M,Import,643,RUS,Russian Federation,0,W00,World,H5,HS,TRUE,7403,"Copper; refined and copper alloys, unwrought",4,FALSE,C00,TOTAL CPC,0,0,TOTAL MOT,8,kg,87964810.39,TRUE,-1,N/A,0,FALSE,87964810.39,TRUE,0,FALSE,786501814.4,0,786501814.4,6,FALSE,TRUE
C,A,20210101,2021,52,2021,276,DEU,Germany,M,Import,688,SRB,Serbia,0,W00,World,H5,HS,TRUE,7403,"Copper; refined and copper alloys, unwrought",4,FALSE,C00,TOTAL CPC,0,0,TOTAL MOT,8,kg,23505,FALSE,8,kg,23505,FALSE,23505,FALSE,0,FALSE,213720.004,0,213720.004,0,FALSE,TRUE
C,A,20210101,2021,52,2021,276,DEU,Germany,M,Import,699,IND,India,0,W00,World,H5,HS,TRUE,7403,"Copper; refined and copper alloys, unwrought",4,FALSE,C00,TOTAL CPC,0,0,TOTAL MOT,8,kg,102399.66,TRUE,-1,N/A,0,FALSE,102399.66,TRUE,0,FALSE,725887.308,0,725887.308,6,FALSE,TRUE
C,A,20210101,2021,52,2021,276,DEU,Germany,M,Import,703,SVK,Slovakia,0,W00,World,H5,HS,TRUE,7403,"Copper; refined and copper alloys, unwrought",4,FALSE,C00,TOTAL CPC,0,0,TOTAL MOT,8,kg,4645,FALSE,8,kg,4645,FALSE,4645,FALSE,0,FALSE,54862.374,0,54862.374,0,FALSE,TRUE
C,A,20210101,2021,52,2021,276,DEU,Germany,M,Import,710,ZAF,South Africa,0,W00,World,H5,HS,TRUE,7403,"Copper; refined and copper alloys, unwrought",4,FALSE,C00,TOTAL CPC,0,0,TOTAL MOT,8,kg,903809,FALSE,8,kg,903809,FALSE,903809,FALSE,0,FALSE,7105826.423,0,7105826.423,0,FALSE,TRUE
C,A,20210101,2021,52,2021,276,DEU,Germany,M,Import,724,ESP,Spain,0,W00,World,H5,HS,TRUE,7403,"Copper; refined and copper alloys, unwrought",4,FALSE,C00,TOTAL CPC,0,0,TOTAL MOT,8,kg,16490006,FALSE,8,kg,16490006,FALSE,16490006,FALSE,0,FALSE,136716109.4,0,136716109.4,0,FALSE,TRUE
C,A,20210101,2021,52,2021,276,DEU,Germany,M,Import,752,SWE,Sweden,0,W00,World,H5,HS,TRUE,7403,"Copper; refined and copper alloys, unwrought",4,FALSE,C00,TOTAL CPC,0,0,TOTAL MOT,8,kg,77111727,FALSE,8,kg,77111727,FALSE,77111727,FALSE,0,FALSE,732128316.4,0,732128316.4,0,FALSE,TRUE
C,A,20210101,2021,52,2021,276,DEU,Germany,M,Import,757,CHE,Switzerland,0,W00,World,H5,HS,TRUE,7403,"Copper; refined and copper alloys, unwrought",4,FALSE,C00,TOTAL CPC,0,0,TOTAL MOT,8,kg,923637.616,TRUE,-1,N/A,0,FALSE,923637.616,TRUE,0,FALSE,10414991.16,0,10414991.16,6,FALSE,TRUE
C,A,20210101,2021,52,2021,276,DEU,Germany,M,Import,764,THA,Thailand,0,W00,World,H5,HS,TRUE,7403,"Copper; refined and copper alloys, unwrought",4,FALSE,C00,TOTAL CPC,0,0,TOTAL MOT,8,kg,1578,FALSE,8,kg,1578,FALSE,1578,FALSE,0,FALSE,1642136.191,0,1642136.191,0,FALSE,TRUE
C,A,20210101,2021,52,2021,276,DEU,Germany,M,Import,784,ARE,United Arab Emirates,0,W00,World,H5,HS,TRUE,7403,"Copper; refined and copper alloys, unwrought",4,FALSE,C00,TOTAL CPC,0,0,TOTAL MOT,8,kg,23000,FALSE,8,kg,23000,FALSE,23000,FALSE,0,FALSE,161597.206,0,161597.206,0,FALSE,TRUE
C,A,20210101,2021,52,2021,276,DEU,Germany,M,Import,788,TUN,Tunisia,0,W00,World,H5,HS,TRUE,7403,"Copper; refined and copper alloys, unwrought",4,FALSE,C00,TOTAL CPC,0,0,TOTAL MOT,8,kg,180,FALSE,8,kg,180,FALSE,180,FALSE,0,FALSE,11696.337,0,11696.337,0,FALSE,TRUE
C,A,20210101,2021,52,2021,276,DEU,Germany,M,Import,792,TUR,Türkiye,0,W00,World,H5,HS,TRUE,7403,"Copper; refined and copper alloys, unwrought",4,FALSE,C00,TOTAL CPC,0,0,TOTAL MOT,8,kg,205386.888,TRUE,-1,N/A,0,FALSE,205386.888,TRUE,0,FALSE,1711004.648,0,1711004.648,6,FALSE,TRUE
C,A,20210101,2021,52,2021,276,DEU,Germany,M,Import,804,UKR,Ukraine,0,W00,World,H5,HS,TRUE,7403,"Copper; refined and copper alloys, unwrought",4,FALSE,C00,TOTAL CPC,0,0,TOTAL MOT,8,kg,63199,FALSE,8,kg,63199,FALSE,63199,FALSE,0,FALSE,586786.51,0,586786.51,0,FALSE,TRUE
C,A,20210101,2021,52,2021,276,DEU,Germany,M,Import,826,GBR,United Kingdom,0,W00,World,H5,HS,TRUE,7403,"Copper; refined and copper alloys, unwrought",4,FALSE,C00,TOTAL CPC,0,0,TOTAL MOT,8,kg,1750675.969,TRUE,-1,N/A,0,FALSE,1750675.969,TRUE,0,FALSE,14699089.57,0,14699089.57,6,FALSE,TRUE
C,A,20210101,2021,52,2021,276,DEU,Germany,M,Import,842,USA,USA,0,W00,World,H5,HS,TRUE,7403,"Copper; refined and copper alloys, unwrought",4,FALSE,C00,TOTAL CPC,0,0,TOTAL MOT,8,kg,570551.104,TRUE,-1,N/A,0,FALSE,570551.104,TRUE,0,FALSE,6100765.677,0,6100765.677,6,FALSE,TRUE
C,A,20210101,2021,52,2021,276,DEU,Germany,M,Import,894,ZMB,Zambia,0,W00,World,H5,HS,TRUE,7403,"Copper; refined and copper alloys, unwrought",4,FALSE,C00,TOTAL CPC,0,0,TOTAL MOT,8,kg,2400585,FALSE,8,kg,2400585,FALSE,2400585,FALSE,0,FALSE,22564241.48,0,22564241.48,0,FALSE,TRUE
C,A,20210101,2021,52,2021,276,DEU,Germany,M,Import,0,W00,World,0,W00,World,H5,HS,TRUE,7502,Nickel; unwrought,4,FALSE,C00,TOTAL CPC,0,0,TOTAL MOT,8,kg,61731859.44,TRUE,-1,N/A,0,FALSE,61731859.44,TRUE,0,FALSE,1116883772,0,1116883772,6,FALSE,TRUE
C,A,20210101,2021,52,2021,276,DEU,Germany,M,Import,36,AUS,Australia,0,W00,World,H5,HS,TRUE,7502,Nickel; unwrought,4,FALSE,C00,TOTAL CPC,0,0,TOTAL MOT,8,kg,3943338,FALSE,8,kg,3943338,FALSE,3943338,FALSE,0,FALSE,72631373.73,0,72631373.73,0,FALSE,TRUE
C,A,20210101,2021,52,2021,276,DEU,Germany,M,Import,40,AUT,Austria,0,W00,World,H5,HS,TRUE,7502,Nickel; unwrought,4,FALSE,C00,TOTAL CPC,0,0,TOTAL MOT,8,kg,267939,FALSE,8,kg,267939,FALSE,267939,FALSE,0,FALSE,5032838.744,0,5032838.744,0,FALSE,TRUE
C,A,20210101,2021,52,2021,276,DEU,Germany,M,Import,56,BEL,Belgium,0,W00,World,H5,HS,TRUE,7502,Nickel; unwrought,4,FALSE,C00,TOTAL CPC,0,0,TOTAL MOT,8,kg,412650,FALSE,8,kg,412650,FALSE,412650,FALSE,0,FALSE,8222606.376,0,8222606.376,0,FALSE,TRUE
C,A,20210101,2021,52,2021,276,DEU,Germany,M,Import,124,CAN,Canada,0,W00,World,H5,HS,TRUE,7502,Nickel; unwrought,4,FALSE,C00,TOTAL CPC,0,0,TOTAL MOT,8,kg,3936411,FALSE,8,kg,3936411,FALSE,3936411,FALSE,0,FALSE,70215587.14,0,70215587.14,0,FALSE,TRUE
C,A,20210101,2021,52,2021,276,DEU,Germany,M,Import,156,CHN,China,0,W00,World,H5,HS,TRUE,7502,Nickel; unwrought,4,FALSE,C00,TOTAL CPC,0,0,TOTAL MOT,8,kg,109461,FALSE,8,kg,109461,FALSE,109461,FALSE,0,FALSE,2065440.855,0,2065440.855,0,FALSE,TRUE
C,A,20210101,2021,52,2021,276,DEU,Germany,M,Import,203,CZE,Czechia,0,W00,World,H5,HS,TRUE,7502,Nickel; unwrought,4,FALSE,C00,TOTAL CPC,0,0,TOTAL MOT,8,kg,61958,FALSE,8,kg,61958,FALSE,61958,FALSE,0,FALSE,1089050.01,0,1089050.01,0,FALSE,TRUE
C,A,20210101,2021,52,2021,276,DEU,Germany,M,Import,208,DNK,Denmark,0,W00,World,H5,HS,TRUE,7502,Nickel; unwrought,4,FALSE,C00,TOTAL CPC,0,0,TOTAL MOT,8,kg,3710,FALSE,8,kg,3710,FALSE,3710,FALSE,0,FALSE,231808.291,0,231808.291,0,FALSE,TRUE
C,A,20210101,2021,52,2021,276,DEU,Germany,M,Import,214,DOM,Dominican Rep.,0,W00,World,H5,HS,TRUE,7502,Nickel; unwrought,4,FALSE,C00,TOTAL CPC,0,0,TOTAL MOT,8,kg,1330270,FALSE,8,kg,1330270,FALSE,1330270,FALSE,0,FALSE,9280467.728,0,9280467.728,0,FALSE,TRUE
C,A,20210101,2021,52,2021,276,DEU,Germany,M,Import,233,EST,Estonia,0,W00,World,H5,HS,TRUE,7502,Nickel; unwrought,4,FALSE,C00,TOTAL CPC,0,0,TOTAL MOT,8,kg,189506,FALSE,8,kg,189506,FALSE,189506,FALSE,0,FALSE,2961826.63,0,2961826.63,0,FALSE,TRUE
C,A,20210101,2021,52,2021,276,DEU,Germany,M,Import,246,FIN,Finland,0,W00,World,H5,HS,TRUE,7502,Nickel; unwrought,4,FALSE,C00,TOTAL CPC,0,0,TOTAL MOT,8,kg,2052493,FALSE,8,kg,2052493,FALSE,2052493,FALSE,0,FALSE,38070566.06,0,38070566.06,0,FALSE,TRUE
C,A,20210101,2021,52,2021,276,DEU,Germany,M,Import,251,FRA,France,0,W00,World,H5,HS,TRUE,7502,Nickel; unwrought,4,FALSE,C00,TOTAL CPC,0,0,TOTAL MOT,8,kg,572894,FALSE,8,kg,572894,FALSE,572894,FALSE,0,FALSE,11154633.03,0,11154633.03,0,FALSE,TRUE
C,A,20210101,2021,52,2021,276,DEU,Germany,M,Import,380,ITA,Italy,0,W00,World,H5,HS,TRUE,7502,Nickel; unwrought,4,FALSE,C00,TOTAL CPC,0,0,TOTAL MOT,8,kg,129768,FALSE,8,kg,129768,FALSE,129768,FALSE,0,FALSE,2817158.115,0,2817158.115,0,FALSE,TRUE
C,A,20210101,2021,52,2021,276,DEU,Germany,M,Import,392,JPN,Japan,0,W00,World,H5,HS,TRUE,7502,Nickel; unwrought,4,FALSE,C00,TOTAL CPC,0,0,TOTAL MOT,8,kg,553589,FALSE,8,kg,553589,FALSE,553589,FALSE,0,FALSE,10407452.6,0,10407452.6,0,FALSE,TRUE
C,A,20210101,2021,52,2021,276,DEU,Germany,M,Import,442,LUX,Luxembourg,0,W00,World,H5,HS,TRUE,7502,Nickel; unwrought,4,FALSE,C00,TOTAL CPC,0,0,TOTAL MOT,8,kg,1684976,FALSE,8,kg,1684976,FALSE,1684976,FALSE,0,FALSE,31972656.86,0,31972656.86,0,FALSE,TRUE
C,A,20210101,2021,52,2021,276,DEU,Germany,M,Import,528,NLD,Netherlands,0,W00,World,H5,HS,TRUE,7502,Nickel; unwrought,4,FALSE,C00,TOTAL CPC,0,0,TOTAL MOT,8,kg,4017787,FALSE,8,kg,4017787,FALSE,4017787,FALSE,0,FALSE,73727171.13,0,73727171.13,0,FALSE,TRUE
C,A,20210101,2021,52,2021,276,DEU,Germany,M,Import,579,NOR,Norway,0,W00,World,H5,HS,TRUE,7502,Nickel; unwrought,4,FALSE,C00,TOTAL CPC,0,0,TOTAL MOT,8,kg,7095095.756,TRUE,-1,N/A,0,FALSE,7095095.756,TRUE,0,FALSE,136872779,0,136872779,6,FALSE,TRUE
C,A,20210101,2021,52,2021,276,DEU,Germany,M,Import,616,POL,Poland,0,W00,World,H5,HS,TRUE,7502,Nickel; unwrought,4,FALSE,C00,TOTAL CPC,0,0,TOTAL MOT,8,kg,3897,FALSE,8,kg,3897,FALSE,3897,FALSE,0,FALSE,68863.734,0,68863.734,0,FALSE,TRUE
C,A,20210101,2021,52,2021,276,DEU,Germany,M,Import,620,PRT,Portugal,0,W00,World,H5,HS,TRUE,7502,Nickel; unwrought,4,FALSE,C00,TOTAL CPC,0,0,TOTAL MOT,8,kg,252,FALSE,8,kg,252,FALSE,252,FALSE,0,FALSE,3060.768,0,3060.768,0,FALSE,TRUE
C,A,20210101,2021,52,2021,276,DEU,Germany,M,Import,643,RUS,Russian Federation,0,W00,World,H5,HS,TRUE,7502,Nickel; unwrought,4,FALSE,C00,TOTAL CPC,0,0,TOTAL MOT,8,kg,25971184.06,TRUE,-1,N/A,0,FALSE,25971184.06,TRUE,0,FALSE,470522158.2,0,470522158.2,6,FALSE,TRUE
C,A,20210101,2021,52,2021,276,DEU,Germany,M,Import,699,IND,India,0,W00,World,H5,HS,TRUE,7502,Nickel; unwrought,4,FALSE,C00,TOTAL CPC,0,0,TOTAL MOT,8,kg,4000,FALSE,8,kg,4000,FALSE,4000,FALSE,0,FALSE,38135.609,0,38135.609,0,FALSE,TRUE
C,A,20210101,2021,52,2021,276,DEU,Germany,M,Import,703,SVK,Slovakia,0,W00,World,H5,HS,TRUE,7502,Nickel; unwrought,4,FALSE,C00,TOTAL CPC,0,0,TOTAL MOT,8,kg,8877,FALSE,8,kg,8877,FALSE,8877,FALSE,0,FALSE,157455.959,0,157455.959,0,FALSE,TRUE
C,A,20210101,2021,52,2021,276,DEU,Germany,M,Import,705,SVN,Slovenia,0,W00,World,H5,HS,TRUE,7502,Nickel; unwrought,4,FALSE,C00,TOTAL CPC,0,0,TOTAL MOT,8,kg,1260772,FALSE,8,kg,1260772,FALSE,1260772,FALSE,0,FALSE,28091042.34,0,28091042.34,0,FALSE,TRUE
C,A,20210101,2021,52,2021,276,DEU,Germany,M,Import,710,ZAF,South Africa,0,W00,World,H5,HS,TRUE,7502,Nickel; unwrought,4,FALSE,C00,TOTAL CPC,0,0,TOTAL MOT,8,kg,389042,FALSE,8,kg,389042,FALSE,389042,FALSE,0,FALSE,7080370.801,0,7080370.801,0,FALSE,TRUE
C,A,20210101,2021,52,2021,276,DEU,Germany,M,Import,724,ESP,Spain,0,W00,World,H5,HS,TRUE,7502,Nickel; unwrought,4,FALSE,C00,TOTAL CPC,0,0,TOTAL MOT,8,kg,14000,FALSE,8,kg,14000,FALSE,14000,FALSE,0,FALSE,264157.726,0,264157.726,0,FALSE,TRUE
C,A,20210101,2021,52,2021,276,DEU,Germany,M,Import,752,SWE,Sweden,0,W00,World,H5,HS,TRUE,7502,Nickel; unwrought,4,FALSE,C00,TOTAL CPC,0,0,TOTAL MOT,8,kg,644250,FALSE,8,kg,644250,FALSE,644250,FALSE,0,FALSE,11842375.28,0,11842375.28,0,FALSE,TRUE
C,A,20210101,2021,52,2021,276,DEU,Germany,M,Import,757,CHE,Switzerland,0,W00,World,H5,HS,TRUE,7502,Nickel; unwrought,4,FALSE,C00,TOTAL CPC,0,0,TOTAL MOT,8,kg,845.015,TRUE,-1,N/A,0,FALSE,845.015,TRUE,0,FALSE,31133.157,0,31133.157,6,FALSE,TRUE
C,A,20210101,2021,52,2021,276,DEU,Germany,M,Import,792,TUR,Türkiye,0,W00,World,H5,HS,TRUE,7502,Nickel; unwrought,4,FALSE,C00,TOTAL CPC,0,0,TOTAL MOT,8,kg,190,FALSE,8,kg,190,FALSE,190,FALSE,0,FALSE,2489.236,0,2489.236,0,FALSE,TRUE
C,A,20210101,2021,52,2021,276,DEU,Germany,M,Import,826,GBR,United Kingdom,0,W00,World,H5,HS,TRUE,7502,Nickel; unwrought,4,FALSE,C00,TOTAL CPC,0,0,TOTAL MOT,8,kg,6169879.687,TRUE,-1,N/A,0,FALSE,6169879.687,TRUE,0,FALSE,112325142.2,0,112325142.2,6,FALSE,TRUE
C,A,20210101,2021,52,2021,276,DEU,Germany,M,Import,842,USA,USA,0,W00,World,H5,HS,TRUE,7502,Nickel; unwrought,4,FALSE,C00,TOTAL CPC,0,0,TOTAL MOT,8,kg,893384.92,TRUE,-1,N/A,0,FALSE,893384.92,TRUE,0,FALSE,9667730.435,0,9667730.435,6,FALSE,TRUE
C,A,20210101,2021,52,2021,276,DEU,Germany,M,Import,860,UZB,Uzbekistan,0,W00,World,H5,HS,TRUE,7502,Nickel; unwrought,4,FALSE,C00,TOTAL CPC,0,0,TOTAL MOT,8,kg,9440,FALSE,8,kg,9440,FALSE,9440,FALSE,0,FALSE,36240.341,0,36240.341,0,FALSE,TRUE
C,A,20210101,2021,52,2021,276,DEU,Germany,M,Import,0,W00,World,0,W00,World,H5,HS,TRUE,7603,Aluminium; powders and flakes,4,FALSE,C00,TOTAL CPC,0,0,TOTAL MOT,8,kg,33450607,TRUE,-1,N/A,0,FALSE,33450607,TRUE,0,FALSE,114086347.2,0,114086347.2,6,FALSE,TRUE
C,A,20210101,2021,52,2021,276,DEU,Germany,M,Import,36,AUS,Australia,0,W00,World,H5,HS,TRUE,7603,Aluminium; powders and flakes,4,FALSE,C00,TOTAL CPC,0,0,TOTAL MOT,8,kg,2,FALSE,8,kg,2,FALSE,2,FALSE,0,FALSE,113.362,0,113.362,0,FALSE,TRUE
C,A,20210101,2021,52,2021,276,DEU,Germany,M,Import,40,AUT,Austria,0,W00,World,H5,HS,TRUE,7603,Aluminium; powders and flakes,4,FALSE,C00,TOTAL CPC,0,0,TOTAL MOT,8,kg,10976283,FALSE,8,kg,10976283,FALSE,10976283,FALSE,0,FALSE,38720005.02,0,38720005.02,0,FALSE,TRUE
C,A,20210101,2021,52,2021,276,DEU,Germany,M,Import,44,BHS,Bahamas,0,W00,World,H5,HS,TRUE,7603,Aluminium; powders and flakes,4,FALSE,C00,TOTAL CPC,0,0,TOTAL MOT,8,kg,920209.779,TRUE,-1,N/A,0,FALSE,920209.779,TRUE,0,FALSE,2776079.824,0,2776079.824,6,FALSE,TRUE
C,A,20210101,2021,52,2021,276,DEU,Germany,M,Import,56,BEL,Belgium,0,W00,World,H5,HS,TRUE,7603,Aluminium; powders and flakes,4,FALSE,C00,TOTAL CPC,0,0,TOTAL MOT,8,kg,183115,FALSE,8,kg,183115,FALSE,183115,FALSE,0,FALSE,1044412.632,0,1044412.632,0,FALSE,TRUE
C,A,20210101,2021,52,2021,276,DEU,Germany,M,Import,124,CAN,Canada,0,W00,World,H5,HS,TRUE,7603,Aluminium; powders and flakes,4,FALSE,C00,TOTAL CPC,0,0,TOTAL MOT,8,kg,4923,FALSE,8,kg,4923,FALSE,4923,FALSE,0,FALSE,369476.717,0,369476.717,0,FALSE,TRUE
C,A,20210101,2021,52,2021,276,DEU,Germany,M,Import,156,CHN,China,0,W00,World,H5,HS,TRUE,7603,Aluminium; powders and flakes,4,FALSE,C00,TOTAL CPC,0,0,TOTAL MOT,8,kg,465921.742,TRUE,-1,N/A,0,FALSE,465921.742,TRUE,0,FALSE,2885429.062,0,2885429.062,6,FALSE,TRUE
C,A,20210101,2021,52,2021,276,DEU,Germany,M,Import,203,CZE,Czechia,0,W00,World,H5,HS,TRUE,7603,Aluminium; powders and flakes,4,FALSE,C00,TOTAL CPC,0,0,TOTAL MOT,8,kg,287944,FALSE,8,kg,287944,FALSE,287944,FALSE,0,FALSE,1348428.829,0,1348428.829,0,FALSE,TRUE
C,A,20210101,2021,52,2021,276,DEU,Germany,M,Import,246,FIN,Finland,0,W00,World,H5,HS,TRUE,7603,Aluminium; powders and flakes,4,FALSE,C00,TOTAL CPC,0,0,TOTAL MOT,8,kg,26275,FALSE,8,kg,26275,FALSE,26275,FALSE,0,FALSE,670430.965,0,670430.965,0,FALSE,TRUE
C,A,20210101,2021,52,2021,276,DEU,Germany,M,Import,251,FRA,France,0,W00,World,H5,HS,TRUE,7603,Aluminium; powders and flakes,4,FALSE,C00,TOTAL CPC,0,0,TOTAL MOT,8,kg,4202327,FALSE,8,kg,4202327,FALSE,4202327,FALSE,0,FALSE,17582546.61,0,17582546.61,0,FALSE,TRUE
C,A,20210101,2021,52,2021,276,DEU,Germany,M,Import,348,HUN,Hungary,0,W00,World,H5,HS,TRUE,7603,Aluminium; powders and flakes,4,FALSE,C00,TOTAL CPC,0,0,TOTAL MOT,8,kg,22000,FALSE,8,kg,22000,FALSE,22000,FALSE,0,FALSE,83586.594,0,83586.594,0,FALSE,TRUE
C,A,20210101,2021,52,2021,276,DEU,Germany,M,Import,372,IRL,Ireland,0,W00,World,H5,HS,TRUE,7603,Aluminium; powders and flakes,4,FALSE,C00,TOTAL CPC,0,0,TOTAL MOT,8,kg,1600,FALSE,8,kg,1600,FALSE,1600,FALSE,0,FALSE,23239.163,0,23239.163,0,FALSE,TRUE
C,A,20210101,2021,52,2021,276,DEU,Germany,M,Import,380,ITA,Italy,0,W00,World,H5,HS,TRUE,7603,Aluminium; powders and flakes,4,FALSE,C00,TOTAL CPC,0,0,TOTAL MOT,8,kg,1301216,FALSE,8,kg,1301216,FALSE,1301216,FALSE,0,FALSE,3151812.694,0,3151812.694,0,FALSE,TRUE
C,A,20210101,2021,52,2021,276,DEU,Germany,M,Import,392,JPN,Japan,0,W00,World,H5,HS,TRUE,7603,Aluminium; powders and flakes,4,FALSE,C00,TOTAL CPC,0,0,TOTAL MOT,8,kg,4688.227,TRUE,-1,N/A,0,FALSE,4688.227,TRUE,0,FALSE,46615.305,0,46615.305,6,FALSE,TRUE
C,A,20210101,2021,52,2021,276,DEU,Germany,M,Import,410,KOR,Rep. of Korea,0,W00,World,H5,HS,TRUE,7603,Aluminium; powders and flakes,4,FALSE,C00,TOTAL CPC,0,0,TOTAL MOT,8,kg,440,FALSE,8,kg,440,FALSE,440,FALSE,0,FALSE,8832.771,0,8832.771,0,FALSE,TRUE
C,A,20210101,2021,52,2021,276,DEU,Germany,M,Import,440,LTU,Lithuania,0,W00,World,H5,HS,TRUE,7603,Aluminium; powders and flakes,4,FALSE,C00,TOTAL CPC,0,0,TOTAL MOT,8,kg,12814,FALSE,8,kg,12814,FALSE,12814,FALSE,0,FALSE,15131.435,0,15131.435,0,FALSE,TRUE
C,A,20210101,2021,52,2021,276,DEU,Germany,M,Import,490,S19,"Other Asia, nes",0,W00,World,H5,HS,TRUE,7603,Aluminium; powders and flakes,4,FALSE,C00,TOTAL CPC,0,0,TOTAL MOT,8,kg,780,FALSE,8,kg,780,FALSE,780,FALSE,0,FALSE,45794.613,0,45794.613,0,FALSE,TRUE
C,A,20210101,2021,52,2021,276,DEU,Germany,M,Import,528,NLD,Netherlands,0,W00,World,H5,HS,TRUE,7603,Aluminium; powders and flakes,4,FALSE,C00,TOTAL CPC,0,0,TOTAL MOT,8,kg,26866,FALSE,8,kg,26866,FALSE,26866,FALSE,0,FALSE,36789.438,0,36789.438,0,FALSE,TRUE
C,A,20210101,2021,52,2021,276,DEU,Germany,M,Import,616,POL,Poland,0,W00,World,H5,HS,TRUE,7603,Aluminium; powders and flakes,4,FALSE,C00,TOTAL CPC,0,0,TOTAL MOT,8,kg,1219402,FALSE,8,kg,1219402,FALSE,1219402,FALSE,0,FALSE,2417701.934,0,2417701.934,0,FALSE,TRUE
C,A,20210101,2021,52,2021,276,DEU,Germany,M,Import,642,ROU,Romania,0,W00,World,H5,HS,TRUE,7603,Aluminium; powders and flakes,4,FALSE,C00,TOTAL CPC,0,0,TOTAL MOT,8,kg,4000,FALSE,8,kg,4000,FALSE,4000,FALSE,0,FALSE,120957.011,0,120957.011,0,FALSE,TRUE
C,A,20210101,2021,52,2021,276,DEU,Germany,M,Import,643,RUS,Russian Federation,0,W00,World,H5,HS,TRUE,7603,Aluminium; powders and flakes,4,FALSE,C00,TOTAL CPC,0,0,TOTAL MOT,8,kg,11625875,FALSE,8,kg,11625875,FALSE,11625875,FALSE,0,FALSE,33327522.52,0,33327522.52,0,FALSE,TRUE
C,A,20210101,2021,52,2021,276,DEU,Germany,M,Import,699,IND,India,0,W00,World,H5,HS,TRUE,7603,Aluminium; powders and flakes,4,FALSE,C00,TOTAL CPC,0,0,TOTAL MOT,8,kg,11775.592,TRUE,-1,N/A,0,FALSE,11775.592,TRUE,0,FALSE,66184.381,0,66184.381,6,FALSE,TRUE
C,A,20210101,2021,52,2021,276,DEU,Germany,M,Import,705,SVN,Slovenia,0,W00,World,H5,HS,TRUE,7603,Aluminium; powders and flakes,4,FALSE,C00,TOTAL CPC,0,0,TOTAL MOT,8,kg,807495,FALSE,8,kg,807495,FALSE,807495,FALSE,0,FALSE,2025003.767,0,2025003.767,0,FALSE,TRUE
C,A,20210101,2021,52,2021,276,DEU,Germany,M,Import,710,ZAF,South Africa,0,W00,World,H5,HS,TRUE,7603,Aluminium; powders and flakes,4,FALSE,C00,TOTAL CPC,0,0,TOTAL MOT,8,kg,73170,FALSE,8,kg,73170,FALSE,73170,FALSE,0,FALSE,148950.283,0,148950.283,0,FALSE,TRUE
C,A,20210101,2021,52,2021,276,DEU,Germany,M,Import,724,ESP,Spain,0,W00,World,H5,HS,TRUE,7603,Aluminium; powders and flakes,4,FALSE,C00,TOTAL CPC,0,0,TOTAL MOT,8,kg,221,FALSE,8,kg,221,FALSE,221,FALSE,0,FALSE,79174.932,0,79174.932,0,FALSE,TRUE
C,A,20210101,2021,52,2021,276,DEU,Germany,M,Import,752,SWE,Sweden,0,W00,World,H5,HS,TRUE,7603,Aluminium; powders and flakes,4,FALSE,C00,TOTAL CPC,0,0,TOTAL MOT,8,kg,81458,FALSE,8,kg,81458,FALSE,81458,FALSE,0,FALSE,448520.574,0,448520.574,0,FALSE,TRUE
C,A,20210101,2021,52,2021,276,DEU,Germany,M,Import,757,CHE,Switzerland,0,W00,World,H5,HS,TRUE,7603,Aluminium; powders and flakes,4,FALSE,C00,TOTAL CPC,0,0,TOTAL MOT,8,kg,4017,FALSE,8,kg,4017,FALSE,4017,FALSE,0,FALSE,151180.912,0,151180.912,0,FALSE,TRUE
C,A,20210101,2021,52,2021,276,DEU,Germany,M,Import,792,TUR,Türkiye,0,W00,World,H5,HS,TRUE,7603,Aluminium; powders and flakes,4,FALSE,C00,TOTAL CPC,0,0,TOTAL MOT,8,kg,435152.235,TRUE,-1,N/A,0,FALSE,435152.235,TRUE,0,FALSE,1000703.403,0,1000703.403,6,FALSE,TRUE
C,A,20210101,2021,52,2021,276,DEU,Germany,M,Import,804,UKR,Ukraine,0,W00,World,H5,HS,TRUE,7603,Aluminium; powders and flakes,4,FALSE,C00,TOTAL CPC,0,0,TOTAL MOT,8,kg,480000,FALSE,8,kg,480000,FALSE,480000,FALSE,0,FALSE,1209369.361,0,1209369.361,0,FALSE,TRUE
C,A,20210101,2021,52,2021,276,DEU,Germany,M,Import,826,GBR,United Kingdom,0,W00,World,H5,HS,TRUE,7603,Aluminium; powders and flakes,4,FALSE,C00,TOTAL CPC,0,0,TOTAL MOT,8,kg,109878.386,TRUE,-1,N/A,0,FALSE,109878.386,TRUE,0,FALSE,522990.992,0,522990.992,6,FALSE,TRUE
C,A,20210101,2021,52,2021,276,DEU,Germany,M,Import,842,USA,USA,0,W00,World,H5,HS,TRUE,7603,Aluminium; powders and flakes,4,FALSE,C00,TOTAL CPC,0,0,TOTAL MOT,8,kg,160758.035,TRUE,-1,N/A,0,FALSE,160758.035,TRUE,0,FALSE,3759362.12,0,3759362.12,6,FALSE,TRUE
C,A,20210101,2021,52,2021,276,DEU,Germany,M,Import,0,W00,World,0,W00,World,H5,HS,TRUE,7801,Lead; unwrought,4,FALSE,C00,TOTAL CPC,0,0,TOTAL MOT,8,kg,217411428.2,TRUE,-1,N/A,0,FALSE,217411428.2,TRUE,0,FALSE,516254777.9,0,516254777.9,6,FALSE,TRUE
C,A,20210101,2021,52,2021,276,DEU,Germany,M,Import,36,AUS,Australia,0,W00,World,H5,HS,TRUE,7801,Lead; unwrought,4,FALSE,C00,TOTAL CPC,0,0,TOTAL MOT,8,kg,540,FALSE,8,kg,540,FALSE,540,FALSE,0,FALSE,1448.905,0,1448.905,0,FALSE,TRUE
C,A,20210101,2021,52,2021,276,DEU,Germany,M,Import,40,AUT,Austria,0,W00,World,H5,HS,TRUE,7801,Lead; unwrought,4,FALSE,C00,TOTAL CPC,0,0,TOTAL MOT,8,kg,3273139,FALSE,8,kg,3273139,FALSE,3273139,FALSE,0,FALSE,8596074.371,0,8596074.371,0,FALSE,TRUE
C,A,20210101,2021,52,2021,276,DEU,Germany,M,Import,56,BEL,Belgium,0,W00,World,H5,HS,TRUE,7801,Lead; unwrought,4,FALSE,C00,TOTAL CPC,0,0,TOTAL MOT,8,kg,69250231,FALSE,8,kg,69250231,FALSE,69250231,FALSE,0,FALSE,163075033.5,0,163075033.5,0,FALSE,TRUE
C,A,20210101,2021,52,2021,276,DEU,Germany,M,Import,100,BGR,Bulgaria,0,W00,World,H5,HS,TRUE,7801,Lead; unwrought,4,FALSE,C00,TOTAL CPC,0,0,TOTAL MOT,8,kg,767260,FALSE,8,kg,767260,FALSE,767260,FALSE,0,FALSE,1897210.805,0,1897210.805,0,FALSE,TRUE
C,A,20210101,2021,52,2021,276,DEU,Germany,M,Import,112,BLR,Belarus,0,W00,World,H5,HS,TRUE,7801,Lead; unwrought,4,FALSE,C00,TOTAL CPC,0,0,TOTAL MOT,8,kg,45755,FALSE,8,kg,45755,FALSE,45755,FALSE,0,FALSE,94582.686,0,94582.686,0,FALSE,TRUE
C,A,20210101,2021,52,2021,276,DEU,Germany,M,Import,156,CHN,China,0,W00,World,H5,HS,TRUE,7801,Lead; unwrought,4,FALSE,C00,TOTAL CPC,0,0,TOTAL MOT,8,kg,2512,FALSE,8,kg,2512,FALSE,2512,FALSE,0,FALSE,9806.974,0,9806.974,0,FALSE,TRUE
C,A,20210101,2021,52,2021,276,DEU,Germany,M,Import,203,CZE,Czechia,0,W00,World,H5,HS,TRUE,7801,Lead; unwrought,4,FALSE,C00,TOTAL CPC,0,0,TOTAL MOT,8,kg,15890083,FALSE,8,kg,15890083,FALSE,15890083,FALSE,0,FALSE,33861709.16,0,33861709.16,0,FALSE,TRUE
C,A,20210101,2021,52,2021,276,DEU,Germany,M,Import,233,EST,Estonia,0,W00,World,H5,HS,TRUE,7801,Lead; unwrought,4,FALSE,C00,TOTAL CPC,0,0,TOTAL MOT,8,kg,2253905,FALSE,8,kg,2253905,FALSE,2253905,FALSE,0,FALSE,5710870.852,0,5710870.852,0,FALSE,TRUE
C,A,20210101,2021,52,2021,276,DEU,Germany,M,Import,251,FRA,France,0,W00,World,H5,HS,TRUE,7801,Lead; unwrought,4,FALSE,C00,TOTAL CPC,0,0,TOTAL MOT,8,kg,26243752,FALSE,8,kg,26243752,FALSE,26243752,FALSE,0,FALSE,63198165.18,0,63198165.18,0,FALSE,TRUE
C,A,20210101,2021,52,2021,276,DEU,Germany,M,Import,300,GRC,Greece,0,W00,World,H5,HS,TRUE,7801,Lead; unwrought,4,FALSE,C00,TOTAL CPC,0,0,TOTAL MOT,8,kg,167050,FALSE,8,kg,167050,FALSE,167050,FALSE,0,FALSE,425130.261,0,425130.261,0,FALSE,TRUE
C,A,20210101,2021,52,2021,276,DEU,Germany,M,Import,348,HUN,Hungary,0,W00,World,H5,HS,TRUE,7801,Lead; unwrought,4,FALSE,C00,TOTAL CPC,0,0,TOTAL MOT,8,kg,16704,FALSE,8,kg,16704,FALSE,16704,FALSE,0,FALSE,51656.362,0,51656.362,0,FALSE,TRUE
C,A,20210101,2021,52,2021,276,DEU,Germany,M,Import,372,IRL,Ireland,0,W00,World,H5,HS,TRUE,7801,Lead; unwrought,4,FALSE,C00,TOTAL CPC,0,0,TOTAL MOT,8,kg,717680,FALSE,8,kg,717680,FALSE,717680,FALSE,0,FALSE,1766682.991,0,1766682.991,0,FALSE,TRUE
C,A,20210101,2021,52,2021,276,DEU,Germany,M,Import,380,ITA,Italy,0,W00,World,H5,HS,TRUE,7801,Lead; unwrought,4,FALSE,C00,TOTAL CPC,0,0,TOTAL MOT,8,kg,1288099,FALSE,8,kg,1288099,FALSE,1288099,FALSE,0,FALSE,3141331.453,0,3141331.453,0,FALSE,TRUE
C,A,20210101,2021,52,2021,276,DEU,Germany,M,Import,392,JPN,Japan,0,W00,World,H5,HS,TRUE,7801,Lead; unwrought,4,FALSE,C00,TOTAL CPC,0,0,TOTAL MOT,8,kg,1880,FALSE,8,kg,1880,FALSE,1880,FALSE,0,FALSE,3818.875,0,3818.875,0,FALSE,TRUE
C,A,20210101,2021,52,2021,276,DEU,Germany,M,Import,410,KOR,Rep. of Korea,0,W00,World,H5,HS,TRUE,7801,Lead; unwrought,4,FALSE,C00,TOTAL CPC,0,0,TOTAL MOT,8,kg,2466,FALSE,8,kg,2466,FALSE,2466,FALSE,0,FALSE,17220.362,0,17220.362,0,FALSE,TRUE
C,A,20210101,2021,52,2021,276,DEU,Germany,M,Import,442,LUX,Luxembourg,0,W00,World,H5,HS,TRUE,7801,Lead; unwrought,4,FALSE,C00,TOTAL CPC,0,0,TOTAL MOT,8,kg,10000,FALSE,8,kg,10000,FALSE,10000,FALSE,0,FALSE,18082.383,0,18082.383,0,FALSE,TRUE
C,A,20210101,2021,52,2021,276,DEU,Germany,M,Import,528,NLD,Netherlands,0,W00,World,H5,HS,TRUE,7801,Lead; unwrought,4,FALSE,C00,TOTAL CPC,0,0,TOTAL MOT,8,kg,9589482,FALSE,8,kg,9589482,FALSE,9589482,FALSE,0,FALSE,24542248.53,0,24542248.53,0,FALSE,TRUE
C,A,20210101,2021,52,2021,276,DEU,Germany,M,Import,616,POL,Poland,0,W00,World,H5,HS,TRUE,7801,Lead; unwrought,4,FALSE,C00,TOTAL CPC,0,0,TOTAL MOT,8,kg,13264849,FALSE,8,kg,13264849,FALSE,13264849,FALSE,0,FALSE,31501339.95,0,31501339.95,0,FALSE,TRUE
C,A,20210101,2021,52,2021,276,DEU,Germany,M,Import,620,PRT,Portugal,0,W00,World,H5,HS,TRUE,7801,Lead; unwrought,4,FALSE,C00,TOTAL CPC,0,0,TOTAL MOT,8,kg,130170,FALSE,8,kg,130170,FALSE,130170,FALSE,0,FALSE,327760.765,0,327760.765,0,FALSE,TRUE
C,A,20210101,2021,52,2021,276,DEU,Germany,M,Import,642,ROU,Romania,0,W00,World,H5,HS,TRUE,7801,Lead; unwrought,4,FALSE,C00,TOTAL CPC,0,0,TOTAL MOT,8,kg,16913,FALSE,8,kg,16913,FALSE,16913,FALSE,0,FALSE,44015.07,0,44015.07,0,FALSE,TRUE
C,A,20210101,2021,52,2021,276,DEU,Germany,M,Import,643,RUS,Russian Federation,0,W00,World,H5,HS,TRUE,7801,Lead; unwrought,4,FALSE,C00,TOTAL CPC,0,0,TOTAL MOT,8,kg,12444810,FALSE,8,kg,12444810,FALSE,12444810,FALSE,0,FALSE,28547595.07,0,28547595.07,0,FALSE,TRUE
C,A,20210101,2021,52,2021,276,DEU,Germany,M,Import,699,IND,India,0,W00,World,H5,HS,TRUE,7801,Lead; unwrought,4,FALSE,C00,TOTAL CPC,0,0,TOTAL MOT,8,kg,1618855,FALSE,8,kg,1618855,FALSE,1618855,FALSE,0,FALSE,5918105.618,0,5918105.618,0,FALSE,TRUE
C,A,20210101,2021,52,2021,276,DEU,Germany,M,Import,702,SGP,Singapore,0,W00,World,H5,HS,TRUE,7801,Lead; unwrought,4,FALSE,C00,TOTAL CPC,0,0,TOTAL MOT,8,kg,1673,FALSE,8,kg,1673,FALSE,1673,FALSE,0,FALSE,3576.8,0,3576.8,0,FALSE,TRUE
C,A,20210101,2021,52,2021,276,DEU,Germany,M,Import,703,SVK,Slovakia,0,W00,World,H5,HS,TRUE,7801,Lead; unwrought,4,FALSE,C00,TOTAL CPC,0,0,TOTAL MOT,8,kg,347603,FALSE,8,kg,347603,FALSE,347603,FALSE,0,FALSE,913485.689,0,913485.689,0,FALSE,TRUE
C,A,20210101,2021,52,2021,276,DEU,Germany,M,Import,710,ZAF,South Africa,0,W00,World,H5,HS,TRUE,7801,Lead; unwrought,4,FALSE,C00,TOTAL CPC,0,0,TOTAL MOT,8,kg,24000,FALSE,8,kg,24000,FALSE,24000,FALSE,0,FALSE,120319.351,0,120319.351,0,FALSE,TRUE
C,A,20210101,2021,52,2021,276,DEU,Germany,M,Import,724,ESP,Spain,0,W00,World,H5,HS,TRUE,7801,Lead; unwrought,4,FALSE,C00,TOTAL CPC,0,0,TOTAL MOT,8,kg,7580644,FALSE,8,kg,7580644,FALSE,7580644,FALSE,0,FALSE,17673215.95,0,17673215.95,0,FALSE,TRUE
C,A,20210101,2021,52,2021,276,DEU,Germany,M,Import,752,SWE,Sweden,0,W00,World,H5,HS,TRUE,7801,Lead; unwrought,4,FALSE,C00,TOTAL CPC,0,0,TOTAL MOT,8,kg,23070912,FALSE,8,kg,23070912,FALSE,23070912,FALSE,0,FALSE,53678095.54,0,53678095.54,0,FALSE,TRUE
C,A,20210101,2021,52,2021,276,DEU,Germany,M,Import,757,CHE,Switzerland,0,W00,World,H5,HS,TRUE,7801,Lead; unwrought,4,FALSE,C00,TOTAL CPC,0,0,TOTAL MOT,8,kg,3394,FALSE,8,kg,3394,FALSE,3394,FALSE,0,FALSE,6795.802,0,6795.802,0,FALSE,TRUE
C,A,20210101,2021,52,2021,276,DEU,Germany,M,Import,788,TUN,Tunisia,0,W00,World,H5,HS,TRUE,7801,Lead; unwrought,4,FALSE,C00,TOTAL CPC,0,0,TOTAL MOT,8,kg,84029,FALSE,8,kg,84029,FALSE,84029,FALSE,0,FALSE,276344.117,0,276344.117,0,FALSE,TRUE
C,A,20210101,2021,52,2021,276,DEU,Germany,M,Import,792,TUR,Türkiye,0,W00,World,H5,HS,TRUE,7801,Lead; unwrought,4,FALSE,C00,TOTAL CPC,0,0,TOTAL MOT,8,kg,48000,FALSE,8,kg,48000,FALSE,48000,FALSE,0,FALSE,142925.577,0,142925.577,0,FALSE,TRUE
C,A,20210101,2021,52,2021,276,DEU,Germany,M,Import,804,UKR,Ukraine,0,W00,World,H5,HS,TRUE,7801,Lead; unwrought,4,FALSE,C00,TOTAL CPC,0,0,TOTAL MOT,8,kg,1796560,FALSE,8,kg,1796560,FALSE,1796560,FALSE,0,FALSE,4268768.593,0,4268768.593,0,FALSE,TRUE
C,A,20210101,2021,52,2021,276,DEU,Germany,M,Import,826,GBR,United Kingdom,0,W00,World,H5,HS,TRUE,7801,Lead; unwrought,4,FALSE,C00,TOTAL CPC,0,0,TOTAL MOT,8,kg,25777650.57,TRUE,-1,N/A,0,FALSE,25777650.57,TRUE,0,FALSE,63166416.8,0,63166416.8,6,FALSE,TRUE
C,A,20210101,2021,52,2021,276,DEU,Germany,M,Import,842,USA,USA,0,W00,World,H5,HS,TRUE,7801,Lead; unwrought,4,FALSE,C00,TOTAL CPC,0,0,TOTAL MOT,8,kg,74827.63,TRUE,-1,N/A,0,FALSE,74827.63,TRUE,0,FALSE,196191.44,0,196191.44,6,FALSE,TRUE
C,A,20210101,2021,52,2021,276,DEU,Germany,M,Import,860,UZB,Uzbekistan,0,W00,World,H5,HS,TRUE,7801,Lead; unwrought,4,FALSE,C00,TOTAL CPC,0,0,TOTAL MOT,8,kg,1606000,FALSE,8,kg,1606000,FALSE,1606000,FALSE,0,FALSE,3058752.126,0,3058752.126,0,FALSE,TRUE
C,A,20210101,2021,52,2021,276,DEU,Germany,M,Import,0,W00,World,0,W00,World,H5,HS,TRUE,2504,Graphite; natural,4,FALSE,C00,TOTAL CPC,0,0,TOTAL MOT,8,kg,50493771.4,TRUE,-1,N/A,0,FALSE,50493771.4,TRUE,0,FALSE,52243102.01,0,52243102.01,6,FALSE,TRUE
C,A,20210101,2021,52,2021,276,DEU,Germany,M,Import,40,AUT,Austria,0,W00,World,H5,HS,TRUE,2504,Graphite; natural,4,FALSE,C00,TOTAL CPC,0,0,TOTAL MOT,8,kg,1873728,FALSE,8,kg,1873728,FALSE,1873728,FALSE,0,FALSE,2803413.001,0,2803413.001,0,FALSE,TRUE
C,A,20210101,2021,52,2021,276,DEU,Germany,M,Import,56,BEL,Belgium,0,W00,World,H5,HS,TRUE,2504,Graphite; natural,4,FALSE,C00,TOTAL CPC,0,0,TOTAL MOT,8,kg,44444,FALSE,8,kg,44444,FALSE,44444,FALSE,0,FALSE,73077.013,0,73077.013,0,FALSE,TRUE
C,A,20210101,2021,52,2021,276,DEU,Germany,M,Import,76,BRA,Brazil,0,W00,World,H5,HS,TRUE,2504,Graphite; natural,4,FALSE,C00,TOTAL CPC,0,0,TOTAL MOT,8,kg,6698243,FALSE,8,kg,6698243,FALSE,6698243,FALSE,0,FALSE,12378219.85,0,12378219.85,0,FALSE,TRUE
C,A,20210101,2021,52,2021,276,DEU,Germany,M,Import,124,CAN,Canada,0,W00,World,H5,HS,TRUE,2504,Graphite; natural,4,FALSE,C00,TOTAL CPC,0,0,TOTAL MOT,8,kg,501285,FALSE,8,kg,501285,FALSE,501285,FALSE,0,FALSE,819160.429,0,819160.429,0,FALSE,TRUE
C,A,20210101,2021,52,2021,276,DEU,Germany,M,Import,144,LKA,Sri Lanka,0,W00,World,H5,HS,TRUE,2504,Graphite; natural,4,FALSE,C00,TOTAL CPC,0,0,TOTAL MOT,8,kg,631387,FALSE,8,kg,631387,FALSE,631387,FALSE,0,FALSE,1184676.569,0,1184676.569,0,FALSE,TRUE
C,A,20210101,2021,52,2021,276,DEU,Germany,M,Import,156,CHN,China,0,W00,World,H5,HS,TRUE,2504,Graphite; natural,4,FALSE,C00,TOTAL CPC,0,0,TOTAL MOT,8,kg,19240527.11,TRUE,-1,N/A,0,FALSE,19240527.11,TRUE,0,FALSE,16655281.56,0,16655281.56,6,FALSE,TRUE
C,A,20210101,2021,52,2021,276,DEU,Germany,M,Import,203,CZE,Czechia,0,W00,World,H5,HS,TRUE,2504,Graphite; natural,4,FALSE,C00,TOTAL CPC,0,0,TOTAL MOT,8,kg,1295638,FALSE,8,kg,1295638,FALSE,1295638,FALSE,0,FALSE,1241722.338,0,1241722.338,0,FALSE,TRUE
C,A,20210101,2021,52,2021,276,DEU,Germany,M,Import,251,FRA,France,0,W00,World,H5,HS,TRUE,2504,Graphite; natural,4,FALSE,C00,TOTAL CPC,0,0,TOTAL MOT,8,kg,80271,FALSE,8,kg,80271,FALSE,80271,FALSE,0,FALSE,54666.353,0,54666.353,0,FALSE,TRUE
C,A,20210101,2021,52,2021,276,DEU,Germany,M,Import,344,HKG,"China, Hong Kong SAR",0,W00,World,H5,HS,TRUE,2504,Graphite; natural,4,FALSE,C00,TOTAL CPC,0,0,TOTAL MOT,8,kg,20000,FALSE,8,kg,20000,FALSE,20000,FALSE,0,FALSE,61818.772,0,61818.772,0,FALSE,TRUE
C,A,20210101,2021,52,2021,276,DEU,Germany,M,Import,380,ITA,Italy,0,W00,World,H5,HS,TRUE,2504,Graphite; natural,4,FALSE,C00,TOTAL CPC,0,0,TOTAL MOT,8,kg,257615.464,TRUE,-1,N/A,0,FALSE,257615.464,TRUE,0,FALSE,296111.576,0,296111.576,6,FALSE,TRUE
C,A,20210101,2021,52,2021,276,DEU,Germany,M,Import,392,JPN,Japan,0,W00,World,H5,HS,TRUE,2504,Graphite; natural,4,FALSE,C00,TOTAL CPC,0,0,TOTAL MOT,8,kg,176443,FALSE,8,kg,176443,FALSE,176443,FALSE,0,FALSE,1577360.566,0,1577360.566,0,FALSE,TRUE
C,A,20210101,2021,52,2021,276,DEU,Germany,M,Import,410,KOR,Rep. of Korea,0,W00,World,H5,HS,TRUE,2504,Graphite; natural,4,FALSE,C00,TOTAL CPC,0,0,TOTAL MOT,8,kg,7335,FALSE,8,kg,7335,FALSE,7335,FALSE,0,FALSE,9450.357,0,9450.357,0,FALSE,TRUE
C,A,20210101,2021,52,2021,276,DEU,Germany,M,Import,450,MDG,Madagascar,0,W00,World,H5,HS,TRUE,2504,Graphite; natural,4,FALSE,C00,TOTAL CPC,0,0,TOTAL MOT,8,kg,6016463,FALSE,8,kg,6016463,FALSE,6016463,FALSE,0,FALSE,4106136.961,0,4106136.961,0,FALSE,TRUE
C,A,20210101,2021,52,2021,276,DEU,Germany,M,Import,490,S19,"Other Asia, nes",0,W00,World,H5,HS,TRUE,2504,Graphite; natural,4,FALSE,C00,TOTAL CPC,0,0,TOTAL MOT,8,kg,1000,FALSE,8,kg,1000,FALSE,1000,FALSE,0,FALSE,11531.018,0,11531.018,0,FALSE,TRUE
C,A,20210101,2021,52,2021,276,DEU,Germany,M,Import,508,MOZ,Mozambique,0,W00,World,H5,HS,TRUE,2504,Graphite; natural,4,FALSE,C00,TOTAL CPC,0,0,TOTAL MOT,8,kg,10242240,FALSE,8,kg,10242240,FALSE,10242240,FALSE,0,FALSE,6996604.717,0,6996604.717,0,FALSE,TRUE
C,A,20210101,2021,52,2021,276,DEU,Germany,M,Import,528,NLD,Netherlands,0,W00,World,H5,HS,TRUE,2504,Graphite; natural,4,FALSE,C00,TOTAL CPC,0,0,TOTAL MOT,8,kg,705160.778,TRUE,-1,N/A,0,FALSE,705160.778,TRUE,0,FALSE,949055.307,0,949055.307,6,FALSE,TRUE
C,A,20210101,2021,52,2021,276,DEU,Germany,M,Import,579,NOR,Norway,0,W00,World,H5,HS,TRUE,2504,Graphite; natural,4,FALSE,C00,TOTAL CPC,0,0,TOTAL MOT,8,kg,991212,FALSE,8,kg,991212,FALSE,991212,FALSE,0,FALSE,861266.062,0,861266.062,0,FALSE,TRUE
C,A,20210101,2021,52,2021,276,DEU,Germany,M,Import,616,POL,Poland,0,W00,World,H5,HS,TRUE,2504,Graphite; natural,4,FALSE,C00,TOTAL CPC,0,0,TOTAL MOT,8,kg,221089,FALSE,8,kg,221089,FALSE,221089,FALSE,0,FALSE,180536.888,0,180536.888,0,FALSE,TRUE
C,A,20210101,2021,52,2021,276,DEU,Germany,M,Import,642,ROU,Romania,0,W00,World,H5,HS,TRUE,2504,Graphite; natural,4,FALSE,C00,TOTAL CPC,0,0,TOTAL MOT,8,kg,50,FALSE,8,kg,50,FALSE,50,FALSE,0,FALSE,25624.484,0,25624.484,0,FALSE,TRUE
C,A,20210101,2021,52,2021,276,DEU,Germany,M,Import,643,RUS,Russian Federation,0,W00,World,H5,HS,TRUE,2504,Graphite; natural,4,FALSE,C00,TOTAL CPC,0,0,TOTAL MOT,8,kg,97144,FALSE,8,kg,97144,FALSE,97144,FALSE,0,FALSE,133616.923,0,133616.923,0,FALSE,TRUE
C,A,20210101,2021,52,2021,276,DEU,Germany,M,Import,699,IND,India,0,W00,World,H5,HS,TRUE,2504,Graphite; natural,4,FALSE,C00,TOTAL CPC,0,0,TOTAL MOT,8,kg,6075,FALSE,8,kg,6075,FALSE,6075,FALSE,0,FALSE,6624.579,0,6624.579,0,FALSE,TRUE
C,A,20210101,2021,52,2021,276,DEU,Germany,M,Import,705,SVN,Slovenia,0,W00,World,H5,HS,TRUE,2504,Graphite; natural,4,FALSE,C00,TOTAL CPC,0,0,TOTAL MOT,8,kg,75815,FALSE,8,kg,75815,FALSE,75815,FALSE,0,FALSE,84611.573,0,84611.573,0,FALSE,TRUE
C,A,20210101,2021,52,2021,276,DEU,Germany,M,Import,716,ZWE,Zimbabwe,0,W00,World,H5,HS,TRUE,2504,Graphite; natural,4,FALSE,C00,TOTAL CPC,0,0,TOTAL MOT,8,kg,226200,FALSE,8,kg,226200,FALSE,226200,FALSE,0,FALSE,173866.256,0,173866.256,0,FALSE,TRUE
C,A,20210101,2021,52,2021,276,DEU,Germany,M,Import,724,ESP,Spain,0,W00,World,H5,HS,TRUE,2504,Graphite; natural,4,FALSE,C00,TOTAL CPC,0,0,TOTAL MOT,8,kg,4001,FALSE,8,kg,4001,FALSE,4001,FALSE,0,FALSE,11421.199,0,11421.199,0,FALSE,TRUE
C,A,20210101,2021,52,2021,276,DEU,Germany,M,Import,752,SWE,Sweden,0,W00,World,H5,HS,TRUE,2504,Graphite; natural,4,FALSE,C00,TOTAL CPC,0,0,TOTAL MOT,8,kg,85660,FALSE,8,kg,85660,FALSE,85660,FALSE,0,FALSE,95754.091,0,95754.091,0,FALSE,TRUE
C,A,20210101,2021,52,2021,276,DEU,Germany,M,Import,757,CHE,Switzerland,0,W00,World,H5,HS,TRUE,2504,Graphite; natural,4,FALSE,C00,TOTAL CPC,0,0,TOTAL MOT,8,kg,18238,FALSE,8,kg,18238,FALSE,18238,FALSE,0,FALSE,20816.055,0,20816.055,0,FALSE,TRUE
C,A,20210101,2021,52,2021,276,DEU,Germany,M,Import,784,ARE,United Arab Emirates,0,W00,World,H5,HS,TRUE,2504,Graphite; natural,4,FALSE,C00,TOTAL CPC,0,0,TOTAL MOT,8,kg,100225,FALSE,8,kg,100225,FALSE,100225,FALSE,0,FALSE,50451.893,0,50451.893,0,FALSE,TRUE
C,A,20210101,2021,52,2021,276,DEU,Germany,M,Import,792,TUR,Türkiye,0,W00,World,H5,HS,TRUE,2504,Graphite; natural,4,FALSE,C00,TOTAL CPC,0,0,TOTAL MOT,8,kg,300951.082,TRUE,-1,N/A,0,FALSE,300951.082,TRUE,0,FALSE,154475.489,0,154475.489,6,FALSE,TRUE
C,A,20210101,2021,52,2021,276,DEU,Germany,M,Import,804,UKR,Ukraine,0,W00,World,H5,HS,TRUE,2504,Graphite; natural,4,FALSE,C00,TOTAL CPC,0,0,TOTAL MOT,8,kg,61079,FALSE,8,kg,61079,FALSE,61079,FALSE,0,FALSE,31296.115,0,31296.115,0,FALSE,TRUE
C,A,20210101,2021,52,2021,276,DEU,Germany,M,Import,826,GBR,United Kingdom,0,W00,World,H5,HS,TRUE,2504,Graphite; natural,4,FALSE,C00,TOTAL CPC,0,0,TOTAL MOT,8,kg,161724.33,TRUE,-1,N/A,0,FALSE,161724.33,TRUE,0,FALSE,227428.512,0,227428.512,6,FALSE,TRUE
C,A,20210101,2021,52,2021,276,DEU,Germany,M,Import,842,USA,USA,0,W00,World,H5,HS,TRUE,2504,Graphite; natural,4,FALSE,C00,TOTAL CPC,0,0,TOTAL MOT,8,kg,352527.641,TRUE,-1,N/A,0,FALSE,352527.641,TRUE,0,FALSE,967025.51,0,967025.51,6,FALSE,TRUE
C,A,20210101,2021,52,2021,276,DEU,Germany,M,Import,0,W00,World,0,W00,World,H5,HS,TRUE,2519,"Natural magnesium carbonate (magnesite); fused magnesia; dead-burned (sintered) magnesia, whether or not containing small quantities of other oxides added before sintering; magnesium oxide, pure or not",4,FALSE,C00,TOTAL CPC,0,0,TOTAL MOT,8,kg,451986894.2,TRUE,-1,N/A,0,FALSE,451986894.2,TRUE,0,FALSE,205690103,0,205690103,6,FALSE,TRUE
C,A,20210101,2021,52,2021,276,DEU,Germany,M,Import,40,AUT,Austria,0,W00,World,H5,HS,TRUE,2519,"Natural magnesium carbonate (magnesite); fused magnesia; dead-burned (sintered) magnesia, whether or not containing small quantities of other oxides added before sintering; magnesium oxide, pure or not",4,FALSE,C00,TOTAL CPC,0,0,TOTAL MOT,8,kg,30565636.37,TRUE,-1,N/A,0,FALSE,30565636.37,TRUE,0,FALSE,10730271.5,0,10730271.5,6,FALSE,TRUE
C,A,20210101,2021,52,2021,276,DEU,Germany,M,Import,56,BEL,Belgium,0,W00,World,H5,HS,TRUE,2519,"Natural magnesium carbonate (magnesite); fused magnesia; dead-burned (sintered) magnesia, whether or not containing small quantities of other oxides added before sintering; magnesium oxide, pure or not",4,FALSE,C00,TOTAL CPC,0,0,TOTAL MOT,8,kg,251172,FALSE,8,kg,251172,FALSE,251172,FALSE,0,FALSE,161462.589,0,161462.589,0,FALSE,TRUE
C,A,20210101,2021,52,2021,276,DEU,Germany,M,Import,76,BRA,Brazil,0,W00,World,H5,HS,TRUE,2519,"Natural magnesium carbonate (magnesite); fused magnesia; dead-burned (sintered) magnesia, whether or not containing small quantities of other oxides added before sintering; magnesium oxide, pure or not",4,FALSE,C00,TOTAL CPC,0,0,TOTAL MOT,8,kg,35395273,FALSE,8,kg,35395273,FALSE,35395273,FALSE,0,FALSE,12801924.82,0,12801924.82,0,FALSE,TRUE
C,A,20210101,2021,52,2021,276,DEU,Germany,M,Import,100,BGR,Bulgaria,0,W00,World,H5,HS,TRUE,2519,"Natural magnesium carbonate (magnesite); fused magnesia; dead-burned (sintered) magnesia, whether or not containing small quantities of other oxides added before sintering; magnesium oxide, pure or not",4,FALSE,C00,TOTAL CPC,0,0,TOTAL MOT,8,kg,132.261,TRUE,-1,N/A,0,FALSE,132.261,TRUE,0,FALSE,60.223,0,60.223,6,FALSE,TRUE
C,A,20210101,2021,52,2021,276,DEU,Germany,M,Import,124,CAN,Canada,0,W00,World,H5,HS,TRUE,2519,"Natural magnesium carbonate (magnesite); fused magnesia; dead-burned (sintered) magnesia, whether or not containing small quantities of other oxides added before sintering; magnesium oxide, pure or not",4,FALSE,C00,TOTAL CPC,0,0,TOTAL MOT,8,kg,22502.593,TRUE,-1,N/A,0,FALSE,22502.593,TRUE,0,FALSE,25541.824,0,25541.824,6,FALSE,TRUE
C,A,20210101,2021,52,2021,276,DEU,Germany,M,Import,156,CHN,China,0,W00,World,H5,HS,TRUE,2519,"Natural magnesium carbonate (magnesite); fused magnesia; dead-burned (sintered) magnesia, whether or not containing small quantities of other oxides added before sintering; magnesium oxide, pure or not",4,FALSE,C00,TOTAL CPC,0,0,TOTAL MOT,8,kg,169294385.8,TRUE,-1,N/A,0,FALSE,169294385.8,TRUE,0,FALSE,63904157.5,0,63904157.5,6,FALSE,TRUE
C,A,20210101,2021,52,2021,276,DEU,Germany,M,Import,191,HRV,Croatia,0,W00,World,H5,HS,TRUE,2519,"Natural magnesium carbonate (magnesite); fused magnesia; dead-burned (sintered) magnesia, whether or not containing small quantities of other oxides added before sintering; magnesium oxide, pure or not",4,FALSE,C00,TOTAL CPC,0,0,TOTAL MOT,8,kg,73000,FALSE,8,kg,73000,FALSE,73000,FALSE,0,FALSE,21263.598,0,21263.598,0,FALSE,TRUE
C,A,20210101,2021,52,2021,276,DEU,Germany,M,Import,203,CZE,Czechia,0,W00,World,H5,HS,TRUE,2519,"Natural magnesium carbonate (magnesite); fused magnesia; dead-burned (sintered) magnesia, whether or not containing small quantities of other oxides added before sintering; magnesium oxide, pure or not",4,FALSE,C00,TOTAL CPC,0,0,TOTAL MOT,8,kg,345867,FALSE,8,kg,345867,FALSE,345867,FALSE,0,FALSE,124472.406,0,124472.406,0,FALSE,TRUE
C,A,20210101,2021,52,2021,276,DEU,Germany,M,Import,208,DNK,Denmark,0,W00,World,H5,HS,TRUE,2519,"Natural magnesium carbonate (magnesite); fused magnesia; dead-burned (sintered) magnesia, whether or not containing small quantities of other oxides added before sintering; magnesium oxide, pure or not",4,FALSE,C00,TOTAL CPC,0,0,TOTAL MOT,8,kg,221735,FALSE,8,kg,221735,FALSE,221735,FALSE,0,FALSE,90777.981,0,90777.981,0,FALSE,TRUE
C,A,20210101,2021,52,2021,276,DEU,Germany,M,Import,251,FRA,France,0,W00,World,H5,HS,TRUE,2519,"Natural magnesium carbonate (magnesite); fused magnesia; dead-burned (sintered) magnesia, whether or not containing small quantities of other oxides added before sintering; magnesium oxide, pure or not",4,FALSE,C00,TOTAL CPC,0,0,TOTAL MOT,8,kg,6768579,FALSE,8,kg,6768579,FALSE,6768579,FALSE,0,FALSE,3656557.164,0,3656557.164,0,FALSE,TRUE
C,A,20210101,2021,52,2021,276,DEU,Germany,M,Import,268,GEO,Georgia,0,W00,World,H5,HS,TRUE,2519,"Natural magnesium carbonate (magnesite); fused magnesia; dead-burned (sintered) magnesia, whether or not containing small quantities of other oxides added before sintering; magnesium oxide, pure or not",4,FALSE,C00,TOTAL CPC,0,0,TOTAL MOT,8,kg,23500,FALSE,8,kg,23500,FALSE,23500,FALSE,0,FALSE,21508.035,0,21508.035,0,FALSE,TRUE
C,A,20210101,2021,52,2021,276,DEU,Germany,M,Import,300,GRC,Greece,0,W00,World,H5,HS,TRUE,2519,"Natural magnesium carbonate (magnesite); fused magnesia; dead-burned (sintered) magnesia, whether or not containing small quantities of other oxides added before sintering; magnesium oxide, pure or not",4,FALSE,C00,TOTAL CPC,0,0,TOTAL MOT,8,kg,1489787,FALSE,8,kg,1489787,FALSE,1489787,FALSE,0,FALSE,792464.913,0,792464.913,0,FALSE,TRUE
C,A,20210101,2021,52,2021,276,DEU,Germany,M,Import,344,HKG,"China, Hong Kong SAR",0,W00,World,H5,HS,TRUE,2519,"Natural magnesium carbonate (magnesite); fused magnesia; dead-burned (sintered) magnesia, whether or not containing small quantities of other oxides added before sintering; magnesium oxide, pure or not",4,FALSE,C00,TOTAL CPC,0,0,TOTAL MOT,8,kg,7000,FALSE,8,kg,7000,FALSE,7000,FALSE,0,FALSE,18740.118,0,18740.118,0,FALSE,TRUE
C,A,20210101,2021,52,2021,276,DEU,Germany,M,Import,348,HUN,Hungary,0,W00,World,H5,HS,TRUE,2519,"Natural magnesium carbonate (magnesite); fused magnesia; dead-burned (sintered) magnesia, whether or not containing small quantities of other oxides added before sintering; magnesium oxide, pure or not",4,FALSE,C00,TOTAL CPC,0,0,TOTAL MOT,8,kg,1003,FALSE,8,kg,1003,FALSE,1003,FALSE,0,FALSE,1735.852,0,1735.852,0,FALSE,TRUE
C,A,20210101,2021,52,2021,276,DEU,Germany,M,Import,364,IRN,Iran,0,W00,World,H5,HS,TRUE,2519,"Natural magnesium carbonate (magnesite); fused magnesia; dead-burned (sintered) magnesia, whether or not containing small quantities of other oxides added before sintering; magnesium oxide, pure or not",4,FALSE,C00,TOTAL CPC,0,0,TOTAL MOT,8,kg,153160,FALSE,8,kg,153160,FALSE,153160,FALSE,0,FALSE,119453.786,0,119453.786,0,FALSE,TRUE
C,A,20210101,2021,52,2021,276,DEU,Germany,M,Import,372,IRL,Ireland,0,W00,World,H5,HS,TRUE,2519,"Natural magnesium carbonate (magnesite); fused magnesia; dead-burned (sintered) magnesia, whether or not containing small quantities of other oxides added before sintering; magnesium oxide, pure or not",4,FALSE,C00,TOTAL CPC,0,0,TOTAL MOT,8,kg,5131280,FALSE,8,kg,5131280,FALSE,5131280,FALSE,0,FALSE,3774877.332,0,3774877.332,0,FALSE,TRUE
C,A,20210101,2021,52,2021,276,DEU,Germany,M,Import,376,ISR,Israel,0,W00,World,H5,HS,TRUE,2519,"Natural magnesium carbonate (magnesite); fused magnesia; dead-burned (sintered) magnesia, whether or not containing small quantities of other oxides added before sintering; magnesium oxide, pure or not",4,FALSE,C00,TOTAL CPC,0,0,TOTAL MOT,8,kg,5651300.593,TRUE,-1,N/A,0,FALSE,5651300.593,TRUE,0,FALSE,16776908.12,0,16776908.12,6,FALSE,TRUE
C,A,20210101,2021,52,2021,276,DEU,Germany,M,Import,380,ITA,Italy,0,W00,World,H5,HS,TRUE,2519,"Natural magnesium carbonate (magnesite); fused magnesia; dead-burned (sintered) magnesia, whether or not containing small quantities of other oxides added before sintering; magnesium oxide, pure or not",4,FALSE,C00,TOTAL CPC,0,0,TOTAL MOT,8,kg,453576,FALSE,8,kg,453576,FALSE,453576,FALSE,0,FALSE,147019.59,0,147019.59,0,FALSE,TRUE
C,A,20210101,2021,52,2021,276,DEU,Germany,M,Import,392,JPN,Japan,0,W00,World,H5,HS,TRUE,2519,"Natural magnesium carbonate (magnesite); fused magnesia; dead-burned (sintered) magnesia, whether or not containing small quantities of other oxides added before sintering; magnesium oxide, pure or not",4,FALSE,C00,TOTAL CPC,0,0,TOTAL MOT,8,kg,2126700.598,TRUE,-1,N/A,0,FALSE,2126700.598,TRUE,0,FALSE,5910744.188,0,5910744.188,6,FALSE,TRUE
C,A,20210101,2021,52,2021,276,DEU,Germany,M,Import,410,KOR,Rep. of Korea,0,W00,World,H5,HS,TRUE,2519,"Natural magnesium carbonate (magnesite); fused magnesia; dead-burned (sintered) magnesia, whether or not containing small quantities of other oxides added before sintering; magnesium oxide, pure or not",4,FALSE,C00,TOTAL CPC,0,0,TOTAL MOT,8,kg,76306,FALSE,8,kg,76306,FALSE,76306,FALSE,0,FALSE,93385.302,0,93385.302,0,FALSE,TRUE
C,A,20210101,2021,52,2021,276,DEU,Germany,M,Import,440,LTU,Lithuania,0,W00,World,H5,HS,TRUE,2519,"Natural magnesium carbonate (magnesite); fused magnesia; dead-burned (sintered) magnesia, whether or not containing small quantities of other oxides added before sintering; magnesium oxide, pure or not",4,FALSE,C00,TOTAL CPC,0,0,TOTAL MOT,8,kg,51980,FALSE,8,kg,51980,FALSE,51980,FALSE,0,FALSE,15773.818,0,15773.818,0,FALSE,TRUE
C,A,20210101,2021,52,2021,276,DEU,Germany,M,Import,442,LUX,Luxembourg,0,W00,World,H5,HS,TRUE,2519,"Natural magnesium carbonate (magnesite); fused magnesia; dead-burned (sintered) magnesia, whether or not containing small quantities of other oxides added before sintering; magnesium oxide, pure or not",4,FALSE,C00,TOTAL CPC,0,0,TOTAL MOT,8,kg,250360,FALSE,8,kg,250360,FALSE,250360,FALSE,0,FALSE,85799.51,0,85799.51,0,FALSE,TRUE
C,A,20210101,2021,52,2021,276,DEU,Germany,M,Import,484,MEX,Mexico,0,W00,World,H5,HS,TRUE,2519,"Natural magnesium carbonate (magnesite); fused magnesia; dead-burned (sintered) magnesia, whether or not containing small quantities of other oxides added before sintering; magnesium oxide, pure or not",4,FALSE,C00,TOTAL CPC,0,0,TOTAL MOT,8,kg,3430632,FALSE,8,kg,3430632,FALSE,3430632,FALSE,0,FALSE,2653815.611,0,2653815.611,0,FALSE,TRUE
C,A,20210101,2021,52,2021,276,DEU,Germany,M,Import,528,NLD,Netherlands,0,W00,World,H5,HS,TRUE,2519,"Natural magnesium carbonate (magnesite); fused magnesia; dead-burned (sintered) magnesia, whether or not containing small quantities of other oxides added before sintering; magnesium oxide, pure or not",4,FALSE,C00,TOTAL CPC,0,0,TOTAL MOT,8,kg,63305857,FALSE,8,kg,63305857,FALSE,63305857,FALSE,0,FALSE,37501165.23,0,37501165.23,0,FALSE,TRUE
C,A,20210101,2021,52,2021,276,DEU,Germany,M,Import,579,NOR,Norway,0,W00,World,H5,HS,TRUE,2519,"Natural magnesium carbonate (magnesite); fused magnesia; dead-burned (sintered) magnesia, whether or not containing small quantities of other oxides added before sintering; magnesium oxide, pure or not",4,FALSE,C00,TOTAL CPC,0,0,TOTAL MOT,8,kg,1315630,FALSE,8,kg,1315630,FALSE,1315630,FALSE,0,FALSE,162086.078,0,162086.078,0,FALSE,TRUE
C,A,20210101,2021,52,2021,276,DEU,Germany,M,Import,643,RUS,Russian Federation,0,W00,World,H5,HS,TRUE,2519,"Natural magnesium carbonate (magnesite); fused magnesia; dead-burned (sintered) magnesia, whether or not containing small quantities of other oxides added before sintering; magnesium oxide, pure or not",4,FALSE,C00,TOTAL CPC,0,0,TOTAL MOT,8,kg,22647593,FALSE,8,kg,22647593,FALSE,22647593,FALSE,0,FALSE,4583897.787,0,4583897.787,0,FALSE,TRUE
C,A,20210101,2021,52,2021,276,DEU,Germany,M,Import,682,SAU,Saudi Arabia,0,W00,World,H5,HS,TRUE,2519,"Natural magnesium carbonate (magnesite); fused magnesia; dead-burned (sintered) magnesia, whether or not containing small quantities of other oxides added before sintering; magnesium oxide, pure or not",4,FALSE,C00,TOTAL CPC,0,0,TOTAL MOT,8,kg,7453515,FALSE,8,kg,7453515,FALSE,7453515,FALSE,0,FALSE,3650334.075,0,3650334.075,0,FALSE,TRUE
C,A,20210101,2021,52,2021,276,DEU,Germany,M,Import,699,IND,India,0,W00,World,H5,HS,TRUE,2519,"Natural magnesium carbonate (magnesite); fused magnesia; dead-burned (sintered) magnesia, whether or not containing small quantities of other oxides added before sintering; magnesium oxide, pure or not",4,FALSE,C00,TOTAL CPC,0,0,TOTAL MOT,8,kg,34176.108,TRUE,-1,N/A,0,FALSE,34176.108,TRUE,0,FALSE,84864.276,0,84864.276,6,FALSE,TRUE
C,A,20210101,2021,52,2021,276,DEU,Germany,M,Import,703,SVK,Slovakia,0,W00,World,H5,HS,TRUE,2519,"Natural magnesium carbonate (magnesite); fused magnesia; dead-burned (sintered) magnesia, whether or not containing small quantities of other oxides added before sintering; magnesium oxide, pure or not",4,FALSE,C00,TOTAL CPC,0,0,TOTAL MOT,8,kg,34918172,FALSE,8,kg,34918172,FALSE,34918172,FALSE,0,FALSE,12826928.18,0,12826928.18,0,FALSE,TRUE
C,A,20210101,2021,52,2021,276,DEU,Germany,M,Import,705,SVN,Slovenia,0,W00,World,H5,HS,TRUE,2519,"Natural magnesium carbonate (magnesite); fused magnesia; dead-burned (sintered) magnesia, whether or not containing small quantities of other oxides added before sintering; magnesium oxide, pure or not",4,FALSE,C00,TOTAL CPC,0,0,TOTAL MOT,8,kg,154727,FALSE,8,kg,154727,FALSE,154727,FALSE,0,FALSE,109427.174,0,109427.174,0,FALSE,TRUE
C,A,20210101,2021,52,2021,276,DEU,Germany,M,Import,716,ZWE,Zimbabwe,0,W00,World,H5,HS,TRUE,2519,"Natural magnesium carbonate (magnesite); fused magnesia; dead-burned (sintered) magnesia, whether or not containing small quantities of other oxides added before sintering; magnesium oxide, pure or not",4,FALSE,C00,TOTAL CPC,0,0,TOTAL MOT,8,kg,200000,FALSE,8,kg,200000,FALSE,200000,FALSE,0,FALSE,89437.715,0,89437.715,0,FALSE,TRUE
C,A,20210101,2021,52,2021,276,DEU,Germany,M,Import,724,ESP,Spain,0,W00,World,H5,HS,TRUE,2519,"Natural magnesium carbonate (magnesite); fused magnesia; dead-burned (sintered) magnesia, whether or not containing small quantities of other oxides added before sintering; magnesium oxide, pure or not",4,FALSE,C00,TOTAL CPC,0,0,TOTAL MOT,8,kg,21857842.28,TRUE,-1,N/A,0,FALSE,21857842.28,TRUE,0,FALSE,6771652.451,0,6771652.451,6,FALSE,TRUE
C,A,20210101,2021,52,2021,276,DEU,Germany,M,Import,752,SWE,Sweden,0,W00,World,H5,HS,TRUE,2519,"Natural magnesium carbonate (magnesite); fused magnesia; dead-burned (sintered) magnesia, whether or not containing small quantities of other oxides added before sintering; magnesium oxide, pure or not",4,FALSE,C00,TOTAL CPC,0,0,TOTAL MOT,8,kg,137909,FALSE,8,kg,137909,FALSE,137909,FALSE,0,FALSE,26334.176,0,26334.176,0,FALSE,TRUE
C,A,20210101,2021,52,2021,276,DEU,Germany,M,Import,757,CHE,Switzerland,0,W00,World,H5,HS,TRUE,2519,"Natural magnesium carbonate (magnesite); fused magnesia; dead-burned (sintered) magnesia, whether or not containing small quantities of other oxides added before sintering; magnesium oxide, pure or not",4,FALSE,C00,TOTAL CPC,0,0,TOTAL MOT,8,kg,15109.316,TRUE,-1,N/A,0,FALSE,15109.316,TRUE,0,FALSE,17951.309,0,17951.309,6,FALSE,TRUE
C,A,20210101,2021,52,2021,276,DEU,Germany,M,Import,792,TUR,Türkiye,0,W00,World,H5,HS,TRUE,2519,"Natural magnesium carbonate (magnesite); fused magnesia; dead-burned (sintered) magnesia, whether or not containing small quantities of other oxides added before sintering; magnesium oxide, pure or not",4,FALSE,C00,TOTAL CPC,0,0,TOTAL MOT,8,kg,33325802.86,TRUE,-1,N/A,0,FALSE,33325802.86,TRUE,0,FALSE,9523372.484,0,9523372.484,6,FALSE,TRUE
C,A,20210101,2021,52,2021,276,DEU,Germany,M,Import,826,GBR,United Kingdom,0,W00,World,H5,HS,TRUE,2519,"Natural magnesium carbonate (magnesite); fused magnesia; dead-burned (sintered) magnesia, whether or not containing small quantities of other oxides added before sintering; magnesium oxide, pure or not",4,FALSE,C00,TOTAL CPC,0,0,TOTAL MOT,8,kg,1348769.609,TRUE,-1,N/A,0,FALSE,1348769.609,TRUE,0,FALSE,3770967.532,0,3770967.532,6,FALSE,TRUE
C,A,20210101,2021,52,2021,276,DEU,Germany,M,Import,842,USA,USA,0,W00,World,H5,HS,TRUE,2519,"Natural magnesium carbonate (magnesite); fused magnesia; dead-burned (sintered) magnesia, whether or not containing small quantities of other oxides added before sintering; magnesium oxide, pure or not",4,FALSE,C00,TOTAL CPC,0,0,TOTAL MOT,8,kg,3486922.802,TRUE,-1,N/A,0,FALSE,3486922.802,TRUE,0,FALSE,4642968.717,0,4642968.717,6,FALSE,TRUE
C,A,20210101,2021,52,2021,276,DEU,Germany,M,Import,0,W00,World,0,W00,World,H5,HS,TRUE,2601,Iron ores and concentrates; including roasted iron pyrites,4,FALSE,C00,TOTAL CPC,0,0,TOTAL MOT,-1,N/A,0,FALSE,-1,N/A,0,FALSE,0,FALSE,0,FALSE,6951381025,0,6951381025,0,FALSE,TRUE
C,A,20210101,2021,52,2021,276,DEU,Germany,M,Import,32,ARG,Argentina,0,W00,World,H5,HS,TRUE,2601,Iron ores and concentrates; including roasted iron pyrites,4,FALSE,C00,TOTAL CPC,0,0,TOTAL MOT,8,kg,17272141,FALSE,8,kg,17272141,FALSE,17272141,FALSE,0,FALSE,2707053.133,0,2707053.133,0,FALSE,TRUE
C,A,20210101,2021,52,2021,276,DEU,Germany,M,Import,36,AUS,Australia,0,W00,World,H5,HS,TRUE,2601,Iron ores and concentrates; including roasted iron pyrites,4,FALSE,C00,TOTAL CPC,0,0,TOTAL MOT,8,kg,81013529,FALSE,8,kg,81013529,FALSE,81013529,FALSE,0,FALSE,13453261.41,0,13453261.41,0,FALSE,TRUE
C,A,20210101,2021,52,2021,276,DEU,Germany,M,Import,40,AUT,Austria,0,W00,World,H5,HS,TRUE,2601,Iron ores and concentrates; including roasted iron pyrites,4,FALSE,C00,TOTAL CPC,0,0,TOTAL MOT,8,kg,79280,FALSE,8,kg,79280,FALSE,79280,FALSE,0,FALSE,12646.923,0,12646.923,0,FALSE,TRUE
C,A,20210101,2021,52,2021,276,DEU,Germany,M,Import,76,BRA,Brazil,0,W00,World,H5,HS,TRUE,2601,Iron ores and concentrates; including roasted iron pyrites,4,FALSE,C00,TOTAL CPC,0,0,TOTAL MOT,8,kg,7440015786,FALSE,8,kg,7440015786,FALSE,7440015786,FALSE,0,FALSE,1121755630,0,1121755630,0,FALSE,TRUE
C,A,20210101,2021,52,2021,276,DEU,Germany,M,Import,124,CAN,Canada,0,W00,World,H5,HS,TRUE,2601,Iron ores and concentrates; including roasted iron pyrites,4,FALSE,C00,TOTAL CPC,0,0,TOTAL MOT,8,kg,9134982554,TRUE,-1,N/A,0,FALSE,9134982554,TRUE,0,FALSE,1696959633,0,1696959633,6,FALSE,TRUE
C,A,20210101,2021,52,2021,276,DEU,Germany,M,Import,156,CHN,China,0,W00,World,H5,HS,TRUE,2601,Iron ores and concentrates; including roasted iron pyrites,4,FALSE,C00,TOTAL CPC,0,0,TOTAL MOT,8,kg,531879.903,TRUE,-1,N/A,0,FALSE,531879.903,TRUE,0,FALSE,72560.981,0,72560.981,6,FALSE,TRUE
C,A,20210101,2021,52,2021,276,DEU,Germany,M,Import,246,FIN,Finland,0,W00,World,H5,HS,TRUE,2601,Iron ores and concentrates; including roasted iron pyrites,4,FALSE,C00,TOTAL CPC,0,0,TOTAL MOT,8,kg,22240618,FALSE,8,kg,22240618,FALSE,22240618,FALSE,0,FALSE,2434890.412,0,2434890.412,0,FALSE,TRUE
C,A,20210101,2021,52,2021,276,DEU,Germany,M,Import,251,FRA,France,0,W00,World,H5,HS,TRUE,2601,Iron ores and concentrates; including roasted iron pyrites,4,FALSE,C00,TOTAL CPC,0,0,TOTAL MOT,8,kg,2379800,FALSE,8,kg,2379800,FALSE,2379800,FALSE,0,FALSE,277572.203,0,277572.203,0,FALSE,TRUE
C,A,20210101,2021,52,2021,276,DEU,Germany,M,Import,380,ITA,Italy,0,W00,World,H5,HS,TRUE,2601,Iron ores and concentrates; including roasted iron pyrites,4,FALSE,C00,TOTAL CPC,0,0,TOTAL MOT,8,kg,44811,FALSE,8,kg,44811,FALSE,44811,FALSE,0,FALSE,15710.052,0,15710.052,0,FALSE,TRUE
C,A,20210101,2021,52,2021,276,DEU,Germany,M,Import,430,LBR,Liberia,0,W00,World,H5,HS,TRUE,2601,Iron ores and concentrates; including roasted iron pyrites,4,FALSE,C00,TOTAL CPC,0,0,TOTAL MOT,8,kg,856975300.4,TRUE,-1,N/A,0,FALSE,856975300.4,TRUE,0,FALSE,108247979.8,0,108247979.8,6,FALSE,TRUE
C,A,20210101,2021,52,2021,276,DEU,Germany,M,Import,478,MRT,Mauritania,0,W00,World,H5,HS,TRUE,2601,Iron ores and concentrates; including roasted iron pyrites,4,FALSE,C00,TOTAL CPC,0,0,TOTAL MOT,8,kg,772066804.6,TRUE,-1,N/A,0,FALSE,772066804.6,TRUE,0,FALSE,128387637.3,0,128387637.3,6,FALSE,TRUE
C,A,20210101,2021,52,2021,276,DEU,Germany,M,Import,484,MEX,Mexico,0,W00,World,H5,HS,TRUE,2601,Iron ores and concentrates; including roasted iron pyrites,4,FALSE,C00,TOTAL CPC,0,0,TOTAL MOT,8,kg,91078600,FALSE,8,kg,91078600,FALSE,91078600,FALSE,0,FALSE,13714809.46,0,13714809.46,0,FALSE,TRUE
C,A,20210101,2021,52,2021,276,DEU,Germany,M,Import,504,MAR,Morocco,0,W00,World,H5,HS,TRUE,2601,Iron ores and concentrates; including roasted iron pyrites,4,FALSE,C00,TOTAL CPC,0,0,TOTAL MOT,8,kg,57010000,FALSE,8,kg,57010000,FALSE,57010000,FALSE,0,FALSE,8400234.825,0,8400234.825,0,FALSE,TRUE
C,A,20210101,2021,52,2021,276,DEU,Germany,M,Import,528,NLD,Netherlands,0,W00,World,H5,HS,TRUE,2601,Iron ores and concentrates; including roasted iron pyrites,4,FALSE,C00,TOTAL CPC,0,0,TOTAL MOT,-1,N/A,0,FALSE,-1,N/A,0,FALSE,0,FALSE,0,FALSE,2215255.522,0,2215255.522,0,FALSE,TRUE
C,A,20210101,2021,52,2021,276,DEU,Germany,M,Import,579,NOR,Norway,0,W00,World,H5,HS,TRUE,2601,Iron ores and concentrates; including roasted iron pyrites,4,FALSE,C00,TOTAL CPC,0,0,TOTAL MOT,8,kg,141293250.3,TRUE,-1,N/A,0,FALSE,141293250.3,TRUE,0,FALSE,22711627.14,0,22711627.14,6,FALSE,TRUE
C,A,20210101,2021,52,2021,276,DEU,Germany,M,Import,604,PER,Peru,0,W00,World,H5,HS,TRUE,2601,Iron ores and concentrates; including roasted iron pyrites,4,FALSE,C00,TOTAL CPC,0,0,TOTAL MOT,8,kg,71373.211,TRUE,-1,N/A,0,FALSE,71373.211,TRUE,0,FALSE,10960.666,0,10960.666,6,FALSE,TRUE
C,A,20210101,2021,52,2021,276,DEU,Germany,M,Import,643,RUS,Russian Federation,0,W00,World,H5,HS,TRUE,2601,Iron ores and concentrates; including roasted iron pyrites,4,FALSE,C00,TOTAL CPC,0,0,TOTAL MOT,8,kg,3527018701,TRUE,-1,N/A,0,FALSE,3527018701,TRUE,0,FALSE,717737526,0,717737526,6,FALSE,TRUE
C,A,20210101,2021,52,2021,276,DEU,Germany,M,Import,699,IND,India,0,W00,World,H5,HS,TRUE,2601,Iron ores and concentrates; including roasted iron pyrites,4,FALSE,C00,TOTAL CPC,0,0,TOTAL MOT,8,kg,9309,FALSE,8,kg,9309,FALSE,9309,FALSE,0,FALSE,1209.192,0,1209.192,0,FALSE,TRUE
C,A,20210101,2021,52,2021,276,DEU,Germany,M,Import,710,ZAF,South Africa,0,W00,World,H5,HS,TRUE,2601,Iron ores and concentrates; including roasted iron pyrites,4,FALSE,C00,TOTAL CPC,0,0,TOTAL MOT,8,kg,10701833982,TRUE,-1,N/A,0,FALSE,10701833982,TRUE,0,FALSE,1828634616,0,1828634616,6,FALSE,TRUE
C,A,20210101,2021,52,2021,276,DEU,Germany,M,Import,724,ESP,Spain,0,W00,World,H5,HS,TRUE,2601,Iron ores and concentrates; including roasted iron pyrites,4,FALSE,C00,TOTAL CPC,0,0,TOTAL MOT,8,kg,24000,FALSE,8,kg,24000,FALSE,24000,FALSE,0,FALSE,12442.635,0,12442.635,0,FALSE,TRUE
C,A,20210101,2021,52,2021,276,DEU,Germany,M,Import,752,SWE,Sweden,0,W00,World,H5,HS,TRUE,2601,Iron ores and concentrates; including roasted iron pyrites,4,FALSE,C00,TOTAL CPC,0,0,TOTAL MOT,8,kg,4982287040,FALSE,8,kg,4982287040,FALSE,4982287040,FALSE,0,FALSE,954531093.9,0,954531093.9,0,FALSE,TRUE
C,A,20210101,2021,52,2021,276,DEU,Germany,M,Import,757,CHE,Switzerland,0,W00,World,H5,HS,TRUE,2601,Iron ores and concentrates; including roasted iron pyrites,4,FALSE,C00,TOTAL CPC,0,0,TOTAL MOT,8,kg,14817,FALSE,8,kg,14817,FALSE,14817,FALSE,0,FALSE,1581.161,0,1581.161,0,FALSE,TRUE
C,A,20210101,2021,52,2021,276,DEU,Germany,M,Import,792,TUR,Türkiye,0,W00,World,H5,HS,TRUE,2601,Iron ores and concentrates; including roasted iron pyrites,4,FALSE,C00,TOTAL CPC,0,0,TOTAL MOT,8,kg,10778895.98,TRUE,-1,N/A,0,FALSE,10778895.98,TRUE,0,FALSE,1399814.776,0,1399814.776,6,FALSE,TRUE
C,A,20210101,2021,52,2021,276,DEU,Germany,M,Import,804,UKR,Ukraine,0,W00,World,H5,HS,TRUE,2601,Iron ores and concentrates; including roasted iron pyrites,4,FALSE,C00,TOTAL CPC,0,0,TOTAL MOT,8,kg,1395501820,FALSE,8,kg,1395501820,FALSE,1395501820,FALSE,0,FALSE,267157148.9,0,267157148.9,0,FALSE,TRUE
C,A,20210101,2021,52,2021,276,DEU,Germany,M,Import,826,GBR,United Kingdom,0,W00,World,H5,HS,TRUE,2601,Iron ores and concentrates; including roasted iron pyrites,4,FALSE,C00,TOTAL CPC,0,0,TOTAL MOT,8,kg,56013,FALSE,8,kg,56013,FALSE,56013,FALSE,0,FALSE,6866.653,0,6866.653,0,FALSE,TRUE
C,A,20210101,2021,52,2021,276,DEU,Germany,M,Import,842,USA,USA,0,W00,World,H5,HS,TRUE,2601,Iron ores and concentrates; including roasted iron pyrites,4,FALSE,C00,TOTAL CPC,0,0,TOTAL MOT,8,kg,262600736,FALSE,8,kg,262600736,FALSE,262600736,FALSE,0,FALSE,60521262.74,0,60521262.74,0,FALSE,TRUE
C,A,20210101,2021,52,2021,276,DEU,Germany,M,Import,0,W00,World,0,W00,World,H5,HS,TRUE,2603,Copper ores and concentrates,4,FALSE,C00,TOTAL CPC,0,0,TOTAL MOT,8,kg,1148835647,TRUE,-1,N/A,0,FALSE,1148835647,TRUE,0,FALSE,3052500248,0,3052500248,6,FALSE,TRUE
C,A,20210101,2021,52,2021,276,DEU,Germany,M,Import,36,AUS,Australia,0,W00,World,H5,HS,TRUE,2603,Copper ores and concentrates,4,FALSE,C00,TOTAL CPC,0,0,TOTAL MOT,8,kg,57454993,FALSE,8,kg,57454993,FALSE,57454993,FALSE,0,FALSE,231799540.2,0,231799540.2,0,FALSE,TRUE
C,A,20210101,2021,52,2021,276,DEU,Germany,M,Import,76,BRA,Brazil,0,W00,World,H5,HS,TRUE,2603,Copper ores and concentrates,4,FALSE,C00,TOTAL CPC,0,0,TOTAL MOT,8,kg,258332366,FALSE,8,kg,258332366,FALSE,258332366,FALSE,0,FALSE,817738843.1,0,817738843.1,0,FALSE,TRUE
C,A,20210101,2021,52,2021,276,DEU,Germany,M,Import,124,CAN,Canada,0,W00,World,H5,HS,TRUE,2603,Copper ores and concentrates,4,FALSE,C00,TOTAL CPC,0,0,TOTAL MOT,8,kg,61607920,FALSE,8,kg,61607920,FALSE,61607920,FALSE,0,FALSE,183320366.7,0,183320366.7,0,FALSE,TRUE
C,A,20210101,2021,52,2021,276,DEU,Germany,M,Import,152,CHL,Chile,0,W00,World,H5,HS,TRUE,2603,Copper ores and concentrates,4,FALSE,C00,TOTAL CPC,0,0,TOTAL MOT,8,kg,220843655,FALSE,8,kg,220843655,FALSE,220843655,FALSE,0,FALSE,506473139,0,506473139,0,FALSE,TRUE
C,A,20210101,2021,52,2021,276,DEU,Germany,M,Import,156,CHN,China,0,W00,World,H5,HS,TRUE,2603,Copper ores and concentrates,4,FALSE,C00,TOTAL CPC,0,0,TOTAL MOT,8,kg,18000,FALSE,8,kg,18000,FALSE,18000,FALSE,0,FALSE,95294.739,0,95294.739,0,FALSE,TRUE
C,A,20210101,2021,52,2021,276,DEU,Germany,M,Import,246,FIN,Finland,0,W00,World,H5,HS,TRUE,2603,Copper ores and concentrates,4,FALSE,C00,TOTAL CPC,0,0,TOTAL MOT,8,kg,468170,FALSE,8,kg,468170,FALSE,468170,FALSE,0,FALSE,10134194.05,0,10134194.05,0,FALSE,TRUE
C,A,20210101,2021,52,2021,276,DEU,Germany,M,Import,251,FRA,France,0,W00,World,H5,HS,TRUE,2603,Copper ores and concentrates,4,FALSE,C00,TOTAL CPC,0,0,TOTAL MOT,8,kg,775.855,TRUE,-1,N/A,0,FALSE,775.855,TRUE,0,FALSE,4097.556,0,4097.556,6,FALSE,TRUE
C,A,20210101,2021,52,2021,276,DEU,Germany,M,Import,288,GHA,Ghana,0,W00,World,H5,HS,TRUE,2603,Copper ores and concentrates,4,FALSE,C00,TOTAL CPC,0,0,TOTAL MOT,8,kg,91,FALSE,8,kg,91,FALSE,91,FALSE,0,FALSE,197.202,0,197.202,0,FALSE,TRUE
C,A,20210101,2021,52,2021,276,DEU,Germany,M,Import,360,IDN,Indonesia,0,W00,World,H5,HS,TRUE,2603,Copper ores and concentrates,4,FALSE,C00,TOTAL CPC,0,0,TOTAL MOT,8,kg,121502591,FALSE,8,kg,121502591,FALSE,121502591,FALSE,0,FALSE,296078039.5,0,296078039.5,0,FALSE,TRUE
C,A,20210101,2021,52,2021,276,DEU,Germany,M,Import,376,ISR,Israel,0,W00,World,H5,HS,TRUE,2603,Copper ores and concentrates,4,FALSE,C00,TOTAL CPC,0,0,TOTAL MOT,8,kg,3429,FALSE,8,kg,3429,FALSE,3429,FALSE,0,FALSE,7167.77,0,7167.77,0,FALSE,TRUE
C,A,20210101,2021,52,2021,276,DEU,Germany,M,Import,398,KAZ,Kazakhstan,0,W00,World,H5,HS,TRUE,2603,Copper ores and concentrates,4,FALSE,C00,TOTAL CPC,0,0,TOTAL MOT,8,kg,1294156,FALSE,8,kg,1294156,FALSE,1294156,FALSE,0,FALSE,2496874.504,0,2496874.504,0,FALSE,TRUE
C,A,20210101,2021,52,2021,276,DEU,Germany,M,Import,484,MEX,Mexico,0,W00,World,H5,HS,TRUE,2603,Copper ores and concentrates,4,FALSE,C00,TOTAL CPC,0,0,TOTAL MOT,8,kg,20,FALSE,8,kg,20,FALSE,20,FALSE,0,FALSE,43.692,0,43.692,0,FALSE,TRUE
C,A,20210101,2021,52,2021,276,DEU,Germany,M,Import,490,S19,"Other Asia, nes",0,W00,World,H5,HS,TRUE,2603,Copper ores and concentrates,4,FALSE,C00,TOTAL CPC,0,0,TOTAL MOT,8,kg,56812,FALSE,8,kg,56812,FALSE,56812,FALSE,0,FALSE,131490.209,0,131490.209,0,FALSE,TRUE
C,A,20210101,2021,52,2021,276,DEU,Germany,M,Import,496,MNG,Mongolia,0,W00,World,H5,HS,TRUE,2603,Copper ores and concentrates,4,FALSE,C00,TOTAL CPC,0,0,TOTAL MOT,8,kg,208,FALSE,8,kg,208,FALSE,208,FALSE,0,FALSE,197.202,0,197.202,0,FALSE,TRUE
C,A,20210101,2021,52,2021,276,DEU,Germany,M,Import,504,MAR,Morocco,0,W00,World,H5,HS,TRUE,2603,Copper ores and concentrates,4,FALSE,C00,TOTAL CPC,0,0,TOTAL MOT,8,kg,10201000,FALSE,8,kg,10201000,FALSE,10201000,FALSE,0,FALSE,11295019.78,0,11295019.78,0,FALSE,TRUE
C,A,20210101,2021,52,2021,276,DEU,Germany,M,Import,591,PAN,Panama,0,W00,World,H5,HS,TRUE,2603,Copper ores and concentrates,4,FALSE,C00,TOTAL CPC,0,0,TOTAL MOT,8,kg,100789400,FALSE,8,kg,100789400,FALSE,100789400,FALSE,0,FALSE,224296011.2,0,224296011.2,0,FALSE,TRUE
C,A,20210101,2021,52,2021,276,DEU,Germany,M,Import,598,PNG,Papua New Guinea,0,W00,World,H5,HS,TRUE,2603,Copper ores and concentrates,4,FALSE,C00,TOTAL CPC,0,0,TOTAL MOT,8,kg,21600000,FALSE,8,kg,21600000,FALSE,21600000,FALSE,0,FALSE,65769488.85,0,65769488.85,0,FALSE,TRUE
C,A,20210101,2021,52,2021,276,DEU,Germany,M,Import,604,PER,Peru,0,W00,World,H5,HS,TRUE,2603,Copper ores and concentrates,4,FALSE,C00,TOTAL CPC,0,0,TOTAL MOT,8,kg,252082866,FALSE,8,kg,252082866,FALSE,252082866,FALSE,0,FALSE,584019237.9,0,584019237.9,0,FALSE,TRUE
C,A,20210101,2021,52,2021,276,DEU,Germany,M,Import,620,PRT,Portugal,0,W00,World,H5,HS,TRUE,2603,Copper ores and concentrates,4,FALSE,C00,TOTAL CPC,0,0,TOTAL MOT,8,kg,5703008,FALSE,8,kg,5703008,FALSE,5703008,FALSE,0,FALSE,9968283.194,0,9968283.194,0,FALSE,TRUE
C,A,20210101,2021,52,2021,276,DEU,Germany,M,Import,643,RUS,Russian Federation,0,W00,World,H5,HS,TRUE,2603,Copper ores and concentrates,4,FALSE,C00,TOTAL CPC,0,0,TOTAL MOT,8,kg,3493070,FALSE,8,kg,3493070,FALSE,3493070,FALSE,0,FALSE,6631435.748,0,6631435.748,0,FALSE,TRUE
C,A,20210101,2021,52,2021,276,DEU,Germany,M,Import,724,ESP,Spain,0,W00,World,H5,HS,TRUE,2603,Copper ores and concentrates,4,FALSE,C00,TOTAL CPC,0,0,TOTAL MOT,8,kg,4702680,FALSE,8,kg,4702680,FALSE,4702680,FALSE,0,FALSE,39259873.93,0,39259873.93,0,FALSE,TRUE
C,A,20210101,2021,52,2021,276,DEU,Germany,M,Import,792,TUR,Türkiye,0,W00,World,H5,HS,TRUE,2603,Copper ores and concentrates,4,FALSE,C00,TOTAL CPC,0,0,TOTAL MOT,8,kg,21548080,FALSE,8,kg,21548080,FALSE,21548080,FALSE,0,FALSE,40834376.84,0,40834376.84,0,FALSE,TRUE
C,A,20210101,2021,52,2021,276,DEU,Germany,M,Import,826,GBR,United Kingdom,0,W00,World,H5,HS,TRUE,2603,Copper ores and concentrates,4,FALSE,C00,TOTAL CPC,0,0,TOTAL MOT,8,kg,52,FALSE,8,kg,52,FALSE,52,FALSE,0,FALSE,109.819,0,109.819,0,FALSE,TRUE
C,A,20210101,2021,52,2021,276,DEU,Germany,M,Import,842,USA,USA,0,W00,World,H5,HS,TRUE,2603,Copper ores and concentrates,4,FALSE,C00,TOTAL CPC,0,0,TOTAL MOT,8,kg,7131744,FALSE,8,kg,7131744,FALSE,7131744,FALSE,0,FALSE,22145561.03,0,22145561.03,0,FALSE,TRUE
C,A,20210101,2021,52,2021,276,DEU,Germany,M,Import,894,ZMB,Zambia,0,W00,World,H5,HS,TRUE,2603,Copper ores and concentrates,4,FALSE,C00,TOTAL CPC,0,0,TOTAL MOT,8,kg,560,FALSE,8,kg,560,FALSE,560,FALSE,0,FALSE,1363.884,0,1363.884,0,FALSE,TRUE
C,A,20210101,2021,52,2021,276,DEU,Germany,M,Import,0,W00,World,0,W00,World,H5,HS,TRUE,2604,Nickel ores and concentrates,4,FALSE,C00,TOTAL CPC,0,0,TOTAL MOT,8,kg,1994946.027,TRUE,-1,N/A,0,FALSE,1994946.027,TRUE,0,FALSE,4374272.977,0,4374272.977,6,FALSE,TRUE
C,A,20210101,2021,52,2021,276,DEU,Germany,M,Import,76,BRA,Brazil,0,W00,World,H5,HS,TRUE,2604,Nickel ores and concentrates,4,FALSE,C00,TOTAL CPC,0,0,TOTAL MOT,8,kg,58545,FALSE,8,kg,58545,FALSE,58545,FALSE,0,FALSE,52878.543,0,52878.543,0,FALSE,TRUE
C,A,20210101,2021,52,2021,276,DEU,Germany,M,Import,156,CHN,China,0,W00,World,H5,HS,TRUE,2604,Nickel ores and concentrates,4,FALSE,C00,TOTAL CPC,0,0,TOTAL MOT,8,kg,2282,FALSE,8,kg,2282,FALSE,2282,FALSE,0,FALSE,3692.524,0,3692.524,0,FALSE,TRUE
C,A,20210101,2021,52,2021,276,DEU,Germany,M,Import,251,FRA,France,0,W00,World,H5,HS,TRUE,2604,Nickel ores and concentrates,4,FALSE,C00,TOTAL CPC,0,0,TOTAL MOT,8,kg,5000,FALSE,8,kg,5000,FALSE,5000,FALSE,0,FALSE,100968.732,0,100968.732,0,FALSE,TRUE
C,A,20210101,2021,52,2021,276,DEU,Germany,M,Import,360,IDN,Indonesia,0,W00,World,H5,HS,TRUE,2604,Nickel ores and concentrates,4,FALSE,C00,TOTAL CPC,0,0,TOTAL MOT,8,kg,167337,FALSE,8,kg,167337,FALSE,167337,FALSE,0,FALSE,485275.767,0,485275.767,0,FALSE,TRUE
C,A,20210101,2021,52,2021,276,DEU,Germany,M,Import,392,JPN,Japan,0,W00,World,H5,HS,TRUE,2604,Nickel ores and concentrates,4,FALSE,C00,TOTAL CPC,0,0,TOTAL MOT,8,kg,177049,FALSE,8,kg,177049,FALSE,177049,FALSE,0,FALSE,346171.426,0,346171.426,0,FALSE,TRUE
C,A,20210101,2021,52,2021,276,DEU,Germany,M,Import,410,KOR,Rep. of Korea,0,W00,World,H5,HS,TRUE,2604,Nickel ores and concentrates,4,FALSE,C00,TOTAL CPC,0,0,TOTAL MOT,8,kg,494190,FALSE,8,kg,494190,FALSE,494190,FALSE,0,FALSE,902423.47,0,902423.47,0,FALSE,TRUE
C,A,20210101,2021,52,2021,276,DEU,Germany,M,Import,458,MYS,Malaysia,0,W00,World,H5,HS,TRUE,2604,Nickel ores and concentrates,4,FALSE,C00,TOTAL CPC,0,0,TOTAL MOT,8,kg,546366,FALSE,8,kg,546366,FALSE,546366,FALSE,0,FALSE,1479848.187,0,1479848.187,0,FALSE,TRUE
C,A,20210101,2021,52,2021,276,DEU,Germany,M,Import,702,SGP,Singapore,0,W00,World,H5,HS,TRUE,2604,Nickel ores and concentrates,4,FALSE,C00,TOTAL CPC,0,0,TOTAL MOT,8,kg,311892,FALSE,8,kg,311892,FALSE,311892,FALSE,0,FALSE,736244.559,0,736244.559,0,FALSE,TRUE
C,A,20210101,2021,52,2021,276,DEU,Germany,M,Import,764,THA,Thailand,0,W00,World,H5,HS,TRUE,2604,Nickel ores and concentrates,4,FALSE,C00,TOTAL CPC,0,0,TOTAL MOT,8,kg,160204,FALSE,8,kg,160204,FALSE,160204,FALSE,0,FALSE,225686.756,0,225686.756,0,FALSE,TRUE
C,A,20210101,2021,52,2021,276,DEU,Germany,M,Import,842,USA,USA,0,W00,World,H5,HS,TRUE,2604,Nickel ores and concentrates,4,FALSE,C00,TOTAL CPC,0,0,TOTAL MOT,8,kg,72081.027,TRUE,-1,N/A,0,FALSE,72081.027,TRUE,0,FALSE,41083.015,0,41083.015,6,FALSE,TRUE
C,A,20210101,2021,52,2021,276,DEU,Germany,M,Import,0,W00,World,0,W00,World,H5,HS,TRUE,2606,Aluminium ores and concentrates,4,FALSE,C00,TOTAL CPC,0,0,TOTAL MOT,8,kg,2021797060,TRUE,-1,N/A,0,FALSE,2021797060,TRUE,0,FALSE,121240483.5,0,121240483.5,6,FALSE,TRUE
C,A,20210101,2021,52,2021,276,DEU,Germany,M,Import,56,BEL,Belgium,0,W00,World,H5,HS,TRUE,2606,Aluminium ores and concentrates,4,FALSE,C00,TOTAL CPC,0,0,TOTAL MOT,8,kg,182000,FALSE,8,kg,182000,FALSE,182000,FALSE,0,FALSE,104459.33,0,104459.33,0,FALSE,TRUE
C,A,20210101,2021,52,2021,276,DEU,Germany,M,Import,76,BRA,Brazil,0,W00,World,H5,HS,TRUE,2606,Aluminium ores and concentrates,4,FALSE,C00,TOTAL CPC,0,0,TOTAL MOT,8,kg,825697,FALSE,8,kg,825697,FALSE,825697,FALSE,0,FALSE,206800.212,0,206800.212,0,FALSE,TRUE
C,A,20210101,2021,52,2021,276,DEU,Germany,M,Import,156,CHN,China,0,W00,World,H5,HS,TRUE,2606,Aluminium ores and concentrates,4,FALSE,C00,TOTAL CPC,0,0,TOTAL MOT,8,kg,37265968,FALSE,8,kg,37265968,FALSE,37265968,FALSE,0,FALSE,16580865.46,0,16580865.46,0,FALSE,TRUE
C,A,20210101,2021,52,2021,276,DEU,Germany,M,Import,251,FRA,France,0,W00,World,H5,HS,TRUE,2606,Aluminium ores and concentrates,4,FALSE,C00,TOTAL CPC,0,0,TOTAL MOT,8,kg,1013323,FALSE,8,kg,1013323,FALSE,1013323,FALSE,0,FALSE,511599.315,0,511599.315,0,FALSE,TRUE
C,A,20210101,2021,52,2021,276,DEU,Germany,M,Import,300,GRC,Greece,0,W00,World,H5,HS,TRUE,2606,Aluminium ores and concentrates,4,FALSE,C00,TOTAL CPC,0,0,TOTAL MOT,8,kg,476162,FALSE,8,kg,476162,FALSE,476162,FALSE,0,FALSE,311969.234,0,311969.234,0,FALSE,TRUE
C,A,20210101,2021,52,2021,276,DEU,Germany,M,Import,324,GIN,Guinea,0,W00,World,H5,HS,TRUE,2606,Aluminium ores and concentrates,4,FALSE,C00,TOTAL CPC,0,0,TOTAL MOT,8,kg,1882335955,FALSE,8,kg,1882335955,FALSE,1882335955,FALSE,0,FALSE,86889689.11,0,86889689.11,0,FALSE,TRUE
C,A,20210101,2021,52,2021,276,DEU,Germany,M,Import,328,GUY,Guyana,0,W00,World,H5,HS,TRUE,2606,Aluminium ores and concentrates,4,FALSE,C00,TOTAL CPC,0,0,TOTAL MOT,8,kg,23084233,FALSE,8,kg,23084233,FALSE,23084233,FALSE,0,FALSE,9153951.268,0,9153951.268,0,FALSE,TRUE
C,A,20210101,2021,52,2021,276,DEU,Germany,M,Import,380,ITA,Italy,0,W00,World,H5,HS,TRUE,2606,Aluminium ores and concentrates,4,FALSE,C00,TOTAL CPC,0,0,TOTAL MOT,8,kg,489,FALSE,8,kg,489,FALSE,489,FALSE,0,FALSE,276.319,0,276.319,0,FALSE,TRUE
C,A,20210101,2021,52,2021,276,DEU,Germany,M,Import,442,LUX,Luxembourg,0,W00,World,H5,HS,TRUE,2606,Aluminium ores and concentrates,4,FALSE,C00,TOTAL CPC,0,0,TOTAL MOT,8,kg,1320606,FALSE,8,kg,1320606,FALSE,1320606,FALSE,0,FALSE,195256.205,0,195256.205,0,FALSE,TRUE
C,A,20210101,2021,52,2021,276,DEU,Germany,M,Import,478,MRT,Mauritania,0,W00,World,H5,HS,TRUE,2606,Aluminium ores and concentrates,4,FALSE,C00,TOTAL CPC,0,0,TOTAL MOT,8,kg,1342000,FALSE,8,kg,1342000,FALSE,1342000,FALSE,0,FALSE,76065.749,0,76065.749,0,FALSE,TRUE
C,A,20210101,2021,52,2021,276,DEU,Germany,M,Import,528,NLD,Netherlands,0,W00,World,H5,HS,TRUE,2606,Aluminium ores and concentrates,4,FALSE,C00,TOTAL CPC,0,0,TOTAL MOT,8,kg,1664352,FALSE,8,kg,1664352,FALSE,1664352,FALSE,0,FALSE,844886.466,0,844886.466,0,FALSE,TRUE
C,A,20210101,2021,52,2021,276,DEU,Germany,M,Import,682,SAU,Saudi Arabia,0,W00,World,H5,HS,TRUE,2606,Aluminium ores and concentrates,4,FALSE,C00,TOTAL CPC,0,0,TOTAL MOT,8,kg,185440,FALSE,8,kg,185440,FALSE,185440,FALSE,0,FALSE,89453.066,0,89453.066,0,FALSE,TRUE
C,A,20210101,2021,52,2021,276,DEU,Germany,M,Import,688,SRB,Serbia,0,W00,World,H5,HS,TRUE,2606,Aluminium ores and concentrates,4,FALSE,C00,TOTAL CPC,0,0,TOTAL MOT,8,kg,24000,FALSE,8,kg,24000,FALSE,24000,FALSE,0,FALSE,4251.066,0,4251.066,0,FALSE,TRUE
C,A,20210101,2021,52,2021,276,DEU,Germany,M,Import,699,IND,India,0,W00,World,H5,HS,TRUE,2606,Aluminium ores and concentrates,4,FALSE,C00,TOTAL CPC,0,0,TOTAL MOT,8,kg,305424,FALSE,8,kg,305424,FALSE,305424,FALSE,0,FALSE,114389.113,0,114389.113,0,FALSE,TRUE
C,A,20210101,2021,52,2021,276,DEU,Germany,M,Import,702,SGP,Singapore,0,W00,World,H5,HS,TRUE,2606,Aluminium ores and concentrates,4,FALSE,C00,TOTAL CPC,0,0,TOTAL MOT,8,kg,1027000,FALSE,8,kg,1027000,FALSE,1027000,FALSE,0,FALSE,437693.344,0,437693.344,0,FALSE,TRUE
C,A,20210101,2021,52,2021,276,DEU,Germany,M,Import,705,SVN,Slovenia,0,W00,World,H5,HS,TRUE,2606,Aluminium ores and concentrates,4,FALSE,C00,TOTAL CPC,0,0,TOTAL MOT,8,kg,24000,FALSE,8,kg,24000,FALSE,24000,FALSE,0,FALSE,8966.208,0,8966.208,0,FALSE,TRUE
C,A,20210101,2021,52,2021,276,DEU,Germany,M,Import,724,ESP,Spain,0,W00,World,H5,HS,TRUE,2606,Aluminium ores and concentrates,4,FALSE,C00,TOTAL CPC,0,0,TOTAL MOT,8,kg,2199677,FALSE,8,kg,2199677,FALSE,2199677,FALSE,0,FALSE,1011091.356,0,1011091.356,0,FALSE,TRUE
C,A,20210101,2021,52,2021,276,DEU,Germany,M,Import,752,SWE,Sweden,0,W00,World,H5,HS,TRUE,2606,Aluminium ores and concentrates,4,FALSE,C00,TOTAL CPC,0,0,TOTAL MOT,8,kg,88750,FALSE,8,kg,88750,FALSE,88750,FALSE,0,FALSE,13348.349,0,13348.349,0,FALSE,TRUE
C,A,20210101,2021,52,2021,276,DEU,Germany,M,Import,792,TUR,Türkiye,0,W00,World,H5,HS,TRUE,2606,Aluminium ores and concentrates,4,FALSE,C00,TOTAL CPC,0,0,TOTAL MOT,8,kg,67666248.69,TRUE,-1,N/A,0,FALSE,67666248.69,TRUE,0,FALSE,4620190.086,0,4620190.086,6,FALSE,TRUE
C,A,20210101,2021,52,2021,276,DEU,Germany,M,Import,826,GBR,United Kingdom,0,W00,World,H5,HS,TRUE,2606,Aluminium ores and concentrates,4,FALSE,C00,TOTAL CPC,0,0,TOTAL MOT,8,kg,712325,FALSE,8,kg,712325,FALSE,712325,FALSE,0,FALSE,57998.717,0,57998.717,0,FALSE,TRUE
C,A,20210101,2021,52,2021,276,DEU,Germany,M,Import,842,USA,USA,0,W00,World,H5,HS,TRUE,2606,Aluminium ores and concentrates,4,FALSE,C00,TOTAL CPC,0,0,TOTAL MOT,8,kg,53410,FALSE,8,kg,53410,FALSE,53410,FALSE,0,FALSE,7283.494,0,7283.494,0,FALSE,TRUE
C,A,20210101,2021,52,2021,276,DEU,Germany,M,Import,0,W00,World,0,W00,World,H5,HS,TRUE,2607,Lead ores and concentrates,4,FALSE,C00,TOTAL CPC,0,0,TOTAL MOT,8,kg,200521993.6,TRUE,-1,N/A,0,FALSE,200521993.6,TRUE,0,FALSE,424250564.6,0,424250564.6,6,FALSE,TRUE
C,A,20210101,2021,52,2021,276,DEU,Germany,M,Import,32,ARG,Argentina,0,W00,World,H5,HS,TRUE,2607,Lead ores and concentrates,4,FALSE,C00,TOTAL CPC,0,0,TOTAL MOT,8,kg,9522040,FALSE,8,kg,9522040,FALSE,9522040,FALSE,0,FALSE,24806379.1,0,24806379.1,0,FALSE,TRUE
C,A,20210101,2021,52,2021,276,DEU,Germany,M,Import,36,AUS,Australia,0,W00,World,H5,HS,TRUE,2607,Lead ores and concentrates,4,FALSE,C00,TOTAL CPC,0,0,TOTAL MOT,8,kg,9987510,FALSE,8,kg,9987510,FALSE,9987510,FALSE,0,FALSE,29205687.31,0,29205687.31,0,FALSE,TRUE
C,A,20210101,2021,52,2021,276,DEU,Germany,M,Import,56,BEL,Belgium,0,W00,World,H5,HS,TRUE,2607,Lead ores and concentrates,4,FALSE,C00,TOTAL CPC,0,0,TOTAL MOT,8,kg,20416,FALSE,8,kg,20416,FALSE,20416,FALSE,0,FALSE,27845.666,0,27845.666,0,FALSE,TRUE
C,A,20210101,2021,52,2021,276,DEU,Germany,M,Import,68,BOL,Bolivia (Plurinational State of),0,W00,World,H5,HS,TRUE,2607,Lead ores and concentrates,4,FALSE,C00,TOTAL CPC,0,0,TOTAL MOT,8,kg,15293747,FALSE,8,kg,15293747,FALSE,15293747,FALSE,0,FALSE,62384934.99,0,62384934.99,0,FALSE,TRUE
C,A,20210101,2021,52,2021,276,DEU,Germany,M,Import,70,BIH,Bosnia Herzegovina,0,W00,World,H5,HS,TRUE,2607,Lead ores and concentrates,4,FALSE,C00,TOTAL CPC,0,0,TOTAL MOT,8,kg,4968331.558,TRUE,-1,N/A,0,FALSE,4968331.558,TRUE,0,FALSE,5661958.79,0,5661958.79,6,FALSE,TRUE
C,A,20210101,2021,52,2021,276,DEU,Germany,M,Import,208,DNK,Denmark,0,W00,World,H5,HS,TRUE,2607,Lead ores and concentrates,4,FALSE,C00,TOTAL CPC,0,0,TOTAL MOT,8,kg,48806,FALSE,8,kg,48806,FALSE,48806,FALSE,0,FALSE,54496.31,0,54496.31,0,FALSE,TRUE
C,A,20210101,2021,52,2021,276,DEU,Germany,M,Import,372,IRL,Ireland,0,W00,World,H5,HS,TRUE,2607,Lead ores and concentrates,4,FALSE,C00,TOTAL CPC,0,0,TOTAL MOT,8,kg,24991000,FALSE,8,kg,24991000,FALSE,24991000,FALSE,0,FALSE,19853729.64,0,19853729.64,0,FALSE,TRUE
C,A,20210101,2021,52,2021,276,DEU,Germany,M,Import,484,MEX,Mexico,0,W00,World,H5,HS,TRUE,2607,Lead ores and concentrates,4,FALSE,C00,TOTAL CPC,0,0,TOTAL MOT,8,kg,2620299,FALSE,8,kg,2620299,FALSE,2620299,FALSE,0,FALSE,18968995.33,0,18968995.33,0,FALSE,TRUE
C,A,20210101,2021,52,2021,276,DEU,Germany,M,Import,504,MAR,Morocco,0,W00,World,H5,HS,TRUE,2607,Lead ores and concentrates,4,FALSE,C00,TOTAL CPC,0,0,TOTAL MOT,8,kg,17865959,FALSE,8,kg,17865959,FALSE,17865959,FALSE,0,FALSE,41470197.03,0,41470197.03,0,FALSE,TRUE
C,A,20210101,2021,52,2021,276,DEU,Germany,M,Import,528,NLD,Netherlands,0,W00,World,H5,HS,TRUE,2607,Lead ores and concentrates,4,FALSE,C00,TOTAL CPC,0,0,TOTAL MOT,8,kg,12007400,FALSE,8,kg,12007400,FALSE,12007400,FALSE,0,FALSE,525190.919,0,525190.919,0,FALSE,TRUE
C,A,20210101,2021,52,2021,276,DEU,Germany,M,Import,604,PER,Peru,0,W00,World,H5,HS,TRUE,2607,Lead ores and concentrates,4,FALSE,C00,TOTAL CPC,0,0,TOTAL MOT,8,kg,17520903,FALSE,8,kg,17520903,FALSE,17520903,FALSE,0,FALSE,52276504.77,0,52276504.77,0,FALSE,TRUE
C,A,20210101,2021,52,2021,276,DEU,Germany,M,Import,616,POL,Poland,0,W00,World,H5,HS,TRUE,2607,Lead ores and concentrates,4,FALSE,C00,TOTAL CPC,0,0,TOTAL MOT,8,kg,184926,FALSE,8,kg,184926,FALSE,184926,FALSE,0,FALSE,324006.838,0,324006.838,0,FALSE,TRUE
C,A,20210101,2021,52,2021,276,DEU,Germany,M,Import,688,SRB,Serbia,0,W00,World,H5,HS,TRUE,2607,Lead ores and concentrates,4,FALSE,C00,TOTAL CPC,0,0,TOTAL MOT,8,kg,2900101,FALSE,8,kg,2900101,FALSE,2900101,FALSE,0,FALSE,14342454.62,0,14342454.62,0,FALSE,TRUE
C,A,20210101,2021,52,2021,276,DEU,Germany,M,Import,710,ZAF,South Africa,0,W00,World,H5,HS,TRUE,2607,Lead ores and concentrates,4,FALSE,C00,TOTAL CPC,0,0,TOTAL MOT,8,kg,5146860,FALSE,8,kg,5146860,FALSE,5146860,FALSE,0,FALSE,8289975.151,0,8289975.151,0,FALSE,TRUE
C,A,20210101,2021,52,2021,276,DEU,Germany,M,Import,724,ESP,Spain,0,W00,World,H5,HS,TRUE,2607,Lead ores and concentrates,4,FALSE,C00,TOTAL CPC,0,0,TOTAL MOT,8,kg,6394510,FALSE,8,kg,6394510,FALSE,6394510,FALSE,0,FALSE,10798166.94,0,10798166.94,0,FALSE,TRUE
C,A,20210101,2021,52,2021,276,DEU,Germany,M,Import,752,SWE,Sweden,0,W00,World,H5,HS,TRUE,2607,Lead ores and concentrates,4,FALSE,C00,TOTAL CPC,0,0,TOTAL MOT,8,kg,36845576,FALSE,8,kg,36845576,FALSE,36845576,FALSE,0,FALSE,77520488.64,0,77520488.64,0,FALSE,TRUE
C,A,20210101,2021,52,2021,276,DEU,Germany,M,Import,757,CHE,Switzerland,0,W00,World,H5,HS,TRUE,2607,Lead ores and concentrates,4,FALSE,C00,TOTAL CPC,0,0,TOTAL MOT,8,kg,104176,FALSE,8,kg,104176,FALSE,104176,FALSE,0,FALSE,142866.535,0,142866.535,0,FALSE,TRUE
C,A,20210101,2021,52,2021,276,DEU,Germany,M,Import,788,TUN,Tunisia,0,W00,World,H5,HS,TRUE,2607,Lead ores and concentrates,4,FALSE,C00,TOTAL CPC,0,0,TOTAL MOT,8,kg,2650000,FALSE,8,kg,2650000,FALSE,2650000,FALSE,0,FALSE,2828413.995,0,2828413.995,0,FALSE,TRUE
C,A,20210101,2021,52,2021,276,DEU,Germany,M,Import,792,TUR,Türkiye,0,W00,World,H5,HS,TRUE,2607,Lead ores and concentrates,4,FALSE,C00,TOTAL CPC,0,0,TOTAL MOT,8,kg,2371703,FALSE,8,kg,2371703,FALSE,2371703,FALSE,0,FALSE,3022667.657,0,3022667.657,0,FALSE,TRUE
C,A,20210101,2021,52,2021,276,DEU,Germany,M,Import,807,MKD,North Macedonia,0,W00,World,H5,HS,TRUE,2607,Lead ores and concentrates,4,FALSE,C00,TOTAL CPC,0,0,TOTAL MOT,8,kg,2004280,FALSE,8,kg,2004280,FALSE,2004280,FALSE,0,FALSE,3463686.279,0,3463686.279,0,FALSE,TRUE
C,A,20210101,2021,52,2021,276,DEU,Germany,M,Import,842,USA,USA,0,W00,World,H5,HS,TRUE,2607,Lead ores and concentrates,4,FALSE,C00,TOTAL CPC,0,0,TOTAL MOT,8,kg,27073450,FALSE,8,kg,27073450,FALSE,27073450,FALSE,0,FALSE,48281918.15,0,48281918.15,0,FALSE,TRUE
C,A,20210101,2021,52,2021,276,DEU,Germany,M,Import,0,W00,World,0,W00,World,H5,HS,TRUE,2608,Zinc ores and concentrates,4,FALSE,C00,TOTAL CPC,0,0,TOTAL MOT,8,kg,352567627,FALSE,8,kg,352567627,FALSE,352567627,FALSE,0,FALSE,359573281,0,359573281,0,FALSE,TRUE
C,A,20210101,2021,52,2021,276,DEU,Germany,M,Import,36,AUS,Australia,0,W00,World,H5,HS,TRUE,2608,Zinc ores and concentrates,4,FALSE,C00,TOTAL CPC,0,0,TOTAL MOT,8,kg,78190572,FALSE,8,kg,78190572,FALSE,78190572,FALSE,0,FALSE,69790452.15,0,69790452.15,0,FALSE,TRUE
C,A,20210101,2021,52,2021,276,DEU,Germany,M,Import,251,FRA,France,0,W00,World,H5,HS,TRUE,2608,Zinc ores and concentrates,4,FALSE,C00,TOTAL CPC,0,0,TOTAL MOT,8,kg,3000,FALSE,8,kg,3000,FALSE,3000,FALSE,0,FALSE,25134.43,0,25134.43,0,FALSE,TRUE
C,A,20210101,2021,52,2021,276,DEU,Germany,M,Import,380,ITA,Italy,0,W00,World,H5,HS,TRUE,2608,Zinc ores and concentrates,4,FALSE,C00,TOTAL CPC,0,0,TOTAL MOT,8,kg,15718167,FALSE,8,kg,15718167,FALSE,15718167,FALSE,0,FALSE,23327120.15,0,23327120.15,0,FALSE,TRUE
C,A,20210101,2021,52,2021,276,DEU,Germany,M,Import,604,PER,Peru,0,W00,World,H5,HS,TRUE,2608,Zinc ores and concentrates,4,FALSE,C00,TOTAL CPC,0,0,TOTAL MOT,8,kg,43443256,FALSE,8,kg,43443256,FALSE,43443256,FALSE,0,FALSE,46102783.7,0,46102783.7,0,FALSE,TRUE
C,A,20210101,2021,52,2021,276,DEU,Germany,M,Import,616,POL,Poland,0,W00,World,H5,HS,TRUE,2608,Zinc ores and concentrates,4,FALSE,C00,TOTAL CPC,0,0,TOTAL MOT,8,kg,325,FALSE,8,kg,325,FALSE,325,FALSE,0,FALSE,3627.577,0,3627.577,0,FALSE,TRUE
C,A,20210101,2021,52,2021,276,DEU,Germany,M,Import,620,PRT,Portugal,0,W00,World,H5,HS,TRUE,2608,Zinc ores and concentrates,4,FALSE,C00,TOTAL CPC,0,0,TOTAL MOT,8,kg,14682924,FALSE,8,kg,14682924,FALSE,14682924,FALSE,0,FALSE,12084001.18,0,12084001.18,0,FALSE,TRUE
C,A,20210101,2021,52,2021,276,DEU,Germany,M,Import,752,SWE,Sweden,0,W00,World,H5,HS,TRUE,2608,Zinc ores and concentrates,4,FALSE,C00,TOTAL CPC,0,0,TOTAL MOT,8,kg,69278108,FALSE,8,kg,69278108,FALSE,69278108,FALSE,0,FALSE,65096327.76,0,65096327.76,0,FALSE,TRUE
C,A,20210101,2021,52,2021,276,DEU,Germany,M,Import,792,TUR,Türkiye,0,W00,World,H5,HS,TRUE,2608,Zinc ores and concentrates,4,FALSE,C00,TOTAL CPC,0,0,TOTAL MOT,8,kg,5513150,FALSE,8,kg,5513150,FALSE,5513150,FALSE,0,FALSE,8876285.778,0,8876285.778,0,FALSE,TRUE
C,A,20210101,2021,52,2021,276,DEU,Germany,M,Import,842,USA,USA,0,W00,World,H5,HS,TRUE,2608,Zinc ores and concentrates,4,FALSE,C00,TOTAL CPC,0,0,TOTAL MOT,8,kg,82658585,FALSE,8,kg,82658585,FALSE,82658585,FALSE,0,FALSE,95311607.92,0,95311607.92,0,FALSE,TRUE
C,A,20210101,2021,52,2021,276,DEU,Germany,M,Import,854,BFA,Burkina Faso,0,W00,World,H5,HS,TRUE,2608,Zinc ores and concentrates,4,FALSE,C00,TOTAL CPC,0,0,TOTAL MOT,8,kg,43079540,FALSE,8,kg,43079540,FALSE,43079540,FALSE,0,FALSE,38955940.39,0,38955940.39,0,FALSE,TRUE
C,A,20210101,2021,52,2021,276,DEU,Germany,M,Import,0,W00,World,0,W00,World,H5,HS,TRUE,2610,Chromium ores and concentrates,4,FALSE,C00,TOTAL CPC,0,0,TOTAL MOT,8,kg,130197104.1,TRUE,-1,N/A,0,FALSE,130197104.1,TRUE,0,FALSE,30018756.91,0,30018756.91,6,FALSE,TRUE
C,A,20210101,2021,52,2021,276,DEU,Germany,M,Import,251,FRA,France,0,W00,World,H5,HS,TRUE,2610,Chromium ores and concentrates,4,FALSE,C00,TOTAL CPC,0,0,TOTAL MOT,8,kg,343055,FALSE,8,kg,343055,FALSE,343055,FALSE,0,FALSE,166562.688,0,166562.688,0,FALSE,TRUE
C,A,20210101,2021,52,2021,276,DEU,Germany,M,Import,380,ITA,Italy,0,W00,World,H5,HS,TRUE,2610,Chromium ores and concentrates,4,FALSE,C00,TOTAL CPC,0,0,TOTAL MOT,8,kg,174310,FALSE,8,kg,174310,FALSE,174310,FALSE,0,FALSE,89575.874,0,89575.874,0,FALSE,TRUE
C,A,20210101,2021,52,2021,276,DEU,Germany,M,Import,512,OMN,Oman,0,W00,World,H5,HS,TRUE,2610,Chromium ores and concentrates,4,FALSE,C00,TOTAL CPC,0,0,TOTAL MOT,8,kg,72000,FALSE,8,kg,72000,FALSE,72000,FALSE,0,FALSE,61407.836,0,61407.836,0,FALSE,TRUE
C,A,20210101,2021,52,2021,276,DEU,Germany,M,Import,528,NLD,Netherlands,0,W00,World,H5,HS,TRUE,2610,Chromium ores and concentrates,4,FALSE,C00,TOTAL CPC,0,0,TOTAL MOT,8,kg,4126425,FALSE,8,kg,4126425,FALSE,4126425,FALSE,0,FALSE,1695788.192,0,1695788.192,0,FALSE,TRUE
C,A,20210101,2021,52,2021,276,DEU,Germany,M,Import,710,ZAF,South Africa,0,W00,World,H5,HS,TRUE,2610,Chromium ores and concentrates,4,FALSE,C00,TOTAL CPC,0,0,TOTAL MOT,8,kg,85161864.12,TRUE,-1,N/A,0,FALSE,85161864.12,TRUE,0,FALSE,19203418.02,0,19203418.02,6,FALSE,TRUE
C,A,20210101,2021,52,2021,276,DEU,Germany,M,Import,724,ESP,Spain,0,W00,World,H5,HS,TRUE,2610,Chromium ores and concentrates,4,FALSE,C00,TOTAL CPC,0,0,TOTAL MOT,8,kg,25320,FALSE,8,kg,25320,FALSE,25320,FALSE,0,FALSE,16709.053,0,16709.053,0,FALSE,TRUE
C,A,20210101,2021,52,2021,276,DEU,Germany,M,Import,792,TUR,Türkiye,0,W00,World,H5,HS,TRUE,2610,Chromium ores and concentrates,4,FALSE,C00,TOTAL CPC,0,0,TOTAL MOT,8,kg,40294047,FALSE,8,kg,40294047,FALSE,40294047,FALSE,0,FALSE,8785239.743,0,8785239.743,0,FALSE,TRUE
C,A,20210101,2021,52,2021,276,DEU,Germany,M,Import,826,GBR,United Kingdom,0,W00,World,H5,HS,TRUE,2610,Chromium ores and concentrates,4,FALSE,C00,TOTAL CPC,0,0,TOTAL MOT,8,kg,83,FALSE,8,kg,83,FALSE,83,FALSE,0,FALSE,55.5,0,55.5,0,FALSE,TRUE
C,A,20210101,2021,52,2021,276,DEU,Germany,M,Import,0,W00,World,0,W00,World,H5,HS,TRUE,2613,Molybdenum ores and concentrates,4,FALSE,C00,TOTAL CPC,0,0,TOTAL MOT,8,kg,3706572.936,TRUE,-1,N/A,0,FALSE,3706572.936,TRUE,0,FALSE,75560943.03,0,75560943.03,6,FALSE,TRUE
C,A,20210101,2021,52,2021,276,DEU,Germany,M,Import,56,BEL,Belgium,0,W00,World,H5,HS,TRUE,2613,Molybdenum ores and concentrates,4,FALSE,C00,TOTAL CPC,0,0,TOTAL MOT,8,kg,927229,FALSE,8,kg,927229,FALSE,927229,FALSE,0,FALSE,17210492.09,0,17210492.09,0,FALSE,TRUE
C,A,20210101,2021,52,2021,276,DEU,Germany,M,Import,152,CHL,Chile,0,W00,World,H5,HS,TRUE,2613,Molybdenum ores and concentrates,4,FALSE,C00,TOTAL CPC,0,0,TOTAL MOT,8,kg,97034.058,TRUE,-1,N/A,0,FALSE,97034.058,TRUE,0,FALSE,1980733.633,0,1980733.633,6,FALSE,TRUE
C,A,20210101,2021,52,2021,276,DEU,Germany,M,Import,156,CHN,China,0,W00,World,H5,HS,TRUE,2613,Molybdenum ores and concentrates,4,FALSE,C00,TOTAL CPC,0,0,TOTAL MOT,8,kg,2703,FALSE,8,kg,2703,FALSE,2703,FALSE,0,FALSE,72111.076,0,72111.076,0,FALSE,TRUE
C,A,20210101,2021,52,2021,276,DEU,Germany,M,Import,214,DOM,Dominican Rep.,0,W00,World,H5,HS,TRUE,2613,Molybdenum ores and concentrates,4,FALSE,C00,TOTAL CPC,0,0,TOTAL MOT,8,kg,44000,FALSE,8,kg,44000,FALSE,44000,FALSE,0,FALSE,734734.25,0,734734.25,0,FALSE,TRUE
C,A,20210101,2021,52,2021,276,DEU,Germany,M,Import,364,IRN,Iran,0,W00,World,H5,HS,TRUE,2613,Molybdenum ores and concentrates,4,FALSE,C00,TOTAL CPC,0,0,TOTAL MOT,8,kg,8000,FALSE,8,kg,8000,FALSE,8000,FALSE,0,FALSE,216532.793,0,216532.793,0,FALSE,TRUE
C,A,20210101,2021,52,2021,276,DEU,Germany,M,Import,380,ITA,Italy,0,W00,World,H5,HS,TRUE,2613,Molybdenum ores and concentrates,4,FALSE,C00,TOTAL CPC,0,0,TOTAL MOT,8,kg,18075,FALSE,8,kg,18075,FALSE,18075,FALSE,0,FALSE,476045.048,0,476045.048,0,FALSE,TRUE
C,A,20210101,2021,52,2021,276,DEU,Germany,M,Import,410,KOR,Rep. of Korea,0,W00,World,H5,HS,TRUE,2613,Molybdenum ores and concentrates,4,FALSE,C00,TOTAL CPC,0,0,TOTAL MOT,8,kg,268000,FALSE,8,kg,268000,FALSE,268000,FALSE,0,FALSE,5441342.612,0,5441342.612,0,FALSE,TRUE
C,A,20210101,2021,52,2021,276,DEU,Germany,M,Import,442,LUX,Luxembourg,0,W00,World,H5,HS,TRUE,2613,Molybdenum ores and concentrates,4,FALSE,C00,TOTAL CPC,0,0,TOTAL MOT,8,kg,46038,FALSE,8,kg,46038,FALSE,46038,FALSE,0,FALSE,726755.234,0,726755.234,0,FALSE,TRUE
C,A,20210101,2021,52,2021,276,DEU,Germany,M,Import,484,MEX,Mexico,0,W00,World,H5,HS,TRUE,2613,Molybdenum ores and concentrates,4,FALSE,C00,TOTAL CPC,0,0,TOTAL MOT,8,kg,54292,FALSE,8,kg,54292,FALSE,54292,FALSE,0,FALSE,1440667.524,0,1440667.524,0,FALSE,TRUE
C,A,20210101,2021,52,2021,276,DEU,Germany,M,Import,528,NLD,Netherlands,0,W00,World,H5,HS,TRUE,2613,Molybdenum ores and concentrates,4,FALSE,C00,TOTAL CPC,0,0,TOTAL MOT,8,kg,2113986,FALSE,8,kg,2113986,FALSE,2113986,FALSE,0,FALSE,44675470.43,0,44675470.43,0,FALSE,TRUE
C,A,20210101,2021,52,2021,276,DEU,Germany,M,Import,643,RUS,Russian Federation,0,W00,World,H5,HS,TRUE,2613,Molybdenum ores and concentrates,4,FALSE,C00,TOTAL CPC,0,0,TOTAL MOT,8,kg,36154,FALSE,8,kg,36154,FALSE,36154,FALSE,0,FALSE,573817.215,0,573817.215,0,FALSE,TRUE
C,A,20210101,2021,52,2021,276,DEU,Germany,M,Import,752,SWE,Sweden,0,W00,World,H5,HS,TRUE,2613,Molybdenum ores and concentrates,4,FALSE,C00,TOTAL CPC,0,0,TOTAL MOT,8,kg,60000,FALSE,8,kg,60000,FALSE,60000,FALSE,0,FALSE,1514310.165,0,1514310.165,0,FALSE,TRUE
C,A,20210101,2021,52,2021,276,DEU,Germany,M,Import,757,CHE,Switzerland,0,W00,World,H5,HS,TRUE,2613,Molybdenum ores and concentrates,4,FALSE,C00,TOTAL CPC,0,0,TOTAL MOT,8,kg,12000,FALSE,8,kg,12000,FALSE,12000,FALSE,0,FALSE,150203.167,0,150203.167,0,FALSE,TRUE
C,A,20210101,2021,52,2021,276,DEU,Germany,M,Import,842,USA,USA,0,W00,World,H5,HS,TRUE,2613,Molybdenum ores and concentrates,4,FALSE,C00,TOTAL CPC,0,0,TOTAL MOT,8,kg,19061.878,TRUE,-1,N/A,0,FALSE,19061.878,TRUE,0,FALSE,347727.788,0,347727.788,6,FALSE,TRUE
