typeCode,freqCode,refPeriodId,refYear,refMonth,Period,reporterCode,reporterISO,reporterDesc,flowCode,flowDesc,partnerCode,PartnerISO,PartnerDesc,partner2Code,partner2ISO,partner2Desc,classificationCode,classificationSearchCode,isOriginalClassification,cmdCode,cmdDesc,Commodity,aggrLevel,isLeaf,customsCode,customsDesc,mosCode,motCode,motDesc,qtyUnitCode,qtyUnitAbbr,qty,isQtyEstimated,altQtyUnitCode,altQtyUnitAbbr,altQty,isAltQtyEstimated,NetWgt,isNetWgtEstimated,grossWgt,isGrossWgtEstimated,cifvalue,fobvalue,primaryValue,legacyEstimationFlag,isReported,isAggregate,userEstimationNote
C,A,20220101,2022,52,2022,276,DEU,Germany,M,Import,0,W00,World,0,W00,World,H6,HS,TRUE,710811,"Metals; gold, non-monetary, powder",Gold,6,TRUE,C00,TOTAL CPC,0,0,TOTAL MOT,8,kg,87.621,FALSE,8,kg,87.621,FALSE,93.429,FALSE,0,FALSE,4899390.27,,4899390.27,0,FALSE,TRUE,
C,A,20220101,2022,52,2022,276,DEU,Germany,M,Import,20,AND,Andorra,0,W00,World,H6,HS,TRUE,710811,"Metals; gold, non-monetary, powder",Gold,6,TRUE,C00,TOTAL CPC,0,0,TOTAL MOT,8,kg,0.169,FALSE,8,kg,0.169,FALSE,0.169,FALSE,0,FALSE,3528.191,,3528.191,0,FALSE,TRUE,
C,A,20220101,2022,52,2022,276,DEU,Germany,M,Import,36,AUS,Australia,0,W00,World,H6,HS,TRUE,710811,"Metals; gold, non-monetary, powder",Gold,6,TRUE,C00,TOTAL CPC,0,0,TOTAL MOT,8,kg,0.5,FALSE,8,kg,0.5,FALSE,0.5,FALSE,0,FALSE,3616.078,,3616.078,0,FALSE,TRUE,
C,A,20220101,2022,52,2022,276,DEU,Germany,M,Import,124,CAN,Canada,0,W00,World,H6,HS,TRUE,710811,"Metals; gold, non-monetary, powder",Gold,6,TRUE,C00,TOTAL CPC,0,0,TOTAL MOT,8,kg,0.03,FALSE,8,kg,0.03,FALSE,0.03,FALSE,0,FALSE,283.78,,283.78,0,FALSE,TRUE,
C,A,20220101,2022,52,2022,276,DEU,Germany,M,Import,156,CHN,China,0,W00,World,H6,HS,TRUE,710811,"Metals; gold, non-monetary, powder",Gold,6,TRUE,C00,TOTAL CPC,0,0,TOTAL MOT,8,kg,0.099,FALSE,8,kg,0.099,FALSE,0.099,FALSE,0,FALSE,3508.073,,3508.073,0,FALSE,TRUE,
C,A,20220101,2022,52,2022,276,DEU,Germany,M,Import,380,ITA,Italy,0,W00,World,H6,HS,TRUE,710811,"Metals; gold, non-monetary, powder",Gold,6,TRUE,C00,TOTAL CPC,0,0,TOTAL MOT,8,kg,27.832,FALSE,8,kg,27.832,FALSE,27.485,FALSE,0,FALSE,1743777.855,,1743777.855,0,FALSE,TRUE,
C,A,20220101,2022,52,2022,276,DEU,Germany,M,Import,392,JPN,Japan,0,W00,World,H6,HS,TRUE,710811,"Metals; gold, non-monetary, powder",Gold,6,TRUE,C00,TOTAL CPC,0,0,TOTAL MOT,8,kg,4.578,FALSE,8,kg,4.578,FALSE,5.428,FALSE,0,FALSE,59372.514,,59372.514,0,FALSE,TRUE,
C,A,20220101,2022,52,2022,276,DEU,Germany,M,Import,528,NLD,Netherlands,0,W00,World,H6,HS,TRUE,710811,"Metals; gold, non-monetary, powder",Gold,6,TRUE,C00,TOTAL CPC,0,0,TOTAL MOT,8,kg,1.132,FALSE,8,kg,1.132,FALSE,1.132,FALSE,0,FALSE,9098.964,,9098.964,0,FALSE,TRUE,
C,A,20220101,2022,52,2022,276,DEU,Germany,M,Import,757,CHE,Switzerland,0,W00,World,H6,HS,TRUE,710811,"Metals; gold, non-monetary, powder",Gold,6,TRUE,C00,TOTAL CPC,0,0,TOTAL MOT,8,kg,42.881,FALSE,8,kg,42.881,FALSE,47.626,FALSE,0,FALSE,2539450.65,,2539450.65,0,FALSE,TRUE,
C,A,20220101,2022,52,2022,276,DEU,Germany,M,Import,826,GBR,United Kingdom,0,W00,World,H6,HS,TRUE,710811,"Metals; gold, non-monetary, powder",Gold,6,TRUE,C00,TOTAL CPC,0,0,TOTAL MOT,8,kg,6.862,FALSE,8,kg,6.862,FALSE,7.05,FALSE,0,FALSE,383211.134,,383211.134,0,FALSE,TRUE,
C,A,20220101,2022,52,2022,276,DEU,Germany,M,Import,842,USA,USA,0,W00,World,H6,HS,TRUE,710811,"Metals; gold, non-monetary, powder",Gold,6,TRUE,C00,TOTAL CPC,0,0,TOTAL MOT,8,kg,3.538,FALSE,8,kg,3.538,FALSE,3.91,FALSE,0,FALSE,153543.032,,153543.032,0,FALSE,TRUE,
C,A,20220101,2022,52,2022,276,DEU,Germany,M,Import,0,W00,World,0,W00,World,H6,HS,TRUE,710812,"Metals; gold, non-monetary, unwrought (but not powder)",Gold,6,TRUE,C00,TOTAL CPC,0,0,TOTAL MOT,8,kg,129465.071,TRUE,8,kg,129465.071,FALSE,129471.381,TRUE,0,FALSE,7324167083,,7324167083,6,FALSE,TRUE,
C,A,20220101,2022,52,2022,276,DEU,Germany,M,Import,36,AUS,Australia,0,W00,World,H6,HS,TRUE,710812,"Metals; gold, non-monetary, unwrought (but not powder)",Gold,6,TRUE,C00,TOTAL CPC,0,0,TOTAL MOT,8,kg,1747.933,FALSE,8,kg,1747.933,FALSE,1744.703,FALSE,0,FALSE,100918756.1,,100918756.1,0,FALSE,TRUE,
C,A,20220101,2022,52,2022,276,DEU,Germany,M,Import,124,CAN,Canada,0,W00,World,H6,HS,TRUE,710812,"Metals; gold, non-monetary, unwrought (but not powder)",Gold,6,TRUE,C00,TOTAL CPC,0,0,TOTAL MOT,8,kg,464.346,FALSE,8,kg,464.346,FALSE,464.664,FALSE,0,FALSE,19073042.29,,19073042.29,0,FALSE,TRUE,
C,A,20220101,2022,52,2022,276,DEU,Germany,M,Import,148,TCD,Chad,0,W00,World,H6,HS,TRUE,710812,"Metals; gold, non-monetary, unwrought (but not powder)",Gold,6,TRUE,C00,TOTAL CPC,0,0,TOTAL MOT,8,kg,0.07,FALSE,8,kg,0.07,FALSE,0.07,FALSE,0,FALSE,9100.023,,9100.023,0,FALSE,TRUE,
C,A,20220101,2022,52,2022,276,DEU,Germany,M,Import,156,CHN,China,0,W00,World,H6,HS,TRUE,710812,"Metals; gold, non-monetary, unwrought (but not powder)",Gold,6,TRUE,C00,TOTAL CPC,0,0,TOTAL MOT,8,kg,2.635,FALSE,8,kg,2.635,FALSE,3.096,FALSE,0,FALSE,209901.971,,209901.971,0,FALSE,TRUE,
C,A,20220101,2022,52,2022,276,DEU,Germany,M,Import,191,HRV,Croatia,0,W00,World,H6,HS,TRUE,710812,"Metals; gold, non-monetary, unwrought (but not powder)",Gold,6,TRUE,C00,TOTAL CPC,0,0,TOTAL MOT,8,kg,2.035,FALSE,8,kg,2.035,FALSE,2.035,FALSE,0,FALSE,119657.783,,119657.783,0,FALSE,TRUE,
C,A,20220101,2022,52,2022,276,DEU,Germany,M,Import,203,CZE,Czechia,0,W00,World,H6,HS,TRUE,710812,"Metals; gold, non-monetary, unwrought (but not powder)",Gold,6,TRUE,C00,TOTAL CPC,0,0,TOTAL MOT,8,kg,129.371,FALSE,8,kg,129.371,FALSE,127.066,FALSE,0,FALSE,6974254.785,,6974254.785,0,FALSE,TRUE,
C,A,20220101,2022,52,2022,276,DEU,Germany,M,Import,208,DNK,Denmark,0,W00,World,H6,HS,TRUE,710812,"Metals; gold, non-monetary, unwrought (but not powder)",Gold,6,TRUE,C00,TOTAL CPC,0,0,TOTAL MOT,8,kg,242.205,FALSE,8,kg,242.205,FALSE,242,FALSE,0,FALSE,11246195.62,,11246195.62,0,FALSE,TRUE,
C,A,20220101,2022,52,2022,276,DEU,Germany,M,Import,233,EST,Estonia,0,W00,World,H6,HS,TRUE,710812,"Metals; gold, non-monetary, unwrought (but not powder)",Gold,6,TRUE,C00,TOTAL CPC,0,0,TOTAL MOT,8,kg,0.971,FALSE,8,kg,0.971,FALSE,0.971,FALSE,0,FALSE,55883.501,,55883.501,0,FALSE,TRUE,
C,A,20220101,2022,52,2022,276,DEU,Germany,M,Import,246,FIN,Finland,0,W00,World,H6,HS,TRUE,710812,"Metals; gold, non-monetary, unwrought (but not powder)",Gold,6,TRUE,C00,TOTAL CPC,0,0,TOTAL MOT,8,kg,88.89,FALSE,8,kg,88.89,FALSE,91,FALSE,0,FALSE,4148364.132,,4148364.132,0,FALSE,TRUE,
C,A,20220101,2022,52,2022,276,DEU,Germany,M,Import,251,FRA,France,0,W00,World,H6,HS,TRUE,710812,"Metals; gold, non-monetary, unwrought (but not powder)",Gold,6,TRUE,C00,TOTAL CPC,0,0,TOTAL MOT,8,kg,2803.303,TRUE,8,kg,2803.303,FALSE,2803,TRUE,0,FALSE,116545138.8,,116545138.8,6,FALSE,TRUE,
C,A,20220101,2022,52,2022,276,DEU,Germany,M,Import,268,GEO,Georgia,0,W00,World,H6,HS,TRUE,710812,"Metals; gold, non-monetary, unwrought (but not powder)",Gold,6,TRUE,C00,TOTAL CPC,0,0,TOTAL MOT,8,kg,67.423,FALSE,8,kg,67.423,FALSE,67,FALSE,0,FALSE,2571973.119,,2571973.119,0,FALSE,TRUE,
C,A,20220101,2022,52,2022,276,DEU,Germany,M,Import,288,GHA,Ghana,0,W00,World,H6,HS,TRUE,710812,"Metals; gold, non-monetary, unwrought (but not powder)",Gold,6,TRUE,C00,TOTAL CPC,0,0,TOTAL MOT,8,kg,3,FALSE,8,kg,3,FALSE,3,FALSE,0,FALSE,175975.425,,175975.425,0,FALSE,TRUE,
C,A,20220101,2022,52,2022,276,DEU,Germany,M,Import,300,GRC,Greece,0,W00,World,H6,HS,TRUE,710812,"Metals; gold, non-monetary, unwrought (but not powder)",Gold,6,TRUE,C00,TOTAL CPC,0,0,TOTAL MOT,8,kg,58.747,FALSE,8,kg,58.747,FALSE,58.558,FALSE,0,FALSE,2100136.827,,2100136.827,0,FALSE,TRUE,
C,A,20220101,2022,52,2022,276,DEU,Germany,M,Import,336,VAT,Vatican City,0,W00,World,H6,HS,TRUE,710812,"Metals; gold, non-monetary, unwrought (but not powder)",Gold,6,TRUE,C00,TOTAL CPC,0,0,TOTAL MOT,8,kg,0.03,FALSE,8,kg,0.03,FALSE,0.03,FALSE,0,FALSE,2187.648,,2187.648,0,FALSE,TRUE,
C,A,20220101,2022,52,2022,276,DEU,Germany,M,Import,344,HKG,Hong Kong,0,W00,World,H6,HS,TRUE,710812,"Metals; gold, non-monetary, unwrought (but not powder)",Gold,6,TRUE,C00,TOTAL CPC,0,0,TOTAL MOT,8,kg,400.578,FALSE,8,kg,400.578,FALSE,400,FALSE,0,FALSE,22487128.6,,22487128.6,0,FALSE,TRUE,
C,A,20220101,2022,52,2022,276,DEU,Germany,M,Import,348,HUN,Hungary,0,W00,World,H6,HS,TRUE,710812,"Metals; gold, non-monetary, unwrought (but not powder)",Gold,6,TRUE,C00,TOTAL CPC,0,0,TOTAL MOT,8,kg,24.535,FALSE,8,kg,24.535,FALSE,25.211,FALSE,0,FALSE,909874.164,,909874.164,0,FALSE,TRUE,
C,A,20220101,2022,52,2022,276,DEU,Germany,M,Import,372,IRL,Ireland,0,W00,World,H6,HS,TRUE,710812,"Metals; gold, non-monetary, unwrought (but not powder)",Gold,6,TRUE,C00,TOTAL CPC,0,0,TOTAL MOT,8,kg,97.571,FALSE,8,kg,97.571,FALSE,94,FALSE,0,FALSE,5634106.465,,5634106.465,0,FALSE,TRUE,
C,A,20220101,2022,52,2022,276,DEU,Germany,M,Import,376,ISR,Israel,0,W00,World,H6,HS,TRUE,710812,"Metals; gold, non-monetary, unwrought (but not powder)",Gold,6,TRUE,C00,TOTAL CPC,0,0,TOTAL MOT,8,kg,0.198,FALSE,8,kg,0.198,FALSE,0.198,FALSE,0,FALSE,15947.806,,15947.806,0,FALSE,TRUE,
C,A,20220101,2022,52,2022,276,DEU,Germany,M,Import,380,ITA,Italy,0,W00,World,H6,HS,TRUE,710812,"Metals; gold, non-monetary, unwrought (but not powder)",Gold,6,TRUE,C00,TOTAL CPC,0,0,TOTAL MOT,8,kg,69.495,FALSE,8,kg,69.495,FALSE,70.608,FALSE,0,FALSE,3985658.603,,3985658.603,0,FALSE,TRUE,
C,A,20220101,2022,52,2022,276,DEU,Germany,M,Import,392,JPN,Japan,0,W00,World,H6,HS,TRUE,710812,"Metals; gold, non-monetary, unwrought (but not powder)",Gold,6,TRUE,C00,TOTAL CPC,0,0,TOTAL MOT,8,kg,0.126,FALSE,8,kg,0.126,FALSE,0.126,FALSE,0,FALSE,6574.592,,6574.592,0,FALSE,TRUE,
C,A,20220101,2022,52,2022,276,DEU,Germany,M,Import,398,KAZ,Kazakhstan,0,W00,World,H6,HS,TRUE,710812,"Metals; gold, non-monetary, unwrought (but not powder)",Gold,6,TRUE,C00,TOTAL CPC,0,0,TOTAL MOT,8,kg,970.794,FALSE,8,kg,970.794,FALSE,970,FALSE,0,FALSE,56582734.11,,56582734.11,0,FALSE,TRUE,
C,A,20220101,2022,52,2022,276,DEU,Germany,M,Import,410,KOR,South Korea,0,W00,World,H6,HS,TRUE,710812,"Metals; gold, non-monetary, unwrought (but not powder)",Gold,6,TRUE,C00,TOTAL CPC,0,0,TOTAL MOT,8,kg,0.311,FALSE,8,kg,0.311,FALSE,0.311,FALSE,0,FALSE,20435.343,,20435.343,0,FALSE,TRUE,
C,A,20220101,2022,52,2022,276,DEU,Germany,M,Import,428,LVA,Latvia,0,W00,World,H6,HS,TRUE,710812,"Metals; gold, non-monetary, unwrought (but not powder)",Gold,6,TRUE,C00,TOTAL CPC,0,0,TOTAL MOT,8,kg,5.66,FALSE,8,kg,5.66,FALSE,6.32,FALSE,0,FALSE,321562.026,,321562.026,0,FALSE,TRUE,
C,A,20220101,2022,52,2022,276,DEU,Germany,M,Import,440,LTU,Lithuania,0,W00,World,H6,HS,TRUE,710812,"Metals; gold, non-monetary, unwrought (but not powder)",Gold,6,TRUE,C00,TOTAL CPC,0,0,TOTAL MOT,8,kg,3.8,FALSE,8,kg,3.8,FALSE,3.92,FALSE,0,FALSE,219403.309,,219403.309,0,FALSE,TRUE,
C,A,20220101,2022,52,2022,276,DEU,Germany,M,Import,442,LUX,Luxembourg,0,W00,World,H6,HS,TRUE,710812,"Metals; gold, non-monetary, unwrought (but not powder)",Gold,6,TRUE,C00,TOTAL CPC,0,0,TOTAL MOT,8,kg,518.625,FALSE,8,kg,518.625,FALSE,520.763,FALSE,0,FALSE,29929758.2,,29929758.2,0,FALSE,TRUE,
C,A,20220101,2022,52,2022,276,DEU,Germany,M,Import,458,MYS,Malaysia,0,W00,World,H6,HS,TRUE,710812,"Metals; gold, non-monetary, unwrought (but not powder)",Gold,6,TRUE,C00,TOTAL CPC,0,0,TOTAL MOT,8,kg,0.006,FALSE,8,kg,0.006,FALSE,0.006,FALSE,0,FALSE,336.724,,336.724,0,FALSE,TRUE,
C,A,20220101,2022,52,2022,276,DEU,Germany,M,Import,470,MLT,Malta,0,W00,World,H6,HS,TRUE,710812,"Metals; gold, non-monetary, unwrought (but not powder)",Gold,6,TRUE,C00,TOTAL CPC,0,0,TOTAL MOT,8,kg,0.024,FALSE,8,kg,0.024,FALSE,0.024,FALSE,0,FALSE,1364.898,,1364.898,0,FALSE,TRUE,
C,A,20220101,2022,52,2022,276,DEU,Germany,M,Import,484,MEX,Mexico,0,W00,World,H6,HS,TRUE,710812,"Metals; gold, non-monetary, unwrought (but not powder)",Gold,6,TRUE,C00,TOTAL CPC,0,0,TOTAL MOT,8,kg,878.955,FALSE,8,kg,878.955,FALSE,879,FALSE,0,FALSE,49651996.16,,49651996.16,0,FALSE,TRUE,
C,A,20220101,2022,52,2022,276,DEU,Germany,M,Import,616,POL,Poland,0,W00,World,H6,HS,TRUE,710812,"Metals; gold, non-monetary, unwrought (but not powder)",Gold,6,TRUE,C00,TOTAL CPC,0,0,TOTAL MOT,8,kg,561.918,FALSE,8,kg,561.918,FALSE,561.25,FALSE,0,FALSE,22448171.31,,22448171.31,0,FALSE,TRUE,
C,A,20220101,2022,52,2022,276,DEU,Germany,M,Import,620,PRT,Portugal,0,W00,World,H6,HS,TRUE,710812,"Metals; gold, non-monetary, unwrought (but not powder)",Gold,6,TRUE,C00,TOTAL CPC,0,0,TOTAL MOT,8,kg,576.463,FALSE,8,kg,576.463,FALSE,575,FALSE,0,FALSE,33297197.63,,33297197.63,0,FALSE,TRUE,
C,A,20220101,2022,52,2022,276,DEU,Germany,M,Import,642,ROU,Romania,0,W00,World,H6,HS,TRUE,710812,"Metals; gold, non-monetary, unwrought (but not powder)",Gold,6,TRUE,C00,TOTAL CPC,0,0,TOTAL MOT,8,kg,33.611,FALSE,8,kg,33.611,FALSE,35,FALSE,0,FALSE,1923451.951,,1923451.951,0,FALSE,TRUE,
C,A,20220101,2022,52,2022,276,DEU,Germany,M,Import,643,RUS,Russia,0,W00,World,H6,HS,TRUE,710812,"Metals; gold, non-monetary, unwrought (but not powder)",Gold,6,TRUE,C00,TOTAL CPC,0,0,TOTAL MOT,8,kg,9072.412,FALSE,8,kg,9072.412,FALSE,9073.002,FALSE,0,FALSE,529256898.9,,529256898.9,0,FALSE,TRUE,
C,A,20220101,2022,52,2022,276,DEU,Germany,M,Import,702,SGP,Singapore,0,W00,World,H6,HS,TRUE,710812,"Metals; gold, non-monetary, unwrought (but not powder)",Gold,6,TRUE,C00,TOTAL CPC,0,0,TOTAL MOT,8,kg,0.11,FALSE,8,kg,0.11,FALSE,0.11,FALSE,0,FALSE,2999.81,,2999.81,0,FALSE,TRUE,
C,A,20220101,2022,52,2022,276,DEU,Germany,M,Import,703,SVK,Slovakia,0,W00,World,H6,HS,TRUE,710812,"Metals; gold, non-monetary, unwrought (but not powder)",Gold,6,TRUE,C00,TOTAL CPC,0,0,TOTAL MOT,8,kg,9.749,FALSE,8,kg,9.749,FALSE,9.419,FALSE,0,FALSE,543271.578,,543271.578,0,FALSE,TRUE,
C,A,20220101,2022,52,2022,276,DEU,Germany,M,Import,705,SVN,Slovenia,0,W00,World,H6,HS,TRUE,710812,"Metals; gold, non-monetary, unwrought (but not powder)",Gold,6,TRUE,C00,TOTAL CPC,0,0,TOTAL MOT,8,kg,1.353,FALSE,8,kg,1.353,FALSE,1.353,FALSE,0,FALSE,74603.457,,74603.457,0,FALSE,TRUE,
C,A,20220101,2022,52,2022,276,DEU,Germany,M,Import,710,ZAF,South Africa,0,W00,World,H6,HS,TRUE,710812,"Metals; gold, non-monetary, unwrought (but not powder)",Gold,6,TRUE,C00,TOTAL CPC,0,0,TOTAL MOT,8,kg,355.709,FALSE,8,kg,355.709,FALSE,355.046,FALSE,0,FALSE,20628767.12,,20628767.12,0,FALSE,TRUE,
C,A,20220101,2022,52,2022,276,DEU,Germany,M,Import,724,ESP,Spain,0,W00,World,H6,HS,TRUE,710812,"Metals; gold, non-monetary, unwrought (but not powder)",Gold,6,TRUE,C00,TOTAL CPC,0,0,TOTAL MOT,8,kg,3.694,FALSE,8,kg,3.694,FALSE,3.634,FALSE,0,FALSE,201936.009,,201936.009,0,FALSE,TRUE,
C,A,20220101,2022,52,2022,276,DEU,Germany,M,Import,752,SWE,Sweden,0,W00,World,H6,HS,TRUE,710812,"Metals; gold, non-monetary, unwrought (but not powder)",Gold,6,TRUE,C00,TOTAL CPC,0,0,TOTAL MOT,8,kg,4270.163,FALSE,8,kg,4270.163,FALSE,4270,FALSE,0,FALSE,247383434.9,,247383434.9,0,FALSE,TRUE,
C,A,20220101,2022,52,2022,276,DEU,Germany,M,Import,757,CHE,Switzerland,0,W00,World,H6,HS,TRUE,710812,"Metals; gold, non-monetary, unwrought (but not powder)",Gold,6,TRUE,C00,TOTAL CPC,0,0,TOTAL MOT,8,kg,72408.382,FALSE,8,kg,72408.382,FALSE,72440.073,FALSE,0,FALSE,4200147310,,4200147310,0,FALSE,TRUE,
C,A,20220101,2022,52,2022,276,DEU,Germany,M,Import,764,THA,Thailand,0,W00,World,H6,HS,TRUE,710812,"Metals; gold, non-monetary, unwrought (but not powder)",Gold,6,TRUE,C00,TOTAL CPC,0,0,TOTAL MOT,8,kg,847.16,FALSE,8,kg,847.16,FALSE,850,FALSE,0,FALSE,28103836.59,,28103836.59,0,FALSE,TRUE,
C,A,20220101,2022,52,2022,276,DEU,Germany,M,Import,784,ARE,United Arab Emirates,0,W00,World,H6,HS,TRUE,710812,"Metals; gold, non-monetary, unwrought (but not powder)",Gold,6,TRUE,C00,TOTAL CPC,0,0,TOTAL MOT,8,kg,41.38,FALSE,8,kg,41.38,FALSE,42.007,FALSE,0,FALSE,1759631.421,,1759631.421,0,FALSE,TRUE,
C,A,20220101,2022,52,2022,276,DEU,Germany,M,Import,792,TUR,Turkey,0,W00,World,H6,HS,TRUE,710812,"Metals; gold, non-monetary, unwrought (but not powder)",Gold,6,TRUE,C00,TOTAL CPC,0,0,TOTAL MOT,8,kg,144.195,FALSE,8,kg,144.195,FALSE,147.956,FALSE,0,FALSE,8370442.262,,8370442.262,0,FALSE,TRUE,
C,A,20220101,2022,52,2022,276,DEU,Germany,M,Import,826,GBR,United Kingdom,0,W00,World,H6,HS,TRUE,710812,"Metals; gold, non-monetary, unwrought (but not powder)",Gold,6,TRUE,C00,TOTAL CPC,0,0,TOTAL MOT,8,kg,5611.971,FALSE,8,kg,5611.971,FALSE,5594.5,FALSE,0,FALSE,330043289.5,,330043289.5,0,FALSE,TRUE,
C,A,20220101,2022,52,2022,276,DEU,Germany,M,Import,842,USA,USA,0,W00,World,H6,HS,TRUE,710812,"Metals; gold, non-monetary, unwrought (but not powder)",Gold,6,TRUE,C00,TOTAL CPC,0,0,TOTAL MOT,8,kg,8046.838,FALSE,8,kg,8046.838,FALSE,8044.351,FALSE,0,FALSE,467429816.5,,467429816.5,0,FALSE,TRUE,
C,A,20220101,2022,52,2022,276,DEU,Germany,M,Import,860,UZB,Uzbekistan,0,W00,World,H6,HS,TRUE,710812,"Metals; gold, non-monetary, unwrought (but not powder)",Gold,6,TRUE,C00,TOTAL CPC,0,0,TOTAL MOT,8,kg,245.626,FALSE,8,kg,245.626,FALSE,246,FALSE,0,FALSE,13359153.38,,13359153.38,0,FALSE,TRUE,
C,A,20220101,2022,52,2022,276,DEU,Germany,M,Import,899,_X ,"Areas, nes",0,W00,World,H6,HS,TRUE,710812,"Metals; gold, non-monetary, unwrought (but not powder)",Gold,6,TRUE,C00,TOTAL CPC,0,0,TOTAL MOT,8,kg,18652.7,FALSE,8,kg,18652.7,FALSE,18645,FALSE,0,FALSE,985275422.3,,985275422.3,0,FALSE,TRUE,
C,A,20220101,2022,52,2022,276,DEU,Germany,M,Import,0,W00,World,0,W00,World,H6,HS,TRUE,711011,"Metals; platinum, unwrought or in powder form",Platinum,6,TRUE,C00,TOTAL CPC,0,0,TOTAL MOT,8,kg,39865.84,TRUE,8,kg,39865.84,FALSE,39878.611,TRUE,0,FALSE,1232969273,,1232969273,6,FALSE,TRUE,
C,A,20220101,2022,52,2022,276,DEU,Germany,M,Import,32,ARG,Argentina,0,W00,World,H6,HS,TRUE,711011,"Metals; platinum, unwrought or in powder form",Platinum,6,TRUE,C00,TOTAL CPC,0,0,TOTAL MOT,8,kg,0.012,FALSE,8,kg,0.012,FALSE,0.012,FALSE,0,FALSE,419.317,,419.317,0,FALSE,TRUE,
C,A,20220101,2022,52,2022,276,DEU,Germany,M,Import,36,AUS,Australia,0,W00,World,H6,HS,TRUE,711011,"Metals; platinum, unwrought or in powder form",Platinum,6,TRUE,C00,TOTAL CPC,0,0,TOTAL MOT,8,kg,0.355,FALSE,8,kg,0.355,FALSE,0.355,FALSE,0,FALSE,14097.941,,14097.941,0,FALSE,TRUE,
C,A,20220101,2022,52,2022,276,DEU,Germany,M,Import,40,AUT,Austria,0,W00,World,H6,HS,TRUE,711011,"Metals; platinum, unwrought or in powder form",Platinum,6,TRUE,C00,TOTAL CPC,0,0,TOTAL MOT,8,kg,182.914,FALSE,8,kg,182.914,FALSE,182.928,FALSE,0,FALSE,5699947.683,,5699947.683,0,FALSE,TRUE,
C,A,20220101,2022,52,2022,276,DEU,Germany,M,Import,76,BRA,Brazil,0,W00,World,H6,HS,TRUE,711011,"Metals; platinum, unwrought or in powder form",Platinum,6,TRUE,C00,TOTAL CPC,0,0,TOTAL MOT,8,kg,1.437,FALSE,8,kg,1.437,FALSE,1,FALSE,0,FALSE,44866.904,,44866.904,0,FALSE,TRUE,
C,A,20220101,2022,52,2022,276,DEU,Germany,M,Import,124,CAN,Canada,0,W00,World,H6,HS,TRUE,711011,"Metals; platinum, unwrought or in powder form",Platinum,6,TRUE,C00,TOTAL CPC,0,0,TOTAL MOT,8,kg,609.354,FALSE,8,kg,609.354,FALSE,608,FALSE,0,FALSE,8386210.058,,8386210.058,0,FALSE,TRUE,
C,A,20220101,2022,52,2022,276,DEU,Germany,M,Import,156,CHN,China,0,W00,World,H6,HS,TRUE,711011,"Metals; platinum, unwrought or in powder form",Platinum,6,TRUE,C00,TOTAL CPC,0,0,TOTAL MOT,8,kg,0.03,TRUE,8,kg,0.03,FALSE,0.03,TRUE,0,FALSE,1619.029,,1619.029,6,FALSE,TRUE,
C,A,20220101,2022,52,2022,276,DEU,Germany,M,Import,191,HRV,Croatia,0,W00,World,H6,HS,TRUE,711011,"Metals; platinum, unwrought or in powder form",Platinum,6,TRUE,C00,TOTAL CPC,0,0,TOTAL MOT,8,kg,0.511,FALSE,8,kg,0.511,FALSE,1,FALSE,0,FALSE,15153.645,,15153.645,0,FALSE,TRUE,
C,A,20220101,2022,52,2022,276,DEU,Germany,M,Import,203,CZE,Czechia,0,W00,World,H6,HS,TRUE,711011,"Metals; platinum, unwrought or in powder form",Platinum,6,TRUE,C00,TOTAL CPC,0,0,TOTAL MOT,8,kg,80.857,FALSE,8,kg,80.857,FALSE,81.056,FALSE,0,FALSE,2501056.685,,2501056.685,0,FALSE,TRUE,
C,A,20220101,2022,52,2022,276,DEU,Germany,M,Import,208,DNK,Denmark,0,W00,World,H6,HS,TRUE,711011,"Metals; platinum, unwrought or in powder form",Platinum,6,TRUE,C00,TOTAL CPC,0,0,TOTAL MOT,8,kg,1.891,FALSE,8,kg,1.891,FALSE,2.153,FALSE,0,FALSE,57544.885,,57544.885,0,FALSE,TRUE,
C,A,20220101,2022,52,2022,276,DEU,Germany,M,Import,246,FIN,Finland,0,W00,World,H6,HS,TRUE,711011,"Metals; platinum, unwrought or in powder form",Platinum,6,TRUE,C00,TOTAL CPC,0,0,TOTAL MOT,8,kg,2.69,FALSE,8,kg,2.69,FALSE,3.156,FALSE,0,FALSE,112776.116,,112776.116,0,FALSE,TRUE,
C,A,20220101,2022,52,2022,276,DEU,Germany,M,Import,251,FRA,France,0,W00,World,H6,HS,TRUE,711011,"Metals; platinum, unwrought or in powder form",Platinum,6,TRUE,C00,TOTAL CPC,0,0,TOTAL MOT,8,kg,490.496,FALSE,8,kg,490.496,FALSE,489.103,FALSE,0,FALSE,17327114.9,,17327114.9,0,FALSE,TRUE,
C,A,20220101,2022,52,2022,276,DEU,Germany,M,Import,300,GRC,Greece,0,W00,World,H6,HS,TRUE,711011,"Metals; platinum, unwrought or in powder form",Platinum,6,TRUE,C00,TOTAL CPC,0,0,TOTAL MOT,8,kg,0.056,FALSE,8,kg,0.056,FALSE,0.056,FALSE,0,FALSE,1608.44,,1608.44,0,FALSE,TRUE,
C,A,20220101,2022,52,2022,276,DEU,Germany,M,Import,348,HUN,Hungary,0,W00,World,H6,HS,TRUE,711011,"Metals; platinum, unwrought or in powder form",Platinum,6,TRUE,C00,TOTAL CPC,0,0,TOTAL MOT,8,kg,44.799,FALSE,8,kg,44.799,FALSE,44,FALSE,0,FALSE,1380732.05,,1380732.05,0,FALSE,TRUE,
C,A,20220101,2022,52,2022,276,DEU,Germany,M,Import,372,IRL,Ireland,0,W00,World,H6,HS,TRUE,711011,"Metals; platinum, unwrought or in powder form",Platinum,6,TRUE,C00,TOTAL CPC,0,0,TOTAL MOT,8,kg,8.39,FALSE,8,kg,8.39,FALSE,8.485,FALSE,0,FALSE,260101.399,,260101.399,0,FALSE,TRUE,
C,A,20220101,2022,52,2022,276,DEU,Germany,M,Import,380,ITA,Italy,0,W00,World,H6,HS,TRUE,711011,"Metals; platinum, unwrought or in powder form",Platinum,6,TRUE,C00,TOTAL CPC,0,0,TOTAL MOT,8,kg,8254.392,FALSE,8,kg,8254.392,FALSE,8258,FALSE,0,FALSE,256109454.7,,256109454.7,0,FALSE,TRUE,
C,A,20220101,2022,52,2022,276,DEU,Germany,M,Import,392,JPN,Japan,0,W00,World,H6,HS,TRUE,711011,"Metals; platinum, unwrought or in powder form",Platinum,6,TRUE,C00,TOTAL CPC,0,0,TOTAL MOT,8,kg,278.03,FALSE,8,kg,278.03,FALSE,278.052,FALSE,0,FALSE,8398826.625,,8398826.625,0,FALSE,TRUE,
C,A,20220101,2022,52,2022,276,DEU,Germany,M,Import,410,KOR,South Korea,0,W00,World,H6,HS,TRUE,711011,"Metals; platinum, unwrought or in powder form",Platinum,6,TRUE,C00,TOTAL CPC,0,0,TOTAL MOT,8,kg,5.001,FALSE,8,kg,5.001,FALSE,5,FALSE,0,FALSE,153817.282,,153817.282,0,FALSE,TRUE,
C,A,20220101,2022,52,2022,276,DEU,Germany,M,Import,428,LVA,Latvia,0,W00,World,H6,HS,TRUE,711011,"Metals; platinum, unwrought or in powder form",Platinum,6,TRUE,C00,TOTAL CPC,0,0,TOTAL MOT,8,kg,10,FALSE,8,kg,10,FALSE,10.41,FALSE,0,FALSE,318618.337,,318618.337,0,FALSE,TRUE,
C,A,20220101,2022,52,2022,276,DEU,Germany,M,Import,440,LTU,Lithuania,0,W00,World,H6,HS,TRUE,711011,"Metals; platinum, unwrought or in powder form",Platinum,6,TRUE,C00,TOTAL CPC,0,0,TOTAL MOT,8,kg,85.14,FALSE,8,kg,85.14,FALSE,85,FALSE,0,FALSE,2684843.475,,2684843.475,0,FALSE,TRUE,
C,A,20220101,2022,52,2022,276,DEU,Germany,M,Import,442,LUX,Luxembourg,0,W00,World,H6,HS,TRUE,711011,"Metals; platinum, unwrought or in powder form",Platinum,6,TRUE,C00,TOTAL CPC,0,0,TOTAL MOT,8,kg,3.429,FALSE,8,kg,3.429,FALSE,3.827,FALSE,0,FALSE,96279.809,,96279.809,0,FALSE,TRUE,
C,A,20220101,2022,52,2022,276,DEU,Germany,M,Import,579,NOR,Norway,0,W00,World,H6,HS,TRUE,711011,"Metals; platinum, unwrought or in powder form",Platinum,6,TRUE,C00,TOTAL CPC,0,0,TOTAL MOT,8,kg,93.31,FALSE,8,kg,93.31,FALSE,94,FALSE,0,FALSE,2902739.997,,2902739.997,0,FALSE,TRUE,
C,A,20220101,2022,52,2022,276,DEU,Germany,M,Import,616,POL,Poland,0,W00,World,H6,HS,TRUE,711011,"Metals; platinum, unwrought or in powder form",Platinum,6,TRUE,C00,TOTAL CPC,0,0,TOTAL MOT,8,kg,139.852,FALSE,8,kg,139.852,FALSE,139.005,FALSE,0,FALSE,4159376.494,,4159376.494,0,FALSE,TRUE,
C,A,20220101,2022,52,2022,276,DEU,Germany,M,Import,620,PRT,Portugal,0,W00,World,H6,HS,TRUE,711011,"Metals; platinum, unwrought or in powder form",Platinum,6,TRUE,C00,TOTAL CPC,0,0,TOTAL MOT,8,kg,1,FALSE,8,kg,1,FALSE,1.327,FALSE,0,FALSE,27559.494,,27559.494,0,FALSE,TRUE,
C,A,20220101,2022,52,2022,276,DEU,Germany,M,Import,642,ROU,Romania,0,W00,World,H6,HS,TRUE,711011,"Metals; platinum, unwrought or in powder form",Platinum,6,TRUE,C00,TOTAL CPC,0,0,TOTAL MOT,8,kg,3.94,FALSE,8,kg,3.94,FALSE,3.41,FALSE,0,FALSE,127001.122,,127001.122,0,FALSE,TRUE,
C,A,20220101,2022,52,2022,276,DEU,Germany,M,Import,643,RUS,Russia,0,W00,World,H6,HS,TRUE,711011,"Metals; platinum, unwrought or in powder form",Platinum,6,TRUE,C00,TOTAL CPC,0,0,TOTAL MOT,8,kg,101.844,FALSE,8,kg,101.844,FALSE,103,FALSE,0,FALSE,3500698.54,,3500698.54,0,FALSE,TRUE,
C,A,20220101,2022,52,2022,276,DEU,Germany,M,Import,682,SAU,Saudi Arabia,0,W00,World,H6,HS,TRUE,711011,"Metals; platinum, unwrought or in powder form",Platinum,6,TRUE,C00,TOTAL CPC,0,0,TOTAL MOT,8,kg,15.629,FALSE,8,kg,15.629,FALSE,16,FALSE,0,FALSE,478821.73,,478821.73,0,FALSE,TRUE,
C,A,20220101,2022,52,2022,276,DEU,Germany,M,Import,699,IND,India,0,W00,World,H6,HS,TRUE,711011,"Metals; platinum, unwrought or in powder form",Platinum,6,TRUE,C00,TOTAL CPC,0,0,TOTAL MOT,8,kg,15.417,FALSE,8,kg,15.417,FALSE,15,FALSE,0,FALSE,486062.358,,486062.358,0,FALSE,TRUE,
C,A,20220101,2022,52,2022,276,DEU,Germany,M,Import,705,SVN,Slovenia,0,W00,World,H6,HS,TRUE,711011,"Metals; platinum, unwrought or in powder form",Platinum,6,TRUE,C00,TOTAL CPC,0,0,TOTAL MOT,8,kg,1.182,FALSE,8,kg,1.182,FALSE,1.182,FALSE,0,FALSE,34826.594,,34826.594,0,FALSE,TRUE,
C,A,20220101,2022,52,2022,276,DEU,Germany,M,Import,710,ZAF,South Africa,0,W00,World,H6,HS,TRUE,711011,"Metals; platinum, unwrought or in powder form",Platinum,6,TRUE,C00,TOTAL CPC,0,0,TOTAL MOT,8,kg,18221.433,TRUE,8,kg,18221.433,FALSE,18226,TRUE,0,FALSE,567843812.6,,567843812.6,6,FALSE,TRUE,
C,A,20220101,2022,52,2022,276,DEU,Germany,M,Import,724,ESP,Spain,0,W00,World,H6,HS,TRUE,711011,"Metals; platinum, unwrought or in powder form",Platinum,6,TRUE,C00,TOTAL CPC,0,0,TOTAL MOT,8,kg,0.6,FALSE,8,kg,0.6,FALSE,1.004,FALSE,0,FALSE,17158.107,,17158.107,0,FALSE,TRUE,
C,A,20220101,2022,52,2022,276,DEU,Germany,M,Import,752,SWE,Sweden,0,W00,World,H6,HS,TRUE,711011,"Metals; platinum, unwrought or in powder form",Platinum,6,TRUE,C00,TOTAL CPC,0,0,TOTAL MOT,8,kg,0.038,FALSE,8,kg,0.038,FALSE,0.038,FALSE,0,FALSE,1134.061,,1134.061,0,FALSE,TRUE,
C,A,20220101,2022,52,2022,276,DEU,Germany,M,Import,757,CHE,Switzerland,0,W00,World,H6,HS,TRUE,711011,"Metals; platinum, unwrought or in powder form",Platinum,6,TRUE,C00,TOTAL CPC,0,0,TOTAL MOT,8,kg,1815.042,FALSE,8,kg,1815.042,FALSE,1818.203,FALSE,0,FALSE,54162354.63,,54162354.63,0,FALSE,TRUE,
C,A,20220101,2022,52,2022,276,DEU,Germany,M,Import,784,ARE,United Arab Emirates,0,W00,World,H6,HS,TRUE,711011,"Metals; platinum, unwrought or in powder form",Platinum,6,TRUE,C00,TOTAL CPC,0,0,TOTAL MOT,8,kg,2,FALSE,8,kg,2,FALSE,2,FALSE,0,FALSE,64591.738,,64591.738,0,FALSE,TRUE,
C,A,20220101,2022,52,2022,276,DEU,Germany,M,Import,818,EGY,Egypt,0,W00,World,H6,HS,TRUE,711011,"Metals; platinum, unwrought or in powder form",Platinum,6,TRUE,C00,TOTAL CPC,0,0,TOTAL MOT,8,kg,0.139,FALSE,8,kg,0.139,FALSE,0.139,FALSE,0,FALSE,3960.215,,3960.215,0,FALSE,TRUE,
C,A,20220101,2022,52,2022,276,DEU,Germany,M,Import,826,GBR,United Kingdom,0,W00,World,H6,HS,TRUE,711011,"Metals; platinum, unwrought or in powder form",Platinum,6,TRUE,C00,TOTAL CPC,0,0,TOTAL MOT,8,kg,2369.13,FALSE,8,kg,2369.13,FALSE,2370.495,FALSE,0,FALSE,78057883.83,,78057883.83,0,FALSE,TRUE,
C,A,20220101,2022,52,2022,276,DEU,Germany,M,Import,842,USA,USA,0,W00,World,H6,HS,TRUE,711011,"Metals; platinum, unwrought or in powder form",Platinum,6,TRUE,C00,TOTAL CPC,0,0,TOTAL MOT,8,kg,1233.1,FALSE,8,kg,1233.1,FALSE,1233.185,FALSE,0,FALSE,37305979.01,,37305979.01,0,FALSE,TRUE,
C,A,20220101,2022,52,2022,276,DEU,Germany,M,Import,899,_X ,"Areas, nes",0,W00,World,H6,HS,TRUE,711011,"Metals; platinum, unwrought or in powder form",Platinum,6,TRUE,C00,TOTAL CPC,0,0,TOTAL MOT,8,kg,5792.4,FALSE,8,kg,5792.4,FALSE,5793,FALSE,0,FALSE,180230223.7,,180230223.7,0,FALSE,TRUE,
C,A,20220101,2022,52,2022,276,DEU,Germany,M,Import,0,W00,World,0,W00,World,H6,HS,TRUE,720280,Ferro-alloys,Tungsten,6,TRUE,C00,TOTAL CPC,0,0,TOTAL MOT,8,kg,654729,FALSE,8,kg,654729,FALSE,654729,FALSE,0,FALSE,20169170.43,,20169170.43,0,FALSE,TRUE,
C,A,20220101,2022,52,2022,276,DEU,Germany,M,Import,56,BEL,Belgium,0,W00,World,H6,HS,TRUE,720280,Ferro-alloys,Tungsten,6,TRUE,C00,TOTAL CPC,0,0,TOTAL MOT,8,kg,5000,FALSE,8,kg,5000,FALSE,5000,FALSE,0,FALSE,139368.852,,139368.852,0,FALSE,TRUE,
C,A,20220101,2022,52,2022,276,DEU,Germany,M,Import,156,CHN,China,0,W00,World,H6,HS,TRUE,720280,Ferro-alloys,Tungsten,6,TRUE,C00,TOTAL CPC,0,0,TOTAL MOT,8,kg,196425,FALSE,8,kg,196425,FALSE,196425,FALSE,0,FALSE,6026366.795,,6026366.795,0,FALSE,TRUE,
C,A,20220101,2022,52,2022,276,DEU,Germany,M,Import,208,DNK,Denmark,0,W00,World,H6,HS,TRUE,720280,Ferro-alloys,Tungsten,6,TRUE,C00,TOTAL CPC,0,0,TOTAL MOT,8,kg,3653,FALSE,8,kg,3653,FALSE,3653,FALSE,0,FALSE,38835.518,,38835.518,0,FALSE,TRUE,
C,A,20220101,2022,52,2022,276,DEU,Germany,M,Import,233,EST,Estonia,0,W00,World,H6,HS,TRUE,720280,Ferro-alloys,Tungsten,6,TRUE,C00,TOTAL CPC,0,0,TOTAL MOT,8,kg,22000,FALSE,8,kg,22000,FALSE,22000,FALSE,0,FALSE,673163.445,,673163.445,0,FALSE,TRUE,
C,A,20220101,2022,52,2022,276,DEU,Germany,M,Import,251,FRA,France,0,W00,World,H6,HS,TRUE,720280,Ferro-alloys,Tungsten,6,TRUE,C00,TOTAL CPC,0,0,TOTAL MOT,8,kg,8720,FALSE,8,kg,8720,FALSE,8720,FALSE,0,FALSE,177458.917,,177458.917,0,FALSE,TRUE,
C,A,20220101,2022,52,2022,276,DEU,Germany,M,Import,442,LUX,Luxembourg,0,W00,World,H6,HS,TRUE,720280,Ferro-alloys,Tungsten,6,TRUE,C00,TOTAL CPC,0,0,TOTAL MOT,8,kg,3270,FALSE,8,kg,3270,FALSE,3270,FALSE,0,FALSE,64919.991,,64919.991,0,FALSE,TRUE,
C,A,20220101,2022,52,2022,276,DEU,Germany,M,Import,528,NLD,Netherlands,0,W00,World,H6,HS,TRUE,720280,Ferro-alloys,Tungsten,6,TRUE,C00,TOTAL CPC,0,0,TOTAL MOT,8,kg,255653,FALSE,8,kg,255653,FALSE,255653,FALSE,0,FALSE,7937003.111,,7937003.111,0,FALSE,TRUE,
C,A,20220101,2022,52,2022,276,DEU,Germany,M,Import,616,POL,Poland,0,W00,World,H6,HS,TRUE,720280,Ferro-alloys,Tungsten,6,TRUE,C00,TOTAL CPC,0,0,TOTAL MOT,8,kg,319,FALSE,8,kg,319,FALSE,319,FALSE,0,FALSE,4871.911,,4871.911,0,FALSE,TRUE,
C,A,20220101,2022,52,2022,276,DEU,Germany,M,Import,643,RUS,Russia,0,W00,World,H6,HS,TRUE,720280,Ferro-alloys,Tungsten,6,TRUE,C00,TOTAL CPC,0,0,TOTAL MOT,8,kg,147137,FALSE,8,kg,147137,FALSE,147137,FALSE,0,FALSE,4697385.434,,4697385.434,0,FALSE,TRUE,
C,A,20220101,2022,52,2022,276,DEU,Germany,M,Import,704,VNM,Vietnam,0,W00,World,H6,HS,TRUE,720280,Ferro-alloys,Tungsten,6,TRUE,C00,TOTAL CPC,0,0,TOTAL MOT,8,kg,2552,FALSE,8,kg,2552,FALSE,2552,FALSE,0,FALSE,78154.944,,78154.944,0,FALSE,TRUE,
C,A,20220101,2022,52,2022,276,DEU,Germany,M,Import,724,ESP,Spain,0,W00,World,H6,HS,TRUE,720280,Ferro-alloys,Tungsten,6,TRUE,C00,TOTAL CPC,0,0,TOTAL MOT,8,kg,10000,FALSE,8,kg,10000,FALSE,10000,FALSE,0,FALSE,331641.514,,331641.514,0,FALSE,TRUE,
C,A,20220101,2022,52,2022,276,DEU,Germany,M,Import,0,W00,World,0,W00,World,H6,HS,TRUE,720292,Ferro-alloys,Vanadium,6,TRUE,C00,TOTAL CPC,0,0,TOTAL MOT,8,kg,4283613.036,TRUE,-1,N/A,0,FALSE,4283613.036,TRUE,0,FALSE,124635165,,124635165,6,FALSE,TRUE,
C,A,20220101,2022,52,2022,276,DEU,Germany,M,Import,40,AUT,Austria,0,W00,World,H6,HS,TRUE,720292,Ferro-alloys,Vanadium,6,TRUE,C00,TOTAL CPC,0,0,TOTAL MOT,8,kg,1975150,FALSE,8,kg,1975150,FALSE,1975150,FALSE,0,FALSE,51388542.91,,51388542.91,0,FALSE,TRUE,
C,A,20220101,2022,52,2022,276,DEU,Germany,M,Import,56,BEL,Belgium,0,W00,World,H6,HS,TRUE,720292,Ferro-alloys,Vanadium,6,TRUE,C00,TOTAL CPC,0,0,TOTAL MOT,8,kg,90000,FALSE,8,kg,90000,FALSE,90000,FALSE,0,FALSE,2832731.024,,2832731.024,0,FALSE,TRUE,
C,A,20220101,2022,52,2022,276,DEU,Germany,M,Import,156,CHN,China,0,W00,World,H6,HS,TRUE,720292,Ferro-alloys,Vanadium,6,TRUE,C00,TOTAL CPC,0,0,TOTAL MOT,8,kg,554215,FALSE,8,kg,554215,FALSE,554215,FALSE,0,FALSE,17191001.05,,17191001.05,0,FALSE,TRUE,
C,A,20220101,2022,52,2022,276,DEU,Germany,M,Import,191,HRV,Croatia,0,W00,World,H6,HS,TRUE,720292,Ferro-alloys,Vanadium,6,TRUE,C00,TOTAL CPC,0,0,TOTAL MOT,8,kg,819,FALSE,8,kg,819,FALSE,819,FALSE,0,FALSE,31872.317,,31872.317,0,FALSE,TRUE,
C,A,20220101,2022,52,2022,276,DEU,Germany,M,Import,203,CZE,Czechia,0,W00,World,H6,HS,TRUE,720292,Ferro-alloys,Vanadium,6,TRUE,C00,TOTAL CPC,0,0,TOTAL MOT,8,kg,332615,FALSE,8,kg,332615,FALSE,332615,FALSE,0,FALSE,10708643.06,,10708643.06,0,FALSE,TRUE,
C,A,20220101,2022,52,2022,276,DEU,Germany,M,Import,251,FRA,France,0,W00,World,H6,HS,TRUE,720292,Ferro-alloys,Vanadium,6,TRUE,C00,TOTAL CPC,0,0,TOTAL MOT,8,kg,10555,FALSE,8,kg,10555,FALSE,10555,FALSE,0,FALSE,354834.183,,354834.183,0,FALSE,TRUE,
C,A,20220101,2022,52,2022,276,DEU,Germany,M,Import,376,ISR,Israel,0,W00,World,H6,HS,TRUE,720292,Ferro-alloys,Vanadium,6,TRUE,C00,TOTAL CPC,0,0,TOTAL MOT,8,kg,102,FALSE,8,kg,102,FALSE,102,FALSE,0,FALSE,1357.485,,1357.485,0,FALSE,TRUE,
C,A,20220101,2022,52,2022,276,DEU,Germany,M,Import,410,KOR,South Korea,0,W00,World,H6,HS,TRUE,720292,Ferro-alloys,Vanadium,6,TRUE,C00,TOTAL CPC,0,0,TOTAL MOT,8,kg,414126,FALSE,8,kg,414126,FALSE,414126,FALSE,0,FALSE,12837889.58,,12837889.58,0,FALSE,TRUE,
C,A,20220101,2022,52,2022,276,DEU,Germany,M,Import,442,LUX,Luxembourg,0,W00,World,H6,HS,TRUE,720292,Ferro-alloys,Vanadium,6,TRUE,C00,TOTAL CPC,0,0,TOTAL MOT,8,kg,25284,FALSE,8,kg,25284,FALSE,25284,FALSE,0,FALSE,753550.51,,753550.51,0,FALSE,TRUE,
C,A,20220101,2022,52,2022,276,DEU,Germany,M,Import,528,NLD,Netherlands,0,W00,World,H6,HS,TRUE,720292,Ferro-alloys,Vanadium,6,TRUE,C00,TOTAL CPC,0,0,TOTAL MOT,8,kg,298801,FALSE,8,kg,298801,FALSE,298801,FALSE,0,FALSE,10481274.85,,10481274.85,0,FALSE,TRUE,
C,A,20220101,2022,52,2022,276,DEU,Germany,M,Import,616,POL,Poland,0,W00,World,H6,HS,TRUE,720292,Ferro-alloys,Vanadium,6,TRUE,C00,TOTAL CPC,0,0,TOTAL MOT,8,kg,309,FALSE,8,kg,309,FALSE,309,FALSE,0,FALSE,6857.313,,6857.313,0,FALSE,TRUE,
C,A,20220101,2022,52,2022,276,DEU,Germany,M,Import,643,RUS,Russia,0,W00,World,H6,HS,TRUE,720292,Ferro-alloys,Vanadium,6,TRUE,C00,TOTAL CPC,0,0,TOTAL MOT,8,kg,10000,FALSE,8,kg,10000,FALSE,10000,FALSE,0,FALSE,267608.865,,267608.865,0,FALSE,TRUE,
C,A,20220101,2022,52,2022,276,DEU,Germany,M,Import,703,SVK,Slovakia,0,W00,World,H6,HS,TRUE,720292,Ferro-alloys,Vanadium,6,TRUE,C00,TOTAL CPC,0,0,TOTAL MOT,8,kg,66,FALSE,8,kg,66,FALSE,66,FALSE,0,FALSE,1325.719,,1325.719,0,FALSE,TRUE,
C,A,20220101,2022,52,2022,276,DEU,Germany,M,Import,705,SVN,Slovenia,0,W00,World,H6,HS,TRUE,720292,Ferro-alloys,Vanadium,6,TRUE,C00,TOTAL CPC,0,0,TOTAL MOT,8,kg,39,FALSE,8,kg,39,FALSE,39,FALSE,0,FALSE,822.75,,822.75,0,FALSE,TRUE,
C,A,20220101,2022,52,2022,276,DEU,Germany,M,Import,710,ZAF,South Africa,0,W00,World,H6,HS,TRUE,720292,Ferro-alloys,Vanadium,6,TRUE,C00,TOTAL CPC,0,0,TOTAL MOT,8,kg,542279,FALSE,8,kg,542279,FALSE,542279,FALSE,0,FALSE,16588179.07,,16588179.07,0,FALSE,TRUE,
C,A,20220101,2022,52,2022,276,DEU,Germany,M,Import,724,ESP,Spain,0,W00,World,H6,HS,TRUE,720292,Ferro-alloys,Vanadium,6,TRUE,C00,TOTAL CPC,0,0,TOTAL MOT,8,kg,4000,FALSE,8,kg,4000,FALSE,4000,FALSE,0,FALSE,111721.47,,111721.47,0,FALSE,TRUE,
C,A,20220101,2022,52,2022,276,DEU,Germany,M,Import,752,SWE,Sweden,0,W00,World,H6,HS,TRUE,720292,Ferro-alloys,Vanadium,6,TRUE,C00,TOTAL CPC,0,0,TOTAL MOT,8,kg,24250,FALSE,8,kg,24250,FALSE,24250,FALSE,0,FALSE,1049135.01,,1049135.01,0,FALSE,TRUE,
C,A,20220101,2022,52,2022,276,DEU,Germany,M,Import,826,GBR,United Kingdom,0,W00,World,H6,HS,TRUE,720292,Ferro-alloys,Vanadium,6,TRUE,C00,TOTAL CPC,0,0,TOTAL MOT,8,kg,1003.036,TRUE,-1,N/A,0,FALSE,1003.036,TRUE,0,FALSE,27817.861,,27817.861,6,FALSE,TRUE,
C,A,20220101,2022,52,2022,276,DEU,Germany,M,Import,0,W00,World,0,W00,World,H6,HS,TRUE,720293,Ferro-alloys,Niobium,6,TRUE,C00,TOTAL CPC,0,0,TOTAL MOT,8,kg,6013339.12,TRUE,-1,N/A,0,FALSE,6013339.12,TRUE,0,FALSE,158644303.4,,158644303.4,6,FALSE,TRUE,
C,A,20220101,2022,52,2022,276,DEU,Germany,M,Import,56,BEL,Belgium,0,W00,World,H6,HS,TRUE,720293,Ferro-alloys,Niobium,6,TRUE,C00,TOTAL CPC,0,0,TOTAL MOT,8,kg,5000,FALSE,8,kg,5000,FALSE,5000,FALSE,0,FALSE,139715.106,,139715.106,0,FALSE,TRUE,
C,A,20220101,2022,52,2022,276,DEU,Germany,M,Import,76,BRA,Brazil,0,W00,World,H6,HS,TRUE,720293,Ferro-alloys,Niobium,6,TRUE,C00,TOTAL CPC,0,0,TOTAL MOT,8,kg,2927735,FALSE,8,kg,2927735,FALSE,2927735,FALSE,0,FALSE,78421290.72,,78421290.72,0,FALSE,TRUE,
C,A,20220101,2022,52,2022,276,DEU,Germany,M,Import,124,CAN,Canada,0,W00,World,H6,HS,TRUE,720293,Ferro-alloys,Niobium,6,TRUE,C00,TOTAL CPC,0,0,TOTAL MOT,8,kg,863337.12,TRUE,-1,N/A,0,FALSE,863337.12,TRUE,0,FALSE,22946109.02,,22946109.02,6,FALSE,TRUE,
C,A,20220101,2022,52,2022,276,DEU,Germany,M,Import,251,FRA,France,0,W00,World,H6,HS,TRUE,720293,Ferro-alloys,Niobium,6,TRUE,C00,TOTAL CPC,0,0,TOTAL MOT,8,kg,599,FALSE,8,kg,599,FALSE,599,FALSE,0,FALSE,22052.255,,22052.255,0,FALSE,TRUE,
C,A,20220101,2022,52,2022,276,DEU,Germany,M,Import,528,NLD,Netherlands,0,W00,World,H6,HS,TRUE,720293,Ferro-alloys,Niobium,6,TRUE,C00,TOTAL CPC,0,0,TOTAL MOT,8,kg,2196160,FALSE,8,kg,2196160,FALSE,2196160,FALSE,0,FALSE,56599356.43,,56599356.43,0,FALSE,TRUE,
C,A,20220101,2022,52,2022,276,DEU,Germany,M,Import,616,POL,Poland,0,W00,World,H6,HS,TRUE,720293,Ferro-alloys,Niobium,6,TRUE,C00,TOTAL CPC,0,0,TOTAL MOT,8,kg,2214,FALSE,8,kg,2214,FALSE,2214,FALSE,0,FALSE,47696.234,,47696.234,0,FALSE,TRUE,
C,A,20220101,2022,52,2022,276,DEU,Germany,M,Import,642,ROU,Romania,0,W00,World,H6,HS,TRUE,720293,Ferro-alloys,Niobium,6,TRUE,C00,TOTAL CPC,0,0,TOTAL MOT,8,kg,50,FALSE,8,kg,50,FALSE,50,FALSE,0,FALSE,1578.791,,1578.791,0,FALSE,TRUE,
C,A,20220101,2022,52,2022,276,DEU,Germany,M,Import,699,IND,India,0,W00,World,H6,HS,TRUE,720293,Ferro-alloys,Niobium,6,TRUE,C00,TOTAL CPC,0,0,TOTAL MOT,8,kg,1,FALSE,8,kg,1,FALSE,1,FALSE,0,FALSE,12.707,,12.707,0,FALSE,TRUE,
C,A,20220101,2022,52,2022,276,DEU,Germany,M,Import,703,SVK,Slovakia,0,W00,World,H6,HS,TRUE,720293,Ferro-alloys,Niobium,6,TRUE,C00,TOTAL CPC,0,0,TOTAL MOT,8,kg,29,FALSE,8,kg,29,FALSE,29,FALSE,0,FALSE,572.855,,572.855,0,FALSE,TRUE,
C,A,20220101,2022,52,2022,276,DEU,Germany,M,Import,710,ZAF,South Africa,0,W00,World,H6,HS,TRUE,720293,Ferro-alloys,Niobium,6,TRUE,C00,TOTAL CPC,0,0,TOTAL MOT,8,kg,5911,FALSE,8,kg,5911,FALSE,5911,FALSE,0,FALSE,156577.785,,156577.785,0,FALSE,TRUE,
C,A,20220101,2022,52,2022,276,DEU,Germany,M,Import,724,ESP,Spain,0,W00,World,H6,HS,TRUE,720293,Ferro-alloys,Niobium,6,TRUE,C00,TOTAL CPC,0,0,TOTAL MOT,8,kg,12221,FALSE,8,kg,12221,FALSE,12221,FALSE,0,FALSE,307350.785,,307350.785,0,FALSE,TRUE,
C,A,20220101,2022,52,2022,276,DEU,Germany,M,Import,842,USA,USA,0,W00,World,H6,HS,TRUE,720293,Ferro-alloys,Niobium,6,TRUE,C00,TOTAL CPC,0,0,TOTAL MOT,8,kg,82,FALSE,8,kg,82,FALSE,82,FALSE,0,FALSE,1990.696,,1990.696,0,FALSE,TRUE,
C,A,20220101,2022,52,2022,276,DEU,Germany,M,Import,0,W00,World,0,W00,World,H6,HS,TRUE,760110,"Aluminium; unwrought, (not alloyed)",Aluminium,6,TRUE,C00,TOTAL CPC,0,0,TOTAL MOT,8,kg,827010621.9,TRUE,-1,N/A,0,FALSE,827010621.9,TRUE,0,FALSE,2646874462,,2646874462,6,FALSE,TRUE,
C,A,20220101,2022,52,2022,276,DEU,Germany,M,Import,36,AUS,Australia,0,W00,World,H6,HS,TRUE,760110,"Aluminium; unwrought, (not alloyed)",Aluminium,6,TRUE,C00,TOTAL CPC,0,0,TOTAL MOT,8,kg,4700316,FALSE,8,kg,4700316,FALSE,4700316,FALSE,0,FALSE,14078942.53,,14078942.53,0,FALSE,TRUE,
C,A,20220101,2022,52,2022,276,DEU,Germany,M,Import,40,AUT,Austria,0,W00,World,H6,HS,TRUE,760110,"Aluminium; unwrought, (not alloyed)",Aluminium,6,TRUE,C00,TOTAL CPC,0,0,TOTAL MOT,8,kg,425165,FALSE,8,kg,425165,FALSE,425165,FALSE,0,FALSE,1773923.137,,1773923.137,0,FALSE,TRUE,
C,A,20220101,2022,52,2022,276,DEU,Germany,M,Import,48,BHR,Bahrain,0,W00,World,H6,HS,TRUE,760110,"Aluminium; unwrought, (not alloyed)",Aluminium,6,TRUE,C00,TOTAL CPC,0,0,TOTAL MOT,8,kg,16837719,FALSE,8,kg,16837719,FALSE,16837719,FALSE,0,FALSE,56311797.18,,56311797.18,0,FALSE,TRUE,
C,A,20220101,2022,52,2022,276,DEU,Germany,M,Import,56,BEL,Belgium,0,W00,World,H6,HS,TRUE,760110,"Aluminium; unwrought, (not alloyed)",Aluminium,6,TRUE,C00,TOTAL CPC,0,0,TOTAL MOT,8,kg,1872140,FALSE,8,kg,1872140,FALSE,1872140,FALSE,0,FALSE,5359494.162,,5359494.162,0,FALSE,TRUE,
C,A,20220101,2022,52,2022,276,DEU,Germany,M,Import,76,BRA,Brazil,0,W00,World,H6,HS,TRUE,760110,"Aluminium; unwrought, (not alloyed)",Aluminium,6,TRUE,C00,TOTAL CPC,0,0,TOTAL MOT,8,kg,2348281,FALSE,8,kg,2348281,FALSE,2348281,FALSE,0,FALSE,8030913.144,,8030913.144,0,FALSE,TRUE,
C,A,20220101,2022,52,2022,276,DEU,Germany,M,Import,100,BGR,Bulgaria,0,W00,World,H6,HS,TRUE,760110,"Aluminium; unwrought, (not alloyed)",Aluminium,6,TRUE,C00,TOTAL CPC,0,0,TOTAL MOT,8,kg,232404,FALSE,8,kg,232404,FALSE,232404,FALSE,0,FALSE,600706.34,,600706.34,0,FALSE,TRUE,
C,A,20220101,2022,52,2022,276,DEU,Germany,M,Import,120,CMR,Cameroon,0,W00,World,H6,HS,TRUE,760110,"Aluminium; unwrought, (not alloyed)",Aluminium,6,TRUE,C00,TOTAL CPC,0,0,TOTAL MOT,8,kg,3799060,FALSE,8,kg,3799060,FALSE,3799060,FALSE,0,FALSE,11253591.9,,11253591.9,0,FALSE,TRUE,
C,A,20220101,2022,52,2022,276,DEU,Germany,M,Import,124,CAN,Canada,0,W00,World,H6,HS,TRUE,760110,"Aluminium; unwrought, (not alloyed)",Aluminium,6,TRUE,C00,TOTAL CPC,0,0,TOTAL MOT,8,kg,24992947.24,TRUE,-1,N/A,0,FALSE,24992947.24,TRUE,0,FALSE,88856097.63,,88856097.63,6,FALSE,TRUE,
C,A,20220101,2022,52,2022,276,DEU,Germany,M,Import,156,CHN,China,0,W00,World,H6,HS,TRUE,760110,"Aluminium; unwrought, (not alloyed)",Aluminium,6,TRUE,C00,TOTAL CPC,0,0,TOTAL MOT,8,kg,390137.236,TRUE,-1,N/A,0,FALSE,390137.236,TRUE,0,FALSE,1668420.474,,1668420.474,6,FALSE,TRUE,
C,A,20220101,2022,52,2022,276,DEU,Germany,M,Import,203,CZE,Czechia,0,W00,World,H6,HS,TRUE,760110,"Aluminium; unwrought, (not alloyed)",Aluminium,6,TRUE,C00,TOTAL CPC,0,0,TOTAL MOT,8,kg,1393320,FALSE,8,kg,1393320,FALSE,1393320,FALSE,0,FALSE,4639146.982,,4639146.982,0,FALSE,TRUE,
C,A,20220101,2022,52,2022,276,DEU,Germany,M,Import,208,DNK,Denmark,0,W00,World,H6,HS,TRUE,760110,"Aluminium; unwrought, (not alloyed)",Aluminium,6,TRUE,C00,TOTAL CPC,0,0,TOTAL MOT,8,kg,49243,FALSE,8,kg,49243,FALSE,49243,FALSE,0,FALSE,86658.817,,86658.817,0,FALSE,TRUE,
C,A,20220101,2022,52,2022,276,DEU,Germany,M,Import,251,FRA,France,0,W00,World,H6,HS,TRUE,760110,"Aluminium; unwrought, (not alloyed)",Aluminium,6,TRUE,C00,TOTAL CPC,0,0,TOTAL MOT,8,kg,28199214,FALSE,8,kg,28199214,FALSE,28199214,FALSE,0,FALSE,96082916.7,,96082916.7,0,FALSE,TRUE,
C,A,20220101,2022,52,2022,276,DEU,Germany,M,Import,344,HKG,Hong Kong,0,W00,World,H6,HS,TRUE,760110,"Aluminium; unwrought, (not alloyed)",Aluminium,6,TRUE,C00,TOTAL CPC,0,0,TOTAL MOT,8,kg,1,FALSE,8,kg,1,FALSE,1,FALSE,0,FALSE,8.471,,8.471,0,FALSE,TRUE,
C,A,20220101,2022,52,2022,276,DEU,Germany,M,Import,348,HUN,Hungary,0,W00,World,H6,HS,TRUE,760110,"Aluminium; unwrought, (not alloyed)",Aluminium,6,TRUE,C00,TOTAL CPC,0,0,TOTAL MOT,8,kg,2,FALSE,8,kg,2,FALSE,2,FALSE,0,FALSE,50.826,,50.826,0,FALSE,TRUE,
C,A,20220101,2022,52,2022,276,DEU,Germany,M,Import,352,ISL,Iceland,0,W00,World,H6,HS,TRUE,760110,"Aluminium; unwrought, (not alloyed)",Aluminium,6,TRUE,C00,TOTAL CPC,0,0,TOTAL MOT,8,kg,68706070,FALSE,8,kg,68706070,FALSE,68706070,FALSE,0,FALSE,219375408,,219375408,0,FALSE,TRUE,
C,A,20220101,2022,52,2022,276,DEU,Germany,M,Import,360,IDN,Indonesia,0,W00,World,H6,HS,TRUE,760110,"Aluminium; unwrought, (not alloyed)",Aluminium,6,TRUE,C00,TOTAL CPC,0,0,TOTAL MOT,8,kg,2844640,FALSE,8,kg,2844640,FALSE,2844640,FALSE,0,FALSE,8154599.969,,8154599.969,0,FALSE,TRUE,
C,A,20220101,2022,52,2022,276,DEU,Germany,M,Import,380,ITA,Italy,0,W00,World,H6,HS,TRUE,760110,"Aluminium; unwrought, (not alloyed)",Aluminium,6,TRUE,C00,TOTAL CPC,0,0,TOTAL MOT,8,kg,4226450,FALSE,8,kg,4226450,FALSE,4226450,FALSE,0,FALSE,11334075.33,,11334075.33,0,FALSE,TRUE,
C,A,20220101,2022,52,2022,276,DEU,Germany,M,Import,392,JPN,Japan,0,W00,World,H6,HS,TRUE,760110,"Aluminium; unwrought, (not alloyed)",Aluminium,6,TRUE,C00,TOTAL CPC,0,0,TOTAL MOT,8,kg,8320,FALSE,8,kg,8320,FALSE,8320,FALSE,0,FALSE,20714.888,,20714.888,0,FALSE,TRUE,
C,A,20220101,2022,52,2022,276,DEU,Germany,M,Import,398,KAZ,Kazakhstan,0,W00,World,H6,HS,TRUE,760110,"Aluminium; unwrought, (not alloyed)",Aluminium,6,TRUE,C00,TOTAL CPC,0,0,TOTAL MOT,8,kg,1003240,FALSE,8,kg,1003240,FALSE,1003240,FALSE,0,FALSE,2682549.939,,2682549.939,0,FALSE,TRUE,
C,A,20220101,2022,52,2022,276,DEU,Germany,M,Import,458,MYS,Malaysia,0,W00,World,H6,HS,TRUE,760110,"Aluminium; unwrought, (not alloyed)",Aluminium,6,TRUE,C00,TOTAL CPC,0,0,TOTAL MOT,8,kg,905214,FALSE,8,kg,905214,FALSE,905214,FALSE,0,FALSE,2827355.085,,2827355.085,0,FALSE,TRUE,
C,A,20220101,2022,52,2022,276,DEU,Germany,M,Import,508,MOZ,Mozambique,0,W00,World,H6,HS,TRUE,760110,"Aluminium; unwrought, (not alloyed)",Aluminium,6,TRUE,C00,TOTAL CPC,0,0,TOTAL MOT,8,kg,26228946,FALSE,8,kg,26228946,FALSE,26228946,FALSE,0,FALSE,83538399.62,,83538399.62,0,FALSE,TRUE,
C,A,20220101,2022,52,2022,276,DEU,Germany,M,Import,512,OMN,Oman,0,W00,World,H6,HS,TRUE,760110,"Aluminium; unwrought, (not alloyed)",Aluminium,6,TRUE,C00,TOTAL CPC,0,0,TOTAL MOT,8,kg,11244240,FALSE,8,kg,11244240,FALSE,11244240,FALSE,0,FALSE,32923484.66,,32923484.66,0,FALSE,TRUE,
C,A,20220101,2022,52,2022,276,DEU,Germany,M,Import,528,NLD,Netherlands,0,W00,World,H6,HS,TRUE,760110,"Aluminium; unwrought, (not alloyed)",Aluminium,6,TRUE,C00,TOTAL CPC,0,0,TOTAL MOT,8,kg,239565120,FALSE,8,kg,239565120,FALSE,239565120,FALSE,0,FALSE,739962883.2,,739962883.2,0,FALSE,TRUE,
C,A,20220101,2022,52,2022,276,DEU,Germany,M,Import,554,NZL,New Zealand,0,W00,World,H6,HS,TRUE,760110,"Aluminium; unwrought, (not alloyed)",Aluminium,6,TRUE,C00,TOTAL CPC,0,0,TOTAL MOT,8,kg,1978416,FALSE,8,kg,1978416,FALSE,1978416,FALSE,0,FALSE,6880925.019,,6880925.019,0,FALSE,TRUE,
C,A,20220101,2022,52,2022,276,DEU,Germany,M,Import,579,NOR,Norway,0,W00,World,H6,HS,TRUE,760110,"Aluminium; unwrought, (not alloyed)",Aluminium,6,TRUE,C00,TOTAL CPC,0,0,TOTAL MOT,8,kg,24491219.33,TRUE,-1,N/A,0,FALSE,24491219.33,TRUE,0,FALSE,90789511.53,,90789511.53,6,FALSE,TRUE,
C,A,20220101,2022,52,2022,276,DEU,Germany,M,Import,616,POL,Poland,0,W00,World,H6,HS,TRUE,760110,"Aluminium; unwrought, (not alloyed)",Aluminium,6,TRUE,C00,TOTAL CPC,0,0,TOTAL MOT,8,kg,570799,FALSE,8,kg,570799,FALSE,570799,FALSE,0,FALSE,1661601.281,,1661601.281,0,FALSE,TRUE,
C,A,20220101,2022,52,2022,276,DEU,Germany,M,Import,634,QAT,Qatar,0,W00,World,H6,HS,TRUE,760110,"Aluminium; unwrought, (not alloyed)",Aluminium,6,TRUE,C00,TOTAL CPC,0,0,TOTAL MOT,8,kg,4604000,FALSE,8,kg,4604000,FALSE,4604000,FALSE,0,FALSE,15775060.15,,15775060.15,0,FALSE,TRUE,
C,A,20220101,2022,52,2022,276,DEU,Germany,M,Import,642,ROU,Romania,0,W00,World,H6,HS,TRUE,760110,"Aluminium; unwrought, (not alloyed)",Aluminium,6,TRUE,C00,TOTAL CPC,0,0,TOTAL MOT,8,kg,3136,FALSE,8,kg,3136,FALSE,3136,FALSE,0,FALSE,9464.278,,9464.278,0,FALSE,TRUE,
C,A,20220101,2022,52,2022,276,DEU,Germany,M,Import,643,RUS,Russia,0,W00,World,H6,HS,TRUE,760110,"Aluminium; unwrought, (not alloyed)",Aluminium,6,TRUE,C00,TOTAL CPC,0,0,TOTAL MOT,8,kg,146102404.3,TRUE,-1,N/A,0,FALSE,146102404.3,TRUE,0,FALSE,460952060.4,,460952060.4,6,FALSE,TRUE,
C,A,20220101,2022,52,2022,276,DEU,Germany,M,Import,688,SRB,Serbia,0,W00,World,H6,HS,TRUE,760110,"Aluminium; unwrought, (not alloyed)",Aluminium,6,TRUE,C00,TOTAL CPC,0,0,TOTAL MOT,8,kg,501,FALSE,8,kg,501,FALSE,501,FALSE,0,FALSE,1603.146,,1603.146,0,FALSE,TRUE,
C,A,20220101,2022,52,2022,276,DEU,Germany,M,Import,699,IND,India,0,W00,World,H6,HS,TRUE,760110,"Aluminium; unwrought, (not alloyed)",Aluminium,6,TRUE,C00,TOTAL CPC,0,0,TOTAL MOT,8,kg,45577619,FALSE,8,kg,45577619,FALSE,45577619,FALSE,0,FALSE,143315867.6,,143315867.6,0,FALSE,TRUE,
C,A,20220101,2022,52,2022,276,DEU,Germany,M,Import,703,SVK,Slovakia,0,W00,World,H6,HS,TRUE,760110,"Aluminium; unwrought, (not alloyed)",Aluminium,6,TRUE,C00,TOTAL CPC,0,0,TOTAL MOT,8,kg,49240,FALSE,8,kg,49240,FALSE,49240,FALSE,0,FALSE,170048.868,,170048.868,0,FALSE,TRUE,
C,A,20220101,2022,52,2022,276,DEU,Germany,M,Import,705,SVN,Slovenia,0,W00,World,H6,HS,TRUE,760110,"Aluminium; unwrought, (not alloyed)",Aluminium,6,TRUE,C00,TOTAL CPC,0,0,TOTAL MOT,8,kg,48000,FALSE,8,kg,48000,FALSE,48000,FALSE,0,FALSE,72215.681,,72215.681,0,FALSE,TRUE,
C,A,20220101,2022,52,2022,276,DEU,Germany,M,Import,710,ZAF,South Africa,0,W00,World,H6,HS,TRUE,760110,"Aluminium; unwrought, (not alloyed)",Aluminium,6,TRUE,C00,TOTAL CPC,0,0,TOTAL MOT,8,kg,85099482,FALSE,8,kg,85099482,FALSE,85099482,FALSE,0,FALSE,280422720.9,,280422720.9,0,FALSE,TRUE,
C,A,20220101,2022,52,2022,276,DEU,Germany,M,Import,724,ESP,Spain,0,W00,World,H6,HS,TRUE,760110,"Aluminium; unwrought, (not alloyed)",Aluminium,6,TRUE,C00,TOTAL CPC,0,0,TOTAL MOT,8,kg,1774773,FALSE,8,kg,1774773,FALSE,1774773,FALSE,0,FALSE,5761802.213,,5761802.213,0,FALSE,TRUE,
C,A,20220101,2022,52,2022,276,DEU,Germany,M,Import,752,SWE,Sweden,0,W00,World,H6,HS,TRUE,760110,"Aluminium; unwrought, (not alloyed)",Aluminium,6,TRUE,C00,TOTAL CPC,0,0,TOTAL MOT,8,kg,45591,FALSE,8,kg,45591,FALSE,45591,FALSE,0,FALSE,160529.529,,160529.529,0,FALSE,TRUE,
C,A,20220101,2022,52,2022,276,DEU,Germany,M,Import,757,CHE,Switzerland,0,W00,World,H6,HS,TRUE,760110,"Aluminium; unwrought, (not alloyed)",Aluminium,6,TRUE,C00,TOTAL CPC,0,0,TOTAL MOT,8,kg,401567.214,TRUE,-1,N/A,0,FALSE,401567.214,TRUE,0,FALSE,1201776.934,,1201776.934,6,FALSE,TRUE,
C,A,20220101,2022,52,2022,276,DEU,Germany,M,Import,764,THA,Thailand,0,W00,World,H6,HS,TRUE,760110,"Aluminium; unwrought, (not alloyed)",Aluminium,6,TRUE,C00,TOTAL CPC,0,0,TOTAL MOT,8,kg,215,FALSE,8,kg,215,FALSE,215,FALSE,0,FALSE,4533.069,,4533.069,0,FALSE,TRUE,
C,A,20220101,2022,52,2022,276,DEU,Germany,M,Import,768,TGO,Togo,0,W00,World,H6,HS,TRUE,760110,"Aluminium; unwrought, (not alloyed)",Aluminium,6,TRUE,C00,TOTAL CPC,0,0,TOTAL MOT,8,kg,24841,FALSE,8,kg,24841,FALSE,24841,FALSE,0,FALSE,105233.707,,105233.707,0,FALSE,TRUE,
C,A,20220101,2022,52,2022,276,DEU,Germany,M,Import,784,ARE,United Arab Emirates,0,W00,World,H6,HS,TRUE,760110,"Aluminium; unwrought, (not alloyed)",Aluminium,6,TRUE,C00,TOTAL CPC,0,0,TOTAL MOT,8,kg,76196761,FALSE,8,kg,76196761,FALSE,76196761,FALSE,0,FALSE,249767890.8,,249767890.8,0,FALSE,TRUE,
C,A,20220101,2022,52,2022,276,DEU,Germany,M,Import,792,TUR,Turkey,0,W00,World,H6,HS,TRUE,760110,"Aluminium; unwrought, (not alloyed)",Aluminium,6,TRUE,C00,TOTAL CPC,0,0,TOTAL MOT,8,kg,154,FALSE,8,kg,154,FALSE,154,FALSE,0,FALSE,649.094,,649.094,0,FALSE,TRUE,
C,A,20220101,2022,52,2022,276,DEU,Germany,M,Import,826,GBR,United Kingdom,0,W00,World,H6,HS,TRUE,760110,"Aluminium; unwrought, (not alloyed)",Aluminium,6,TRUE,C00,TOTAL CPC,0,0,TOTAL MOT,8,kg,55554.099,TRUE,-1,N/A,0,FALSE,55554.099,TRUE,0,FALSE,206228.713,,206228.713,6,FALSE,TRUE,
C,A,20220101,2022,52,2022,276,DEU,Germany,M,Import,842,USA,USA,0,W00,World,H6,HS,TRUE,760110,"Aluminium; unwrought, (not alloyed)",Aluminium,6,TRUE,C00,TOTAL CPC,0,0,TOTAL MOT,8,kg,14159.547,TRUE,-1,N/A,0,FALSE,14159.547,TRUE,0,FALSE,52599.911,,52599.911,6,FALSE,TRUE,
C,A,20220101,2022,52,2022,276,DEU,Germany,M,Import,0,W00,World,0,W00,World,H6,HS,TRUE,790111,"Zinc; unwrought, (not alloyed), containing by weight 99.99% or more of zinc",Zinc,6,TRUE,C00,TOTAL CPC,0,0,TOTAL MOT,8,kg,250084025.2,TRUE,-1,N/A,0,FALSE,250084025.2,TRUE,0,FALSE,947324375.1,,947324375.1,6,FALSE,TRUE,
C,A,20220101,2022,52,2022,276,DEU,Germany,M,Import,40,AUT,Austria,0,W00,World,H6,HS,TRUE,790111,"Zinc; unwrought, (not alloyed), containing by weight 99.99% or more of zinc",Zinc,6,TRUE,C00,TOTAL CPC,0,0,TOTAL MOT,8,kg,4609920,FALSE,8,kg,4609920,FALSE,4609920,FALSE,0,FALSE,17686418.62,,17686418.62,0,FALSE,TRUE,
C,A,20220101,2022,52,2022,276,DEU,Germany,M,Import,56,BEL,Belgium,0,W00,World,H6,HS,TRUE,790111,"Zinc; unwrought, (not alloyed), containing by weight 99.99% or more of zinc",Zinc,6,TRUE,C00,TOTAL CPC,0,0,TOTAL MOT,8,kg,33820162,FALSE,8,kg,33820162,FALSE,33820162,FALSE,0,FALSE,130024276.1,,130024276.1,0,FALSE,TRUE,
C,A,20220101,2022,52,2022,276,DEU,Germany,M,Import,100,BGR,Bulgaria,0,W00,World,H6,HS,TRUE,790111,"Zinc; unwrought, (not alloyed), containing by weight 99.99% or more of zinc",Zinc,6,TRUE,C00,TOTAL CPC,0,0,TOTAL MOT,8,kg,148331,FALSE,8,kg,148331,FALSE,148331,FALSE,0,FALSE,431240.915,,431240.915,0,FALSE,TRUE,
C,A,20220101,2022,52,2022,276,DEU,Germany,M,Import,156,CHN,China,0,W00,World,H6,HS,TRUE,790111,"Zinc; unwrought, (not alloyed), containing by weight 99.99% or more of zinc",Zinc,6,TRUE,C00,TOTAL CPC,0,0,TOTAL MOT,8,kg,2747,FALSE,8,kg,2747,FALSE,2747,FALSE,0,FALSE,9601.932,,9601.932,0,FALSE,TRUE,
C,A,20220101,2022,52,2022,276,DEU,Germany,M,Import,178,COG,Republic of the Congo,0,W00,World,H6,HS,TRUE,790111,"Zinc; unwrought, (not alloyed), containing by weight 99.99% or more of zinc",Zinc,6,TRUE,C00,TOTAL CPC,0,0,TOTAL MOT,8,kg,105583,FALSE,8,kg,105583,FALSE,105583,FALSE,0,FALSE,366389.751,,366389.751,0,FALSE,TRUE,
C,A,20220101,2022,52,2022,276,DEU,Germany,M,Import,203,CZE,Czechia,0,W00,World,H6,HS,TRUE,790111,"Zinc; unwrought, (not alloyed), containing by weight 99.99% or more of zinc",Zinc,6,TRUE,C00,TOTAL CPC,0,0,TOTAL MOT,8,kg,103957,FALSE,8,kg,103957,FALSE,103957,FALSE,0,FALSE,383127.482,,383127.482,0,FALSE,TRUE,
C,A,20220101,2022,52,2022,276,DEU,Germany,M,Import,246,FIN,Finland,0,W00,World,H6,HS,TRUE,790111,"Zinc; unwrought, (not alloyed), containing by weight 99.99% or more of zinc",Zinc,6,TRUE,C00,TOTAL CPC,0,0,TOTAL MOT,8,kg,76036801,FALSE,8,kg,76036801,FALSE,76036801,FALSE,0,FALSE,288450673.4,,288450673.4,0,FALSE,TRUE,
C,A,20220101,2022,52,2022,276,DEU,Germany,M,Import,251,FRA,France,0,W00,World,H6,HS,TRUE,790111,"Zinc; unwrought, (not alloyed), containing by weight 99.99% or more of zinc",Zinc,6,TRUE,C00,TOTAL CPC,0,0,TOTAL MOT,8,kg,150016,FALSE,8,kg,150016,FALSE,150016,FALSE,0,FALSE,750291.275,,750291.275,0,FALSE,TRUE,
C,A,20220101,2022,52,2022,276,DEU,Germany,M,Import,360,IDN,Indonesia,0,W00,World,H6,HS,TRUE,790111,"Zinc; unwrought, (not alloyed), containing by weight 99.99% or more of zinc",Zinc,6,TRUE,C00,TOTAL CPC,0,0,TOTAL MOT,8,kg,440163,FALSE,8,kg,440163,FALSE,440163,FALSE,0,FALSE,1541710.544,,1541710.544,0,FALSE,TRUE,
C,A,20220101,2022,52,2022,276,DEU,Germany,M,Import,380,ITA,Italy,0,W00,World,H6,HS,TRUE,790111,"Zinc; unwrought, (not alloyed), containing by weight 99.99% or more of zinc",Zinc,6,TRUE,C00,TOTAL CPC,0,0,TOTAL MOT,8,kg,917243,FALSE,8,kg,917243,FALSE,917243,FALSE,0,FALSE,3395872.503,,3395872.503,0,FALSE,TRUE,
C,A,20220101,2022,52,2022,276,DEU,Germany,M,Import,410,KOR,South Korea,0,W00,World,H6,HS,TRUE,790111,"Zinc; unwrought, (not alloyed), containing by weight 99.99% or more of zinc",Zinc,6,TRUE,C00,TOTAL CPC,0,0,TOTAL MOT,8,kg,504593,FALSE,8,kg,504593,FALSE,504593,FALSE,0,FALSE,1751989.477,,1751989.477,0,FALSE,TRUE,
C,A,20220101,2022,52,2022,276,DEU,Germany,M,Import,442,LUX,Luxembourg,0,W00,World,H6,HS,TRUE,790111,"Zinc; unwrought, (not alloyed), containing by weight 99.99% or more of zinc",Zinc,6,TRUE,C00,TOTAL CPC,0,0,TOTAL MOT,8,kg,2095160,FALSE,8,kg,2095160,FALSE,2095160,FALSE,0,FALSE,8856543.799,,8856543.799,0,FALSE,TRUE,
C,A,20220101,2022,52,2022,276,DEU,Germany,M,Import,484,MEX,Mexico,0,W00,World,H6,HS,TRUE,790111,"Zinc; unwrought, (not alloyed), containing by weight 99.99% or more of zinc",Zinc,6,TRUE,C00,TOTAL CPC,0,0,TOTAL MOT,8,kg,8094923,FALSE,8,kg,8094923,FALSE,8094923,FALSE,0,FALSE,30547763.47,,30547763.47,0,FALSE,TRUE,
C,A,20220101,2022,52,2022,276,DEU,Germany,M,Import,516,NAM,Namibia,0,W00,World,H6,HS,TRUE,790111,"Zinc; unwrought, (not alloyed), containing by weight 99.99% or more of zinc",Zinc,6,TRUE,C00,TOTAL CPC,0,0,TOTAL MOT,8,kg,48832,FALSE,8,kg,48832,FALSE,48832,FALSE,0,FALSE,182448.364,,182448.364,0,FALSE,TRUE,
C,A,20220101,2022,52,2022,276,DEU,Germany,M,Import,528,NLD,Netherlands,0,W00,World,H6,HS,TRUE,790111,"Zinc; unwrought, (not alloyed), containing by weight 99.99% or more of zinc",Zinc,6,TRUE,C00,TOTAL CPC,0,0,TOTAL MOT,8,kg,19134902,FALSE,8,kg,19134902,FALSE,19134902,FALSE,0,FALSE,71331926.04,,71331926.04,0,FALSE,TRUE,
C,A,20220101,2022,52,2022,276,DEU,Germany,M,Import,579,NOR,Norway,0,W00,World,H6,HS,TRUE,790111,"Zinc; unwrought, (not alloyed), containing by weight 99.99% or more of zinc",Zinc,6,TRUE,C00,TOTAL CPC,0,0,TOTAL MOT,8,kg,13937978,FALSE,8,kg,13937978,FALSE,13937978,FALSE,0,FALSE,53775916.02,,53775916.02,0,FALSE,TRUE,
C,A,20220101,2022,52,2022,276,DEU,Germany,M,Import,604,PER,Peru,0,W00,World,H6,HS,TRUE,790111,"Zinc; unwrought, (not alloyed), containing by weight 99.99% or more of zinc",Zinc,6,TRUE,C00,TOTAL CPC,0,0,TOTAL MOT,8,kg,2833441,FALSE,8,kg,2833441,FALSE,2833441,FALSE,0,FALSE,11315513.14,,11315513.14,0,FALSE,TRUE,
C,A,20220101,2022,52,2022,276,DEU,Germany,M,Import,616,POL,Poland,0,W00,World,H6,HS,TRUE,790111,"Zinc; unwrought, (not alloyed), containing by weight 99.99% or more of zinc",Zinc,6,TRUE,C00,TOTAL CPC,0,0,TOTAL MOT,8,kg,4239840,FALSE,8,kg,4239840,FALSE,4239840,FALSE,0,FALSE,16300056.5,,16300056.5,0,FALSE,TRUE,
C,A,20220101,2022,52,2022,276,DEU,Germany,M,Import,643,RUS,Russia,0,W00,World,H6,HS,TRUE,790111,"Zinc; unwrought, (not alloyed), containing by weight 99.99% or more of zinc",Zinc,6,TRUE,C00,TOTAL CPC,0,0,TOTAL MOT,8,kg,28370,FALSE,8,kg,28370,FALSE,28370,FALSE,0,FALSE,92466.779,,92466.779,0,FALSE,TRUE,
C,A,20220101,2022,52,2022,276,DEU,Germany,M,Import,699,IND,India,0,W00,World,H6,HS,TRUE,790111,"Zinc; unwrought, (not alloyed), containing by weight 99.99% or more of zinc",Zinc,6,TRUE,C00,TOTAL CPC,0,0,TOTAL MOT,8,kg,11988813,FALSE,8,kg,11988813,FALSE,11988813,FALSE,0,FALSE,46108726.37,,46108726.37,0,FALSE,TRUE,
C,A,20220101,2022,52,2022,276,DEU,Germany,M,Import,702,SGP,Singapore,0,W00,World,H6,HS,TRUE,790111,"Zinc; unwrought, (not alloyed), containing by weight 99.99% or more of zinc",Zinc,6,TRUE,C00,TOTAL CPC,0,0,TOTAL MOT,8,kg,1720802,FALSE,8,kg,1720802,FALSE,1720802,FALSE,0,FALSE,7099742.767,,7099742.767,0,FALSE,TRUE,
C,A,20220101,2022,52,2022,276,DEU,Germany,M,Import,703,SVK,Slovakia,0,W00,World,H6,HS,TRUE,790111,"Zinc; unwrought, (not alloyed), containing by weight 99.99% or more of zinc",Zinc,6,TRUE,C00,TOTAL CPC,0,0,TOTAL MOT,8,kg,48321,FALSE,8,kg,48321,FALSE,48321,FALSE,0,FALSE,181215.827,,181215.827,0,FALSE,TRUE,
C,A,20220101,2022,52,2022,276,DEU,Germany,M,Import,705,SVN,Slovenia,0,W00,World,H6,HS,TRUE,790111,"Zinc; unwrought, (not alloyed), containing by weight 99.99% or more of zinc",Zinc,6,TRUE,C00,TOTAL CPC,0,0,TOTAL MOT,8,kg,144000,FALSE,8,kg,144000,FALSE,144000,FALSE,0,FALSE,611573.635,,611573.635,0,FALSE,TRUE,
C,A,20220101,2022,52,2022,276,DEU,Germany,M,Import,724,ESP,Spain,0,W00,World,H6,HS,TRUE,790111,"Zinc; unwrought, (not alloyed), containing by weight 99.99% or more of zinc",Zinc,6,TRUE,C00,TOTAL CPC,0,0,TOTAL MOT,8,kg,63322043,FALSE,8,kg,63322043,FALSE,63322043,FALSE,0,FALSE,233786125.4,,233786125.4,0,FALSE,TRUE,
C,A,20220101,2022,52,2022,276,DEU,Germany,M,Import,752,SWE,Sweden,0,W00,World,H6,HS,TRUE,790111,"Zinc; unwrought, (not alloyed), containing by weight 99.99% or more of zinc",Zinc,6,TRUE,C00,TOTAL CPC,0,0,TOTAL MOT,8,kg,4895691,FALSE,8,kg,4895691,FALSE,4895691,FALSE,0,FALSE,19722469.86,,19722469.86,0,FALSE,TRUE,
C,A,20220101,2022,52,2022,276,DEU,Germany,M,Import,757,CHE,Switzerland,0,W00,World,H6,HS,TRUE,790111,"Zinc; unwrought, (not alloyed), containing by weight 99.99% or more of zinc",Zinc,6,TRUE,C00,TOTAL CPC,0,0,TOTAL MOT,8,kg,34494.464,TRUE,-1,N/A,0,FALSE,34494.464,TRUE,0,FALSE,130646.849,,130646.849,6,FALSE,TRUE,
C,A,20220101,2022,52,2022,276,DEU,Germany,M,Import,826,GBR,United Kingdom,0,W00,World,H6,HS,TRUE,790111,"Zinc; unwrought, (not alloyed), containing by weight 99.99% or more of zinc",Zinc,6,TRUE,C00,TOTAL CPC,0,0,TOTAL MOT,8,kg,577,FALSE,8,kg,577,FALSE,577,FALSE,0,FALSE,1957.871,,1957.871,0,FALSE,TRUE,
C,A,20220101,2022,52,2022,276,DEU,Germany,M,Import,842,USA,USA,0,W00,World,H6,HS,TRUE,790111,"Zinc; unwrought, (not alloyed), containing by weight 99.99% or more of zinc",Zinc,6,TRUE,C00,TOTAL CPC,0,0,TOTAL MOT,8,kg,6051.694,TRUE,-1,N/A,0,FALSE,6051.694,TRUE,0,FALSE,18482.767,,18482.767,6,FALSE,TRUE,
C,A,20220101,2022,52,2022,276,DEU,Germany,M,Import,860,UZB,Uzbekistan,0,W00,World,H6,HS,TRUE,790111,"Zinc; unwrought, (not alloyed), containing by weight 99.99% or more of zinc",Zinc,6,TRUE,C00,TOTAL CPC,0,0,TOTAL MOT,8,kg,670270,FALSE,8,kg,670270,FALSE,670270,FALSE,0,FALSE,2469207.664,,2469207.664,0,FALSE,TRUE,
C,A,20220101,2022,52,2022,276,DEU,Germany,M,Import,0,W00,World,0,W00,World,H6,HS,TRUE,810320,"Tantalum; unwrought, including bars and rods obtained simply by sintering, powders",Tantalum,6,TRUE,C00,TOTAL CPC,0,0,TOTAL MOT,8,kg,146324.768,TRUE,-1,N/A,0,FALSE,146324.768,TRUE,0,FALSE,46705347.54,,46705347.54,6,FALSE,TRUE,
C,A,20220101,2022,52,2022,276,DEU,Germany,M,Import,40,AUT,Austria,0,W00,World,H6,HS,TRUE,810320,"Tantalum; unwrought, including bars and rods obtained simply by sintering, powders",Tantalum,6,TRUE,C00,TOTAL CPC,0,0,TOTAL MOT,8,kg,673,FALSE,8,kg,673,FALSE,673,FALSE,0,FALSE,169541.664,,169541.664,0,FALSE,TRUE,
C,A,20220101,2022,52,2022,276,DEU,Germany,M,Import,156,CHN,China,0,W00,World,H6,HS,TRUE,810320,"Tantalum; unwrought, including bars and rods obtained simply by sintering, powders",Tantalum,6,TRUE,C00,TOTAL CPC,0,0,TOTAL MOT,8,kg,6464.684,TRUE,-1,N/A,0,FALSE,6464.684,TRUE,0,FALSE,2190796.096,,2190796.096,6,FALSE,TRUE,
C,A,20220101,2022,52,2022,276,DEU,Germany,M,Import,233,EST,Estonia,0,W00,World,H6,HS,TRUE,810320,"Tantalum; unwrought, including bars and rods obtained simply by sintering, powders",Tantalum,6,TRUE,C00,TOTAL CPC,0,0,TOTAL MOT,8,kg,2883,FALSE,8,kg,2883,FALSE,2883,FALSE,0,FALSE,1203478.556,,1203478.556,0,FALSE,TRUE,
C,A,20220101,2022,52,2022,276,DEU,Germany,M,Import,251,FRA,France,0,W00,World,H6,HS,TRUE,810320,"Tantalum; unwrought, including bars and rods obtained simply by sintering, powders",Tantalum,6,TRUE,C00,TOTAL CPC,0,0,TOTAL MOT,8,kg,3.454,TRUE,-1,N/A,0,FALSE,3.454,TRUE,0,FALSE,4964.034,,4964.034,6,FALSE,TRUE,
C,A,20220101,2022,52,2022,276,DEU,Germany,M,Import,392,JPN,Japan,0,W00,World,H6,HS,TRUE,810320,"Tantalum; unwrought, including bars and rods obtained simply by sintering, powders",Tantalum,6,TRUE,C00,TOTAL CPC,0,0,TOTAL MOT,8,kg,1511.209,TRUE,-1,N/A,0,FALSE,1511.209,TRUE,0,FALSE,341660.645,,341660.645,6,FALSE,TRUE,
C,A,20220101,2022,52,2022,276,DEU,Germany,M,Import,398,KAZ,Kazakhstan,0,W00,World,H6,HS,TRUE,810320,"Tantalum; unwrought, including bars and rods obtained simply by sintering, powders",Tantalum,6,TRUE,C00,TOTAL CPC,0,0,TOTAL MOT,8,kg,520,FALSE,8,kg,520,FALSE,520,FALSE,0,FALSE,212313.043,,212313.043,0,FALSE,TRUE,
C,A,20220101,2022,52,2022,276,DEU,Germany,M,Import,410,KOR,South Korea,0,W00,World,H6,HS,TRUE,810320,"Tantalum; unwrought, including bars and rods obtained simply by sintering, powders",Tantalum,6,TRUE,C00,TOTAL CPC,0,0,TOTAL MOT,8,kg,932,FALSE,8,kg,932,FALSE,932,FALSE,0,FALSE,156377.656,,156377.656,0,FALSE,TRUE,
C,A,20220101,2022,52,2022,276,DEU,Germany,M,Import,490,S19,"Other Asia, nes",0,W00,World,H6,HS,TRUE,810320,"Tantalum; unwrought, including bars and rods obtained simply by sintering, powders",Tantalum,6,TRUE,C00,TOTAL CPC,0,0,TOTAL MOT,8,kg,3500.139,TRUE,-1,N/A,0,FALSE,3500.139,TRUE,0,FALSE,745427.835,,745427.835,6,FALSE,TRUE,
C,A,20220101,2022,52,2022,276,DEU,Germany,M,Import,528,NLD,Netherlands,0,W00,World,H6,HS,TRUE,810320,"Tantalum; unwrought, including bars and rods obtained simply by sintering, powders",Tantalum,6,TRUE,C00,TOTAL CPC,0,0,TOTAL MOT,8,kg,519,FALSE,8,kg,519,FALSE,519,FALSE,0,FALSE,174016.495,,174016.495,0,FALSE,TRUE,
C,A,20220101,2022,52,2022,276,DEU,Germany,M,Import,608,PHL,Philippines,0,W00,World,H6,HS,TRUE,810320,"Tantalum; unwrought, including bars and rods obtained simply by sintering, powders",Tantalum,6,TRUE,C00,TOTAL CPC,0,0,TOTAL MOT,8,kg,58,FALSE,8,kg,58,FALSE,58,FALSE,0,FALSE,11889.115,,11889.115,0,FALSE,TRUE,
C,A,20220101,2022,52,2022,276,DEU,Germany,M,Import,616,POL,Poland,0,W00,World,H6,HS,TRUE,810320,"Tantalum; unwrought, including bars and rods obtained simply by sintering, powders",Tantalum,6,TRUE,C00,TOTAL CPC,0,0,TOTAL MOT,8,kg,0.249,TRUE,-1,N/A,0,FALSE,0.249,TRUE,0,FALSE,79.416,,79.416,6,FALSE,TRUE,
C,A,20220101,2022,52,2022,276,DEU,Germany,M,Import,752,SWE,Sweden,0,W00,World,H6,HS,TRUE,810320,"Tantalum; unwrought, including bars and rods obtained simply by sintering, powders",Tantalum,6,TRUE,C00,TOTAL CPC,0,0,TOTAL MOT,8,kg,0.7,TRUE,-1,N/A,0,FALSE,0.7,TRUE,0,FALSE,223.424,,223.424,6,FALSE,TRUE,
C,A,20220101,2022,52,2022,276,DEU,Germany,M,Import,757,CHE,Switzerland,0,W00,World,H6,HS,TRUE,810320,"Tantalum; unwrought, including bars and rods obtained simply by sintering, powders",Tantalum,6,TRUE,C00,TOTAL CPC,0,0,TOTAL MOT,8,kg,83.192,TRUE,-1,N/A,0,FALSE,83.192,TRUE,0,FALSE,33735.947,,33735.947,6,FALSE,TRUE,
C,A,20220101,2022,52,2022,276,DEU,Germany,M,Import,764,THA,Thailand,0,W00,World,H6,HS,TRUE,810320,"Tantalum; unwrought, including bars and rods obtained simply by sintering, powders",Tantalum,6,TRUE,C00,TOTAL CPC,0,0,TOTAL MOT,8,kg,19148.013,TRUE,-1,N/A,0,FALSE,19148.013,TRUE,0,FALSE,2795669.132,,2795669.132,6,FALSE,TRUE,
C,A,20220101,2022,52,2022,276,DEU,Germany,M,Import,826,GBR,United Kingdom,0,W00,World,H6,HS,TRUE,810320,"Tantalum; unwrought, including bars and rods obtained simply by sintering, powders",Tantalum,6,TRUE,C00,TOTAL CPC,0,0,TOTAL MOT,8,kg,1037.654,TRUE,-1,N/A,0,FALSE,1037.654,TRUE,0,FALSE,346562.205,,346562.205,6,FALSE,TRUE,
C,A,20220101,2022,52,2022,276,DEU,Germany,M,Import,842,USA,USA,0,W00,World,H6,HS,TRUE,810320,"Tantalum; unwrought, including bars and rods obtained simply by sintering, powders",Tantalum,6,TRUE,C00,TOTAL CPC,0,0,TOTAL MOT,8,kg,108990.473,TRUE,-1,N/A,0,FALSE,108990.473,TRUE,0,FALSE,38318612.28,,38318612.28,6,FALSE,TRUE,
C,A,20220101,2022,52,2022,276,DEU,Germany,M,Import,0,W00,World,0,W00,World,H6,HS,TRUE,810411,"Magnesium; unwrought, containing at least 99.8% by weight of magnesium",Magnesium,6,TRUE,C00,TOTAL CPC,0,0,TOTAL MOT,8,kg,23126558.23,TRUE,-1,N/A,0,FALSE,23126558.23,TRUE,0,FALSE,143902459,,143902459,6,FALSE,TRUE,
C,A,20220101,2022,52,2022,276,DEU,Germany,M,Import,40,AUT,Austria,0,W00,World,H6,HS,TRUE,810411,"Magnesium; unwrought, containing at least 99.8% by weight of magnesium",Magnesium,6,TRUE,C00,TOTAL CPC,0,0,TOTAL MOT,8,kg,693060,FALSE,8,kg,693060,FALSE,693060,FALSE,0,FALSE,5084755.852,,5084755.852,0,FALSE,TRUE,
C,A,20220101,2022,52,2022,276,DEU,Germany,M,Import,56,BEL,Belgium,0,W00,World,H6,HS,TRUE,810411,"Magnesium; unwrought, containing at least 99.8% by weight of magnesium",Magnesium,6,TRUE,C00,TOTAL CPC,0,0,TOTAL MOT,8,kg,48000,FALSE,8,kg,48000,FALSE,48000,FALSE,0,FALSE,497233.552,,497233.552,0,FALSE,TRUE,
C,A,20220101,2022,52,2022,276,DEU,Germany,M,Import,156,CHN,China,0,W00,World,H6,HS,TRUE,810411,"Magnesium; unwrought, containing at least 99.8% by weight of magnesium",Magnesium,6,TRUE,C00,TOTAL CPC,0,0,TOTAL MOT,8,kg,17882007.59,TRUE,-1,N/A,0,FALSE,17882007.59,TRUE,0,FALSE,108087674.5,,108087674.5,6,FALSE,TRUE,
C,A,20220101,2022,52,2022,276,DEU,Germany,M,Import,251,FRA,France,0,W00,World,H6,HS,TRUE,810411,"Magnesium; unwrought, containing at least 99.8% by weight of magnesium",Magnesium,6,TRUE,C00,TOTAL CPC,0,0,TOTAL MOT,8,kg,186840.574,TRUE,-1,N/A,0,FALSE,186840.574,TRUE,0,FALSE,1641679.495,,1641679.495,6,FALSE,TRUE,
C,A,20220101,2022,52,2022,276,DEU,Germany,M,Import,266,GAB,Gabon,0,W00,World,H6,HS,TRUE,810411,"Magnesium; unwrought, containing at least 99.8% by weight of magnesium",Magnesium,6,TRUE,C00,TOTAL CPC,0,0,TOTAL MOT,8,kg,10000,FALSE,8,kg,10000,FALSE,10000,FALSE,0,FALSE,22511.809,,22511.809,0,FALSE,TRUE,
C,A,20220101,2022,52,2022,276,DEU,Germany,M,Import,376,ISR,Israel,0,W00,World,H6,HS,TRUE,810411,"Magnesium; unwrought, containing at least 99.8% by weight of magnesium",Magnesium,6,TRUE,C00,TOTAL CPC,0,0,TOTAL MOT,8,kg,24248,FALSE,8,kg,24248,FALSE,24248,FALSE,0,FALSE,73924.715,,73924.715,0,FALSE,TRUE,
C,A,20220101,2022,52,2022,276,DEU,Germany,M,Import,380,ITA,Italy,0,W00,World,H6,HS,TRUE,810411,"Magnesium; unwrought, containing at least 99.8% by weight of magnesium",Magnesium,6,TRUE,C00,TOTAL CPC,0,0,TOTAL MOT,8,kg,271755,FALSE,8,kg,271755,FALSE,271755,FALSE,0,FALSE,1706121.931,,1706121.931,0,FALSE,TRUE,
C,A,20220101,2022,52,2022,276,DEU,Germany,M,Import,392,JPN,Japan,0,W00,World,H6,HS,TRUE,810411,"Magnesium; unwrought, containing at least 99.8% by weight of magnesium",Magnesium,6,TRUE,C00,TOTAL CPC,0,0,TOTAL MOT,8,kg,38717,FALSE,8,kg,38717,FALSE,38717,FALSE,0,FALSE,96898.196,,96898.196,0,FALSE,TRUE,
C,A,20220101,2022,52,2022,276,DEU,Germany,M,Import,442,LUX,Luxembourg,0,W00,World,H6,HS,TRUE,810411,"Magnesium; unwrought, containing at least 99.8% by weight of magnesium",Magnesium,6,TRUE,C00,TOTAL CPC,0,0,TOTAL MOT,8,kg,651353,FALSE,8,kg,651353,FALSE,651353,FALSE,0,FALSE,4821023.55,,4821023.55,0,FALSE,TRUE,
C,A,20220101,2022,52,2022,276,DEU,Germany,M,Import,528,NLD,Netherlands,0,W00,World,H6,HS,TRUE,810411,"Magnesium; unwrought, containing at least 99.8% by weight of magnesium",Magnesium,6,TRUE,C00,TOTAL CPC,0,0,TOTAL MOT,8,kg,2740510,FALSE,8,kg,2740510,FALSE,2740510,FALSE,0,FALSE,18390480.21,,18390480.21,0,FALSE,TRUE,
C,A,20220101,2022,52,2022,276,DEU,Germany,M,Import,579,NOR,Norway,0,W00,World,H6,HS,TRUE,810411,"Magnesium; unwrought, containing at least 99.8% by weight of magnesium",Magnesium,6,TRUE,C00,TOTAL CPC,0,0,TOTAL MOT,8,kg,24200,FALSE,8,kg,24200,FALSE,24200,FALSE,0,FALSE,183686.196,,183686.196,0,FALSE,TRUE,
C,A,20220101,2022,52,2022,276,DEU,Germany,M,Import,616,POL,Poland,0,W00,World,H6,HS,TRUE,810411,"Magnesium; unwrought, containing at least 99.8% by weight of magnesium",Magnesium,6,TRUE,C00,TOTAL CPC,0,0,TOTAL MOT,8,kg,117635,FALSE,8,kg,117635,FALSE,117635,FALSE,0,FALSE,572877.889,,572877.889,0,FALSE,TRUE,
C,A,20220101,2022,52,2022,276,DEU,Germany,M,Import,642,ROU,Romania,0,W00,World,H6,HS,TRUE,810411,"Magnesium; unwrought, containing at least 99.8% by weight of magnesium",Magnesium,6,TRUE,C00,TOTAL CPC,0,0,TOTAL MOT,8,kg,20400,FALSE,8,kg,20400,FALSE,20400,FALSE,0,FALSE,116822.1,,116822.1,0,FALSE,TRUE,
C,A,20220101,2022,52,2022,276,DEU,Germany,M,Import,703,SVK,Slovakia,0,W00,World,H6,HS,TRUE,810411,"Magnesium; unwrought, containing at least 99.8% by weight of magnesium",Magnesium,6,TRUE,C00,TOTAL CPC,0,0,TOTAL MOT,8,kg,143744,FALSE,8,kg,143744,FALSE,143744,FALSE,0,FALSE,1491577.826,,1491577.826,0,FALSE,TRUE,
C,A,20220101,2022,52,2022,276,DEU,Germany,M,Import,705,SVN,Slovenia,0,W00,World,H6,HS,TRUE,810411,"Magnesium; unwrought, containing at least 99.8% by weight of magnesium",Magnesium,6,TRUE,C00,TOTAL CPC,0,0,TOTAL MOT,8,kg,24357,FALSE,8,kg,24357,FALSE,24357,FALSE,0,FALSE,172030.035,,172030.035,0,FALSE,TRUE,
C,A,20220101,2022,52,2022,276,DEU,Germany,M,Import,724,ESP,Spain,0,W00,World,H6,HS,TRUE,810411,"Magnesium; unwrought, containing at least 99.8% by weight of magnesium",Magnesium,6,TRUE,C00,TOTAL CPC,0,0,TOTAL MOT,8,kg,50259,FALSE,8,kg,50259,FALSE,50259,FALSE,0,FALSE,377438.115,,377438.115,0,FALSE,TRUE,
C,A,20220101,2022,52,2022,276,DEU,Germany,M,Import,757,CHE,Switzerland,0,W00,World,H6,HS,TRUE,810411,"Magnesium; unwrought, containing at least 99.8% by weight of magnesium",Magnesium,6,TRUE,C00,TOTAL CPC,0,0,TOTAL MOT,8,kg,8705.233,TRUE,-1,N/A,0,FALSE,8705.233,TRUE,0,FALSE,45097.74,,45097.74,6,FALSE,TRUE,
C,A,20220101,2022,52,2022,276,DEU,Germany,M,Import,826,GBR,United Kingdom,0,W00,World,H6,HS,TRUE,810411,"Magnesium; unwrought, containing at least 99.8% by weight of magnesium",Magnesium,6,TRUE,C00,TOTAL CPC,0,0,TOTAL MOT,8,kg,190720,FALSE,8,kg,190720,FALSE,190720,FALSE,0,FALSE,520237.741,,520237.741,0,FALSE,TRUE,
C,A,20220101,2022,52,2022,276,DEU,Germany,M,Import,842,USA,USA,0,W00,World,H6,HS,TRUE,810411,"Magnesium; unwrought, containing at least 99.8% by weight of magnesium",Magnesium,6,TRUE,C00,TOTAL CPC,0,0,TOTAL MOT,8,kg,46.828,TRUE,-1,N/A,0,FALSE,46.828,TRUE,0,FALSE,387.55,,387.55,6,FALSE,TRUE,
C,A,20220101,2022,52,2022,276,DEU,Germany,M,Import,0,W00,World,0,W00,World,H6,HS,TRUE,810520,"Cobalt; mattes and other intermediate products of cobalt metallurgy, unwrought cobalt, powders",Cobalt,6,TRUE,C00,TOTAL CPC,0,0,TOTAL MOT,8,kg,2320639.695,TRUE,-1,N/A,0,FALSE,2320639.695,TRUE,0,FALSE,163228082.5,,163228082.5,6,FALSE,TRUE,
C,A,20220101,2022,52,2022,276,DEU,Germany,M,Import,36,AUS,Australia,0,W00,World,H6,HS,TRUE,810520,"Cobalt; mattes and other intermediate products of cobalt metallurgy, unwrought cobalt, powders",Cobalt,6,TRUE,C00,TOTAL CPC,0,0,TOTAL MOT,8,kg,5000,FALSE,8,kg,5000,FALSE,5000,FALSE,0,FALSE,429238.571,,429238.571,0,FALSE,TRUE,
C,A,20220101,2022,52,2022,276,DEU,Germany,M,Import,56,BEL,Belgium,0,W00,World,H6,HS,TRUE,810520,"Cobalt; mattes and other intermediate products of cobalt metallurgy, unwrought cobalt, powders",Cobalt,6,TRUE,C00,TOTAL CPC,0,0,TOTAL MOT,8,kg,316563,FALSE,8,kg,316563,FALSE,316563,FALSE,0,FALSE,23151754.29,,23151754.29,0,FALSE,TRUE,
C,A,20220101,2022,52,2022,276,DEU,Germany,M,Import,124,CAN,Canada,0,W00,World,H6,HS,TRUE,810520,"Cobalt; mattes and other intermediate products of cobalt metallurgy, unwrought cobalt, powders",Cobalt,6,TRUE,C00,TOTAL CPC,0,0,TOTAL MOT,8,kg,555220.505,TRUE,-1,N/A,0,FALSE,555220.505,TRUE,0,FALSE,34531596.57,,34531596.57,6,FALSE,TRUE,
C,A,20220101,2022,52,2022,276,DEU,Germany,M,Import,156,CHN,China,0,W00,World,H6,HS,TRUE,810520,"Cobalt; mattes and other intermediate products of cobalt metallurgy, unwrought cobalt, powders",Cobalt,6,TRUE,C00,TOTAL CPC,0,0,TOTAL MOT,8,kg,126423.701,TRUE,-1,N/A,0,FALSE,126423.701,TRUE,0,FALSE,9491073.972,,9491073.972,6,FALSE,TRUE,
C,A,20220101,2022,52,2022,276,DEU,Germany,M,Import,191,HRV,Croatia,0,W00,World,H6,HS,TRUE,810520,"Cobalt; mattes and other intermediate products of cobalt metallurgy, unwrought cobalt, powders",Cobalt,6,TRUE,C00,TOTAL CPC,0,0,TOTAL MOT,8,kg,71.912,TRUE,-1,N/A,0,FALSE,71.912,TRUE,0,FALSE,12313.727,,12313.727,6,FALSE,TRUE,
C,A,20220101,2022,52,2022,276,DEU,Germany,M,Import,246,FIN,Finland,0,W00,World,H6,HS,TRUE,810520,"Cobalt; mattes and other intermediate products of cobalt metallurgy, unwrought cobalt, powders",Cobalt,6,TRUE,C00,TOTAL CPC,0,0,TOTAL MOT,8,kg,207039,FALSE,8,kg,207039,FALSE,207039,FALSE,0,FALSE,16133192.75,,16133192.75,0,FALSE,TRUE,
C,A,20220101,2022,52,2022,276,DEU,Germany,M,Import,251,FRA,France,0,W00,World,H6,HS,TRUE,810520,"Cobalt; mattes and other intermediate products of cobalt metallurgy, unwrought cobalt, powders",Cobalt,6,TRUE,C00,TOTAL CPC,0,0,TOTAL MOT,8,kg,7983,FALSE,8,kg,7983,FALSE,7983,FALSE,0,FALSE,642101.173,,642101.173,0,FALSE,TRUE,
C,A,20220101,2022,52,2022,276,DEU,Germany,M,Import,372,IRL,Ireland,0,W00,World,H6,HS,TRUE,810520,"Cobalt; mattes and other intermediate products of cobalt metallurgy, unwrought cobalt, powders",Cobalt,6,TRUE,C00,TOTAL CPC,0,0,TOTAL MOT,8,kg,14914,FALSE,8,kg,14914,FALSE,14914,FALSE,0,FALSE,959219.075,,959219.075,0,FALSE,TRUE,
C,A,20220101,2022,52,2022,276,DEU,Germany,M,Import,380,ITA,Italy,0,W00,World,H6,HS,TRUE,810520,"Cobalt; mattes and other intermediate products of cobalt metallurgy, unwrought cobalt, powders",Cobalt,6,TRUE,C00,TOTAL CPC,0,0,TOTAL MOT,8,kg,6877,FALSE,8,kg,6877,FALSE,6877,FALSE,0,FALSE,868798.054,,868798.054,0,FALSE,TRUE,
C,A,20220101,2022,52,2022,276,DEU,Germany,M,Import,392,JPN,Japan,0,W00,World,H6,HS,TRUE,810520,"Cobalt; mattes and other intermediate products of cobalt metallurgy, unwrought cobalt, powders",Cobalt,6,TRUE,C00,TOTAL CPC,0,0,TOTAL MOT,8,kg,175024.241,TRUE,-1,N/A,0,FALSE,175024.241,TRUE,0,FALSE,11625332.18,,11625332.18,6,FALSE,TRUE,
C,A,20220101,2022,52,2022,276,DEU,Germany,M,Import,440,LTU,Lithuania,0,W00,World,H6,HS,TRUE,810520,"Cobalt; mattes and other intermediate products of cobalt metallurgy, unwrought cobalt, powders",Cobalt,6,TRUE,C00,TOTAL CPC,0,0,TOTAL MOT,8,kg,37,FALSE,8,kg,37,FALSE,37,FALSE,0,FALSE,6306.695,,6306.695,0,FALSE,TRUE,
C,A,20220101,2022,52,2022,276,DEU,Germany,M,Import,442,LUX,Luxembourg,0,W00,World,H6,HS,TRUE,810520,"Cobalt; mattes and other intermediate products of cobalt metallurgy, unwrought cobalt, powders",Cobalt,6,TRUE,C00,TOTAL CPC,0,0,TOTAL MOT,8,kg,6020,FALSE,8,kg,6020,FALSE,6020,FALSE,0,FALSE,500485.375,,500485.375,0,FALSE,TRUE,
C,A,20220101,2022,52,2022,276,DEU,Germany,M,Import,450,MDG,Madagascar,0,W00,World,H6,HS,TRUE,810520,"Cobalt; mattes and other intermediate products of cobalt metallurgy, unwrought cobalt, powders",Cobalt,6,TRUE,C00,TOTAL CPC,0,0,TOTAL MOT,8,kg,4000,FALSE,8,kg,4000,FALSE,4000,FALSE,0,FALSE,264368.689,,264368.689,0,FALSE,TRUE,
C,A,20220101,2022,52,2022,276,DEU,Germany,M,Import,490,S19,"Other Asia, nes",0,W00,World,H6,HS,TRUE,810520,"Cobalt; mattes and other intermediate products of cobalt metallurgy, unwrought cobalt, powders",Cobalt,6,TRUE,C00,TOTAL CPC,0,0,TOTAL MOT,8,kg,25,FALSE,8,kg,25,FALSE,25,FALSE,0,FALSE,6593.652,,6593.652,0,FALSE,TRUE,
C,A,20220101,2022,52,2022,276,DEU,Germany,M,Import,504,MAR,Morocco,0,W00,World,H6,HS,TRUE,810520,"Cobalt; mattes and other intermediate products of cobalt metallurgy, unwrought cobalt, powders",Cobalt,6,TRUE,C00,TOTAL CPC,0,0,TOTAL MOT,8,kg,9020,FALSE,8,kg,9020,FALSE,9020,FALSE,0,FALSE,614436.849,,614436.849,0,FALSE,TRUE,
C,A,20220101,2022,52,2022,276,DEU,Germany,M,Import,528,NLD,Netherlands,0,W00,World,H6,HS,TRUE,810520,"Cobalt; mattes and other intermediate products of cobalt metallurgy, unwrought cobalt, powders",Cobalt,6,TRUE,C00,TOTAL CPC,0,0,TOTAL MOT,8,kg,51936,FALSE,8,kg,51936,FALSE,51936,FALSE,0,FALSE,3778962.924,,3778962.924,0,FALSE,TRUE,
C,A,20220101,2022,52,2022,276,DEU,Germany,M,Import,579,NOR,Norway,0,W00,World,H6,HS,TRUE,810520,"Cobalt; mattes and other intermediate products of cobalt metallurgy, unwrought cobalt, powders",Cobalt,6,TRUE,C00,TOTAL CPC,0,0,TOTAL MOT,8,kg,92030,FALSE,8,kg,92030,FALSE,92030,FALSE,0,FALSE,6355289.103,,6355289.103,0,FALSE,TRUE,
C,A,20220101,2022,52,2022,276,DEU,Germany,M,Import,616,POL,Poland,0,W00,World,H6,HS,TRUE,810520,"Cobalt; mattes and other intermediate products of cobalt metallurgy, unwrought cobalt, powders",Cobalt,6,TRUE,C00,TOTAL CPC,0,0,TOTAL MOT,8,kg,257,FALSE,8,kg,257,FALSE,257,FALSE,0,FALSE,12603.86,,12603.86,0,FALSE,TRUE,
C,A,20220101,2022,52,2022,276,DEU,Germany,M,Import,643,RUS,Russia,0,W00,World,H6,HS,TRUE,810520,"Cobalt; mattes and other intermediate products of cobalt metallurgy, unwrought cobalt, powders",Cobalt,6,TRUE,C00,TOTAL CPC,0,0,TOTAL MOT,8,kg,194285,FALSE,8,kg,194285,FALSE,194285,FALSE,0,FALSE,13281773.53,,13281773.53,0,FALSE,TRUE,
C,A,20220101,2022,52,2022,276,DEU,Germany,M,Import,682,SAU,Saudi Arabia,0,W00,World,H6,HS,TRUE,810520,"Cobalt; mattes and other intermediate products of cobalt metallurgy, unwrought cobalt, powders",Cobalt,6,TRUE,C00,TOTAL CPC,0,0,TOTAL MOT,8,kg,1200,FALSE,8,kg,1200,FALSE,1200,FALSE,0,FALSE,107106.867,,107106.867,0,FALSE,TRUE,
C,A,20220101,2022,52,2022,276,DEU,Germany,M,Import,705,SVN,Slovenia,0,W00,World,H6,HS,TRUE,810520,"Cobalt; mattes and other intermediate products of cobalt metallurgy, unwrought cobalt, powders",Cobalt,6,TRUE,C00,TOTAL CPC,0,0,TOTAL MOT,8,kg,300,FALSE,8,kg,300,FALSE,300,FALSE,0,FALSE,24303.436,,24303.436,0,FALSE,TRUE,
C,A,20220101,2022,52,2022,276,DEU,Germany,M,Import,710,ZAF,South Africa,0,W00,World,H6,HS,TRUE,810520,"Cobalt; mattes and other intermediate products of cobalt metallurgy, unwrought cobalt, powders",Cobalt,6,TRUE,C00,TOTAL CPC,0,0,TOTAL MOT,8,kg,167444.417,TRUE,-1,N/A,0,FALSE,167444.417,TRUE,0,FALSE,11823667.99,,11823667.99,6,FALSE,TRUE,
C,A,20220101,2022,52,2022,276,DEU,Germany,M,Import,724,ESP,Spain,0,W00,World,H6,HS,TRUE,810520,"Cobalt; mattes and other intermediate products of cobalt metallurgy, unwrought cobalt, powders",Cobalt,6,TRUE,C00,TOTAL CPC,0,0,TOTAL MOT,8,kg,260,FALSE,8,kg,260,FALSE,260,FALSE,0,FALSE,5743.37,,5743.37,0,FALSE,TRUE,
C,A,20220101,2022,52,2022,276,DEU,Germany,M,Import,752,SWE,Sweden,0,W00,World,H6,HS,TRUE,810520,"Cobalt; mattes and other intermediate products of cobalt metallurgy, unwrought cobalt, powders",Cobalt,6,TRUE,C00,TOTAL CPC,0,0,TOTAL MOT,8,kg,5860,FALSE,8,kg,5860,FALSE,5860,FALSE,0,FALSE,349509.071,,349509.071,0,FALSE,TRUE,
C,A,20220101,2022,52,2022,276,DEU,Germany,M,Import,757,CHE,Switzerland,0,W00,World,H6,HS,TRUE,810520,"Cobalt; mattes and other intermediate products of cobalt metallurgy, unwrought cobalt, powders",Cobalt,6,TRUE,C00,TOTAL CPC,0,0,TOTAL MOT,8,kg,93,FALSE,8,kg,93,FALSE,93,FALSE,0,FALSE,17176.108,,17176.108,0,FALSE,TRUE,
C,A,20220101,2022,52,2022,276,DEU,Germany,M,Import,792,TUR,Turkey,0,W00,World,H6,HS,TRUE,810520,"Cobalt; mattes and other intermediate products of cobalt metallurgy, unwrought cobalt, powders",Cobalt,6,TRUE,C00,TOTAL CPC,0,0,TOTAL MOT,8,kg,41.422,TRUE,-1,N/A,0,FALSE,41.422,TRUE,0,FALSE,1949.4,,1949.4,6,FALSE,TRUE,
C,A,20220101,2022,52,2022,276,DEU,Germany,M,Import,800,UGA,Uganda,0,W00,World,H6,HS,TRUE,810520,"Cobalt; mattes and other intermediate products of cobalt metallurgy, unwrought cobalt, powders",Cobalt,6,TRUE,C00,TOTAL CPC,0,0,TOTAL MOT,8,kg,1440,FALSE,8,kg,1440,FALSE,1440,FALSE,0,FALSE,119865.324,,119865.324,0,FALSE,TRUE,
C,A,20220101,2022,52,2022,276,DEU,Germany,M,Import,826,GBR,United Kingdom,0,W00,World,H6,HS,TRUE,810520,"Cobalt; mattes and other intermediate products of cobalt metallurgy, unwrought cobalt, powders",Cobalt,6,TRUE,C00,TOTAL CPC,0,0,TOTAL MOT,8,kg,192065.497,TRUE,-1,N/A,0,FALSE,192065.497,TRUE,0,FALSE,13550458.22,,13550458.22,6,FALSE,TRUE,
C,A,20220101,2022,52,2022,276,DEU,Germany,M,Import,842,USA,USA,0,W00,World,H6,HS,TRUE,810520,"Cobalt; mattes and other intermediate products of cobalt metallurgy, unwrought cobalt, powders",Cobalt,6,TRUE,C00,TOTAL CPC,0,0,TOTAL MOT,8,kg,176209,FALSE,8,kg,176209,FALSE,176209,FALSE,0,FALSE,14382567.11,,14382567.11,0,FALSE,TRUE,
C,A,20220101,2022,52,2022,276,DEU,Germany,M,Import,894,ZMB,Zambia,0,W00,World,H6,HS,TRUE,810520,"Cobalt; mattes and other intermediate products of cobalt metallurgy, unwrought cobalt, powders",Cobalt,6,TRUE,C00,TOTAL CPC,0,0,TOTAL MOT,8,kg,3000,FALSE,8,kg,3000,FALSE,3000,FALSE,0,FALSE,180294.6,,180294.6,0,FALSE,TRUE,
C,A,20220101,2022,52,2022,276,DEU,Germany,M,Import,0,W00,World,0,W00,World,H6,HS,TRUE,810820,"Titanium; unwrought, powders",Titanium,6,TRUE,C00,TOTAL CPC,0,0,TOTAL MOT,8,kg,3042082.156,TRUE,-1,N/A,0,FALSE,3042082.156,TRUE,0,FALSE,49916324.61,,49916324.61,6,FALSE,TRUE,
C,A,20220101,2022,52,2022,276,DEU,Germany,M,Import,40,AUT,Austria,0,W00,World,H6,HS,TRUE,810820,"Titanium; unwrought, powders",Titanium,6,TRUE,C00,TOTAL CPC,0,0,TOTAL MOT,8,kg,402,FALSE,8,kg,402,FALSE,402,FALSE,0,FALSE,16370.299,,16370.299,0,FALSE,TRUE,
C,A,20220101,2022,52,2022,276,DEU,Germany,M,Import,56,BEL,Belgium,0,W00,World,H6,HS,TRUE,810820,"Titanium; unwrought, powders",Titanium,6,TRUE,C00,TOTAL CPC,0,0,TOTAL MOT,8,kg,165135,FALSE,8,kg,165135,FALSE,165135,FALSE,0,FALSE,1334892.035,,1334892.035,0,FALSE,TRUE,
C,A,20220101,2022,52,2022,276,DEU,Germany,M,Import,124,CAN,Canada,0,W00,World,H6,HS,TRUE,810820,"Titanium; unwrought, powders",Titanium,6,TRUE,C00,TOTAL CPC,0,0,TOTAL MOT,8,kg,50828.779,TRUE,-1,N/A,0,FALSE,50828.779,TRUE,0,FALSE,5795173.906,,5795173.906,6,FALSE,TRUE,
C,A,20220101,2022,52,2022,276,DEU,Germany,M,Import,156,CHN,China,0,W00,World,H6,HS,TRUE,810820,"Titanium; unwrought, powders",Titanium,6,TRUE,C00,TOTAL CPC,0,0,TOTAL MOT,8,kg,553582.214,TRUE,-1,N/A,0,FALSE,553582.214,TRUE,0,FALSE,8797433.887,,8797433.887,6,FALSE,TRUE,
C,A,20220101,2022,52,2022,276,DEU,Germany,M,Import,203,CZE,Czechia,0,W00,World,H6,HS,TRUE,810820,"Titanium; unwrought, powders",Titanium,6,TRUE,C00,TOTAL CPC,0,0,TOTAL MOT,8,kg,50,FALSE,8,kg,50,FALSE,50,FALSE,0,FALSE,5792.079,,5792.079,0,FALSE,TRUE,
C,A,20220101,2022,52,2022,276,DEU,Germany,M,Import,233,EST,Estonia,0,W00,World,H6,HS,TRUE,810820,"Titanium; unwrought, powders",Titanium,6,TRUE,C00,TOTAL CPC,0,0,TOTAL MOT,8,kg,2000,FALSE,8,kg,2000,FALSE,2000,FALSE,0,FALSE,18530.417,,18530.417,0,FALSE,TRUE,
C,A,20220101,2022,52,2022,276,DEU,Germany,M,Import,246,FIN,Finland,0,W00,World,H6,HS,TRUE,810820,"Titanium; unwrought, powders",Titanium,6,TRUE,C00,TOTAL CPC,0,0,TOTAL MOT,8,kg,34280,FALSE,8,kg,34280,FALSE,34280,FALSE,0,FALSE,5395502.468,,5395502.468,0,FALSE,TRUE,
C,A,20220101,2022,52,2022,276,DEU,Germany,M,Import,251,FRA,France,0,W00,World,H6,HS,TRUE,810820,"Titanium; unwrought, powders",Titanium,6,TRUE,C00,TOTAL CPC,0,0,TOTAL MOT,8,kg,26143,FALSE,8,kg,26143,FALSE,26143,FALSE,0,FALSE,555720.841,,555720.841,0,FALSE,TRUE,
C,A,20220101,2022,52,2022,276,DEU,Germany,M,Import,380,ITA,Italy,0,W00,World,H6,HS,TRUE,810820,"Titanium; unwrought, powders",Titanium,6,TRUE,C00,TOTAL CPC,0,0,TOTAL MOT,8,kg,21223.387,TRUE,-1,N/A,0,FALSE,21223.387,TRUE,0,FALSE,125202.084,,125202.084,6,FALSE,TRUE,
C,A,20220101,2022,52,2022,276,DEU,Germany,M,Import,392,JPN,Japan,0,W00,World,H6,HS,TRUE,810820,"Titanium; unwrought, powders",Titanium,6,TRUE,C00,TOTAL CPC,0,0,TOTAL MOT,8,kg,691136.517,TRUE,-1,N/A,0,FALSE,691136.517,TRUE,0,FALSE,8417429.045,,8417429.045,6,FALSE,TRUE,
C,A,20220101,2022,52,2022,276,DEU,Germany,M,Import,410,KOR,South Korea,0,W00,World,H6,HS,TRUE,810820,"Titanium; unwrought, powders",Titanium,6,TRUE,C00,TOTAL CPC,0,0,TOTAL MOT,8,kg,696.678,TRUE,-1,N/A,0,FALSE,696.678,TRUE,0,FALSE,109939.374,,109939.374,6,FALSE,TRUE,
C,A,20220101,2022,52,2022,276,DEU,Germany,M,Import,428,LVA,Latvia,0,W00,World,H6,HS,TRUE,810820,"Titanium; unwrought, powders",Titanium,6,TRUE,C00,TOTAL CPC,0,0,TOTAL MOT,8,kg,1000,FALSE,8,kg,1000,FALSE,1000,FALSE,0,FALSE,17361.412,,17361.412,0,FALSE,TRUE,
C,A,20220101,2022,52,2022,276,DEU,Germany,M,Import,442,LUX,Luxembourg,0,W00,World,H6,HS,TRUE,810820,"Titanium; unwrought, powders",Titanium,6,TRUE,C00,TOTAL CPC,0,0,TOTAL MOT,8,kg,3228,FALSE,8,kg,3228,FALSE,3228,FALSE,0,FALSE,30728.725,,30728.725,0,FALSE,TRUE,
C,A,20220101,2022,52,2022,276,DEU,Germany,M,Import,528,NLD,Netherlands,0,W00,World,H6,HS,TRUE,810820,"Titanium; unwrought, powders",Titanium,6,TRUE,C00,TOTAL CPC,0,0,TOTAL MOT,8,kg,423474,FALSE,8,kg,423474,FALSE,423474,FALSE,0,FALSE,5860326.85,,5860326.85,0,FALSE,TRUE,
C,A,20220101,2022,52,2022,276,DEU,Germany,M,Import,616,POL,Poland,0,W00,World,H6,HS,TRUE,810820,"Titanium; unwrought, powders",Titanium,6,TRUE,C00,TOTAL CPC,0,0,TOTAL MOT,8,kg,6034,FALSE,8,kg,6034,FALSE,6034,FALSE,0,FALSE,44086.508,,44086.508,0,FALSE,TRUE,
C,A,20220101,2022,52,2022,276,DEU,Germany,M,Import,642,ROU,Romania,0,W00,World,H6,HS,TRUE,810820,"Titanium; unwrought, powders",Titanium,6,TRUE,C00,TOTAL CPC,0,0,TOTAL MOT,8,kg,823,FALSE,8,kg,823,FALSE,823,FALSE,0,FALSE,28907.45,,28907.45,0,FALSE,TRUE,
C,A,20220101,2022,52,2022,276,DEU,Germany,M,Import,643,RUS,Russia,0,W00,World,H6,HS,TRUE,810820,"Titanium; unwrought, powders",Titanium,6,TRUE,C00,TOTAL CPC,0,0,TOTAL MOT,8,kg,717507,FALSE,8,kg,717507,FALSE,717507,FALSE,0,FALSE,8418342.86,,8418342.86,0,FALSE,TRUE,
C,A,20220101,2022,52,2022,276,DEU,Germany,M,Import,724,ESP,Spain,0,W00,World,H6,HS,TRUE,810820,"Titanium; unwrought, powders",Titanium,6,TRUE,C00,TOTAL CPC,0,0,TOTAL MOT,8,kg,18050,FALSE,8,kg,18050,FALSE,18050,FALSE,0,FALSE,188279.622,,188279.622,0,FALSE,TRUE,
C,A,20220101,2022,52,2022,276,DEU,Germany,M,Import,752,SWE,Sweden,0,W00,World,H6,HS,TRUE,810820,"Titanium; unwrought, powders",Titanium,6,TRUE,C00,TOTAL CPC,0,0,TOTAL MOT,8,kg,1089,FALSE,8,kg,1089,FALSE,1089,FALSE,0,FALSE,38342.079,,38342.079,0,FALSE,TRUE,
C,A,20220101,2022,52,2022,276,DEU,Germany,M,Import,757,CHE,Switzerland,0,W00,World,H6,HS,TRUE,810820,"Titanium; unwrought, powders",Titanium,6,TRUE,C00,TOTAL CPC,0,0,TOTAL MOT,8,kg,470.08,TRUE,-1,N/A,0,FALSE,470.08,TRUE,0,FALSE,7851.602,,7851.602,6,FALSE,TRUE,
C,A,20220101,2022,52,2022,276,DEU,Germany,M,Import,804,UKR,Ukraine,0,W00,World,H6,HS,TRUE,810820,"Titanium; unwrought, powders",Titanium,6,TRUE,C00,TOTAL CPC,0,0,TOTAL MOT,8,kg,245012,FALSE,8,kg,245012,FALSE,245012,FALSE,0,FALSE,2107232.388,,2107232.388,0,FALSE,TRUE,
C,A,20220101,2022,52,2022,276,DEU,Germany,M,Import,826,GBR,United Kingdom,0,W00,World,H6,HS,TRUE,810820,"Titanium; unwrought, powders",Titanium,6,TRUE,C00,TOTAL CPC,0,0,TOTAL MOT,8,kg,11176.972,TRUE,-1,N/A,0,FALSE,11176.972,TRUE,0,FALSE,240578.811,,240578.811,6,FALSE,TRUE,
C,A,20220101,2022,52,2022,276,DEU,Germany,M,Import,842,USA,USA,0,W00,World,H6,HS,TRUE,810820,"Titanium; unwrought, powders",Titanium,6,TRUE,C00,TOTAL CPC,0,0,TOTAL MOT,8,kg,68740.529,TRUE,-1,N/A,0,FALSE,68740.529,TRUE,0,FALSE,2362299.867,,2362299.867,6,FALSE,TRUE,
C,A,20220101,2022,52,2022,276,DEU,Germany,M,Import,0,W00,World,0,W00,World,H6,HS,TRUE,811292,"Gallium, germanium, indium, niobium (columbium) and vanadium; articles thereof, unwrought, including waste and scrap, powders",Indium,6,TRUE,C00,TOTAL CPC,0,0,TOTAL MOT,8,kg,396890.246,TRUE,-1,N/A,0,FALSE,396890.246,TRUE,0,FALSE,43073283.17,,43073283.17,6,FALSE,TRUE,
C,A,20220101,2022,52,2022,276,DEU,Germany,M,Import,36,AUS,Australia,0,W00,World,H6,HS,TRUE,811292,"Gallium, germanium, indium, niobium (columbium) and vanadium; articles thereof, unwrought, including waste and scrap, powders",Indium,6,TRUE,C00,TOTAL CPC,0,0,TOTAL MOT,8,kg,2,FALSE,8,kg,2,FALSE,2,FALSE,0,FALSE,2429.073,,2429.073,0,FALSE,TRUE,
C,A,20220101,2022,52,2022,276,DEU,Germany,M,Import,40,AUT,Austria,0,W00,World,H6,HS,TRUE,811292,"Gallium, germanium, indium, niobium (columbium) and vanadium; articles thereof, unwrought, including waste and scrap, powders",Indium,6,TRUE,C00,TOTAL CPC,0,0,TOTAL MOT,8,kg,1231,FALSE,8,kg,1231,FALSE,1231,FALSE,0,FALSE,61463.804,,61463.804,0,FALSE,TRUE,
C,A,20220101,2022,52,2022,276,DEU,Germany,M,Import,56,BEL,Belgium,0,W00,World,H6,HS,TRUE,811292,"Gallium, germanium, indium, niobium (columbium) and vanadium; articles thereof, unwrought, including waste and scrap, powders",Indium,6,TRUE,C00,TOTAL CPC,0,0,TOTAL MOT,8,kg,346.971,TRUE,-1,N/A,0,FALSE,346.971,TRUE,0,FALSE,71385.518,,71385.518,6,FALSE,TRUE,
C,A,20220101,2022,52,2022,276,DEU,Germany,M,Import,76,BRA,Brazil,0,W00,World,H6,HS,TRUE,811292,"Gallium, germanium, indium, niobium (columbium) and vanadium; articles thereof, unwrought, including waste and scrap, powders",Indium,6,TRUE,C00,TOTAL CPC,0,0,TOTAL MOT,8,kg,225000,FALSE,8,kg,225000,FALSE,225000,FALSE,0,FALSE,11438817.71,,11438817.71,0,FALSE,TRUE,
C,A,20220101,2022,52,2022,276,DEU,Germany,M,Import,124,CAN,Canada,0,W00,World,H6,HS,TRUE,811292,"Gallium, germanium, indium, niobium (columbium) and vanadium; articles thereof, unwrought, including waste and scrap, powders",Indium,6,TRUE,C00,TOTAL CPC,0,0,TOTAL MOT,8,kg,860.109,TRUE,-1,N/A,0,FALSE,860.109,TRUE,0,FALSE,223724.603,,223724.603,6,FALSE,TRUE,
C,A,20220101,2022,52,2022,276,DEU,Germany,M,Import,156,CHN,China,0,W00,World,H6,HS,TRUE,811292,"Gallium, germanium, indium, niobium (columbium) and vanadium; articles thereof, unwrought, including waste and scrap, powders",Indium,6,TRUE,C00,TOTAL CPC,0,0,TOTAL MOT,8,kg,58121.668,TRUE,-1,N/A,0,FALSE,58121.668,TRUE,0,FALSE,19530456.62,,19530456.62,6,FALSE,TRUE,
C,A,20220101,2022,52,2022,276,DEU,Germany,M,Import,208,DNK,Denmark,0,W00,World,H6,HS,TRUE,811292,"Gallium, germanium, indium, niobium (columbium) and vanadium; articles thereof, unwrought, including waste and scrap, powders",Indium,6,TRUE,C00,TOTAL CPC,0,0,TOTAL MOT,8,kg,1284.194,TRUE,-1,N/A,0,FALSE,1284.194,TRUE,0,FALSE,113508.861,,113508.861,6,FALSE,TRUE,
C,A,20220101,2022,52,2022,276,DEU,Germany,M,Import,233,EST,Estonia,0,W00,World,H6,HS,TRUE,811292,"Gallium, germanium, indium, niobium (columbium) and vanadium; articles thereof, unwrought, including waste and scrap, powders",Indium,6,TRUE,C00,TOTAL CPC,0,0,TOTAL MOT,8,kg,516,FALSE,8,kg,516,FALSE,516,FALSE,0,FALSE,60053.374,,60053.374,0,FALSE,TRUE,
C,A,20220101,2022,52,2022,276,DEU,Germany,M,Import,251,FRA,France,0,W00,World,H6,HS,TRUE,811292,"Gallium, germanium, indium, niobium (columbium) and vanadium; articles thereof, unwrought, including waste and scrap, powders",Indium,6,TRUE,C00,TOTAL CPC,0,0,TOTAL MOT,8,kg,872.347,TRUE,-1,N/A,0,FALSE,872.347,TRUE,0,FALSE,167667.445,,167667.445,6,FALSE,TRUE,
C,A,20220101,2022,52,2022,276,DEU,Germany,M,Import,376,ISR,Israel,0,W00,World,H6,HS,TRUE,811292,"Gallium, germanium, indium, niobium (columbium) and vanadium; articles thereof, unwrought, including waste and scrap, powders",Indium,6,TRUE,C00,TOTAL CPC,0,0,TOTAL MOT,8,kg,807,FALSE,8,kg,807,FALSE,807,FALSE,0,FALSE,30560.363,,30560.363,0,FALSE,TRUE,
C,A,20220101,2022,52,2022,276,DEU,Germany,M,Import,380,ITA,Italy,0,W00,World,H6,HS,TRUE,811292,"Gallium, germanium, indium, niobium (columbium) and vanadium; articles thereof, unwrought, including waste and scrap, powders",Indium,6,TRUE,C00,TOTAL CPC,0,0,TOTAL MOT,8,kg,109,FALSE,8,kg,109,FALSE,109,FALSE,0,FALSE,2554.021,,2554.021,0,FALSE,TRUE,
C,A,20220101,2022,52,2022,276,DEU,Germany,M,Import,392,JPN,Japan,0,W00,World,H6,HS,TRUE,811292,"Gallium, germanium, indium, niobium (columbium) and vanadium; articles thereof, unwrought, including waste and scrap, powders",Indium,6,TRUE,C00,TOTAL CPC,0,0,TOTAL MOT,8,kg,1158.911,TRUE,-1,N/A,0,FALSE,1158.911,TRUE,0,FALSE,322404.895,,322404.895,6,FALSE,TRUE,
C,A,20220101,2022,52,2022,276,DEU,Germany,M,Import,440,LTU,Lithuania,0,W00,World,H6,HS,TRUE,811292,"Gallium, germanium, indium, niobium (columbium) and vanadium; articles thereof, unwrought, including waste and scrap, powders",Indium,6,TRUE,C00,TOTAL CPC,0,0,TOTAL MOT,8,kg,157,FALSE,8,kg,157,FALSE,157,FALSE,0,FALSE,45625.062,,45625.062,0,FALSE,TRUE,
C,A,20220101,2022,52,2022,276,DEU,Germany,M,Import,442,LUX,Luxembourg,0,W00,World,H6,HS,TRUE,811292,"Gallium, germanium, indium, niobium (columbium) and vanadium; articles thereof, unwrought, including waste and scrap, powders",Indium,6,TRUE,C00,TOTAL CPC,0,0,TOTAL MOT,8,kg,171,FALSE,8,kg,171,FALSE,171,FALSE,0,FALSE,4141.283,,4141.283,0,FALSE,TRUE,
C,A,20220101,2022,52,2022,276,DEU,Germany,M,Import,490,S19,"Other Asia, nes",0,W00,World,H6,HS,TRUE,811292,"Gallium, germanium, indium, niobium (columbium) and vanadium; articles thereof, unwrought, including waste and scrap, powders",Indium,6,TRUE,C00,TOTAL CPC,0,0,TOTAL MOT,8,kg,7638,FALSE,8,kg,7638,FALSE,7638,FALSE,0,FALSE,2845289.352,,2845289.352,0,FALSE,TRUE,
C,A,20220101,2022,52,2022,276,DEU,Germany,M,Import,528,NLD,Netherlands,0,W00,World,H6,HS,TRUE,811292,"Gallium, germanium, indium, niobium (columbium) and vanadium; articles thereof, unwrought, including waste and scrap, powders",Indium,6,TRUE,C00,TOTAL CPC,0,0,TOTAL MOT,8,kg,28365,FALSE,8,kg,28365,FALSE,28365,FALSE,0,FALSE,631664.842,,631664.842,0,FALSE,TRUE,
C,A,20220101,2022,52,2022,276,DEU,Germany,M,Import,616,POL,Poland,0,W00,World,H6,HS,TRUE,811292,"Gallium, germanium, indium, niobium (columbium) and vanadium; articles thereof, unwrought, including waste and scrap, powders",Indium,6,TRUE,C00,TOTAL CPC,0,0,TOTAL MOT,8,kg,1164.42,TRUE,-1,N/A,0,FALSE,1164.42,TRUE,0,FALSE,133447.589,,133447.589,6,FALSE,TRUE,
C,A,20220101,2022,52,2022,276,DEU,Germany,M,Import,642,ROU,Romania,0,W00,World,H6,HS,TRUE,811292,"Gallium, germanium, indium, niobium (columbium) and vanadium; articles thereof, unwrought, including waste and scrap, powders",Indium,6,TRUE,C00,TOTAL CPC,0,0,TOTAL MOT,8,kg,430,FALSE,8,kg,430,FALSE,430,FALSE,0,FALSE,16736.672,,16736.672,0,FALSE,TRUE,
C,A,20220101,2022,52,2022,276,DEU,Germany,M,Import,643,RUS,Russia,0,W00,World,H6,HS,TRUE,811292,"Gallium, germanium, indium, niobium (columbium) and vanadium; articles thereof, unwrought, including waste and scrap, powders",Indium,6,TRUE,C00,TOTAL CPC,0,0,TOTAL MOT,8,kg,18685.664,TRUE,-1,N/A,0,FALSE,18685.664,TRUE,0,FALSE,1715650.8,,1715650.8,6,FALSE,TRUE,
C,A,20220101,2022,52,2022,276,DEU,Germany,M,Import,703,SVK,Slovakia,0,W00,World,H6,HS,TRUE,811292,"Gallium, germanium, indium, niobium (columbium) and vanadium; articles thereof, unwrought, including waste and scrap, powders",Indium,6,TRUE,C00,TOTAL CPC,0,0,TOTAL MOT,8,kg,20573,FALSE,8,kg,20573,FALSE,20573,FALSE,0,FALSE,2566986.849,,2566986.849,0,FALSE,TRUE,
C,A,20220101,2022,52,2022,276,DEU,Germany,M,Import,710,ZAF,South Africa,0,W00,World,H6,HS,TRUE,811292,"Gallium, germanium, indium, niobium (columbium) and vanadium; articles thereof, unwrought, including waste and scrap, powders",Indium,6,TRUE,C00,TOTAL CPC,0,0,TOTAL MOT,8,kg,8652.049,TRUE,-1,N/A,0,FALSE,8652.049,TRUE,0,FALSE,219612.968,,219612.968,6,FALSE,TRUE,
C,A,20220101,2022,52,2022,276,DEU,Germany,M,Import,724,ESP,Spain,0,W00,World,H6,HS,TRUE,811292,"Gallium, germanium, indium, niobium (columbium) and vanadium; articles thereof, unwrought, including waste and scrap, powders",Indium,6,TRUE,C00,TOTAL CPC,0,0,TOTAL MOT,8,kg,263,FALSE,8,kg,263,FALSE,263,FALSE,0,FALSE,4177.285,,4177.285,0,FALSE,TRUE,
C,A,20220101,2022,52,2022,276,DEU,Germany,M,Import,752,SWE,Sweden,0,W00,World,H6,HS,TRUE,811292,"Gallium, germanium, indium, niobium (columbium) and vanadium; articles thereof, unwrought, including waste and scrap, powders",Indium,6,TRUE,C00,TOTAL CPC,0,0,TOTAL MOT,8,kg,79,FALSE,8,kg,79,FALSE,79,FALSE,0,FALSE,2108.232,,2108.232,0,FALSE,TRUE,
C,A,20220101,2022,52,2022,276,DEU,Germany,M,Import,757,CHE,Switzerland,0,W00,World,H6,HS,TRUE,811292,"Gallium, germanium, indium, niobium (columbium) and vanadium; articles thereof, unwrought, including waste and scrap, powders",Indium,6,TRUE,C00,TOTAL CPC,0,0,TOTAL MOT,8,kg,661.566,TRUE,-1,N/A,0,FALSE,661.566,TRUE,0,FALSE,408340.496,,408340.496,6,FALSE,TRUE,
C,A,20220101,2022,52,2022,276,DEU,Germany,M,Import,792,TUR,Turkey,0,W00,World,H6,HS,TRUE,811292,"Gallium, germanium, indium, niobium (columbium) and vanadium; articles thereof, unwrought, including waste and scrap, powders",Indium,6,TRUE,C00,TOTAL CPC,0,0,TOTAL MOT,8,kg,2.078,TRUE,-1,N/A,0,FALSE,2.078,TRUE,0,FALSE,225.542,,225.542,6,FALSE,TRUE,
C,A,20220101,2022,52,2022,276,DEU,Germany,M,Import,826,GBR,United Kingdom,0,W00,World,H6,HS,TRUE,811292,"Gallium, germanium, indium, niobium (columbium) and vanadium; articles thereof, unwrought, including waste and scrap, powders",Indium,6,TRUE,C00,TOTAL CPC,0,0,TOTAL MOT,8,kg,3708.381,TRUE,-1,N/A,0,FALSE,3708.381,TRUE,0,FALSE,375651.782,,375651.782,6,FALSE,TRUE,
C,A,20220101,2022,52,2022,276,DEU,Germany,M,Import,842,USA,USA,0,W00,World,H6,HS,TRUE,811292,"Gallium, germanium, indium, niobium (columbium) and vanadium; articles thereof, unwrought, including waste and scrap, powders",Indium,6,TRUE,C00,TOTAL CPC,0,0,TOTAL MOT,8,kg,16030.887,TRUE,-1,N/A,0,FALSE,16030.887,TRUE,0,FALSE,2078598.129,,2078598.129,6,FALSE,TRUE,
C,A,20220101,2022,52,2022,276,DEU,Germany,M,Import,0,W00,World,0,W00,World,H6,HS,TRUE,282540,Nickel oxides and hydroxides,Nickel,6,TRUE,C00,TOTAL CPC,0,0,TOTAL MOT,8,kg,308880.471,TRUE,-1,N/A,0,FALSE,308880.471,TRUE,0,FALSE,7667860.986,,7667860.986,6,FALSE,TRUE,
C,A,20220101,2022,52,2022,276,DEU,Germany,M,Import,56,BEL,Belgium,0,W00,World,H6,HS,TRUE,282540,Nickel oxides and hydroxides,Nickel,6,TRUE,C00,TOTAL CPC,0,0,TOTAL MOT,8,kg,7.654,TRUE,-1,N/A,0,FALSE,7.654,TRUE,0,FALSE,277.427,,277.427,6,FALSE,TRUE,
C,A,20220101,2022,52,2022,276,DEU,Germany,M,Import,76,BRA,Brazil,0,W00,World,H6,HS,TRUE,282540,Nickel oxides and hydroxides,Nickel,6,TRUE,C00,TOTAL CPC,0,0,TOTAL MOT,8,kg,118,FALSE,8,kg,118,FALSE,118,FALSE,0,FALSE,3839.502,,3839.502,0,FALSE,TRUE,
C,A,20220101,2022,52,2022,276,DEU,Germany,M,Import,124,CAN,Canada,0,W00,World,H6,HS,TRUE,282540,Nickel oxides and hydroxides,Nickel,6,TRUE,C00,TOTAL CPC,0,0,TOTAL MOT,8,kg,36,FALSE,8,kg,36,FALSE,36,FALSE,0,FALSE,423.552,,423.552,0,FALSE,TRUE,
C,A,20220101,2022,52,2022,276,DEU,Germany,M,Import,156,CHN,China,0,W00,World,H6,HS,TRUE,282540,Nickel oxides and hydroxides,Nickel,6,TRUE,C00,TOTAL CPC,0,0,TOTAL MOT,8,kg,4948.166,TRUE,-1,N/A,0,FALSE,4948.166,TRUE,0,FALSE,142690.561,,142690.561,6,FALSE,TRUE,
C,A,20220101,2022,52,2022,276,DEU,Germany,M,Import,192,CUB,Cuba,0,W00,World,H6,HS,TRUE,282540,Nickel oxides and hydroxides,Nickel,6,TRUE,C00,TOTAL CPC,0,0,TOTAL MOT,8,kg,1000,FALSE,8,kg,1000,FALSE,1000,FALSE,0,FALSE,17208.933,,17208.933,0,FALSE,TRUE,
C,A,20220101,2022,52,2022,276,DEU,Germany,M,Import,203,CZE,Czechia,0,W00,World,H6,HS,TRUE,282540,Nickel oxides and hydroxides,Nickel,6,TRUE,C00,TOTAL CPC,0,0,TOTAL MOT,8,kg,169750,FALSE,8,kg,169750,FALSE,169750,FALSE,0,FALSE,3730647.245,,3730647.245,0,FALSE,TRUE,
C,A,20220101,2022,52,2022,276,DEU,Germany,M,Import,246,FIN,Finland,0,W00,World,H6,HS,TRUE,282540,Nickel oxides and hydroxides,Nickel,6,TRUE,C00,TOTAL CPC,0,0,TOTAL MOT,8,kg,2480,FALSE,8,kg,2480,FALSE,2480,FALSE,0,FALSE,66667.145,,66667.145,0,FALSE,TRUE,
C,A,20220101,2022,52,2022,276,DEU,Germany,M,Import,251,FRA,France,0,W00,World,H6,HS,TRUE,282540,Nickel oxides and hydroxides,Nickel,6,TRUE,C00,TOTAL CPC,0,0,TOTAL MOT,8,kg,334,FALSE,8,kg,334,FALSE,334,FALSE,0,FALSE,10369.621,,10369.621,0,FALSE,TRUE,
C,A,20220101,2022,52,2022,276,DEU,Germany,M,Import,380,ITA,Italy,0,W00,World,H6,HS,TRUE,282540,Nickel oxides and hydroxides,Nickel,6,TRUE,C00,TOTAL CPC,0,0,TOTAL MOT,8,kg,86079,FALSE,8,kg,86079,FALSE,86079,FALSE,0,FALSE,2588428.129,,2588428.129,0,FALSE,TRUE,
C,A,20220101,2022,52,2022,276,DEU,Germany,M,Import,392,JPN,Japan,0,W00,World,H6,HS,TRUE,282540,Nickel oxides and hydroxides,Nickel,6,TRUE,C00,TOTAL CPC,0,0,TOTAL MOT,8,kg,13542.043,TRUE,-1,N/A,0,FALSE,13542.043,TRUE,0,FALSE,390391.405,,390391.405,6,FALSE,TRUE,
C,A,20220101,2022,52,2022,276,DEU,Germany,M,Import,410,KOR,South Korea,0,W00,World,H6,HS,TRUE,282540,Nickel oxides and hydroxides,Nickel,6,TRUE,C00,TOTAL CPC,0,0,TOTAL MOT,8,kg,121,FALSE,8,kg,121,FALSE,121,FALSE,0,FALSE,2722.383,,2722.383,0,FALSE,TRUE,
C,A,20220101,2022,52,2022,276,DEU,Germany,M,Import,528,NLD,Netherlands,0,W00,World,H6,HS,TRUE,282540,Nickel oxides and hydroxides,Nickel,6,TRUE,C00,TOTAL CPC,0,0,TOTAL MOT,8,kg,7950,FALSE,8,kg,7950,FALSE,7950,FALSE,0,FALSE,149025.846,,149025.846,0,FALSE,TRUE,
C,A,20220101,2022,52,2022,276,DEU,Germany,M,Import,579,NOR,Norway,0,W00,World,H6,HS,TRUE,282540,Nickel oxides and hydroxides,Nickel,6,TRUE,C00,TOTAL CPC,0,0,TOTAL MOT,8,kg,3.242,TRUE,-1,N/A,0,FALSE,3.242,TRUE,0,FALSE,80.475,,80.475,6,FALSE,TRUE,
C,A,20220101,2022,52,2022,276,DEU,Germany,M,Import,608,PHL,Philippines,0,W00,World,H6,HS,TRUE,282540,Nickel oxides and hydroxides,Nickel,6,TRUE,C00,TOTAL CPC,0,0,TOTAL MOT,8,kg,18900,FALSE,8,kg,18900,FALSE,18900,FALSE,0,FALSE,377042.093,,377042.093,0,FALSE,TRUE,
C,A,20220101,2022,52,2022,276,DEU,Germany,M,Import,643,RUS,Russia,0,W00,World,H6,HS,TRUE,282540,Nickel oxides and hydroxides,Nickel,6,TRUE,C00,TOTAL CPC,0,0,TOTAL MOT,8,kg,10.194,TRUE,-1,N/A,0,FALSE,10.194,TRUE,0,FALSE,253.073,,253.073,6,FALSE,TRUE,
C,A,20220101,2022,52,2022,276,DEU,Germany,M,Import,724,ESP,Spain,0,W00,World,H6,HS,TRUE,282540,Nickel oxides and hydroxides,Nickel,6,TRUE,C00,TOTAL CPC,0,0,TOTAL MOT,8,kg,2550,FALSE,8,kg,2550,FALSE,2550,FALSE,0,FALSE,55001.453,,55001.453,0,FALSE,TRUE,
C,A,20220101,2022,52,2022,276,DEU,Germany,M,Import,757,CHE,Switzerland,0,W00,World,H6,HS,TRUE,282540,Nickel oxides and hydroxides,Nickel,6,TRUE,C00,TOTAL CPC,0,0,TOTAL MOT,8,kg,149.536,TRUE,-1,N/A,0,FALSE,149.536,TRUE,0,FALSE,63128.364,,63128.364,6,FALSE,TRUE,
C,A,20220101,2022,52,2022,276,DEU,Germany,M,Import,842,USA,USA,0,W00,World,H6,HS,TRUE,282540,Nickel oxides and hydroxides,Nickel,6,TRUE,C00,TOTAL CPC,0,0,TOTAL MOT,8,kg,901.637,TRUE,-1,N/A,0,FALSE,901.637,TRUE,0,FALSE,69663.778,,69663.778,6,FALSE,TRUE,
C,A,20220101,2022,52,2022,276,DEU,Germany,M,Import,0,W00,World,0,W00,World,H6,HS,TRUE,282550,Copper oxides and hydroxides,Copper,6,TRUE,C00,TOTAL CPC,0,0,TOTAL MOT,8,kg,1157811.123,TRUE,-1,N/A,0,FALSE,1157811.123,TRUE,0,FALSE,10585301.43,,10585301.43,6,FALSE,TRUE,
C,A,20220101,2022,52,2022,276,DEU,Germany,M,Import,36,AUS,Australia,0,W00,World,H6,HS,TRUE,282550,Copper oxides and hydroxides,Copper,6,TRUE,C00,TOTAL CPC,0,0,TOTAL MOT,8,kg,812525,FALSE,8,kg,812525,FALSE,812525,FALSE,0,FALSE,7002620.088,,7002620.088,0,FALSE,TRUE,
C,A,20220101,2022,52,2022,276,DEU,Germany,M,Import,40,AUT,Austria,0,W00,World,H6,HS,TRUE,282550,Copper oxides and hydroxides,Copper,6,TRUE,C00,TOTAL CPC,0,0,TOTAL MOT,8,kg,36210,FALSE,8,kg,36210,FALSE,36210,FALSE,0,FALSE,322228.062,,322228.062,0,FALSE,TRUE,
C,A,20220101,2022,52,2022,276,DEU,Germany,M,Import,56,BEL,Belgium,0,W00,World,H6,HS,TRUE,282550,Copper oxides and hydroxides,Copper,6,TRUE,C00,TOTAL CPC,0,0,TOTAL MOT,8,kg,52058,FALSE,8,kg,52058,FALSE,52058,FALSE,0,FALSE,523202.607,,523202.607,0,FALSE,TRUE,
C,A,20220101,2022,52,2022,276,DEU,Germany,M,Import,156,CHN,China,0,W00,World,H6,HS,TRUE,282550,Copper oxides and hydroxides,Copper,6,TRUE,C00,TOTAL CPC,0,0,TOTAL MOT,8,kg,1242.215,TRUE,-1,N/A,0,FALSE,1242.215,TRUE,0,FALSE,12836.814,,12836.814,6,FALSE,TRUE,
C,A,20220101,2022,52,2022,276,DEU,Germany,M,Import,251,FRA,France,0,W00,World,H6,HS,TRUE,282550,Copper oxides and hydroxides,Copper,6,TRUE,C00,TOTAL CPC,0,0,TOTAL MOT,8,kg,3658.571,TRUE,-1,N/A,0,FALSE,3658.571,TRUE,0,FALSE,70015.326,,70015.326,6,FALSE,TRUE,
C,A,20220101,2022,52,2022,276,DEU,Germany,M,Import,360,IDN,Indonesia,0,W00,World,H6,HS,TRUE,282550,Copper oxides and hydroxides,Copper,6,TRUE,C00,TOTAL CPC,0,0,TOTAL MOT,8,kg,24000,FALSE,8,kg,24000,FALSE,24000,FALSE,0,FALSE,238948.134,,238948.134,0,FALSE,TRUE,
C,A,20220101,2022,52,2022,276,DEU,Germany,M,Import,380,ITA,Italy,0,W00,World,H6,HS,TRUE,282550,Copper oxides and hydroxides,Copper,6,TRUE,C00,TOTAL CPC,0,0,TOTAL MOT,8,kg,81402,FALSE,8,kg,81402,FALSE,81402,FALSE,0,FALSE,877461.818,,877461.818,0,FALSE,TRUE,
C,A,20220101,2022,52,2022,276,DEU,Germany,M,Import,392,JPN,Japan,0,W00,World,H6,HS,TRUE,282550,Copper oxides and hydroxides,Copper,6,TRUE,C00,TOTAL CPC,0,0,TOTAL MOT,8,kg,418.608,TRUE,-1,N/A,0,FALSE,418.608,TRUE,0,FALSE,3240.176,,3240.176,6,FALSE,TRUE,
C,A,20220101,2022,52,2022,276,DEU,Germany,M,Import,410,KOR,South Korea,0,W00,World,H6,HS,TRUE,282550,Copper oxides and hydroxides,Copper,6,TRUE,C00,TOTAL CPC,0,0,TOTAL MOT,8,kg,1253,FALSE,8,kg,1253,FALSE,1253,FALSE,0,FALSE,30981.798,,30981.798,0,FALSE,TRUE,
C,A,20220101,2022,52,2022,276,DEU,Germany,M,Import,490,S19,"Other Asia, nes",0,W00,World,H6,HS,TRUE,282550,Copper oxides and hydroxides,Copper,6,TRUE,C00,TOTAL CPC,0,0,TOTAL MOT,8,kg,75938,FALSE,8,kg,75938,FALSE,75938,FALSE,0,FALSE,821833.507,,821833.507,0,FALSE,TRUE,
C,A,20220101,2022,52,2022,276,DEU,Germany,M,Import,528,NLD,Netherlands,0,W00,World,H6,HS,TRUE,282550,Copper oxides and hydroxides,Copper,6,TRUE,C00,TOTAL CPC,0,0,TOTAL MOT,8,kg,31608,FALSE,8,kg,31608,FALSE,31608,FALSE,0,FALSE,332881.463,,332881.463,0,FALSE,TRUE,
C,A,20220101,2022,52,2022,276,DEU,Germany,M,Import,699,IND,India,0,W00,World,H6,HS,TRUE,282550,Copper oxides and hydroxides,Copper,6,TRUE,C00,TOTAL CPC,0,0,TOTAL MOT,8,kg,11109.175,TRUE,-1,N/A,0,FALSE,11109.175,TRUE,0,FALSE,94569.717,,94569.717,6,FALSE,TRUE,
C,A,20220101,2022,52,2022,276,DEU,Germany,M,Import,724,ESP,Spain,0,W00,World,H6,HS,TRUE,282550,Copper oxides and hydroxides,Copper,6,TRUE,C00,TOTAL CPC,0,0,TOTAL MOT,8,kg,2365,FALSE,8,kg,2365,FALSE,2365,FALSE,0,FALSE,23551.63,,23551.63,0,FALSE,TRUE,
C,A,20220101,2022,52,2022,276,DEU,Germany,M,Import,757,CHE,Switzerland,0,W00,World,H6,HS,TRUE,282550,Copper oxides and hydroxides,Copper,6,TRUE,C00,TOTAL CPC,0,0,TOTAL MOT,8,kg,486.201,TRUE,-1,N/A,0,FALSE,486.201,TRUE,0,FALSE,16869.032,,16869.032,6,FALSE,TRUE,
C,A,20220101,2022,52,2022,276,DEU,Germany,M,Import,826,GBR,United Kingdom,0,W00,World,H6,HS,TRUE,282550,Copper oxides and hydroxides,Copper,6,TRUE,C00,TOTAL CPC,0,0,TOTAL MOT,8,kg,2900.692,TRUE,-1,N/A,0,FALSE,2900.692,TRUE,0,FALSE,24077.894,,24077.894,6,FALSE,TRUE,
C,A,20220101,2022,52,2022,276,DEU,Germany,M,Import,842,USA,USA,0,W00,World,H6,HS,TRUE,282550,Copper oxides and hydroxides,Copper,6,TRUE,C00,TOTAL CPC,0,0,TOTAL MOT,8,kg,20636.662,TRUE,-1,N/A,0,FALSE,20636.662,TRUE,0,FALSE,189983.361,,189983.361,6,FALSE,TRUE,
C,A,20220101,2022,52,2022,276,DEU,Germany,M,Import,0,W00,World,0,W00,World,H6,HS,TRUE,282570,Molybdenum oxides and hydroxides,Molybdenum,6,TRUE,C00,TOTAL CPC,0,0,TOTAL MOT,8,kg,1723377.385,TRUE,-1,N/A,0,FALSE,1723377.385,TRUE,0,FALSE,52462551.04,,52462551.04,6,FALSE,TRUE,
C,A,20220101,2022,52,2022,276,DEU,Germany,M,Import,40,AUT,Austria,0,W00,World,H6,HS,TRUE,282570,Molybdenum oxides and hydroxides,Molybdenum,6,TRUE,C00,TOTAL CPC,0,0,TOTAL MOT,8,kg,2003,FALSE,8,kg,2003,FALSE,2003,FALSE,0,FALSE,92155.468,,92155.468,0,FALSE,TRUE,
C,A,20220101,2022,52,2022,276,DEU,Germany,M,Import,56,BEL,Belgium,0,W00,World,H6,HS,TRUE,282570,Molybdenum oxides and hydroxides,Molybdenum,6,TRUE,C00,TOTAL CPC,0,0,TOTAL MOT,8,kg,53016.566,TRUE,-1,N/A,0,FALSE,53016.566,TRUE,0,FALSE,1301412.337,,1301412.337,6,FALSE,TRUE,
C,A,20220101,2022,52,2022,276,DEU,Germany,M,Import,152,CHL,Chile,0,W00,World,H6,HS,TRUE,282570,Molybdenum oxides and hydroxides,Molybdenum,6,TRUE,C00,TOTAL CPC,0,0,TOTAL MOT,8,kg,1257520,FALSE,8,kg,1257520,FALSE,1257520,FALSE,0,FALSE,39238409.22,,39238409.22,0,FALSE,TRUE,
C,A,20220101,2022,52,2022,276,DEU,Germany,M,Import,156,CHN,China,0,W00,World,H6,HS,TRUE,282570,Molybdenum oxides and hydroxides,Molybdenum,6,TRUE,C00,TOTAL CPC,0,0,TOTAL MOT,8,kg,160676.114,TRUE,-1,N/A,0,FALSE,160676.114,TRUE,0,FALSE,4976578.456,,4976578.456,6,FALSE,TRUE,
C,A,20220101,2022,52,2022,276,DEU,Germany,M,Import,251,FRA,France,0,W00,World,H6,HS,TRUE,282570,Molybdenum oxides and hydroxides,Molybdenum,6,TRUE,C00,TOTAL CPC,0,0,TOTAL MOT,8,kg,12109.948,TRUE,-1,N/A,0,FALSE,12109.948,TRUE,0,FALSE,382791.817,,382791.817,6,FALSE,TRUE,
C,A,20220101,2022,52,2022,276,DEU,Germany,M,Import,380,ITA,Italy,0,W00,World,H6,HS,TRUE,282570,Molybdenum oxides and hydroxides,Molybdenum,6,TRUE,C00,TOTAL CPC,0,0,TOTAL MOT,8,kg,900,FALSE,8,kg,900,FALSE,900,FALSE,0,FALSE,33831.246,,33831.246,0,FALSE,TRUE,
C,A,20220101,2022,52,2022,276,DEU,Germany,M,Import,414,KWT,Kuwait,0,W00,World,H6,HS,TRUE,282570,Molybdenum oxides and hydroxides,Molybdenum,6,TRUE,C00,TOTAL CPC,0,0,TOTAL MOT,8,kg,6,FALSE,8,kg,6,FALSE,6,FALSE,0,FALSE,254.131,,254.131,0,FALSE,TRUE,
C,A,20220101,2022,52,2022,276,DEU,Germany,M,Import,442,LUX,Luxembourg,0,W00,World,H6,HS,TRUE,282570,Molybdenum oxides and hydroxides,Molybdenum,6,TRUE,C00,TOTAL CPC,0,0,TOTAL MOT,8,kg,46010,FALSE,8,kg,46010,FALSE,46010,FALSE,0,FALSE,1108711.888,,1108711.888,0,FALSE,TRUE,
C,A,20220101,2022,52,2022,276,DEU,Germany,M,Import,528,NLD,Netherlands,0,W00,World,H6,HS,TRUE,282570,Molybdenum oxides and hydroxides,Molybdenum,6,TRUE,C00,TOTAL CPC,0,0,TOTAL MOT,8,kg,55742,FALSE,8,kg,55742,FALSE,55742,FALSE,0,FALSE,1696372.814,,1696372.814,0,FALSE,TRUE,
C,A,20220101,2022,52,2022,276,DEU,Germany,M,Import,724,ESP,Spain,0,W00,World,H6,HS,TRUE,282570,Molybdenum oxides and hydroxides,Molybdenum,6,TRUE,C00,TOTAL CPC,0,0,TOTAL MOT,8,kg,500,FALSE,8,kg,500,FALSE,500,FALSE,0,FALSE,18233.93,,18233.93,0,FALSE,TRUE,
C,A,20220101,2022,52,2022,276,DEU,Germany,M,Import,752,SWE,Sweden,0,W00,World,H6,HS,TRUE,282570,Molybdenum oxides and hydroxides,Molybdenum,6,TRUE,C00,TOTAL CPC,0,0,TOTAL MOT,8,kg,71000,FALSE,8,kg,71000,FALSE,71000,FALSE,0,FALSE,1723102.146,,1723102.146,0,FALSE,TRUE,
C,A,20220101,2022,52,2022,276,DEU,Germany,M,Import,757,CHE,Switzerland,0,W00,World,H6,HS,TRUE,282570,Molybdenum oxides and hydroxides,Molybdenum,6,TRUE,C00,TOTAL CPC,0,0,TOTAL MOT,8,kg,3.965,TRUE,-1,N/A,0,FALSE,3.965,TRUE,0,FALSE,120.712,,120.712,6,FALSE,TRUE,
C,A,20220101,2022,52,2022,276,DEU,Germany,M,Import,842,USA,USA,0,W00,World,H6,HS,TRUE,282570,Molybdenum oxides and hydroxides,Molybdenum,6,TRUE,C00,TOTAL CPC,0,0,TOTAL MOT,8,kg,63889.792,TRUE,-1,N/A,0,FALSE,63889.792,TRUE,0,FALSE,1890576.874,,1890576.874,6,FALSE,TRUE,
C,A,20220101,2022,52,2022,276,DEU,Germany,M,Import,0,W00,World,0,W00,World,H6,HS,TRUE,282580,Antimony oxides,Antimony,6,TRUE,C00,TOTAL CPC,0,0,TOTAL MOT,8,kg,4590415.061,FALSE,-1,N/A,0,FALSE,4590415.061,FALSE,0,FALSE,53443759.89,,53443759.89,0,FALSE,TRUE,World NetWgt = sum of partners (all partner weights reported)
C,A,20220101,2022,52,2022,276,DEU,Germany,M,Import,40,AUT,Austria,0,W00,World,H6,HS,TRUE,282580,Antimony oxides,Antimony,6,TRUE,C00,TOTAL CPC,0,0,TOTAL MOT,8,kg,675,FALSE,8,kg,675,FALSE,675,FALSE,0,FALSE,7854.779,,7854.779,0,FALSE,TRUE,
C,A,20220101,2022,52,2022,276,DEU,Germany,M,Import,56,BEL,Belgium,0,W00,World,H6,HS,TRUE,282580,Antimony oxides,Antimony,6,TRUE,C00,TOTAL CPC,0,0,TOTAL MOT,8,kg,1217492,FALSE,8,kg,1217492,FALSE,1217492,FALSE,0,FALSE,14930254.22,,14930254.22,0,FALSE,TRUE,
C,A,20220101,2022,52,2022,276,DEU,Germany,M,Import,156,CHN,China,0,W00,World,H6,HS,TRUE,282580,Antimony oxides,Antimony,6,TRUE,C00,TOTAL CPC,0,0,TOTAL MOT,8,kg,735241.091,TRUE,-1,N/A,0,FALSE,735241.091,TRUE,0,FALSE,8246037.516,,8246037.516,6,FALSE,TRUE,
C,A,20220101,2022,52,2022,276,DEU,Germany,M,Import,251,FRA,France,0,W00,World,H6,HS,TRUE,282580,Antimony oxides,Antimony,6,TRUE,C00,TOTAL CPC,0,0,TOTAL MOT,8,kg,2335605,FALSE,8,kg,2335605,FALSE,2335605,FALSE,0,FALSE,26625523.37,,26625523.37,0,FALSE,TRUE,
C,A,20220101,2022,52,2022,276,DEU,Germany,M,Import,376,ISR,Israel,0,W00,World,H6,HS,TRUE,282580,Antimony oxides,Antimony,6,TRUE,C00,TOTAL CPC,0,0,TOTAL MOT,8,kg,1203,FALSE,8,kg,1203,FALSE,1203,FALSE,0,FALSE,10889.532,,10889.532,0,FALSE,TRUE,
C,A,20220101,2022,52,2022,276,DEU,Germany,M,Import,380,ITA,Italy,0,W00,World,H6,HS,TRUE,282580,Antimony oxides,Antimony,6,TRUE,C00,TOTAL CPC,0,0,TOTAL MOT,8,kg,23808,FALSE,8,kg,23808,FALSE,23808,FALSE,0,FALSE,265305.799,,265305.799,0,FALSE,TRUE,
C,A,20220101,2022,52,2022,276,DEU,Germany,M,Import,392,JPN,Japan,0,W00,World,H6,HS,TRUE,282580,Antimony oxides,Antimony,6,TRUE,C00,TOTAL CPC,0,0,TOTAL MOT,8,kg,5,FALSE,8,kg,5,FALSE,5,FALSE,0,FALSE,23478.567,,23478.567,0,FALSE,TRUE,"Reported NetWgt was present; qty unit was missing, qty set equal to NetWgt (kg)"
C,A,20220101,2022,52,2022,276,DEU,Germany,M,Import,410,KOR,South Korea,0,W00,World,H6,HS,TRUE,282580,Antimony oxides,Antimony,6,TRUE,C00,TOTAL CPC,0,0,TOTAL MOT,8,kg,173400,FALSE,8,kg,173400,FALSE,173400,FALSE,0,FALSE,1963195.989,,1963195.989,0,FALSE,TRUE,
C,A,20220101,2022,52,2022,276,DEU,Germany,M,Import,442,LUX,Luxembourg,0,W00,World,H6,HS,TRUE,282580,Antimony oxides,Antimony,6,TRUE,C00,TOTAL CPC,0,0,TOTAL MOT,8,kg,300,FALSE,8,kg,300,FALSE,300,FALSE,0,FALSE,3113.11,,3113.11,0,FALSE,TRUE,
C,A,20220101,2022,52,2022,276,DEU,Germany,M,Import,528,NLD,Netherlands,0,W00,World,H6,HS,TRUE,282580,Antimony oxides,Antimony,6,TRUE,C00,TOTAL CPC,0,0,TOTAL MOT,8,kg,2534,FALSE,8,kg,2534,FALSE,2534,FALSE,0,FALSE,20286.041,,20286.041,0,FALSE,TRUE,
C,A,20220101,2022,52,2022,276,DEU,Germany,M,Import,642,ROU,Romania,0,W00,World,H6,HS,TRUE,282580,Antimony oxides,Antimony,6,TRUE,C00,TOTAL CPC,0,0,TOTAL MOT,8,kg,25,FALSE,8,kg,25,FALSE,25,FALSE,0,FALSE,433.082,,433.082,0,FALSE,TRUE,
C,A,20220101,2022,52,2022,276,DEU,Germany,M,Import,699,IND,India,0,W00,World,H6,HS,TRUE,282580,Antimony oxides,Antimony,6,TRUE,C00,TOTAL CPC,0,0,TOTAL MOT,8,kg,119,FALSE,8,kg,119,FALSE,119,FALSE,0,FALSE,5173.692,,5173.692,0,FALSE,TRUE,
C,A,20220101,2022,52,2022,276,DEU,Germany,M,Import,724,ESP,Spain,0,W00,World,H6,HS,TRUE,282580,Antimony oxides,Antimony,6,TRUE,C00,TOTAL CPC,0,0,TOTAL MOT,8,kg,14550,FALSE,8,kg,14550,FALSE,14550,FALSE,0,FALSE,153532.443,,153532.443,0,FALSE,TRUE,
C,A,20220101,2022,52,2022,276,DEU,Germany,M,Import,757,CHE,Switzerland,0,W00,World,H6,HS,TRUE,282580,Antimony oxides,Antimony,6,TRUE,C00,TOTAL CPC,0,0,TOTAL MOT,8,kg,147.213,TRUE,-1,N/A,0,FALSE,147.213,TRUE,0,FALSE,1688.915,,1688.915,6,FALSE,TRUE,
C,A,20220101,2022,52,2022,276,DEU,Germany,M,Import,826,GBR,United Kingdom,0,W00,World,H6,HS,TRUE,282580,Antimony oxides,Antimony,6,TRUE,C00,TOTAL CPC,0,0,TOTAL MOT,8,kg,11977,FALSE,8,kg,11977,FALSE,11977,FALSE,0,FALSE,116429.255,,116429.255,0,FALSE,TRUE,
C,A,20220101,2022,52,2022,276,DEU,Germany,M,Import,842,USA,USA,0,W00,World,H6,HS,TRUE,282580,Antimony oxides,Antimony,6,TRUE,C00,TOTAL CPC,0,0,TOTAL MOT,8,kg,73333.757,TRUE,-1,N/A,0,FALSE,73333.757,TRUE,0,FALSE,1070563.584,,1070563.584,6,FALSE,TRUE,
C,A,20220101,2022,52,2022,276,DEU,Germany,M,Import,0,W00,World,0,W00,World,H6,HS,TRUE,283691,Carbonates,Lithium,6,TRUE,C00,TOTAL CPC,0,0,TOTAL MOT,8,kg,3491824.219,TRUE,-1,N/A,0,FALSE,3491824.219,TRUE,0,FALSE,78279049.12,,78279049.12,6,FALSE,TRUE,
C,A,20220101,2022,52,2022,276,DEU,Germany,M,Import,32,ARG,Argentina,0,W00,World,H6,HS,TRUE,283691,Carbonates,Lithium,6,TRUE,C00,TOTAL CPC,0,0,TOTAL MOT,8,kg,201377,FALSE,8,kg,201377,FALSE,201377,FALSE,0,FALSE,5015372.678,,5015372.678,0,FALSE,TRUE,
C,A,20220101,2022,52,2022,276,DEU,Germany,M,Import,40,AUT,Austria,0,W00,World,H6,HS,TRUE,283691,Carbonates,Lithium,6,TRUE,C00,TOTAL CPC,0,0,TOTAL MOT,8,kg,92767,FALSE,8,kg,92767,FALSE,92767,FALSE,0,FALSE,46999.49,,46999.49,0,FALSE,TRUE,
C,A,20220101,2022,52,2022,276,DEU,Germany,M,Import,56,BEL,Belgium,0,W00,World,H6,HS,TRUE,283691,Carbonates,Lithium,6,TRUE,C00,TOTAL CPC,0,0,TOTAL MOT,8,kg,87707,FALSE,8,kg,87707,FALSE,87707,FALSE,0,FALSE,2544095.96,,2544095.96,0,FALSE,TRUE,
C,A,20220101,2022,52,2022,276,DEU,Germany,M,Import,68,BOL,Bolivia,0,W00,World,H6,HS,TRUE,283691,Carbonates,Lithium,6,TRUE,C00,TOTAL CPC,0,0,TOTAL MOT,8,kg,5131,FALSE,8,kg,5131,FALSE,5131,FALSE,0,FALSE,29233.585,,29233.585,0,FALSE,TRUE,
C,A,20220101,2022,52,2022,276,DEU,Germany,M,Import,152,CHL,Chile,0,W00,World,H6,HS,TRUE,283691,Carbonates,Lithium,6,TRUE,C00,TOTAL CPC,0,0,TOTAL MOT,8,kg,2451552.047,TRUE,-1,N/A,0,FALSE,2451552.047,TRUE,0,FALSE,51690372.69,,51690372.69,6,FALSE,TRUE,
C,A,20220101,2022,52,2022,276,DEU,Germany,M,Import,156,CHN,China,0,W00,World,H6,HS,TRUE,283691,Carbonates,Lithium,6,TRUE,C00,TOTAL CPC,0,0,TOTAL MOT,8,kg,315840.148,TRUE,-1,N/A,0,FALSE,315840.148,TRUE,0,FALSE,9536238.422,,9536238.422,6,FALSE,TRUE,
C,A,20220101,2022,52,2022,276,DEU,Germany,M,Import,251,FRA,France,0,W00,World,H6,HS,TRUE,283691,Carbonates,Lithium,6,TRUE,C00,TOTAL CPC,0,0,TOTAL MOT,8,kg,114808.023,TRUE,-1,N/A,0,FALSE,114808.023,TRUE,0,FALSE,3935334.227,,3935334.227,6,FALSE,TRUE,
C,A,20220101,2022,52,2022,276,DEU,Germany,M,Import,528,NLD,Netherlands,0,W00,World,H6,HS,TRUE,283691,Carbonates,Lithium,6,TRUE,C00,TOTAL CPC,0,0,TOTAL MOT,8,kg,69950,FALSE,8,kg,69950,FALSE,69950,FALSE,0,FALSE,1099305.848,,1099305.848,0,FALSE,TRUE,
C,A,20220101,2022,52,2022,276,DEU,Germany,M,Import,616,POL,Poland,0,W00,World,H6,HS,TRUE,283691,Carbonates,Lithium,6,TRUE,C00,TOTAL CPC,0,0,TOTAL MOT,8,kg,8763.873,TRUE,-1,N/A,0,FALSE,8763.873,TRUE,0,FALSE,90652.916,,90652.916,6,FALSE,TRUE,
C,A,20220101,2022,52,2022,276,DEU,Germany,M,Import,757,CHE,Switzerland,0,W00,World,H6,HS,TRUE,283691,Carbonates,Lithium,6,TRUE,C00,TOTAL CPC,0,0,TOTAL MOT,8,kg,502,FALSE,8,kg,502,FALSE,502,FALSE,0,FALSE,4130.695,,4130.695,0,FALSE,TRUE,
C,A,20220101,2022,52,2022,276,DEU,Germany,M,Import,826,GBR,United Kingdom,0,W00,World,H6,HS,TRUE,283691,Carbonates,Lithium,6,TRUE,C00,TOTAL CPC,0,0,TOTAL MOT,8,kg,134949.331,TRUE,-1,N/A,0,FALSE,134949.331,TRUE,0,FALSE,4120000.947,,4120000.947,6,FALSE,TRUE,
C,A,20220101,2022,52,2022,276,DEU,Germany,M,Import,842,USA,USA,0,W00,World,H6,HS,TRUE,283691,Carbonates,Lithium,6,TRUE,C00,TOTAL CPC,0,0,TOTAL MOT,8,kg,8476.797,TRUE,-1,N/A,0,FALSE,8476.797,TRUE,0,FALSE,167311.661,,167311.661,6,FALSE,TRUE,
C,A,20220101,2022,52,2022,276,DEU,Germany,M,Import,0,W00,World,0,W00,World,H6,HS,TRUE,283692,Carbonates,Strontium,6,TRUE,C00,TOTAL CPC,0,0,TOTAL MOT,8,kg,79000.108,TRUE,-1,N/A,0,FALSE,79000.108,TRUE,0,FALSE,536663.102,,536663.102,6,FALSE,TRUE,
C,A,20220101,2022,52,2022,276,DEU,Germany,M,Import,156,CHN,China,0,W00,World,H6,HS,TRUE,283692,Carbonates,Strontium,6,TRUE,C00,TOTAL CPC,0,0,TOTAL MOT,8,kg,139.596,TRUE,-1,N/A,0,FALSE,139.596,TRUE,0,FALSE,1585.145,,1585.145,6,FALSE,TRUE,
C,A,20220101,2022,52,2022,276,DEU,Germany,M,Import,251,FRA,France,0,W00,World,H6,HS,TRUE,283692,Carbonates,Strontium,6,TRUE,C00,TOTAL CPC,0,0,TOTAL MOT,8,kg,31200,FALSE,8,kg,31200,FALSE,31200,FALSE,0,FALSE,24578.745,,24578.745,0,FALSE,TRUE,
C,A,20220101,2022,52,2022,276,DEU,Germany,M,Import,380,ITA,Italy,0,W00,World,H6,HS,TRUE,283692,Carbonates,Strontium,6,TRUE,C00,TOTAL CPC,0,0,TOTAL MOT,8,kg,47108,FALSE,8,kg,47108,FALSE,47108,FALSE,0,FALSE,499989.819,,499989.819,0,FALSE,TRUE,
C,A,20220101,2022,52,2022,276,DEU,Germany,M,Import,699,IND,India,0,W00,World,H6,HS,TRUE,283692,Carbonates,Strontium,6,TRUE,C00,TOTAL CPC,0,0,TOTAL MOT,8,kg,5,FALSE,8,kg,5,FALSE,5,FALSE,0,FALSE,1869.984,,1869.984,0,FALSE,TRUE,
C,A,20220101,2022,52,2022,276,DEU,Germany,M,Import,757,CHE,Switzerland,0,W00,World,H6,HS,TRUE,283692,Carbonates,Strontium,6,TRUE,C00,TOTAL CPC,0,0,TOTAL MOT,8,kg,79,FALSE,8,kg,79,FALSE,79,FALSE,0,FALSE,1562.908,,1562.908,0,FALSE,TRUE,
C,A,20220101,2022,52,2022,276,DEU,Germany,M,Import,826,GBR,United Kingdom,0,W00,World,H6,HS,TRUE,283692,Carbonates,Strontium,6,TRUE,C00,TOTAL CPC,0,0,TOTAL MOT,8,kg,17,FALSE,8,kg,17,FALSE,17,FALSE,0,FALSE,274.25,,274.25,0,FALSE,TRUE,
C,A,20220101,2022,52,2022,276,DEU,Germany,M,Import,842,USA,USA,0,W00,World,H6,HS,TRUE,283692,Carbonates,Strontium,6,TRUE,C00,TOTAL CPC,0,0,TOTAL MOT,8,kg,451.513,TRUE,-1,N/A,0,FALSE,451.513,TRUE,0,FALSE,6802.251,,6802.251,6,FALSE,TRUE,
C,A,20220101,2022,52,2022,276,DEU,Germany,M,Import,0,W00,World,0,W00,World,H6,HS,TRUE,284321,Silver compounds,Silver,6,TRUE,C00,TOTAL CPC,0,0,TOTAL MOT,8,kg,57550.57,TRUE,-1,N/A,0,FALSE,57550.57,TRUE,0,FALSE,18680806.31,,18680806.31,6,FALSE,TRUE,
C,A,20220101,2022,52,2022,276,DEU,Germany,M,Import,40,AUT,Austria,0,W00,World,H6,HS,TRUE,284321,Silver compounds,Silver,6,TRUE,C00,TOTAL CPC,0,0,TOTAL MOT,8,kg,25.295,TRUE,-1,N/A,0,FALSE,25.295,TRUE,0,FALSE,4440.947,,4440.947,6,FALSE,TRUE,
C,A,20220101,2022,52,2022,276,DEU,Germany,M,Import,56,BEL,Belgium,0,W00,World,H6,HS,TRUE,284321,Silver compounds,Silver,6,TRUE,C00,TOTAL CPC,0,0,TOTAL MOT,8,kg,4063.359,TRUE,-1,N/A,0,FALSE,4063.359,TRUE,0,FALSE,188226.678,,188226.678,6,FALSE,TRUE,
C,A,20220101,2022,52,2022,276,DEU,Germany,M,Import,100,BGR,Bulgaria,0,W00,World,H6,HS,TRUE,284321,Silver compounds,Silver,6,TRUE,C00,TOTAL CPC,0,0,TOTAL MOT,8,kg,1700,FALSE,8,kg,1700,FALSE,1700,FALSE,0,FALSE,826943.667,,826943.667,0,FALSE,TRUE,
C,A,20220101,2022,52,2022,276,DEU,Germany,M,Import,156,CHN,China,0,W00,World,H6,HS,TRUE,284321,Silver compounds,Silver,6,TRUE,C00,TOTAL CPC,0,0,TOTAL MOT,8,kg,4,FALSE,8,kg,4,FALSE,4,FALSE,0,FALSE,684.037,,684.037,0,FALSE,TRUE,
C,A,20220101,2022,52,2022,276,DEU,Germany,M,Import,203,CZE,Czechia,0,W00,World,H6,HS,TRUE,284321,Silver compounds,Silver,6,TRUE,C00,TOTAL CPC,0,0,TOTAL MOT,8,kg,3168.088,TRUE,-1,N/A,0,FALSE,3168.088,TRUE,0,FALSE,1019058.555,,1019058.555,6,FALSE,TRUE,
C,A,20220101,2022,52,2022,276,DEU,Germany,M,Import,251,FRA,France,0,W00,World,H6,HS,TRUE,284321,Silver compounds,Silver,6,TRUE,C00,TOTAL CPC,0,0,TOTAL MOT,8,kg,2729.33,TRUE,-1,N/A,0,FALSE,2729.33,TRUE,0,FALSE,320387.727,,320387.727,6,FALSE,TRUE,
C,A,20220101,2022,52,2022,276,DEU,Germany,M,Import,372,IRL,Ireland,0,W00,World,H6,HS,TRUE,284321,Silver compounds,Silver,6,TRUE,C00,TOTAL CPC,0,0,TOTAL MOT,8,kg,17.063,TRUE,-1,N/A,0,FALSE,17.063,TRUE,0,FALSE,5511.475,,5511.475,6,FALSE,TRUE,
C,A,20220101,2022,52,2022,276,DEU,Germany,M,Import,380,ITA,Italy,0,W00,World,H6,HS,TRUE,284321,Silver compounds,Silver,6,TRUE,C00,TOTAL CPC,0,0,TOTAL MOT,8,kg,324,FALSE,8,kg,324,FALSE,324,FALSE,0,FALSE,344356.556,,344356.556,0,FALSE,TRUE,
C,A,20220101,2022,52,2022,276,DEU,Germany,M,Import,392,JPN,Japan,0,W00,World,H6,HS,TRUE,284321,Silver compounds,Silver,6,TRUE,C00,TOTAL CPC,0,0,TOTAL MOT,8,kg,1,FALSE,8,kg,1,FALSE,1,FALSE,0,FALSE,4108.458,,4108.458,0,FALSE,TRUE,
C,A,20220101,2022,52,2022,276,DEU,Germany,M,Import,528,NLD,Netherlands,0,W00,World,H6,HS,TRUE,284321,Silver compounds,Silver,6,TRUE,C00,TOTAL CPC,0,0,TOTAL MOT,8,kg,561.405,TRUE,-1,N/A,0,FALSE,561.405,TRUE,0,FALSE,269045.766,,269045.766,6,FALSE,TRUE,
C,A,20220101,2022,52,2022,276,DEU,Germany,M,Import,616,POL,Poland,0,W00,World,H6,HS,TRUE,284321,Silver compounds,Silver,6,TRUE,C00,TOTAL CPC,0,0,TOTAL MOT,8,kg,127.79,TRUE,-1,N/A,0,FALSE,127.79,TRUE,0,FALSE,43611.071,,43611.071,6,FALSE,TRUE,
C,A,20220101,2022,52,2022,276,DEU,Germany,M,Import,705,SVN,Slovenia,0,W00,World,H6,HS,TRUE,284321,Silver compounds,Silver,6,TRUE,C00,TOTAL CPC,0,0,TOTAL MOT,8,kg,200,FALSE,8,kg,200,FALSE,200,FALSE,0,FALSE,20864.19,,20864.19,0,FALSE,TRUE,
C,A,20220101,2022,52,2022,276,DEU,Germany,M,Import,724,ESP,Spain,0,W00,World,H6,HS,TRUE,284321,Silver compounds,Silver,6,TRUE,C00,TOTAL CPC,0,0,TOTAL MOT,8,kg,49.248,TRUE,-1,N/A,0,FALSE,49.248,TRUE,0,FALSE,18680.778,,18680.778,6,FALSE,TRUE,
C,A,20220101,2022,52,2022,276,DEU,Germany,M,Import,757,CHE,Switzerland,0,W00,World,H6,HS,TRUE,284321,Silver compounds,Silver,6,TRUE,C00,TOTAL CPC,0,0,TOTAL MOT,8,kg,398,FALSE,8,kg,398,FALSE,398,FALSE,0,FALSE,359226.421,,359226.421,0,FALSE,TRUE,
C,A,20220101,2022,52,2022,276,DEU,Germany,M,Import,807,MKD,North Macedonia,0,W00,World,H6,HS,TRUE,284321,Silver compounds,Silver,6,TRUE,C00,TOTAL CPC,0,0,TOTAL MOT,8,kg,2040.32,TRUE,-1,N/A,0,FALSE,2040.32,TRUE,0,FALSE,1197514.938,,1197514.938,6,FALSE,TRUE,
C,A,20220101,2022,52,2022,276,DEU,Germany,M,Import,826,GBR,United Kingdom,0,W00,World,H6,HS,TRUE,284321,Silver compounds,Silver,6,TRUE,C00,TOTAL CPC,0,0,TOTAL MOT,8,kg,41971.921,TRUE,-1,N/A,0,FALSE,41971.921,TRUE,0,FALSE,13871466.45,,13871466.45,6,FALSE,TRUE,
C,A,20220101,2022,52,2022,276,DEU,Germany,M,Import,842,USA,USA,0,W00,World,H6,HS,TRUE,284321,Silver compounds,Silver,6,TRUE,C00,TOTAL CPC,0,0,TOTAL MOT,8,kg,169.751,TRUE,-1,N/A,0,FALSE,169.751,TRUE,0,FALSE,186678.594,,186678.594,6,FALSE,TRUE,
C,A,20220101,2022,52,2022,276,DEU,Germany,M,Import,0,W00,World,0,W00,World,H6,HS,TRUE,284420,"Uranium; enriched in U235, plutonium, their compounds, alloys dispersions (including cermets), ceramic products and mixtures containing uranium enriched in U235, plutonium or compounds of these products",Uranium,6,TRUE,C00,TOTAL CPC,0,0,TOTAL MOT,8,kg,167069.347,TRUE,38,gi F/S,6668251,FALSE,167069.347,TRUE,0,FALSE,188360802.9,,188360802.9,6,FALSE,TRUE,
C,A,20220101,2022,52,2022,276,DEU,Germany,M,Import,56,BEL,Belgium,0,W00,World,H6,HS,TRUE,284420,"Uranium; enriched in U235, plutonium, their compounds, alloys dispersions (including cermets), ceramic products and mixtures containing uranium enriched in U235, plutonium or compounds of these products",Uranium,6,TRUE,C00,TOTAL CPC,0,0,TOTAL MOT,8,kg,0.488,TRUE,38,gi F/S,0,FALSE,0.488,TRUE,0,FALSE,550.618,,550.618,6,FALSE,TRUE,
C,A,20220101,2022,52,2022,276,DEU,Germany,M,Import,156,CHN,China,0,W00,World,H6,HS,TRUE,284420,"Uranium; enriched in U235, plutonium, their compounds, alloys dispersions (including cermets), ceramic products and mixtures containing uranium enriched in U235, plutonium or compounds of these products",Uranium,6,TRUE,C00,TOTAL CPC,0,0,TOTAL MOT,8,kg,0.025,TRUE,38,gi F/S,0,FALSE,0.025,TRUE,0,FALSE,28.59,,28.59,6,FALSE,TRUE,
C,A,20220101,2022,52,2022,276,DEU,Germany,M,Import,251,FRA,France,0,W00,World,H6,HS,TRUE,284420,"Uranium; enriched in U235, plutonium, their compounds, alloys dispersions (including cermets), ceramic products and mixtures containing uranium enriched in U235, plutonium or compounds of these products",Uranium,6,TRUE,C00,TOTAL CPC,0,0,TOTAL MOT,8,kg,42083,FALSE,38,gi F/S,1796790,FALSE,42083,FALSE,0,FALSE,44037298.98,,44037298.98,0,FALSE,TRUE,
C,A,20220101,2022,52,2022,276,DEU,Germany,M,Import,528,NLD,Netherlands,0,W00,World,H6,HS,TRUE,284420,"Uranium; enriched in U235, plutonium, their compounds, alloys dispersions (including cermets), ceramic products and mixtures containing uranium enriched in U235, plutonium or compounds of these products",Uranium,6,TRUE,C00,TOTAL CPC,0,0,TOTAL MOT,8,kg,77364.391,TRUE,38,gi F/S,3235009,FALSE,77364.391,TRUE,0,FALSE,100030150.6,,100030150.6,6,FALSE,TRUE,
C,A,20220101,2022,52,2022,276,DEU,Germany,M,Import,643,RUS,Russia,0,W00,World,H6,HS,TRUE,284420,"Uranium; enriched in U235, plutonium, their compounds, alloys dispersions (including cermets), ceramic products and mixtures containing uranium enriched in U235, plutonium or compounds of these products",Uranium,6,TRUE,C00,TOTAL CPC,0,0,TOTAL MOT,8,kg,47532,FALSE,38,gi F/S,1634080,FALSE,47532,FALSE,0,FALSE,44231019.13,,44231019.13,0,FALSE,TRUE,
C,A,20220101,2022,52,2022,276,DEU,Germany,M,Import,826,GBR,United Kingdom,0,W00,World,H6,HS,TRUE,284420,"Uranium; enriched in U235, plutonium, their compounds, alloys dispersions (including cermets), ceramic products and mixtures containing uranium enriched in U235, plutonium or compounds of these products",Uranium,6,TRUE,C00,TOTAL CPC,0,0,TOTAL MOT,8,kg,1.72,TRUE,38,gi F/S,0,FALSE,1.72,TRUE,0,FALSE,1938.811,,1938.811,6,FALSE,TRUE,
C,A,20220101,2022,52,2022,276,DEU,Germany,M,Import,842,USA,USA,0,W00,World,H6,HS,TRUE,284420,"Uranium; enriched in U235, plutonium, their compounds, alloys dispersions (including cermets), ceramic products and mixtures containing uranium enriched in U235, plutonium or compounds of these products",Uranium,6,TRUE,C00,TOTAL CPC,0,0,TOTAL MOT,8,kg,87.723,TRUE,38,gi F/S,2372,FALSE,87.723,TRUE,0,FALSE,59816.185,,59816.185,6,FALSE,TRUE,
C,A,20220101,2022,52,2022,276,DEU,Germany,M,Import,0,W00,World,0,W00,World,H6,HS,TRUE,710610,Metals,Silver,6,TRUE,C00,TOTAL CPC,0,0,TOTAL MOT,8,kg,42951.854,FALSE,8,kg,42951.854,FALSE,42971.57,FALSE,0,FALSE,30273514.37,,30273514.37,0,FALSE,TRUE,
C,A,20220101,2022,52,2022,276,DEU,Germany,M,Import,36,AUS,Australia,0,W00,World,H6,HS,TRUE,710610,Metals,Silver,6,TRUE,C00,TOTAL CPC,0,0,TOTAL MOT,8,kg,6.51,FALSE,8,kg,6.51,FALSE,6.485,FALSE,0,FALSE,4070.338,,4070.338,0,FALSE,TRUE,
C,A,20220101,2022,52,2022,276,DEU,Germany,M,Import,124,CAN,Canada,0,W00,World,H6,HS,TRUE,710610,Metals,Silver,6,TRUE,C00,TOTAL CPC,0,0,TOTAL MOT,8,kg,3480.47,FALSE,8,kg,3480.47,FALSE,3480.37,FALSE,0,FALSE,1428180.506,,1428180.506,0,FALSE,TRUE,
C,A,20220101,2022,52,2022,276,DEU,Germany,M,Import,156,CHN,China,0,W00,World,H6,HS,TRUE,710610,Metals,Silver,6,TRUE,C00,TOTAL CPC,0,0,TOTAL MOT,8,kg,26.13,FALSE,8,kg,26.13,FALSE,27.546,FALSE,0,FALSE,13064.473,,13064.473,0,FALSE,TRUE,
C,A,20220101,2022,52,2022,276,DEU,Germany,M,Import,203,CZE,Czechia,0,W00,World,H6,HS,TRUE,710610,Metals,Silver,6,TRUE,C00,TOTAL CPC,0,0,TOTAL MOT,8,kg,34,FALSE,8,kg,34,FALSE,34,FALSE,0,FALSE,27512.904,,27512.904,0,FALSE,TRUE,
C,A,20220101,2022,52,2022,276,DEU,Germany,M,Import,208,DNK,Denmark,0,W00,World,H6,HS,TRUE,710610,Metals,Silver,6,TRUE,C00,TOTAL CPC,0,0,TOTAL MOT,8,kg,4,FALSE,8,kg,4,FALSE,4,FALSE,0,FALSE,1778.92,,1778.92,0,FALSE,TRUE,
C,A,20220101,2022,52,2022,276,DEU,Germany,M,Import,246,FIN,Finland,0,W00,World,H6,HS,TRUE,710610,Metals,Silver,6,TRUE,C00,TOTAL CPC,0,0,TOTAL MOT,8,kg,1,FALSE,8,kg,1,FALSE,1,FALSE,0,FALSE,1778.92,,1778.92,0,FALSE,TRUE,
C,A,20220101,2022,52,2022,276,DEU,Germany,M,Import,251,FRA,France,0,W00,World,H6,HS,TRUE,710610,Metals,Silver,6,TRUE,C00,TOTAL CPC,0,0,TOTAL MOT,8,kg,130.025,FALSE,8,kg,130.025,FALSE,130.025,FALSE,0,FALSE,109893.842,,109893.842,0,FALSE,TRUE,
C,A,20220101,2022,52,2022,276,DEU,Germany,M,Import,376,ISR,Israel,0,W00,World,H6,HS,TRUE,710610,Metals,Silver,6,TRUE,C00,TOTAL CPC,0,0,TOTAL MOT,8,kg,5,FALSE,8,kg,5,FALSE,5,FALSE,0,FALSE,1933.517,,1933.517,0,FALSE,TRUE,
C,A,20220101,2022,52,2022,276,DEU,Germany,M,Import,380,ITA,Italy,0,W00,World,H6,HS,TRUE,710610,Metals,Silver,6,TRUE,C00,TOTAL CPC,0,0,TOTAL MOT,8,kg,1052.01,FALSE,8,kg,1052.01,FALSE,1053.12,FALSE,0,FALSE,198004.384,,198004.384,0,FALSE,TRUE,
C,A,20220101,2022,52,2022,276,DEU,Germany,M,Import,392,JPN,Japan,0,W00,World,H6,HS,TRUE,710610,Metals,Silver,6,TRUE,C00,TOTAL CPC,0,0,TOTAL MOT,8,kg,631.384,FALSE,8,kg,631.384,FALSE,636,FALSE,0,FALSE,259066.872,,259066.872,0,FALSE,TRUE,
C,A,20220101,2022,52,2022,276,DEU,Germany,M,Import,410,KOR,South Korea,0,W00,World,H6,HS,TRUE,710610,Metals,Silver,6,TRUE,C00,TOTAL CPC,0,0,TOTAL MOT,8,kg,5.276,FALSE,8,kg,5.276,FALSE,6,FALSE,0,FALSE,3883.975,,3883.975,0,FALSE,TRUE,
C,A,20220101,2022,52,2022,276,DEU,Germany,M,Import,490,S19,"Other Asia, nes",0,W00,World,H6,HS,TRUE,710610,Metals,Silver,6,TRUE,C00,TOTAL CPC,0,0,TOTAL MOT,8,kg,92.81,FALSE,8,kg,92.81,FALSE,93,FALSE,0,FALSE,55384.768,,55384.768,0,FALSE,TRUE,
C,A,20220101,2022,52,2022,276,DEU,Germany,M,Import,528,NLD,Netherlands,0,W00,World,H6,HS,TRUE,710610,Metals,Silver,6,TRUE,C00,TOTAL CPC,0,0,TOTAL MOT,8,kg,19.725,FALSE,8,kg,19.725,FALSE,20,FALSE,0,FALSE,1670.914,,1670.914,0,FALSE,TRUE,
C,A,20220101,2022,52,2022,276,DEU,Germany,M,Import,579,NOR,Norway,0,W00,World,H6,HS,TRUE,710610,Metals,Silver,6,TRUE,C00,TOTAL CPC,0,0,TOTAL MOT,8,kg,0.016,FALSE,8,kg,0.016,FALSE,0.016,FALSE,0,FALSE,11.648,,11.648,0,FALSE,TRUE,
C,A,20220101,2022,52,2022,276,DEU,Germany,M,Import,600,PRY,Paraguay,0,W00,World,H6,HS,TRUE,710610,Metals,Silver,6,TRUE,C00,TOTAL CPC,0,0,TOTAL MOT,8,kg,8,FALSE,8,kg,8,FALSE,8,FALSE,0,FALSE,239.307,,239.307,0,FALSE,TRUE,
C,A,20220101,2022,52,2022,276,DEU,Germany,M,Import,642,ROU,Romania,0,W00,World,H6,HS,TRUE,710610,Metals,Silver,6,TRUE,C00,TOTAL CPC,0,0,TOTAL MOT,8,kg,429.58,FALSE,8,kg,429.58,FALSE,430,FALSE,0,FALSE,42722.67,,42722.67,0,FALSE,TRUE,
C,A,20220101,2022,52,2022,276,DEU,Germany,M,Import,699,IND,India,0,W00,World,H6,HS,TRUE,710610,Metals,Silver,6,TRUE,C00,TOTAL CPC,0,0,TOTAL MOT,8,kg,1,FALSE,8,kg,1,FALSE,1,FALSE,0,FALSE,1105.472,,1105.472,0,FALSE,TRUE,
C,A,20220101,2022,52,2022,276,DEU,Germany,M,Import,702,SGP,Singapore,0,W00,World,H6,HS,TRUE,710610,Metals,Silver,6,TRUE,C00,TOTAL CPC,0,0,TOTAL MOT,8,kg,14.225,FALSE,8,kg,14.225,FALSE,14,FALSE,0,FALSE,6215.631,,6215.631,0,FALSE,TRUE,
C,A,20220101,2022,52,2022,276,DEU,Germany,M,Import,757,CHE,Switzerland,0,W00,World,H6,HS,TRUE,710610,Metals,Silver,6,TRUE,C00,TOTAL CPC,0,0,TOTAL MOT,8,kg,1376.986,FALSE,8,kg,1376.986,FALSE,1377.261,FALSE,0,FALSE,1133664.417,,1133664.417,0,FALSE,TRUE,
C,A,20220101,2022,52,2022,276,DEU,Germany,M,Import,792,TUR,Turkey,0,W00,World,H6,HS,TRUE,710610,Metals,Silver,6,TRUE,C00,TOTAL CPC,0,0,TOTAL MOT,8,kg,1.728,FALSE,8,kg,1.728,FALSE,1.508,FALSE,0,FALSE,1283.364,,1283.364,0,FALSE,TRUE,
C,A,20220101,2022,52,2022,276,DEU,Germany,M,Import,826,GBR,United Kingdom,0,W00,World,H6,HS,TRUE,710610,Metals,Silver,6,TRUE,C00,TOTAL CPC,0,0,TOTAL MOT,8,kg,1163.686,FALSE,8,kg,1163.686,FALSE,1165,FALSE,0,FALSE,1005352.4,,1005352.4,0,FALSE,TRUE,
C,A,20220101,2022,52,2022,276,DEU,Germany,M,Import,842,USA,USA,0,W00,World,H6,HS,TRUE,710610,Metals,Silver,6,TRUE,C00,TOTAL CPC,0,0,TOTAL MOT,8,kg,34468.293,FALSE,8,kg,34468.293,FALSE,34478.239,FALSE,0,FALSE,25976695.13,,25976695.13,0,FALSE,TRUE,
C,A,20220101,2022,52,2022,276,DEU,Germany,M,Import,0,W00,World,0,W00,World,H6,HS,TRUE,260200,"Manganese ores and concentrates, including ferruginous manganese ores and concentrates with a manganese content of 20% or more, calculated on the dry weight",Manganese,6,TRUE,C00,TOTAL CPC,0,0,TOTAL MOT,8,kg,22517446.65,TRUE,-1,N/A,0,FALSE,22517446.65,TRUE,0,FALSE,15144733.73,,15144733.73,6,FALSE,TRUE,
C,A,20220101,2022,52,2022,276,DEU,Germany,M,Import,56,BEL,Belgium,0,W00,World,H6,HS,TRUE,260200,"Manganese ores and concentrates, including ferruginous manganese ores and concentrates with a manganese content of 20% or more, calculated on the dry weight",Manganese,6,TRUE,C00,TOTAL CPC,0,0,TOTAL MOT,8,kg,2167530,FALSE,8,kg,2167530,FALSE,2167530,FALSE,0,FALSE,1898241.055,,1898241.055,0,FALSE,TRUE,
C,A,20220101,2022,52,2022,276,DEU,Germany,M,Import,76,BRA,Brazil,0,W00,World,H6,HS,TRUE,260200,"Manganese ores and concentrates, including ferruginous manganese ores and concentrates with a manganese content of 20% or more, calculated on the dry weight",Manganese,6,TRUE,C00,TOTAL CPC,0,0,TOTAL MOT,8,kg,3980274,FALSE,8,kg,3980274,FALSE,3980274,FALSE,0,FALSE,3162972.697,,3162972.697,0,FALSE,TRUE,
C,A,20220101,2022,52,2022,276,DEU,Germany,M,Import,203,CZE,Czechia,0,W00,World,H6,HS,TRUE,260200,"Manganese ores and concentrates, including ferruginous manganese ores and concentrates with a manganese content of 20% or more, calculated on the dry weight",Manganese,6,TRUE,C00,TOTAL CPC,0,0,TOTAL MOT,8,kg,40.933,TRUE,-1,N/A,0,FALSE,40.933,TRUE,0,FALSE,27.531,,27.531,6,FALSE,TRUE,
C,A,20220101,2022,52,2022,276,DEU,Germany,M,Import,251,FRA,France,0,W00,World,H6,HS,TRUE,260200,"Manganese ores and concentrates, including ferruginous manganese ores and concentrates with a manganese content of 20% or more, calculated on the dry weight",Manganese,6,TRUE,C00,TOTAL CPC,0,0,TOTAL MOT,8,kg,1128290,FALSE,8,kg,1128290,FALSE,1128290,FALSE,0,FALSE,608603.474,,608603.474,0,FALSE,TRUE,
C,A,20220101,2022,52,2022,276,DEU,Germany,M,Import,266,GAB,Gabon,0,W00,World,H6,HS,TRUE,260200,"Manganese ores and concentrates, including ferruginous manganese ores and concentrates with a manganese content of 20% or more, calculated on the dry weight",Manganese,6,TRUE,C00,TOTAL CPC,0,0,TOTAL MOT,8,kg,1912436,FALSE,8,kg,1912436,FALSE,1912436,FALSE,0,FALSE,594619.892,,594619.892,0,FALSE,TRUE,
C,A,20220101,2022,52,2022,276,DEU,Germany,M,Import,328,GUY,Guyana,0,W00,World,H6,HS,TRUE,260200,"Manganese ores and concentrates, including ferruginous manganese ores and concentrates with a manganese content of 20% or more, calculated on the dry weight",Manganese,6,TRUE,C00,TOTAL CPC,0,0,TOTAL MOT,8,kg,23800,FALSE,8,kg,23800,FALSE,23800,FALSE,0,FALSE,14493.962,,14493.962,0,FALSE,TRUE,
C,A,20220101,2022,52,2022,276,DEU,Germany,M,Import,384,CIV,Ivory Coast,0,W00,World,H6,HS,TRUE,260200,"Manganese ores and concentrates, including ferruginous manganese ores and concentrates with a manganese content of 20% or more, calculated on the dry weight",Manganese,6,TRUE,C00,TOTAL CPC,0,0,TOTAL MOT,8,kg,6000,FALSE,8,kg,6000,FALSE,6000,FALSE,0,FALSE,5590.891,,5590.891,0,FALSE,TRUE,
C,A,20220101,2022,52,2022,276,DEU,Germany,M,Import,504,MAR,Morocco,0,W00,World,H6,HS,TRUE,260200,"Manganese ores and concentrates, including ferruginous manganese ores and concentrates with a manganese content of 20% or more, calculated on the dry weight",Manganese,6,TRUE,C00,TOTAL CPC,0,0,TOTAL MOT,8,kg,3574311,FALSE,8,kg,3574311,FALSE,3574311,FALSE,0,FALSE,1726569.981,,1726569.981,0,FALSE,TRUE,
C,A,20220101,2022,52,2022,276,DEU,Germany,M,Import,528,NLD,Netherlands,0,W00,World,H6,HS,TRUE,260200,"Manganese ores and concentrates, including ferruginous manganese ores and concentrates with a manganese content of 20% or more, calculated on the dry weight",Manganese,6,TRUE,C00,TOTAL CPC,0,0,TOTAL MOT,8,kg,7470030.72,TRUE,-1,N/A,0,FALSE,7470030.72,TRUE,0,FALSE,4419711.906,,4419711.906,6,FALSE,TRUE,
C,A,20220101,2022,52,2022,276,DEU,Germany,M,Import,579,NOR,Norway,0,W00,World,H6,HS,TRUE,260200,"Manganese ores and concentrates, including ferruginous manganese ores and concentrates with a manganese content of 20% or more, calculated on the dry weight",Manganese,6,TRUE,C00,TOTAL CPC,0,0,TOTAL MOT,8,kg,220656,FALSE,8,kg,220656,FALSE,220656,FALSE,0,FALSE,653210.951,,653210.951,0,FALSE,TRUE,
C,A,20220101,2022,52,2022,276,DEU,Germany,M,Import,616,POL,Poland,0,W00,World,H6,HS,TRUE,260200,"Manganese ores and concentrates, including ferruginous manganese ores and concentrates with a manganese content of 20% or more, calculated on the dry weight",Manganese,6,TRUE,C00,TOTAL CPC,0,0,TOTAL MOT,8,kg,95960,FALSE,8,kg,95960,FALSE,95960,FALSE,0,FALSE,152081.776,,152081.776,0,FALSE,TRUE,
C,A,20220101,2022,52,2022,276,DEU,Germany,M,Import,699,IND,India,0,W00,World,H6,HS,TRUE,260200,"Manganese ores and concentrates, including ferruginous manganese ores and concentrates with a manganese content of 20% or more, calculated on the dry weight",Manganese,6,TRUE,C00,TOTAL CPC,0,0,TOTAL MOT,8,kg,35065,FALSE,8,kg,35065,FALSE,35065,FALSE,0,FALSE,60108.436,,60108.436,0,FALSE,TRUE,
C,A,20220101,2022,52,2022,276,DEU,Germany,M,Import,710,ZAF,South Africa,0,W00,World,H6,HS,TRUE,260200,"Manganese ores and concentrates, including ferruginous manganese ores and concentrates with a manganese content of 20% or more, calculated on the dry weight",Manganese,6,TRUE,C00,TOTAL CPC,0,0,TOTAL MOT,8,kg,931226,FALSE,8,kg,931226,FALSE,931226,FALSE,0,FALSE,483450.099,,483450.099,0,FALSE,TRUE,
C,A,20220101,2022,52,2022,276,DEU,Germany,M,Import,724,ESP,Spain,0,W00,World,H6,HS,TRUE,260200,"Manganese ores and concentrates, including ferruginous manganese ores and concentrates with a manganese content of 20% or more, calculated on the dry weight",Manganese,6,TRUE,C00,TOTAL CPC,0,0,TOTAL MOT,8,kg,432000,FALSE,8,kg,432000,FALSE,432000,FALSE,0,FALSE,325415.294,,325415.294,0,FALSE,TRUE,
C,A,20220101,2022,52,2022,276,DEU,Germany,M,Import,792,TUR,Turkey,0,W00,World,H6,HS,TRUE,260200,"Manganese ores and concentrates, including ferruginous manganese ores and concentrates with a manganese content of 20% or more, calculated on the dry weight",Manganese,6,TRUE,C00,TOTAL CPC,0,0,TOTAL MOT,8,kg,227120,FALSE,8,kg,227120,FALSE,227120,FALSE,0,FALSE,77765.276,,77765.276,0,FALSE,TRUE,
C,A,20220101,2022,52,2022,276,DEU,Germany,M,Import,826,GBR,United Kingdom,0,W00,World,H6,HS,TRUE,260200,"Manganese ores and concentrates, including ferruginous manganese ores and concentrates with a manganese content of 20% or more, calculated on the dry weight",Manganese,6,TRUE,C00,TOTAL CPC,0,0,TOTAL MOT,8,kg,210370,FALSE,8,kg,210370,FALSE,210370,FALSE,0,FALSE,569002.385,,569002.385,0,FALSE,TRUE,
C,A,20220101,2022,52,2022,276,DEU,Germany,M,Import,842,USA,USA,0,W00,World,H6,HS,TRUE,260200,"Manganese ores and concentrates, including ferruginous manganese ores and concentrates with a manganese content of 20% or more, calculated on the dry weight",Manganese,6,TRUE,C00,TOTAL CPC,0,0,TOTAL MOT,8,kg,102337,FALSE,8,kg,102337,FALSE,102337,FALSE,0,FALSE,392868.128,,392868.128,0,FALSE,TRUE,
C,A,20220101,2022,52,2022,276,DEU,Germany,M,Import,0,W00,World,0,W00,World,H6,HS,TRUE,261610,Silver ores and concentrates,Silver,6,TRUE,C00,TOTAL CPC,0,0,TOTAL MOT,8,kg,3180457,FALSE,8,kg,3180457,FALSE,3180457,FALSE,0,FALSE,27187296.77,,27187296.77,0,FALSE,TRUE,
C,A,20220101,2022,52,2022,276,DEU,Germany,M,Import,124,CAN,Canada,0,W00,World,H6,HS,TRUE,261610,Silver ores and concentrates,Silver,6,TRUE,C00,TOTAL CPC,0,0,TOTAL MOT,8,kg,652,FALSE,8,kg,652,FALSE,652,FALSE,0,FALSE,407824.821,,407824.821,0,FALSE,TRUE,
C,A,20220101,2022,52,2022,276,DEU,Germany,M,Import,156,CHN,China,0,W00,World,H6,HS,TRUE,261610,Silver ores and concentrates,Silver,6,TRUE,C00,TOTAL CPC,0,0,TOTAL MOT,8,kg,1127880,FALSE,8,kg,1127880,FALSE,1127880,FALSE,0,FALSE,9422264.712,,9422264.712,0,FALSE,TRUE,
C,A,20220101,2022,52,2022,276,DEU,Germany,M,Import,398,KAZ,Kazakhstan,0,W00,World,H6,HS,TRUE,261610,Silver ores and concentrates,Silver,6,TRUE,C00,TOTAL CPC,0,0,TOTAL MOT,8,kg,71152,FALSE,8,kg,71152,FALSE,71152,FALSE,0,FALSE,2247756.479,,2247756.479,0,FALSE,TRUE,
C,A,20220101,2022,52,2022,276,DEU,Germany,M,Import,484,MEX,Mexico,0,W00,World,H6,HS,TRUE,261610,Silver ores and concentrates,Silver,6,TRUE,C00,TOTAL CPC,0,0,TOTAL MOT,8,kg,464803,FALSE,8,kg,464803,FALSE,464803,FALSE,0,FALSE,3177451.835,,3177451.835,0,FALSE,TRUE,
C,A,20220101,2022,52,2022,276,DEU,Germany,M,Import,604,PER,Peru,0,W00,World,H6,HS,TRUE,261610,Silver ores and concentrates,Silver,6,TRUE,C00,TOTAL CPC,0,0,TOTAL MOT,8,kg,1515970,FALSE,8,kg,1515970,FALSE,1515970,FALSE,0,FALSE,11931998.93,,11931998.93,0,FALSE,TRUE,
C,A,20220101,2022,52,2022,276,DEU,Germany,M,Import,0,W00,World,0,W00,World,H6,HS,TRUE,261710,Antimony ores and concentrates,Antimony,6,TRUE,C00,TOTAL CPC,0,0,TOTAL MOT,8,kg,2695.861,TRUE,-1,N/A,0,FALSE,2695.861,TRUE,0,FALSE,30274.465,,30274.465,6,FALSE,TRUE,
C,A,20220101,2022,52,2022,276,DEU,Germany,M,Import,251,FRA,France,0,W00,World,H6,HS,TRUE,261710,Antimony ores and concentrates,Antimony,6,TRUE,C00,TOTAL CPC,0,0,TOTAL MOT,8,kg,2500,FALSE,8,kg,2500,FALSE,2500,FALSE,0,FALSE,29639.137,,29639.137,0,FALSE,TRUE,
C,A,20220101,2022,52,2022,276,DEU,Germany,M,Import,842,USA,USA,0,W00,World,H6,HS,TRUE,261710,Antimony ores and concentrates,Antimony,6,TRUE,C00,TOTAL CPC,0,0,TOTAL MOT,8,kg,195.861,TRUE,-1,N/A,0,FALSE,195.861,TRUE,0,FALSE,635.329,,635.329,6,FALSE,TRUE,
C,A,20220101,2022,52,2022,276,DEU,Germany,M,Import,0,W00,World,0,W00,World,H6,HS,TRUE,271111,"Petroleum gases and other gaseous hydrocarbons; liquefied, natural gas",Natural gas,6,TRUE,C00,TOTAL CPC,0,0,TOTAL MOT,8,kg,136267000,FALSE,3,1000 kWh,2008350,FALSE,136267000,FALSE,0,FALSE,232890347.1,,232890347.1,0,FALSE,TRUE,
C,A,20220101,2022,52,2022,276,DEU,Germany,M,Import,899,_X ,"Areas, nes",0,W00,World,H6,HS,TRUE,271111,"Petroleum gases and other gaseous hydrocarbons; liquefied, natural gas",Natural gas,6,TRUE,C00,TOTAL CPC,0,0,TOTAL MOT,8,kg,136267000,FALSE,3,1000 kWh,2008350,FALSE,136267000,FALSE,0,FALSE,232890347.1,,232890347.1,0,FALSE,TRUE,
C,A,20220101,2022,52,2022,276,DEU,Germany,M,Import,0,W00,World,0,W00,World,H6,HS,TRUE,2824,Lead oxides,Lead,4,FALSE,C00,TOTAL CPC,0,0,TOTAL MOT,8,kg,2088739.498,TRUE,-1,N/A,0,FALSE,2088739.498,TRUE,0,FALSE,5666580.226,,5666580.226,6,FALSE,TRUE,
C,A,20220101,2022,52,2022,276,DEU,Germany,M,Import,56,BEL,Belgium,0,W00,World,H6,HS,TRUE,2824,Lead oxides,Lead,4,FALSE,C00,TOTAL CPC,0,0,TOTAL MOT,8,kg,3805.593,TRUE,-1,N/A,0,FALSE,3805.593,TRUE,0,FALSE,8608.702,,8608.702,6,FALSE,TRUE,
C,A,20220101,2022,52,2022,276,DEU,Germany,M,Import,156,CHN,China,0,W00,World,H6,HS,TRUE,2824,Lead oxides,Lead,4,FALSE,C00,TOTAL CPC,0,0,TOTAL MOT,8,kg,111,FALSE,8,kg,111,FALSE,111,FALSE,0,FALSE,3118.404,,3118.404,0,FALSE,TRUE,
C,A,20220101,2022,52,2022,276,DEU,Germany,M,Import,251,FRA,France,0,W00,World,H6,HS,TRUE,2824,Lead oxides,Lead,4,FALSE,C00,TOTAL CPC,0,0,TOTAL MOT,8,kg,500,FALSE,8,kg,500,FALSE,500,FALSE,0,FALSE,5982.677,,5982.677,0,FALSE,TRUE,
C,A,20220101,2022,52,2022,276,DEU,Germany,M,Import,380,ITA,Italy,0,W00,World,H6,HS,TRUE,2824,Lead oxides,Lead,4,FALSE,C00,TOTAL CPC,0,0,TOTAL MOT,8,kg,1137000,FALSE,8,kg,1137000,FALSE,1137000,FALSE,0,FALSE,2873393.111,,2873393.111,0,FALSE,TRUE,
C,A,20220101,2022,52,2022,276,DEU,Germany,M,Import,392,JPN,Japan,0,W00,World,H6,HS,TRUE,2824,Lead oxides,Lead,4,FALSE,C00,TOTAL CPC,0,0,TOTAL MOT,8,kg,36000,FALSE,8,kg,36000,FALSE,36000,FALSE,0,FALSE,228435.564,,228435.564,0,FALSE,TRUE,
C,A,20220101,2022,52,2022,276,DEU,Germany,M,Import,410,KOR,South Korea,0,W00,World,H6,HS,TRUE,2824,Lead oxides,Lead,4,FALSE,C00,TOTAL CPC,0,0,TOTAL MOT,8,kg,23271,FALSE,8,kg,23271,FALSE,23271,FALSE,0,FALSE,81650.31,,81650.31,0,FALSE,TRUE,
C,A,20220101,2022,52,2022,276,DEU,Germany,M,Import,616,POL,Poland,0,W00,World,H6,HS,TRUE,2824,Lead oxides,Lead,4,FALSE,C00,TOTAL CPC,0,0,TOTAL MOT,8,kg,230713,FALSE,8,kg,230713,FALSE,230713,FALSE,0,FALSE,651524.154,,651524.154,0,FALSE,TRUE,
C,A,20220101,2022,52,2022,276,DEU,Germany,M,Import,710,ZAF,South Africa,0,W00,World,H6,HS,TRUE,2824,Lead oxides,Lead,4,FALSE,C00,TOTAL CPC,0,0,TOTAL MOT,8,kg,39400,FALSE,8,kg,39400,FALSE,39400,FALSE,0,FALSE,192917.52,,192917.52,0,FALSE,TRUE,
C,A,20220101,2022,52,2022,276,DEU,Germany,M,Import,724,ESP,Spain,0,W00,World,H6,HS,TRUE,2824,Lead oxides,Lead,4,FALSE,C00,TOTAL CPC,0,0,TOTAL MOT,8,kg,611335,FALSE,8,kg,611335,FALSE,611335,FALSE,0,FALSE,1563875.041,,1563875.041,0,FALSE,TRUE,
C,A,20220101,2022,52,2022,276,DEU,Germany,M,Import,757,CHE,Switzerland,0,W00,World,H6,HS,TRUE,2824,Lead oxides,Lead,4,FALSE,C00,TOTAL CPC,0,0,TOTAL MOT,8,kg,324.002,TRUE,-1,N/A,0,FALSE,324.002,TRUE,0,FALSE,8736.827,,8736.827,6,FALSE,TRUE,
C,A,20220101,2022,52,2022,276,DEU,Germany,M,Import,826,GBR,United Kingdom,0,W00,World,H6,HS,TRUE,2824,Lead oxides,Lead,4,FALSE,C00,TOTAL CPC,0,0,TOTAL MOT,8,kg,3393,FALSE,8,kg,3393,FALSE,3393,FALSE,0,FALSE,21530.226,,21530.226,0,FALSE,TRUE,
C,A,20220101,2022,52,2022,276,DEU,Germany,M,Import,842,USA,USA,0,W00,World,H6,HS,TRUE,2824,Lead oxides,Lead,4,FALSE,C00,TOTAL CPC,0,0,TOTAL MOT,8,kg,2886.902,TRUE,-1,N/A,0,FALSE,2886.902,TRUE,0,FALSE,26807.689,,26807.689,6,FALSE,TRUE,
C,A,20220101,2022,52,2022,276,DEU,Germany,M,Import,0,W00,World,0,W00,World,H6,HS,TRUE,7403,"Copper; refined and copper alloys, unwrought",Copper,4,FALSE,C00,TOTAL CPC,0,0,TOTAL MOT,8,kg,634330703.167,TRUE,-1,N/A,0,FALSE,634330703.167,TRUE,0,FALSE,5658167381,,5658167381,0,FALSE,TRUE,"World NetWgt = sum of partners, incl. estimated partner weights"
C,A,20220101,2022,52,2022,276,DEU,Germany,M,Import,36,AUS,Australia,0,W00,World,H6,HS,TRUE,7403,"Copper; refined and copper alloys, unwrought",Copper,4,FALSE,C00,TOTAL CPC,0,0,TOTAL MOT,8,kg,208,FALSE,8,kg,208,FALSE,208,FALSE,0,FALSE,8227.505,,8227.505,0,FALSE,TRUE,
C,A,20220101,2022,52,2022,276,DEU,Germany,M,Import,40,AUT,Austria,0,W00,World,H6,HS,TRUE,7403,"Copper; refined and copper alloys, unwrought",Copper,4,FALSE,C00,TOTAL CPC,0,0,TOTAL MOT,8,kg,39647095,FALSE,8,kg,39647095,FALSE,39647095,FALSE,0,FALSE,355516292.9,,355516292.9,0,FALSE,TRUE,
C,A,20220101,2022,52,2022,276,DEU,Germany,M,Import,56,BEL,Belgium,0,W00,World,H6,HS,TRUE,7403,"Copper; refined and copper alloys, unwrought",Copper,4,FALSE,C00,TOTAL CPC,0,0,TOTAL MOT,8,kg,105177116.2,TRUE,-1,N/A,0,FALSE,105177116.2,TRUE,0,FALSE,929366205.3,,929366205.3,6,FALSE,TRUE,
C,A,20220101,2022,52,2022,276,DEU,Germany,M,Import,70,BIH,Bosnia and Herzegovina,0,W00,World,H6,HS,TRUE,7403,"Copper; refined and copper alloys, unwrought",Copper,4,FALSE,C00,TOTAL CPC,0,0,TOTAL MOT,8,kg,179,FALSE,8,kg,179,FALSE,179,FALSE,0,FALSE,410.846,,410.846,0,FALSE,TRUE,
C,A,20220101,2022,52,2022,276,DEU,Germany,M,Import,76,BRA,Brazil,0,W00,World,H6,HS,TRUE,7403,"Copper; refined and copper alloys, unwrought",Copper,4,FALSE,C00,TOTAL CPC,0,0,TOTAL MOT,8,kg,1123398,FALSE,8,kg,1123398,FALSE,1123398,FALSE,0,FALSE,11246817.18,,11246817.18,0,FALSE,TRUE,
C,A,20220101,2022,52,2022,276,DEU,Germany,M,Import,100,BGR,Bulgaria,0,W00,World,H6,HS,TRUE,7403,"Copper; refined and copper alloys, unwrought",Copper,4,FALSE,C00,TOTAL CPC,0,0,TOTAL MOT,8,kg,4382753,FALSE,8,kg,4382753,FALSE,4382753,FALSE,0,FALSE,43956477.77,,43956477.77,0,FALSE,TRUE,
C,A,20220101,2022,52,2022,276,DEU,Germany,M,Import,124,CAN,Canada,0,W00,World,H6,HS,TRUE,7403,"Copper; refined and copper alloys, unwrought",Copper,4,FALSE,C00,TOTAL CPC,0,0,TOTAL MOT,8,kg,304.51,TRUE,-1,N/A,0,FALSE,304.51,TRUE,0,FALSE,2712.853,,2712.853,6,FALSE,TRUE,
C,A,20220101,2022,52,2022,276,DEU,Germany,M,Import,152,CHL,Chile,0,W00,World,H6,HS,TRUE,7403,"Copper; refined and copper alloys, unwrought",Copper,4,FALSE,C00,TOTAL CPC,0,0,TOTAL MOT,8,kg,6304670,FALSE,8,kg,6304670,FALSE,6304670,FALSE,0,FALSE,55474332.48,,55474332.48,0,FALSE,TRUE,
C,A,20220101,2022,52,2022,276,DEU,Germany,M,Import,156,CHN,China,0,W00,World,H6,HS,TRUE,7403,"Copper; refined and copper alloys, unwrought",Copper,4,FALSE,C00,TOTAL CPC,0,0,TOTAL MOT,8,kg,661646.71,TRUE,-1,N/A,0,FALSE,661646.71,TRUE,0,FALSE,6156521.265,,6156521.265,6,FALSE,TRUE,
C,A,20220101,2022,52,2022,276,DEU,Germany,M,Import,170,COL,Colombia,0,W00,World,H6,HS,TRUE,7403,"Copper; refined and copper alloys, unwrought",Copper,4,FALSE,C00,TOTAL CPC,0,0,TOTAL MOT,8,kg,23008,FALSE,8,kg,23008,FALSE,23008,FALSE,0,FALSE,214421.275,,214421.275,0,FALSE,TRUE,
C,A,20220101,2022,52,2022,276,DEU,Germany,M,Import,178,COG,Republic of the Congo,0,W00,World,H6,HS,TRUE,7403,"Copper; refined and copper alloys, unwrought",Copper,4,FALSE,C00,TOTAL CPC,0,0,TOTAL MOT,8,kg,1450789,FALSE,8,kg,1450789,FALSE,1450789,FALSE,0,FALSE,12374488.33,,12374488.33,0,FALSE,TRUE,
C,A,20220101,2022,52,2022,276,DEU,Germany,M,Import,180,COD,Democratic Republic of the Congo,0,W00,World,H6,HS,TRUE,7403,"Copper; refined and copper alloys, unwrought",Copper,4,FALSE,C00,TOTAL CPC,0,0,TOTAL MOT,8,kg,16022399,FALSE,8,kg,16022399,FALSE,16022399,FALSE,0,FALSE,138309213.7,,138309213.7,0,FALSE,TRUE,
C,A,20220101,2022,52,2022,276,DEU,Germany,M,Import,191,HRV,Croatia,0,W00,World,H6,HS,TRUE,7403,"Copper; refined and copper alloys, unwrought",Copper,4,FALSE,C00,TOTAL CPC,0,0,TOTAL MOT,8,kg,12436,FALSE,8,kg,12436,FALSE,12436,FALSE,0,FALSE,124865.359,,124865.359,0,FALSE,TRUE,
C,A,20220101,2022,52,2022,276,DEU,Germany,M,Import,203,CZE,Czechia,0,W00,World,H6,HS,TRUE,7403,"Copper; refined and copper alloys, unwrought",Copper,4,FALSE,C00,TOTAL CPC,0,0,TOTAL MOT,8,kg,273916.064,TRUE,-1,N/A,0,FALSE,273916.064,TRUE,0,FALSE,2679701.549,,2679701.549,6,FALSE,TRUE,
C,A,20220101,2022,52,2022,276,DEU,Germany,M,Import,208,DNK,Denmark,0,W00,World,H6,HS,TRUE,7403,"Copper; refined and copper alloys, unwrought",Copper,4,FALSE,C00,TOTAL CPC,0,0,TOTAL MOT,8,kg,395758.707,TRUE,-1,N/A,0,FALSE,395758.707,TRUE,0,FALSE,1930211.847,,1930211.847,6,FALSE,TRUE,
C,A,20220101,2022,52,2022,276,DEU,Germany,M,Import,246,FIN,Finland,0,W00,World,H6,HS,TRUE,7403,"Copper; refined and copper alloys, unwrought",Copper,4,FALSE,C00,TOTAL CPC,0,0,TOTAL MOT,8,kg,45238648.29,TRUE,-1,N/A,0,FALSE,45238648.29,TRUE,0,FALSE,417909029.5,,417909029.5,6,FALSE,TRUE,
C,A,20220101,2022,52,2022,276,DEU,Germany,M,Import,251,FRA,France,0,W00,World,H6,HS,TRUE,7403,"Copper; refined and copper alloys, unwrought",Copper,4,FALSE,C00,TOTAL CPC,0,0,TOTAL MOT,8,kg,18437326.31,TRUE,-1,N/A,0,FALSE,18437326.31,TRUE,0,FALSE,159882991.8,,159882991.8,6,FALSE,TRUE,
C,A,20220101,2022,52,2022,276,DEU,Germany,M,Import,288,GHA,Ghana,0,W00,World,H6,HS,TRUE,7403,"Copper; refined and copper alloys, unwrought",Copper,4,FALSE,C00,TOTAL CPC,0,0,TOTAL MOT,8,kg,60,FALSE,8,kg,60,FALSE,60,FALSE,0,FALSE,2399.424,,2399.424,0,FALSE,TRUE,
C,A,20220101,2022,52,2022,276,DEU,Germany,M,Import,300,GRC,Greece,0,W00,World,H6,HS,TRUE,7403,"Copper; refined and copper alloys, unwrought",Copper,4,FALSE,C00,TOTAL CPC,0,0,TOTAL MOT,8,kg,62364,FALSE,8,kg,62364,FALSE,62364,FALSE,0,FALSE,658947.968,,658947.968,0,FALSE,TRUE,
C,A,20220101,2022,52,2022,276,DEU,Germany,M,Import,344,HKG,Hong Kong,0,W00,World,H6,HS,TRUE,7403,"Copper; refined and copper alloys, unwrought",Copper,4,FALSE,C00,TOTAL CPC,0,0,TOTAL MOT,8,kg,57502,FALSE,8,kg,57502,FALSE,57502,FALSE,0,FALSE,509587.516,,509587.516,0,FALSE,TRUE,
C,A,20220101,2022,52,2022,276,DEU,Germany,M,Import,348,HUN,Hungary,0,W00,World,H6,HS,TRUE,7403,"Copper; refined and copper alloys, unwrought",Copper,4,FALSE,C00,TOTAL CPC,0,0,TOTAL MOT,8,kg,148921,FALSE,8,kg,148921,FALSE,148921,FALSE,0,FALSE,1393235.317,,1393235.317,0,FALSE,TRUE,
C,A,20220101,2022,52,2022,276,DEU,Germany,M,Import,360,IDN,Indonesia,0,W00,World,H6,HS,TRUE,7403,"Copper; refined and copper alloys, unwrought",Copper,4,FALSE,C00,TOTAL CPC,0,0,TOTAL MOT,8,kg,65,FALSE,8,kg,65,FALSE,65,FALSE,0,FALSE,6310.93,,6310.93,0,FALSE,TRUE,
C,A,20220101,2022,52,2022,276,DEU,Germany,M,Import,372,IRL,Ireland,0,W00,World,H6,HS,TRUE,7403,"Copper; refined and copper alloys, unwrought",Copper,4,FALSE,C00,TOTAL CPC,0,0,TOTAL MOT,8,kg,7095,FALSE,8,kg,7095,FALSE,7095,FALSE,0,FALSE,478915.97,,478915.97,0,FALSE,TRUE,
C,A,20220101,2022,52,2022,276,DEU,Germany,M,Import,376,ISR,Israel,0,W00,World,H6,HS,TRUE,7403,"Copper; refined and copper alloys, unwrought",Copper,4,FALSE,C00,TOTAL CPC,0,0,TOTAL MOT,8,kg,397.322,TRUE,-1,N/A,0,FALSE,397.322,TRUE,0,FALSE,3544.075,,3544.075,0,FALSE,TRUE,NetWgt estimated from value at 8.9199 USD/kg (avg of other partners)
C,A,20220101,2022,52,2022,276,DEU,Germany,M,Import,380,ITA,Italy,0,W00,World,H6,HS,TRUE,7403,"Copper; refined and copper alloys, unwrought",Copper,4,FALSE,C00,TOTAL CPC,0,0,TOTAL MOT,8,kg,9401478.286,TRUE,-1,N/A,0,FALSE,9401478.286,TRUE,0,FALSE,87701529.85,,87701529.85,6,FALSE,TRUE,
C,A,20220101,2022,52,2022,276,DEU,Germany,M,Import,392,JPN,Japan,0,W00,World,H6,HS,TRUE,7403,"Copper; refined and copper alloys, unwrought",Copper,4,FALSE,C00,TOTAL CPC,0,0,TOTAL MOT,8,kg,273784.138,TRUE,-1,N/A,0,FALSE,273784.138,TRUE,0,FALSE,2840198.252,,2840198.252,6,FALSE,TRUE,
C,A,20220101,2022,52,2022,276,DEU,Germany,M,Import,398,KAZ,Kazakhstan,0,W00,World,H6,HS,TRUE,7403,"Copper; refined and copper alloys, unwrought",Copper,4,FALSE,C00,TOTAL CPC,0,0,TOTAL MOT,8,kg,704497,FALSE,8,kg,704497,FALSE,704497,FALSE,0,FALSE,5795861.119,,5795861.119,0,FALSE,TRUE,
C,A,20220101,2022,52,2022,276,DEU,Germany,M,Import,410,KOR,South Korea,0,W00,World,H6,HS,TRUE,7403,"Copper; refined and copper alloys, unwrought",Copper,4,FALSE,C00,TOTAL CPC,0,0,TOTAL MOT,8,kg,111893,FALSE,8,kg,111893,FALSE,111893,FALSE,0,FALSE,713718.586,,713718.586,0,FALSE,TRUE,
C,A,20220101,2022,52,2022,276,DEU,Germany,M,Import,417,KGZ,Kyrgyzstan,0,W00,World,H6,HS,TRUE,7403,"Copper; refined and copper alloys, unwrought",Copper,4,FALSE,C00,TOTAL CPC,0,0,TOTAL MOT,8,kg,20000,FALSE,8,kg,20000,FALSE,20000,FALSE,0,FALSE,19059.857,,19059.857,0,FALSE,TRUE,
C,A,20220101,2022,52,2022,276,DEU,Germany,M,Import,428,LVA,Latvia,0,W00,World,H6,HS,TRUE,7403,"Copper; refined and copper alloys, unwrought",Copper,4,FALSE,C00,TOTAL CPC,0,0,TOTAL MOT,8,kg,5611,FALSE,8,kg,5611,FALSE,5611,FALSE,0,FALSE,57583.005,,57583.005,0,FALSE,TRUE,
C,A,20220101,2022,52,2022,276,DEU,Germany,M,Import,442,LUX,Luxembourg,0,W00,World,H6,HS,TRUE,7403,"Copper; refined and copper alloys, unwrought",Copper,4,FALSE,C00,TOTAL CPC,0,0,TOTAL MOT,8,kg,3368580,FALSE,8,kg,3368580,FALSE,3368580,FALSE,0,FALSE,30127959.53,,30127959.53,0,FALSE,TRUE,
C,A,20220101,2022,52,2022,276,DEU,Germany,M,Import,490,S19,"Other Asia, nes",0,W00,World,H6,HS,TRUE,7403,"Copper; refined and copper alloys, unwrought",Copper,4,FALSE,C00,TOTAL CPC,0,0,TOTAL MOT,8,kg,107082.287,TRUE,-1,N/A,0,FALSE,107082.287,TRUE,0,FALSE,874346.59,,874346.59,6,FALSE,TRUE,
C,A,20220101,2022,52,2022,276,DEU,Germany,M,Import,498,MDA,Moldova,0,W00,World,H6,HS,TRUE,7403,"Copper; refined and copper alloys, unwrought",Copper,4,FALSE,C00,TOTAL CPC,0,0,TOTAL MOT,8,kg,19638,FALSE,8,kg,19638,FALSE,19638,FALSE,0,FALSE,204443.439,,204443.439,0,FALSE,TRUE,
C,A,20220101,2022,52,2022,276,DEU,Germany,M,Import,524,NPL,Nepal,0,W00,World,H6,HS,TRUE,7403,"Copper; refined and copper alloys, unwrought",Copper,4,FALSE,C00,TOTAL CPC,0,0,TOTAL MOT,8,kg,250,FALSE,8,kg,250,FALSE,250,FALSE,0,FALSE,2508.489,,2508.489,0,FALSE,TRUE,
C,A,20220101,2022,52,2022,276,DEU,Germany,M,Import,528,NLD,Netherlands,0,W00,World,H6,HS,TRUE,7403,"Copper; refined and copper alloys, unwrought",Copper,4,FALSE,C00,TOTAL CPC,0,0,TOTAL MOT,8,kg,6266847.095,TRUE,-1,N/A,0,FALSE,6266847.095,TRUE,0,FALSE,57530947.18,,57530947.18,6,FALSE,TRUE,
C,A,20220101,2022,52,2022,276,DEU,Germany,M,Import,579,NOR,Norway,0,W00,World,H6,HS,TRUE,7403,"Copper; refined and copper alloys, unwrought",Copper,4,FALSE,C00,TOTAL CPC,0,0,TOTAL MOT,8,kg,5945044,FALSE,8,kg,5945044,FALSE,5945044,FALSE,0,FALSE,51425153.72,,51425153.72,0,FALSE,TRUE,
C,A,20220101,2022,52,2022,276,DEU,Germany,M,Import,604,PER,Peru,0,W00,World,H6,HS,TRUE,7403,"Copper; refined and copper alloys, unwrought",Copper,4,FALSE,C00,TOTAL CPC,0,0,TOTAL MOT,8,kg,215183,FALSE,8,kg,215183,FALSE,215183,FALSE,0,FALSE,1836930.789,,1836930.789,0,FALSE,TRUE,
C,A,20220101,2022,52,2022,276,DEU,Germany,M,Import,616,POL,Poland,0,W00,World,H6,HS,TRUE,7403,"Copper; refined and copper alloys, unwrought",Copper,4,FALSE,C00,TOTAL CPC,0,0,TOTAL MOT,8,kg,100196966,FALSE,8,kg,100196966,FALSE,100196966,FALSE,0,FALSE,880268198.7,,880268198.7,0,FALSE,TRUE,
C,A,20220101,2022,52,2022,276,DEU,Germany,M,Import,620,PRT,Portugal,0,W00,World,H6,HS,TRUE,7403,"Copper; refined and copper alloys, unwrought",Copper,4,FALSE,C00,TOTAL CPC,0,0,TOTAL MOT,8,kg,1323389,FALSE,8,kg,1323389,FALSE,1323389,FALSE,0,FALSE,13091905.59,,13091905.59,0,FALSE,TRUE,
C,A,20220101,2022,52,2022,276,DEU,Germany,M,Import,642,ROU,Romania,0,W00,World,H6,HS,TRUE,7403,"Copper; refined and copper alloys, unwrought",Copper,4,FALSE,C00,TOTAL CPC,0,0,TOTAL MOT,8,kg,25144.912,TRUE,-1,N/A,0,FALSE,25144.912,TRUE,0,FALSE,383095.716,,383095.716,6,FALSE,TRUE,
C,A,20220101,2022,52,2022,276,DEU,Germany,M,Import,643,RUS,Russia,0,W00,World,H6,HS,TRUE,7403,"Copper; refined and copper alloys, unwrought",Copper,4,FALSE,C00,TOTAL CPC,0,0,TOTAL MOT,8,kg,152368194,FALSE,8,kg,152368194,FALSE,152368194,FALSE,0,FALSE,1376899833,,1376899833,0,FALSE,TRUE,
C,A,20220101,2022,52,2022,276,DEU,Germany,M,Import,688,SRB,Serbia,0,W00,World,H6,HS,TRUE,7403,"Copper; refined and copper alloys, unwrought",Copper,4,FALSE,C00,TOTAL CPC,0,0,TOTAL MOT,8,kg,1052521.113,TRUE,-1,N/A,0,FALSE,1052521.113,TRUE,0,FALSE,9024669.739,,9024669.739,6,FALSE,TRUE,
C,A,20220101,2022,52,2022,276,DEU,Germany,M,Import,699,IND,India,0,W00,World,H6,HS,TRUE,7403,"Copper; refined and copper alloys, unwrought",Copper,4,FALSE,C00,TOTAL CPC,0,0,TOTAL MOT,8,kg,382255.885,TRUE,-1,N/A,0,FALSE,382255.885,TRUE,0,FALSE,3445239.651,,3445239.651,6,FALSE,TRUE,
C,A,20220101,2022,52,2022,276,DEU,Germany,M,Import,703,SVK,Slovakia,0,W00,World,H6,HS,TRUE,7403,"Copper; refined and copper alloys, unwrought",Copper,4,FALSE,C00,TOTAL CPC,0,0,TOTAL MOT,8,kg,7547,FALSE,8,kg,7547,FALSE,7547,FALSE,0,FALSE,147901.314,,147901.314,0,FALSE,TRUE,
C,A,20220101,2022,52,2022,276,DEU,Germany,M,Import,710,ZAF,South Africa,0,W00,World,H6,HS,TRUE,7403,"Copper; refined and copper alloys, unwrought",Copper,4,FALSE,C00,TOTAL CPC,0,0,TOTAL MOT,8,kg,2286559,FALSE,8,kg,2286559,FALSE,2286559,FALSE,0,FALSE,19001106.15,,19001106.15,0,FALSE,TRUE,
C,A,20220101,2022,52,2022,276,DEU,Germany,M,Import,724,ESP,Spain,0,W00,World,H6,HS,TRUE,7403,"Copper; refined and copper alloys, unwrought",Copper,4,FALSE,C00,TOTAL CPC,0,0,TOTAL MOT,8,kg,10795492,FALSE,8,kg,10795492,FALSE,10795492,FALSE,0,FALSE,94685295.5,,94685295.5,0,FALSE,TRUE,
C,A,20220101,2022,52,2022,276,DEU,Germany,M,Import,752,SWE,Sweden,0,W00,World,H6,HS,TRUE,7403,"Copper; refined and copper alloys, unwrought",Copper,4,FALSE,C00,TOTAL CPC,0,0,TOTAL MOT,8,kg,95488980,FALSE,8,kg,95488980,FALSE,95488980,FALSE,0,FALSE,841664883,,841664883,0,FALSE,TRUE,
C,A,20220101,2022,52,2022,276,DEU,Germany,M,Import,757,CHE,Switzerland,0,W00,World,H6,HS,TRUE,7403,"Copper; refined and copper alloys, unwrought",Copper,4,FALSE,C00,TOTAL CPC,0,0,TOTAL MOT,8,kg,791646.296,TRUE,-1,N/A,0,FALSE,791646.296,TRUE,0,FALSE,9292561.325,,9292561.325,6,FALSE,TRUE,
C,A,20220101,2022,52,2022,276,DEU,Germany,M,Import,784,ARE,United Arab Emirates,0,W00,World,H6,HS,TRUE,7403,"Copper; refined and copper alloys, unwrought",Copper,4,FALSE,C00,TOTAL CPC,0,0,TOTAL MOT,8,kg,16,FALSE,8,kg,16,FALSE,16,FALSE,0,FALSE,146.126,,146.126,0,FALSE,TRUE,
C,A,20220101,2022,52,2022,276,DEU,Germany,M,Import,788,TUN,Tunisia,0,W00,World,H6,HS,TRUE,7403,"Copper; refined and copper alloys, unwrought",Copper,4,FALSE,C00,TOTAL CPC,0,0,TOTAL MOT,8,kg,18402,FALSE,8,kg,18402,FALSE,18402,FALSE,0,FALSE,170434.301,,170434.301,0,FALSE,TRUE,
C,A,20220101,2022,52,2022,276,DEU,Germany,M,Import,792,TUR,Turkey,0,W00,World,H6,HS,TRUE,7403,"Copper; refined and copper alloys, unwrought",Copper,4,FALSE,C00,TOTAL CPC,0,0,TOTAL MOT,8,kg,412668.28,TRUE,-1,N/A,0,FALSE,412668.28,TRUE,0,FALSE,3550523.125,,3550523.125,6,FALSE,TRUE,
C,A,20220101,2022,52,2022,276,DEU,Germany,M,Import,804,UKR,Ukraine,0,W00,World,H6,HS,TRUE,7403,"Copper; refined and copper alloys, unwrought",Copper,4,FALSE,C00,TOTAL CPC,0,0,TOTAL MOT,8,kg,314081,FALSE,8,kg,314081,FALSE,314081,FALSE,0,FALSE,1811907.314,,1811907.314,0,FALSE,TRUE,
C,A,20220101,2022,52,2022,276,DEU,Germany,M,Import,818,EGY,Egypt,0,W00,World,H6,HS,TRUE,7403,"Copper; refined and copper alloys, unwrought",Copper,4,FALSE,C00,TOTAL CPC,0,0,TOTAL MOT,8,kg,1,FALSE,8,kg,1,FALSE,1,FALSE,0,FALSE,2.118,,2.118,0,FALSE,TRUE,
C,A,20220101,2022,52,2022,276,DEU,Germany,M,Import,826,GBR,United Kingdom,0,W00,World,H6,HS,TRUE,7403,"Copper; refined and copper alloys, unwrought",Copper,4,FALSE,C00,TOTAL CPC,0,0,TOTAL MOT,8,kg,2253836.017,TRUE,-1,N/A,0,FALSE,2253836.017,TRUE,0,FALSE,19314316.78,,19314316.78,6,FALSE,TRUE,
C,A,20220101,2022,52,2022,276,DEU,Germany,M,Import,842,USA,USA,0,W00,World,H6,HS,TRUE,7403,"Copper; refined and copper alloys, unwrought",Copper,4,FALSE,C00,TOTAL CPC,0,0,TOTAL MOT,8,kg,653957.745,TRUE,-1,N/A,0,FALSE,653957.745,TRUE,0,FALSE,7212314.518,,7212314.518,6,FALSE,TRUE,
C,A,20220101,2022,52,2022,276,DEU,Germany,M,Import,894,ZMB,Zambia,0,W00,World,H6,HS,TRUE,7403,"Copper; refined and copper alloys, unwrought",Copper,4,FALSE,C00,TOTAL CPC,0,0,TOTAL MOT,8,kg,91102,FALSE,8,kg,91102,FALSE,91102,FALSE,0,FALSE,866943.953,,866943.953,0,FALSE,TRUE,
C,A,20220101,2022,52,2022,276,DEU,Germany,M,Import,0,W00,World,0,W00,World,H6,HS,TRUE,7502,Nickel,Nickel,4,FALSE,C00,TOTAL CPC,0,0,TOTAL MOT,8,kg,64071839.52,TRUE,-1,N/A,0,FALSE,64071839.52,TRUE,0,FALSE,1591160734,,1591160734,6,FALSE,TRUE,
C,A,20220101,2022,52,2022,276,DEU,Germany,M,Import,8,ALB,Albania,0,W00,World,H6,HS,TRUE,7502,Nickel,Nickel,4,FALSE,C00,TOTAL CPC,0,0,TOTAL MOT,8,kg,30,FALSE,8,kg,30,FALSE,30,FALSE,0,FALSE,494.497,,494.497,0,FALSE,TRUE,
C,A,20220101,2022,52,2022,276,DEU,Germany,M,Import,36,AUS,Australia,0,W00,World,H6,HS,TRUE,7502,Nickel,Nickel,4,FALSE,C00,TOTAL CPC,0,0,TOTAL MOT,8,kg,3703736,FALSE,8,kg,3703736,FALSE,3703736,FALSE,0,FALSE,96223075.48,,96223075.48,0,FALSE,TRUE,
C,A,20220101,2022,52,2022,276,DEU,Germany,M,Import,40,AUT,Austria,0,W00,World,H6,HS,TRUE,7502,Nickel,Nickel,4,FALSE,C00,TOTAL CPC,0,0,TOTAL MOT,8,kg,326737,FALSE,8,kg,326737,FALSE,326737,FALSE,0,FALSE,8151480.506,,8151480.506,0,FALSE,TRUE,
C,A,20220101,2022,52,2022,276,DEU,Germany,M,Import,56,BEL,Belgium,0,W00,World,H6,HS,TRUE,7502,Nickel,Nickel,4,FALSE,C00,TOTAL CPC,0,0,TOTAL MOT,8,kg,836323,FALSE,8,kg,836323,FALSE,836323,FALSE,0,FALSE,20853030.69,,20853030.69,0,FALSE,TRUE,
C,A,20220101,2022,52,2022,276,DEU,Germany,M,Import,76,BRA,Brazil,0,W00,World,H6,HS,TRUE,7502,Nickel,Nickel,4,FALSE,C00,TOTAL CPC,0,0,TOTAL MOT,8,kg,55401,FALSE,8,kg,55401,FALSE,55401,FALSE,0,FALSE,1576529.727,,1576529.727,0,FALSE,TRUE,
C,A,20220101,2022,52,2022,276,DEU,Germany,M,Import,124,CAN,Canada,0,W00,World,H6,HS,TRUE,7502,Nickel,Nickel,4,FALSE,C00,TOTAL CPC,0,0,TOTAL MOT,8,kg,3159712,FALSE,8,kg,3159712,FALSE,3159712,FALSE,0,FALSE,82175887.73,,82175887.73,0,FALSE,TRUE,
C,A,20220101,2022,52,2022,276,DEU,Germany,M,Import,156,CHN,China,0,W00,World,H6,HS,TRUE,7502,Nickel,Nickel,4,FALSE,C00,TOTAL CPC,0,0,TOTAL MOT,8,kg,232619.673,TRUE,-1,N/A,0,FALSE,232619.673,TRUE,0,FALSE,5388314.784,,5388314.784,6,FALSE,TRUE,
C,A,20220101,2022,52,2022,276,DEU,Germany,M,Import,203,CZE,Czechia,0,W00,World,H6,HS,TRUE,7502,Nickel,Nickel,4,FALSE,C00,TOTAL CPC,0,0,TOTAL MOT,8,kg,319,FALSE,8,kg,319,FALSE,319,FALSE,0,FALSE,6383.993,,6383.993,0,FALSE,TRUE,
C,A,20220101,2022,52,2022,276,DEU,Germany,M,Import,214,DOM,Dominican Republic,0,W00,World,H6,HS,TRUE,7502,Nickel,Nickel,4,FALSE,C00,TOTAL CPC,0,0,TOTAL MOT,8,kg,452609,FALSE,8,kg,452609,FALSE,452609,FALSE,0,FALSE,4494121.588,,4494121.588,0,FALSE,TRUE,
C,A,20220101,2022,52,2022,276,DEU,Germany,M,Import,233,EST,Estonia,0,W00,World,H6,HS,TRUE,7502,Nickel,Nickel,4,FALSE,C00,TOTAL CPC,0,0,TOTAL MOT,8,kg,530969,FALSE,8,kg,530969,FALSE,530969,FALSE,0,FALSE,13804151.27,,13804151.27,0,FALSE,TRUE,
C,A,20220101,2022,52,2022,276,DEU,Germany,M,Import,246,FIN,Finland,0,W00,World,H6,HS,TRUE,7502,Nickel,Nickel,4,FALSE,C00,TOTAL CPC,0,0,TOTAL MOT,8,kg,899286,FALSE,8,kg,899286,FALSE,899286,FALSE,0,FALSE,24038982.17,,24038982.17,0,FALSE,TRUE,
C,A,20220101,2022,52,2022,276,DEU,Germany,M,Import,251,FRA,France,0,W00,World,H6,HS,TRUE,7502,Nickel,Nickel,4,FALSE,C00,TOTAL CPC,0,0,TOTAL MOT,8,kg,429968,FALSE,8,kg,429968,FALSE,429968,FALSE,0,FALSE,11722600.98,,11722600.98,0,FALSE,TRUE,
C,A,20220101,2022,52,2022,276,DEU,Germany,M,Import,300,GRC,Greece,0,W00,World,H6,HS,TRUE,7502,Nickel,Nickel,4,FALSE,C00,TOTAL CPC,0,0,TOTAL MOT,8,kg,1668,FALSE,8,kg,1668,FALSE,1668,FALSE,0,FALSE,46679.708,,46679.708,0,FALSE,TRUE,
C,A,20220101,2022,52,2022,276,DEU,Germany,M,Import,376,ISR,Israel,0,W00,World,H6,HS,TRUE,7502,Nickel,Nickel,4,FALSE,C00,TOTAL CPC,0,0,TOTAL MOT,8,kg,935,FALSE,8,kg,935,FALSE,935,FALSE,0,FALSE,16161.7,,16161.7,0,FALSE,TRUE,
C,A,20220101,2022,52,2022,276,DEU,Germany,M,Import,380,ITA,Italy,0,W00,World,H6,HS,TRUE,7502,Nickel,Nickel,4,FALSE,C00,TOTAL CPC,0,0,TOTAL MOT,8,kg,288193,FALSE,8,kg,288193,FALSE,288193,FALSE,0,FALSE,8327126.619,,8327126.619,0,FALSE,TRUE,
C,A,20220101,2022,52,2022,276,DEU,Germany,M,Import,392,JPN,Japan,0,W00,World,H6,HS,TRUE,7502,Nickel,Nickel,4,FALSE,C00,TOTAL CPC,0,0,TOTAL MOT,8,kg,384202,FALSE,8,kg,384202,FALSE,384202,FALSE,0,FALSE,10588550.07,,10588550.07,0,FALSE,TRUE,
C,A,20220101,2022,52,2022,276,DEU,Germany,M,Import,410,KOR,South Korea,0,W00,World,H6,HS,TRUE,7502,Nickel,Nickel,4,FALSE,C00,TOTAL CPC,0,0,TOTAL MOT,8,kg,65,FALSE,8,kg,65,FALSE,65,FALSE,0,FALSE,6917.669,,6917.669,0,FALSE,TRUE,
C,A,20220101,2022,52,2022,276,DEU,Germany,M,Import,442,LUX,Luxembourg,0,W00,World,H6,HS,TRUE,7502,Nickel,Nickel,4,FALSE,C00,TOTAL CPC,0,0,TOTAL MOT,8,kg,1347030,FALSE,8,kg,1347030,FALSE,1347030,FALSE,0,FALSE,34834785.95,,34834785.95,0,FALSE,TRUE,
C,A,20220101,2022,52,2022,276,DEU,Germany,M,Import,450,MDG,Madagascar,0,W00,World,H6,HS,TRUE,7502,Nickel,Nickel,4,FALSE,C00,TOTAL CPC,0,0,TOTAL MOT,8,kg,637995,FALSE,8,kg,637995,FALSE,637995,FALSE,0,FALSE,12334263.56,,12334263.56,0,FALSE,TRUE,
C,A,20220101,2022,52,2022,276,DEU,Germany,M,Import,458,MYS,Malaysia,0,W00,World,H6,HS,TRUE,7502,Nickel,Nickel,4,FALSE,C00,TOTAL CPC,0,0,TOTAL MOT,8,kg,2,FALSE,8,kg,2,FALSE,2,FALSE,0,FALSE,46.591,,46.591,0,FALSE,TRUE,
C,A,20220101,2022,52,2022,276,DEU,Germany,M,Import,466,MLI,Mali,0,W00,World,H6,HS,TRUE,7502,Nickel,Nickel,4,FALSE,C00,TOTAL CPC,0,0,TOTAL MOT,8,kg,1200,FALSE,8,kg,1200,FALSE,1200,FALSE,0,FALSE,33202.271,,33202.271,0,FALSE,TRUE,
C,A,20220101,2022,52,2022,276,DEU,Germany,M,Import,528,NLD,Netherlands,0,W00,World,H6,HS,TRUE,7502,Nickel,Nickel,4,FALSE,C00,TOTAL CPC,0,0,TOTAL MOT,8,kg,5371406,FALSE,8,kg,5371406,FALSE,5371406,FALSE,0,FALSE,132436155.9,,132436155.9,0,FALSE,TRUE,
C,A,20220101,2022,52,2022,276,DEU,Germany,M,Import,540,NCL,New Caledonia,0,W00,World,H6,HS,TRUE,7502,Nickel,Nickel,4,FALSE,C00,TOTAL CPC,0,0,TOTAL MOT,8,kg,738215,FALSE,8,kg,738215,FALSE,738215,FALSE,0,FALSE,13171689.09,,13171689.09,0,FALSE,TRUE,
C,A,20220101,2022,52,2022,276,DEU,Germany,M,Import,579,NOR,Norway,0,W00,World,H6,HS,TRUE,7502,Nickel,Nickel,4,FALSE,C00,TOTAL CPC,0,0,TOTAL MOT,8,kg,7356769.342,TRUE,-1,N/A,0,FALSE,7356769.342,TRUE,0,FALSE,190611912.9,,190611912.9,6,FALSE,TRUE,
C,A,20220101,2022,52,2022,276,DEU,Germany,M,Import,616,POL,Poland,0,W00,World,H6,HS,TRUE,7502,Nickel,Nickel,4,FALSE,C00,TOTAL CPC,0,0,TOTAL MOT,8,kg,25859,FALSE,8,kg,25859,FALSE,25859,FALSE,0,FALSE,574762.697,,574762.697,0,FALSE,TRUE,
C,A,20220101,2022,52,2022,276,DEU,Germany,M,Import,643,RUS,Russia,0,W00,World,H6,HS,TRUE,7502,Nickel,Nickel,4,FALSE,C00,TOTAL CPC,0,0,TOTAL MOT,8,kg,26811894.13,TRUE,-1,N/A,0,FALSE,26811894.13,TRUE,0,FALSE,661195219.9,,661195219.9,6,FALSE,TRUE,
C,A,20220101,2022,52,2022,276,DEU,Germany,M,Import,699,IND,India,0,W00,World,H6,HS,TRUE,7502,Nickel,Nickel,4,FALSE,C00,TOTAL CPC,0,0,TOTAL MOT,8,kg,528,FALSE,8,kg,528,FALSE,528,FALSE,0,FALSE,9349.919,,9349.919,0,FALSE,TRUE,
C,A,20220101,2022,52,2022,276,DEU,Germany,M,Import,702,SGP,Singapore,0,W00,World,H6,HS,TRUE,7502,Nickel,Nickel,4,FALSE,C00,TOTAL CPC,0,0,TOTAL MOT,8,kg,125,FALSE,8,kg,125,FALSE,125,FALSE,0,FALSE,2371.893,,2371.893,0,FALSE,TRUE,
C,A,20220101,2022,52,2022,276,DEU,Germany,M,Import,703,SVK,Slovakia,0,W00,World,H6,HS,TRUE,7502,Nickel,Nickel,4,FALSE,C00,TOTAL CPC,0,0,TOTAL MOT,8,kg,1302,FALSE,8,kg,1302,FALSE,1302,FALSE,0,FALSE,29253.704,,29253.704,0,FALSE,TRUE,
C,A,20220101,2022,52,2022,276,DEU,Germany,M,Import,705,SVN,Slovenia,0,W00,World,H6,HS,TRUE,7502,Nickel,Nickel,4,FALSE,C00,TOTAL CPC,0,0,TOTAL MOT,8,kg,816163,FALSE,8,kg,816163,FALSE,816163,FALSE,0,FALSE,15610877.48,,15610877.48,0,FALSE,TRUE,
C,A,20220101,2022,52,2022,276,DEU,Germany,M,Import,710,ZAF,South Africa,0,W00,World,H6,HS,TRUE,7502,Nickel,Nickel,4,FALSE,C00,TOTAL CPC,0,0,TOTAL MOT,8,kg,1502156,FALSE,8,kg,1502156,FALSE,1502156,FALSE,0,FALSE,38066676.97,,38066676.97,0,FALSE,TRUE,
C,A,20220101,2022,52,2022,276,DEU,Germany,M,Import,724,ESP,Spain,0,W00,World,H6,HS,TRUE,7502,Nickel,Nickel,4,FALSE,C00,TOTAL CPC,0,0,TOTAL MOT,8,kg,3352,FALSE,8,kg,3352,FALSE,3352,FALSE,0,FALSE,222104.515,,222104.515,0,FALSE,TRUE,
C,A,20220101,2022,52,2022,276,DEU,Germany,M,Import,752,SWE,Sweden,0,W00,World,H6,HS,TRUE,7502,Nickel,Nickel,4,FALSE,C00,TOTAL CPC,0,0,TOTAL MOT,8,kg,24000,FALSE,8,kg,24000,FALSE,24000,FALSE,0,FALSE,460223.545,,460223.545,0,FALSE,TRUE,
C,A,20220101,2022,52,2022,276,DEU,Germany,M,Import,757,CHE,Switzerland,0,W00,World,H6,HS,TRUE,7502,Nickel,Nickel,4,FALSE,C00,TOTAL CPC,0,0,TOTAL MOT,8,kg,44061.216,TRUE,-1,N/A,0,FALSE,44061.216,TRUE,0,FALSE,1145859.549,,1145859.549,6,FALSE,TRUE,
C,A,20220101,2022,52,2022,276,DEU,Germany,M,Import,826,GBR,United Kingdom,0,W00,World,H6,HS,TRUE,7502,Nickel,Nickel,4,FALSE,C00,TOTAL CPC,0,0,TOTAL MOT,8,kg,7360259,FALSE,8,kg,7360259,FALSE,7360259,FALSE,0,FALSE,193529658.3,,193529658.3,0,FALSE,TRUE,
C,A,20220101,2022,52,2022,276,DEU,Germany,M,Import,842,USA,USA,0,W00,World,H6,HS,TRUE,7502,Nickel,Nickel,4,FALSE,C00,TOTAL CPC,0,0,TOTAL MOT,8,kg,726750.163,TRUE,-1,N/A,0,FALSE,726750.163,TRUE,0,FALSE,9471829.87,,9471829.87,6,FALSE,TRUE,
C,A,20220101,2022,52,2022,276,DEU,Germany,M,Import,0,W00,World,0,W00,World,H6,HS,TRUE,7603,Aluminium,Aluminium,4,FALSE,C00,TOTAL CPC,0,0,TOTAL MOT,8,kg,31036409.54,TRUE,-1,N/A,0,FALSE,31036409.54,TRUE,0,FALSE,119175626.7,,119175626.7,6,FALSE,TRUE,
C,A,20220101,2022,52,2022,276,DEU,Germany,M,Import,36,AUS,Australia,0,W00,World,H6,HS,TRUE,7603,Aluminium,Aluminium,4,FALSE,C00,TOTAL CPC,0,0,TOTAL MOT,8,kg,154.501,TRUE,-1,N/A,0,FALSE,154.501,TRUE,0,FALSE,5451.119,,5451.119,6,FALSE,TRUE,
C,A,20220101,2022,52,2022,276,DEU,Germany,M,Import,40,AUT,Austria,0,W00,World,H6,HS,TRUE,7603,Aluminium,Aluminium,4,FALSE,C00,TOTAL CPC,0,0,TOTAL MOT,8,kg,9211059,FALSE,8,kg,9211059,FALSE,9211059,FALSE,0,FALSE,38779304.91,,38779304.91,0,FALSE,TRUE,
C,A,20220101,2022,52,2022,276,DEU,Germany,M,Import,48,BHR,Bahrain,0,W00,World,H6,HS,TRUE,7603,Aluminium,Aluminium,4,FALSE,C00,TOTAL CPC,0,0,TOTAL MOT,8,kg,640001,FALSE,8,kg,640001,FALSE,640001,FALSE,0,FALSE,2417993.828,,2417993.828,0,FALSE,TRUE,
C,A,20220101,2022,52,2022,276,DEU,Germany,M,Import,56,BEL,Belgium,0,W00,World,H6,HS,TRUE,7603,Aluminium,Aluminium,4,FALSE,C00,TOTAL CPC,0,0,TOTAL MOT,8,kg,128803,FALSE,8,kg,128803,FALSE,128803,FALSE,0,FALSE,751570.403,,751570.403,0,FALSE,TRUE,
C,A,20220101,2022,52,2022,276,DEU,Germany,M,Import,124,CAN,Canada,0,W00,World,H6,HS,TRUE,7603,Aluminium,Aluminium,4,FALSE,C00,TOTAL CPC,0,0,TOTAL MOT,8,kg,374219,FALSE,8,kg,374219,FALSE,374219,FALSE,0,FALSE,1483147.016,,1483147.016,0,FALSE,TRUE,
C,A,20220101,2022,52,2022,276,DEU,Germany,M,Import,156,CHN,China,0,W00,World,H6,HS,TRUE,7603,Aluminium,Aluminium,4,FALSE,C00,TOTAL CPC,0,0,TOTAL MOT,8,kg,216936.81,TRUE,-1,N/A,0,FALSE,216936.81,TRUE,0,FALSE,1697534.406,,1697534.406,6,FALSE,TRUE,
C,A,20220101,2022,52,2022,276,DEU,Germany,M,Import,203,CZE,Czechia,0,W00,World,H6,HS,TRUE,7603,Aluminium,Aluminium,4,FALSE,C00,TOTAL CPC,0,0,TOTAL MOT,8,kg,495715,FALSE,8,kg,495715,FALSE,495715,FALSE,0,FALSE,2179945.743,,2179945.743,0,FALSE,TRUE,
C,A,20220101,2022,52,2022,276,DEU,Germany,M,Import,208,DNK,Denmark,0,W00,World,H6,HS,TRUE,7603,Aluminium,Aluminium,4,FALSE,C00,TOTAL CPC,0,0,TOTAL MOT,8,kg,11975,FALSE,8,kg,11975,FALSE,11975,FALSE,0,FALSE,36985.653,,36985.653,0,FALSE,TRUE,
C,A,20220101,2022,52,2022,276,DEU,Germany,M,Import,246,FIN,Finland,0,W00,World,H6,HS,TRUE,7603,Aluminium,Aluminium,4,FALSE,C00,TOTAL CPC,0,0,TOTAL MOT,8,kg,48110,FALSE,8,kg,48110,FALSE,48110,FALSE,0,FALSE,811526.36,,811526.36,0,FALSE,TRUE,
C,A,20220101,2022,52,2022,276,DEU,Germany,M,Import,251,FRA,France,0,W00,World,H6,HS,TRUE,7603,Aluminium,Aluminium,4,FALSE,C00,TOTAL CPC,0,0,TOTAL MOT,8,kg,3390380,FALSE,8,kg,3390380,FALSE,3390380,FALSE,0,FALSE,14545233.46,,14545233.46,0,FALSE,TRUE,
C,A,20220101,2022,52,2022,276,DEU,Germany,M,Import,344,HKG,Hong Kong,0,W00,World,H6,HS,TRUE,7603,Aluminium,Aluminium,4,FALSE,C00,TOTAL CPC,0,0,TOTAL MOT,8,kg,1,FALSE,8,kg,1,FALSE,1,FALSE,0,FALSE,32.825,,32.825,0,FALSE,TRUE,
C,A,20220101,2022,52,2022,276,DEU,Germany,M,Import,348,HUN,Hungary,0,W00,World,H6,HS,TRUE,7603,Aluminium,Aluminium,4,FALSE,C00,TOTAL CPC,0,0,TOTAL MOT,8,kg,15624,FALSE,8,kg,15624,FALSE,15624,FALSE,0,FALSE,16909.27,,16909.27,0,FALSE,TRUE,
C,A,20220101,2022,52,2022,276,DEU,Germany,M,Import,352,ISL,Iceland,0,W00,World,H6,HS,TRUE,7603,Aluminium,Aluminium,4,FALSE,C00,TOTAL CPC,0,0,TOTAL MOT,8,kg,52800,FALSE,8,kg,52800,FALSE,52800,FALSE,0,FALSE,57747.131,,57747.131,0,FALSE,TRUE,
C,A,20220101,2022,52,2022,276,DEU,Germany,M,Import,360,IDN,Indonesia,0,W00,World,H6,HS,TRUE,7603,Aluminium,Aluminium,4,FALSE,C00,TOTAL CPC,0,0,TOTAL MOT,8,kg,96000,FALSE,8,kg,96000,FALSE,96000,FALSE,0,FALSE,346825.866,,346825.866,0,FALSE,TRUE,
C,A,20220101,2022,52,2022,276,DEU,Germany,M,Import,376,ISR,Israel,0,W00,World,H6,HS,TRUE,7603,Aluminium,Aluminium,4,FALSE,C00,TOTAL CPC,0,0,TOTAL MOT,8,kg,25000,FALSE,8,kg,25000,FALSE,25000,FALSE,0,FALSE,63831.461,,63831.461,0,FALSE,TRUE,
C,A,20220101,2022,52,2022,276,DEU,Germany,M,Import,380,ITA,Italy,0,W00,World,H6,HS,TRUE,7603,Aluminium,Aluminium,4,FALSE,C00,TOTAL CPC,0,0,TOTAL MOT,8,kg,1106100,FALSE,8,kg,1106100,FALSE,1106100,FALSE,0,FALSE,3374243.801,,3374243.801,0,FALSE,TRUE,
C,A,20220101,2022,52,2022,276,DEU,Germany,M,Import,392,JPN,Japan,0,W00,World,H6,HS,TRUE,7603,Aluminium,Aluminium,4,FALSE,C00,TOTAL CPC,0,0,TOTAL MOT,8,kg,109,FALSE,8,kg,109,FALSE,109,FALSE,0,FALSE,15803.798,,15803.798,0,FALSE,TRUE,
C,A,20220101,2022,52,2022,276,DEU,Germany,M,Import,410,KOR,South Korea,0,W00,World,H6,HS,TRUE,7603,Aluminium,Aluminium,4,FALSE,C00,TOTAL CPC,0,0,TOTAL MOT,8,kg,11.575,TRUE,-1,N/A,0,FALSE,11.575,TRUE,0,FALSE,704.156,,704.156,6,FALSE,TRUE,
C,A,20220101,2022,52,2022,276,DEU,Germany,M,Import,442,LUX,Luxembourg,0,W00,World,H6,HS,TRUE,7603,Aluminium,Aluminium,4,FALSE,C00,TOTAL CPC,0,0,TOTAL MOT,8,kg,200,FALSE,8,kg,200,FALSE,200,FALSE,0,FALSE,6770.485,,6770.485,0,FALSE,TRUE,
C,A,20220101,2022,52,2022,276,DEU,Germany,M,Import,458,MYS,Malaysia,0,W00,World,H6,HS,TRUE,7603,Aluminium,Aluminium,4,FALSE,C00,TOTAL CPC,0,0,TOTAL MOT,8,kg,247,FALSE,8,kg,247,FALSE,247,FALSE,0,FALSE,1396.664,,1396.664,0,FALSE,TRUE,
C,A,20220101,2022,52,2022,276,DEU,Germany,M,Import,484,MEX,Mexico,0,W00,World,H6,HS,TRUE,7603,Aluminium,Aluminium,4,FALSE,C00,TOTAL CPC,0,0,TOTAL MOT,8,kg,31,FALSE,8,kg,31,FALSE,31,FALSE,0,FALSE,217.071,,217.071,0,FALSE,TRUE,
C,A,20220101,2022,52,2022,276,DEU,Germany,M,Import,490,S19,"Other Asia, nes",0,W00,World,H6,HS,TRUE,7603,Aluminium,Aluminium,4,FALSE,C00,TOTAL CPC,0,0,TOTAL MOT,8,kg,600,FALSE,8,kg,600,FALSE,600,FALSE,0,FALSE,28029.638,,28029.638,0,FALSE,TRUE,
C,A,20220101,2022,52,2022,276,DEU,Germany,M,Import,508,MOZ,Mozambique,0,W00,World,H6,HS,TRUE,7603,Aluminium,Aluminium,4,FALSE,C00,TOTAL CPC,0,0,TOTAL MOT,8,kg,668660,FALSE,8,kg,668660,FALSE,668660,FALSE,0,FALSE,2176287.309,,2176287.309,0,FALSE,TRUE,
C,A,20220101,2022,52,2022,276,DEU,Germany,M,Import,528,NLD,Netherlands,0,W00,World,H6,HS,TRUE,7603,Aluminium,Aluminium,4,FALSE,C00,TOTAL CPC,0,0,TOTAL MOT,8,kg,132443,FALSE,8,kg,132443,FALSE,132443,FALSE,0,FALSE,187246.154,,187246.154,0,FALSE,TRUE,
C,A,20220101,2022,52,2022,276,DEU,Germany,M,Import,616,POL,Poland,0,W00,World,H6,HS,TRUE,7603,Aluminium,Aluminium,4,FALSE,C00,TOTAL CPC,0,0,TOTAL MOT,8,kg,1425690,FALSE,8,kg,1425690,FALSE,1425690,FALSE,0,FALSE,1978016.087,,1978016.087,0,FALSE,TRUE,
C,A,20220101,2022,52,2022,276,DEU,Germany,M,Import,642,ROU,Romania,0,W00,World,H6,HS,TRUE,7603,Aluminium,Aluminium,4,FALSE,C00,TOTAL CPC,0,0,TOTAL MOT,8,kg,2010,FALSE,8,kg,2010,FALSE,2010,FALSE,0,FALSE,53344.304,,53344.304,0,FALSE,TRUE,
C,A,20220101,2022,52,2022,276,DEU,Germany,M,Import,643,RUS,Russia,0,W00,World,H6,HS,TRUE,7603,Aluminium,Aluminium,4,FALSE,C00,TOTAL CPC,0,0,TOTAL MOT,8,kg,10311626.29,TRUE,-1,N/A,0,FALSE,10311626.29,TRUE,0,FALSE,35498776.31,,35498776.31,6,FALSE,TRUE,
C,A,20220101,2022,52,2022,276,DEU,Germany,M,Import,699,IND,India,0,W00,World,H6,HS,TRUE,7603,Aluminium,Aluminium,4,FALSE,C00,TOTAL CPC,0,0,TOTAL MOT,8,kg,122343.641,TRUE,-1,N/A,0,FALSE,122343.641,TRUE,0,FALSE,640386.844,,640386.844,6,FALSE,TRUE,
C,A,20220101,2022,52,2022,276,DEU,Germany,M,Import,703,SVK,Slovakia,0,W00,World,H6,HS,TRUE,7603,Aluminium,Aluminium,4,FALSE,C00,TOTAL CPC,0,0,TOTAL MOT,8,kg,45005,FALSE,8,kg,45005,FALSE,45005,FALSE,0,FALSE,191311.198,,191311.198,0,FALSE,TRUE,
C,A,20220101,2022,52,2022,276,DEU,Germany,M,Import,705,SVN,Slovenia,0,W00,World,H6,HS,TRUE,7603,Aluminium,Aluminium,4,FALSE,C00,TOTAL CPC,0,0,TOTAL MOT,8,kg,784279,FALSE,8,kg,784279,FALSE,784279,FALSE,0,FALSE,2432024.001,,2432024.001,0,FALSE,TRUE,
C,A,20220101,2022,52,2022,276,DEU,Germany,M,Import,710,ZAF,South Africa,0,W00,World,H6,HS,TRUE,7603,Aluminium,Aluminium,4,FALSE,C00,TOTAL CPC,0,0,TOTAL MOT,8,kg,331052,FALSE,8,kg,331052,FALSE,331052,FALSE,0,FALSE,848967.332,,848967.332,0,FALSE,TRUE,
C,A,20220101,2022,52,2022,276,DEU,Germany,M,Import,724,ESP,Spain,0,W00,World,H6,HS,TRUE,7603,Aluminium,Aluminium,4,FALSE,C00,TOTAL CPC,0,0,TOTAL MOT,8,kg,28002,FALSE,8,kg,28002,FALSE,28002,FALSE,0,FALSE,65949.223,,65949.223,0,FALSE,TRUE,
C,A,20220101,2022,52,2022,276,DEU,Germany,M,Import,752,SWE,Sweden,0,W00,World,H6,HS,TRUE,7603,Aluminium,Aluminium,4,FALSE,C00,TOTAL CPC,0,0,TOTAL MOT,8,kg,134160,FALSE,8,kg,134160,FALSE,134160,FALSE,0,FALSE,720970.861,,720970.861,0,FALSE,TRUE,
C,A,20220101,2022,52,2022,276,DEU,Germany,M,Import,757,CHE,Switzerland,0,W00,World,H6,HS,TRUE,7603,Aluminium,Aluminium,4,FALSE,C00,TOTAL CPC,0,0,TOTAL MOT,8,kg,6996.436,TRUE,-1,N/A,0,FALSE,6996.436,TRUE,0,FALSE,168134.412,,168134.412,6,FALSE,TRUE,
C,A,20220101,2022,52,2022,276,DEU,Germany,M,Import,792,TUR,Turkey,0,W00,World,H6,HS,TRUE,7603,Aluminium,Aluminium,4,FALSE,C00,TOTAL CPC,0,0,TOTAL MOT,8,kg,504104.107,TRUE,-1,N/A,0,FALSE,504104.107,TRUE,0,FALSE,1357580.677,,1357580.677,6,FALSE,TRUE,
C,A,20220101,2022,52,2022,276,DEU,Germany,M,Import,804,UKR,Ukraine,0,W00,World,H6,HS,TRUE,7603,Aluminium,Aluminium,4,FALSE,C00,TOTAL CPC,0,0,TOTAL MOT,8,kg,240000,FALSE,8,kg,240000,FALSE,240000,FALSE,0,FALSE,808985.046,,808985.046,0,FALSE,TRUE,
C,A,20220101,2022,52,2022,276,DEU,Germany,M,Import,826,GBR,United Kingdom,0,W00,World,H6,HS,TRUE,7603,Aluminium,Aluminium,4,FALSE,C00,TOTAL CPC,0,0,TOTAL MOT,8,kg,145873.17,TRUE,-1,N/A,0,FALSE,145873.17,TRUE,0,FALSE,728143.721,,728143.721,6,FALSE,TRUE,
C,A,20220101,2022,52,2022,276,DEU,Germany,M,Import,842,USA,USA,0,W00,World,H6,HS,TRUE,7603,Aluminium,Aluminium,4,FALSE,C00,TOTAL CPC,0,0,TOTAL MOT,8,kg,340088.008,TRUE,-1,N/A,0,FALSE,340088.008,TRUE,0,FALSE,4698298.189,,4698298.189,6,FALSE,TRUE,
C,A,20220101,2022,52,2022,276,DEU,Germany,M,Import,0,W00,World,0,W00,World,H6,HS,TRUE,7801,Lead,Lead,4,FALSE,C00,TOTAL CPC,0,0,TOTAL MOT,8,kg,214078706,TRUE,-1,N/A,0,FALSE,214078706,TRUE,0,FALSE,526980195.8,,526980195.8,6,FALSE,TRUE,
C,A,20220101,2022,52,2022,276,DEU,Germany,M,Import,24,AGO,Angola,0,W00,World,H6,HS,TRUE,7801,Lead,Lead,4,FALSE,C00,TOTAL CPC,0,0,TOTAL MOT,8,kg,24635,FALSE,8,kg,24635,FALSE,24635,FALSE,0,FALSE,49735.638,,49735.638,0,FALSE,TRUE,
C,A,20220101,2022,52,2022,276,DEU,Germany,M,Import,40,AUT,Austria,0,W00,World,H6,HS,TRUE,7801,Lead,Lead,4,FALSE,C00,TOTAL CPC,0,0,TOTAL MOT,8,kg,322398,FALSE,8,kg,322398,FALSE,322398,FALSE,0,FALSE,1088474.555,,1088474.555,0,FALSE,TRUE,
C,A,20220101,2022,52,2022,276,DEU,Germany,M,Import,56,BEL,Belgium,0,W00,World,H6,HS,TRUE,7801,Lead,Lead,4,FALSE,C00,TOTAL CPC,0,0,TOTAL MOT,8,kg,73646777,FALSE,8,kg,73646777,FALSE,73646777,FALSE,0,FALSE,173737596.7,,173737596.7,0,FALSE,TRUE,
C,A,20220101,2022,52,2022,276,DEU,Germany,M,Import,100,BGR,Bulgaria,0,W00,World,H6,HS,TRUE,7801,Lead,Lead,4,FALSE,C00,TOTAL CPC,0,0,TOTAL MOT,8,kg,141385,FALSE,8,kg,141385,FALSE,141385,FALSE,0,FALSE,495430.278,,495430.278,0,FALSE,TRUE,
C,A,20220101,2022,52,2022,276,DEU,Germany,M,Import,112,BLR,Belarus,0,W00,World,H6,HS,TRUE,7801,Lead,Lead,4,FALSE,C00,TOTAL CPC,0,0,TOTAL MOT,8,kg,428415,FALSE,8,kg,428415,FALSE,428415,FALSE,0,FALSE,961864.16,,961864.16,0,FALSE,TRUE,
C,A,20220101,2022,52,2022,276,DEU,Germany,M,Import,156,CHN,China,0,W00,World,H6,HS,TRUE,7801,Lead,Lead,4,FALSE,C00,TOTAL CPC,0,0,TOTAL MOT,8,kg,5701,FALSE,8,kg,5701,FALSE,5701,FALSE,0,FALSE,52399.783,,52399.783,0,FALSE,TRUE,
C,A,20220101,2022,52,2022,276,DEU,Germany,M,Import,203,CZE,Czechia,0,W00,World,H6,HS,TRUE,7801,Lead,Lead,4,FALSE,C00,TOTAL CPC,0,0,TOTAL MOT,8,kg,11540790,FALSE,8,kg,11540790,FALSE,11540790,FALSE,0,FALSE,30132878.03,,30132878.03,0,FALSE,TRUE,
C,A,20220101,2022,52,2022,276,DEU,Germany,M,Import,208,DNK,Denmark,0,W00,World,H6,HS,TRUE,7801,Lead,Lead,4,FALSE,C00,TOTAL CPC,0,0,TOTAL MOT,8,kg,2453,FALSE,8,kg,2453,FALSE,2453,FALSE,0,FALSE,5924.439,,5924.439,0,FALSE,TRUE,
C,A,20220101,2022,52,2022,276,DEU,Germany,M,Import,233,EST,Estonia,0,W00,World,H6,HS,TRUE,7801,Lead,Lead,4,FALSE,C00,TOTAL CPC,0,0,TOTAL MOT,8,kg,2611700,FALSE,8,kg,2611700,FALSE,2611700,FALSE,0,FALSE,6573761.656,,6573761.656,0,FALSE,TRUE,
C,A,20220101,2022,52,2022,276,DEU,Germany,M,Import,251,FRA,France,0,W00,World,H6,HS,TRUE,7801,Lead,Lead,4,FALSE,C00,TOTAL CPC,0,0,TOTAL MOT,8,kg,27655005,FALSE,8,kg,27655005,FALSE,27655005,FALSE,0,FALSE,68088950.65,,68088950.65,0,FALSE,TRUE,
C,A,20220101,2022,52,2022,276,DEU,Germany,M,Import,300,GRC,Greece,0,W00,World,H6,HS,TRUE,7801,Lead,Lead,4,FALSE,C00,TOTAL CPC,0,0,TOTAL MOT,8,kg,1506561,FALSE,8,kg,1506561,FALSE,1506561,FALSE,0,FALSE,3922724.014,,3922724.014,0,FALSE,TRUE,
C,A,20220101,2022,52,2022,276,DEU,Germany,M,Import,348,HUN,Hungary,0,W00,World,H6,HS,TRUE,7801,Lead,Lead,4,FALSE,C00,TOTAL CPC,0,0,TOTAL MOT,8,kg,6866,FALSE,8,kg,6866,FALSE,6866,FALSE,0,FALSE,29658.197,,29658.197,0,FALSE,TRUE,
C,A,20220101,2022,52,2022,276,DEU,Germany,M,Import,372,IRL,Ireland,0,W00,World,H6,HS,TRUE,7801,Lead,Lead,4,FALSE,C00,TOTAL CPC,0,0,TOTAL MOT,8,kg,795016,FALSE,8,kg,795016,FALSE,795016,FALSE,0,FALSE,1842542.858,,1842542.858,0,FALSE,TRUE,
C,A,20220101,2022,52,2022,276,DEU,Germany,M,Import,376,ISR,Israel,0,W00,World,H6,HS,TRUE,7801,Lead,Lead,4,FALSE,C00,TOTAL CPC,0,0,TOTAL MOT,8,kg,3122560,FALSE,8,kg,3122560,FALSE,3122560,FALSE,0,FALSE,7857998.944,,7857998.944,0,FALSE,TRUE,
C,A,20220101,2022,52,2022,276,DEU,Germany,M,Import,380,ITA,Italy,0,W00,World,H6,HS,TRUE,7801,Lead,Lead,4,FALSE,C00,TOTAL CPC,0,0,TOTAL MOT,8,kg,2711330,FALSE,8,kg,2711330,FALSE,2711330,FALSE,0,FALSE,7259587.2,,7259587.2,0,FALSE,TRUE,
C,A,20220101,2022,52,2022,276,DEU,Germany,M,Import,470,MLT,Malta,0,W00,World,H6,HS,TRUE,7801,Lead,Lead,4,FALSE,C00,TOTAL CPC,0,0,TOTAL MOT,8,kg,553544,FALSE,8,kg,553544,FALSE,553544,FALSE,0,FALSE,1309090.283,,1309090.283,0,FALSE,TRUE,
C,A,20220101,2022,52,2022,276,DEU,Germany,M,Import,528,NLD,Netherlands,0,W00,World,H6,HS,TRUE,7801,Lead,Lead,4,FALSE,C00,TOTAL CPC,0,0,TOTAL MOT,8,kg,14392732,FALSE,8,kg,14392732,FALSE,14392732,FALSE,0,FALSE,40820444.07,,40820444.07,0,FALSE,TRUE,
C,A,20220101,2022,52,2022,276,DEU,Germany,M,Import,608,PHL,Philippines,0,W00,World,H6,HS,TRUE,7801,Lead,Lead,4,FALSE,C00,TOTAL CPC,0,0,TOTAL MOT,8,kg,20683,FALSE,8,kg,20683,FALSE,20683,FALSE,0,FALSE,106057.516,,106057.516,0,FALSE,TRUE,
C,A,20220101,2022,52,2022,276,DEU,Germany,M,Import,616,POL,Poland,0,W00,World,H6,HS,TRUE,7801,Lead,Lead,4,FALSE,C00,TOTAL CPC,0,0,TOTAL MOT,8,kg,15237587,FALSE,8,kg,15237587,FALSE,15237587,FALSE,0,FALSE,37096392.59,,37096392.59,0,FALSE,TRUE,
C,A,20220101,2022,52,2022,276,DEU,Germany,M,Import,620,PRT,Portugal,0,W00,World,H6,HS,TRUE,7801,Lead,Lead,4,FALSE,C00,TOTAL CPC,0,0,TOTAL MOT,8,kg,3872,FALSE,8,kg,3872,FALSE,3872,FALSE,0,FALSE,7612.295,,7612.295,0,FALSE,TRUE,
C,A,20220101,2022,52,2022,276,DEU,Germany,M,Import,642,ROU,Romania,0,W00,World,H6,HS,TRUE,7801,Lead,Lead,4,FALSE,C00,TOTAL CPC,0,0,TOTAL MOT,8,kg,54504,FALSE,8,kg,54504,FALSE,54504,FALSE,0,FALSE,316570.461,,316570.461,0,FALSE,TRUE,
C,A,20220101,2022,52,2022,276,DEU,Germany,M,Import,643,RUS,Russia,0,W00,World,H6,HS,TRUE,7801,Lead,Lead,4,FALSE,C00,TOTAL CPC,0,0,TOTAL MOT,8,kg,5628392,FALSE,8,kg,5628392,FALSE,5628392,FALSE,0,FALSE,13661251.05,,13661251.05,0,FALSE,TRUE,
C,A,20220101,2022,52,2022,276,DEU,Germany,M,Import,699,IND,India,0,W00,World,H6,HS,TRUE,7801,Lead,Lead,4,FALSE,C00,TOTAL CPC,0,0,TOTAL MOT,8,kg,596014,FALSE,8,kg,596014,FALSE,596014,FALSE,0,FALSE,3089570.011,,3089570.011,0,FALSE,TRUE,
C,A,20220101,2022,52,2022,276,DEU,Germany,M,Import,703,SVK,Slovakia,0,W00,World,H6,HS,TRUE,7801,Lead,Lead,4,FALSE,C00,TOTAL CPC,0,0,TOTAL MOT,8,kg,105000,FALSE,8,kg,105000,FALSE,105000,FALSE,0,FALSE,299852.849,,299852.849,0,FALSE,TRUE,
C,A,20220101,2022,52,2022,276,DEU,Germany,M,Import,710,ZAF,South Africa,0,W00,World,H6,HS,TRUE,7801,Lead,Lead,4,FALSE,C00,TOTAL CPC,0,0,TOTAL MOT,8,kg,17816,FALSE,8,kg,17816,FALSE,17816,FALSE,0,FALSE,70246.162,,70246.162,0,FALSE,TRUE,
C,A,20220101,2022,52,2022,276,DEU,Germany,M,Import,724,ESP,Spain,0,W00,World,H6,HS,TRUE,7801,Lead,Lead,4,FALSE,C00,TOTAL CPC,0,0,TOTAL MOT,8,kg,10769843,FALSE,8,kg,10769843,FALSE,10769843,FALSE,0,FALSE,25162420.97,,25162420.97,0,FALSE,TRUE,
C,A,20220101,2022,52,2022,276,DEU,Germany,M,Import,752,SWE,Sweden,0,W00,World,H6,HS,TRUE,7801,Lead,Lead,4,FALSE,C00,TOTAL CPC,0,0,TOTAL MOT,8,kg,11109850,FALSE,8,kg,11109850,FALSE,11109850,FALSE,0,FALSE,26767995.8,,26767995.8,0,FALSE,TRUE,
C,A,20220101,2022,52,2022,276,DEU,Germany,M,Import,757,CHE,Switzerland,0,W00,World,H6,HS,TRUE,7801,Lead,Lead,4,FALSE,C00,TOTAL CPC,0,0,TOTAL MOT,8,kg,7592.962,TRUE,-1,N/A,0,FALSE,7592.962,TRUE,0,FALSE,17487.419,,17487.419,6,FALSE,TRUE,
C,A,20220101,2022,52,2022,276,DEU,Germany,M,Import,784,ARE,United Arab Emirates,0,W00,World,H6,HS,TRUE,7801,Lead,Lead,4,FALSE,C00,TOTAL CPC,0,0,TOTAL MOT,8,kg,97061,FALSE,8,kg,97061,FALSE,97061,FALSE,0,FALSE,249148.334,,249148.334,0,FALSE,TRUE,
C,A,20220101,2022,52,2022,276,DEU,Germany,M,Import,788,TUN,Tunisia,0,W00,World,H6,HS,TRUE,7801,Lead,Lead,4,FALSE,C00,TOTAL CPC,0,0,TOTAL MOT,8,kg,91577,FALSE,8,kg,91577,FALSE,91577,FALSE,0,FALSE,314947.196,,314947.196,0,FALSE,TRUE,
C,A,20220101,2022,52,2022,276,DEU,Germany,M,Import,792,TUR,Turkey,0,W00,World,H6,HS,TRUE,7801,Lead,Lead,4,FALSE,C00,TOTAL CPC,0,0,TOTAL MOT,8,kg,99660,FALSE,8,kg,99660,FALSE,99660,FALSE,0,FALSE,231803.864,,231803.864,0,FALSE,TRUE,
C,A,20220101,2022,52,2022,276,DEU,Germany,M,Import,804,UKR,Ukraine,0,W00,World,H6,HS,TRUE,7801,Lead,Lead,4,FALSE,C00,TOTAL CPC,0,0,TOTAL MOT,8,kg,820039,FALSE,8,kg,820039,FALSE,820039,FALSE,0,FALSE,1952738.481,,1952738.481,0,FALSE,TRUE,
C,A,20220101,2022,52,2022,276,DEU,Germany,M,Import,826,GBR,United Kingdom,0,W00,World,H6,HS,TRUE,7801,Lead,Lead,4,FALSE,C00,TOTAL CPC,0,0,TOTAL MOT,8,kg,28449261.77,TRUE,-1,N/A,0,FALSE,28449261.77,TRUE,0,FALSE,70598732.52,,70598732.52,6,FALSE,TRUE,
C,A,20220101,2022,52,2022,276,DEU,Germany,M,Import,842,USA,USA,0,W00,World,H6,HS,TRUE,7801,Lead,Lead,4,FALSE,C00,TOTAL CPC,0,0,TOTAL MOT,8,kg,116085.249,TRUE,-1,N/A,0,FALSE,116085.249,TRUE,0,FALSE,319826.52,,319826.52,6,FALSE,TRUE,
C,A,20220101,2022,52,2022,276,DEU,Germany,M,Import,860,UZB,Uzbekistan,0,W00,World,H6,HS,TRUE,7801,Lead,Lead,4,FALSE,C00,TOTAL CPC,0,0,TOTAL MOT,8,kg,1386000,FALSE,8,kg,1386000,FALSE,1386000,FALSE,0,FALSE,2488480.356,,2488480.356,0,FALSE,TRUE,
C,A,20220101,2022,52,2022,276,DEU,Germany,M,Import,0,W00,World,0,W00,World,H6,HS,TRUE,271129,"Petroleum gases and other gaseous hydrocarbons; in gaseous state, other than natural gas",Natural gas,6,TRUE,C00,TOTAL CPC,0,0,TOTAL MOT,8,kg,1337650,FALSE,8,kg,1337650,FALSE,1337650,FALSE,0,FALSE,4904335.245,,4904335.245,0,FALSE,TRUE,
C,A,20220101,2022,52,2022,276,DEU,Germany,M,Import,899,_X ,"Areas, nes",0,W00,World,H6,HS,TRUE,271129,"Petroleum gases and other gaseous hydrocarbons; in gaseous state, other than natural gas",Natural gas,6,TRUE,C00,TOTAL CPC,0,0,TOTAL MOT,8,kg,1337650,FALSE,8,kg,1337650,FALSE,1337650,FALSE,0,FALSE,4904335.245,,4904335.245,0,FALSE,TRUE,
C,A,20220101,2022,52,2022,276,DEU,Germany,M,Import,0,W00,World,0,W00,World,H6,HS,TRUE,280470,Phosphorus,Phosphorus,6,TRUE,C00,TOTAL CPC,0,0,TOTAL MOT,8,kg,33723186.5,TRUE,-1,N/A,0,FALSE,33723186.5,TRUE,0,FALSE,156729062,,156729062,6,FALSE,TRUE,
C,A,20220101,2022,52,2022,276,DEU,Germany,M,Import,36,AUS,Australia,0,W00,World,H6,HS,TRUE,280470,Phosphorus,Phosphorus,6,TRUE,C00,TOTAL CPC,0,0,TOTAL MOT,8,kg,1876,FALSE,8,kg,1876,FALSE,1876,FALSE,0,FALSE,4829.556,,4829.556,0,FALSE,TRUE,
C,A,20220101,2022,52,2022,276,DEU,Germany,M,Import,40,AUT,Austria,0,W00,World,H6,HS,TRUE,280470,Phosphorus,Phosphorus,6,TRUE,C00,TOTAL CPC,0,0,TOTAL MOT,8,kg,485.979,TRUE,-1,N/A,0,FALSE,485.979,TRUE,0,FALSE,2258.593,,2258.593,6,FALSE,TRUE,
C,A,20220101,2022,52,2022,276,DEU,Germany,M,Import,56,BEL,Belgium,0,W00,World,H6,HS,TRUE,280470,Phosphorus,Phosphorus,6,TRUE,C00,TOTAL CPC,0,0,TOTAL MOT,8,kg,2,FALSE,8,kg,2,FALSE,2,FALSE,0,FALSE,139.772,,139.772,0,FALSE,TRUE,
C,A,20220101,2022,52,2022,276,DEU,Germany,M,Import,156,CHN,China,0,W00,World,H6,HS,TRUE,280470,Phosphorus,Phosphorus,6,TRUE,C00,TOTAL CPC,0,0,TOTAL MOT,8,kg,445270,FALSE,8,kg,445270,FALSE,445270,FALSE,0,FALSE,3951828.416,,3951828.416,0,FALSE,TRUE,
C,A,20220101,2022,52,2022,276,DEU,Germany,M,Import,251,FRA,France,0,W00,World,H6,HS,TRUE,280470,Phosphorus,Phosphorus,6,TRUE,C00,TOTAL CPC,0,0,TOTAL MOT,8,kg,3347.852,TRUE,-1,N/A,0,FALSE,3347.852,TRUE,0,FALSE,15559.197,,15559.197,6,FALSE,TRUE,
C,A,20220101,2022,52,2022,276,DEU,Germany,M,Import,380,ITA,Italy,0,W00,World,H6,HS,TRUE,280470,Phosphorus,Phosphorus,6,TRUE,C00,TOTAL CPC,0,0,TOTAL MOT,8,kg,1138715,FALSE,8,kg,1138715,FALSE,1138715,FALSE,0,FALSE,12623263.94,,12623263.94,0,FALSE,TRUE,
C,A,20220101,2022,52,2022,276,DEU,Germany,M,Import,392,JPN,Japan,0,W00,World,H6,HS,TRUE,280470,Phosphorus,Phosphorus,6,TRUE,C00,TOTAL CPC,0,0,TOTAL MOT,8,kg,1879.053,TRUE,-1,N/A,0,FALSE,1879.053,TRUE,0,FALSE,284916.274,,284916.274,6,FALSE,TRUE,
C,A,20220101,2022,52,2022,276,DEU,Germany,M,Import,398,KAZ,Kazakhstan,0,W00,World,H6,HS,TRUE,280470,Phosphorus,Phosphorus,6,TRUE,C00,TOTAL CPC,0,0,TOTAL MOT,8,kg,17383391,FALSE,8,kg,17383391,FALSE,17383391,FALSE,0,FALSE,60167592.51,,60167592.51,0,FALSE,TRUE,
C,A,20220101,2022,52,2022,276,DEU,Germany,M,Import,528,NLD,Netherlands,0,W00,World,H6,HS,TRUE,280470,Phosphorus,Phosphorus,6,TRUE,C00,TOTAL CPC,0,0,TOTAL MOT,8,kg,1928100,FALSE,8,kg,1928100,FALSE,1928100,FALSE,0,FALSE,7222881.091,,7222881.091,0,FALSE,TRUE,
C,A,20220101,2022,52,2022,276,DEU,Germany,M,Import,616,POL,Poland,0,W00,World,H6,HS,TRUE,280470,Phosphorus,Phosphorus,6,TRUE,C00,TOTAL CPC,0,0,TOTAL MOT,8,kg,9796464.617,TRUE,-1,N/A,0,FALSE,9796464.617,TRUE,0,FALSE,51032524.9,,51032524.9,6,FALSE,TRUE,
C,A,20220101,2022,52,2022,276,DEU,Germany,M,Import,704,VNM,Vietnam,0,W00,World,H6,HS,TRUE,280470,Phosphorus,Phosphorus,6,TRUE,C00,TOTAL CPC,0,0,TOTAL MOT,8,kg,2996220,FALSE,8,kg,2996220,FALSE,2996220,FALSE,0,FALSE,21204158.79,,21204158.79,0,FALSE,TRUE,
C,A,20220101,2022,52,2022,276,DEU,Germany,M,Import,784,ARE,United Arab Emirates,0,W00,World,H6,HS,TRUE,280470,Phosphorus,Phosphorus,6,TRUE,C00,TOTAL CPC,0,0,TOTAL MOT,8,kg,27000,FALSE,8,kg,27000,FALSE,27000,FALSE,0,FALSE,216742.342,,216742.342,0,FALSE,TRUE,
C,A,20220101,2022,52,2022,276,DEU,Germany,M,Import,826,GBR,United Kingdom,0,W00,World,H6,HS,TRUE,280470,Phosphorus,Phosphorus,6,TRUE,C00,TOTAL CPC,0,0,TOTAL MOT,8,kg,435,FALSE,8,kg,435,FALSE,435,FALSE,0,FALSE,2366.599,,2366.599,0,FALSE,TRUE,
C,A,20220101,2022,52,2022,276,DEU,Germany,M,Import,0,W00,World,0,W00,World,H6,HS,TRUE,280490,Selenium,Selenium,6,TRUE,C00,TOTAL CPC,0,0,TOTAL MOT,8,kg,163229.721,TRUE,-1,N/A,0,FALSE,163229.721,TRUE,0,FALSE,2756332.763,,2756332.763,6,FALSE,TRUE,
C,A,20220101,2022,52,2022,276,DEU,Germany,M,Import,56,BEL,Belgium,0,W00,World,H6,HS,TRUE,280490,Selenium,Selenium,6,TRUE,C00,TOTAL CPC,0,0,TOTAL MOT,8,kg,9682.937,TRUE,-1,N/A,0,FALSE,9682.937,TRUE,0,FALSE,245389.307,,245389.307,6,FALSE,TRUE,
C,A,20220101,2022,52,2022,276,DEU,Germany,M,Import,124,CAN,Canada,0,W00,World,H6,HS,TRUE,280490,Selenium,Selenium,6,TRUE,C00,TOTAL CPC,0,0,TOTAL MOT,8,kg,5611,FALSE,8,kg,5611,FALSE,5611,FALSE,0,FALSE,20209.802,,20209.802,0,FALSE,TRUE,
C,A,20220101,2022,52,2022,276,DEU,Germany,M,Import,156,CHN,China,0,W00,World,H6,HS,TRUE,280490,Selenium,Selenium,6,TRUE,C00,TOTAL CPC,0,0,TOTAL MOT,8,kg,2271.998,TRUE,-1,N/A,0,FALSE,2271.998,TRUE,0,FALSE,83226.984,,83226.984,6,FALSE,TRUE,
C,A,20220101,2022,52,2022,276,DEU,Germany,M,Import,251,FRA,France,0,W00,World,H6,HS,TRUE,280490,Selenium,Selenium,6,TRUE,C00,TOTAL CPC,0,0,TOTAL MOT,8,kg,4838.02,TRUE,-1,N/A,0,FALSE,4838.02,TRUE,0,FALSE,101287.257,,101287.257,6,FALSE,TRUE,
C,A,20220101,2022,52,2022,276,DEU,Germany,M,Import,392,JPN,Japan,0,W00,World,H6,HS,TRUE,280490,Selenium,Selenium,6,TRUE,C00,TOTAL CPC,0,0,TOTAL MOT,8,kg,3879.713,TRUE,-1,N/A,0,FALSE,3879.713,TRUE,0,FALSE,98511.93,,98511.93,6,FALSE,TRUE,
C,A,20220101,2022,52,2022,276,DEU,Germany,M,Import,410,KOR,South Korea,0,W00,World,H6,HS,TRUE,280490,Selenium,Selenium,6,TRUE,C00,TOTAL CPC,0,0,TOTAL MOT,8,kg,8400,FALSE,8,kg,8400,FALSE,8400,FALSE,0,FALSE,164709.991,,164709.991,0,FALSE,TRUE,
C,A,20220101,2022,52,2022,276,DEU,Germany,M,Import,528,NLD,Netherlands,0,W00,World,H6,HS,TRUE,280490,Selenium,Selenium,6,TRUE,C00,TOTAL CPC,0,0,TOTAL MOT,8,kg,260.678,TRUE,-1,N/A,0,FALSE,260.678,TRUE,0,FALSE,5614.187,,5614.187,6,FALSE,TRUE,
C,A,20220101,2022,52,2022,276,DEU,Germany,M,Import,643,RUS,Russia,0,W00,World,H6,HS,TRUE,280490,Selenium,Selenium,6,TRUE,C00,TOTAL CPC,0,0,TOTAL MOT,8,kg,48387,FALSE,8,kg,48387,FALSE,48387,FALSE,0,FALSE,846707.68,,846707.68,0,FALSE,TRUE,
C,A,20220101,2022,52,2022,276,DEU,Germany,M,Import,724,ESP,Spain,0,W00,World,H6,HS,TRUE,280490,Selenium,Selenium,6,TRUE,C00,TOTAL CPC,0,0,TOTAL MOT,8,kg,12700.238,TRUE,-1,N/A,0,FALSE,12700.238,TRUE,0,FALSE,233901.507,,233901.507,6,FALSE,TRUE,
C,A,20220101,2022,52,2022,276,DEU,Germany,M,Import,752,SWE,Sweden,0,W00,World,H6,HS,TRUE,280490,Selenium,Selenium,6,TRUE,C00,TOTAL CPC,0,0,TOTAL MOT,8,kg,66866,FALSE,8,kg,66866,FALSE,66866,FALSE,0,FALSE,948718.153,,948718.153,0,FALSE,TRUE,
C,A,20220101,2022,52,2022,276,DEU,Germany,M,Import,757,CHE,Switzerland,0,W00,World,H6,HS,TRUE,280490,Selenium,Selenium,6,TRUE,C00,TOTAL CPC,0,0,TOTAL MOT,8,kg,134.82,TRUE,-1,N/A,0,FALSE,134.82,TRUE,0,FALSE,2276.594,,2276.594,6,FALSE,TRUE,
C,A,20220101,2022,52,2022,276,DEU,Germany,M,Import,842,USA,USA,0,W00,World,H6,HS,TRUE,280490,Selenium,Selenium,6,TRUE,C00,TOTAL CPC,0,0,TOTAL MOT,8,kg,197.317,TRUE,-1,N/A,0,FALSE,197.317,TRUE,0,FALSE,5779.372,,5779.372,6,FALSE,TRUE,
C,A,20220101,2022,52,2022,276,DEU,Germany,M,Import,0,W00,World,0,W00,World,H6,HS,TRUE,280530,"Earth-metals, rare; scandium and yttrium, whether or not intermixed or interalloyed",Rare earths,6,TRUE,C00,TOTAL CPC,0,0,TOTAL MOT,8,kg,260243.856,TRUE,-1,N/A,0,FALSE,260243.856,TRUE,0,FALSE,4488304.096,,4488304.096,6,FALSE,TRUE,
C,A,20220101,2022,52,2022,276,DEU,Germany,M,Import,40,AUT,Austria,0,W00,World,H6,HS,TRUE,280530,"Earth-metals, rare; scandium and yttrium, whether or not intermixed or interalloyed",Rare earths,6,TRUE,C00,TOTAL CPC,0,0,TOTAL MOT,8,kg,50,FALSE,8,kg,50,FALSE,50,FALSE,0,FALSE,2753.09,,2753.09,0,FALSE,TRUE,
C,A,20220101,2022,52,2022,276,DEU,Germany,M,Import,156,CHN,China,0,W00,World,H6,HS,TRUE,280530,"Earth-metals, rare; scandium and yttrium, whether or not intermixed or interalloyed",Rare earths,6,TRUE,C00,TOTAL CPC,0,0,TOTAL MOT,8,kg,257079.651,TRUE,-1,N/A,0,FALSE,257079.651,TRUE,0,FALSE,4080841.412,,4080841.412,6,FALSE,TRUE,
C,A,20220101,2022,52,2022,276,DEU,Germany,M,Import,410,KOR,South Korea,0,W00,World,H6,HS,TRUE,280530,"Earth-metals, rare; scandium and yttrium, whether or not intermixed or interalloyed",Rare earths,6,TRUE,C00,TOTAL CPC,0,0,TOTAL MOT,8,kg,3,FALSE,8,kg,3,FALSE,3,FALSE,0,FALSE,120.712,,120.712,0,FALSE,TRUE,
C,A,20220101,2022,52,2022,276,DEU,Germany,M,Import,704,VNM,Vietnam,0,W00,World,H6,HS,TRUE,280530,"Earth-metals, rare; scandium and yttrium, whether or not intermixed or interalloyed",Rare earths,6,TRUE,C00,TOTAL CPC,0,0,TOTAL MOT,8,kg,12,FALSE,8,kg,12,FALSE,12,FALSE,0,FALSE,1802.215,,1802.215,0,FALSE,TRUE,
C,A,20220101,2022,52,2022,276,DEU,Germany,M,Import,764,THA,Thailand,0,W00,World,H6,HS,TRUE,280530,"Earth-metals, rare; scandium and yttrium, whether or not intermixed or interalloyed",Rare earths,6,TRUE,C00,TOTAL CPC,0,0,TOTAL MOT,8,kg,1560,FALSE,8,kg,1560,FALSE,1560,FALSE,0,FALSE,266303.265,,266303.265,0,FALSE,TRUE,
C,A,20220101,2022,52,2022,276,DEU,Germany,M,Import,826,GBR,United Kingdom,0,W00,World,H6,HS,TRUE,280530,"Earth-metals, rare; scandium and yttrium, whether or not intermixed or interalloyed",Rare earths,6,TRUE,C00,TOTAL CPC,0,0,TOTAL MOT,8,kg,860.643,TRUE,-1,N/A,0,FALSE,860.643,TRUE,0,FALSE,24184.841,,24184.841,6,FALSE,TRUE,
C,A,20220101,2022,52,2022,276,DEU,Germany,M,Import,842,USA,USA,0,W00,World,H6,HS,TRUE,280530,"Earth-metals, rare; scandium and yttrium, whether or not intermixed or interalloyed",Rare earths,6,TRUE,C00,TOTAL CPC,0,0,TOTAL MOT,8,kg,678.562,TRUE,-1,N/A,0,FALSE,678.562,TRUE,0,FALSE,112298.56,,112298.56,6,FALSE,TRUE,
C,A,20220101,2022,52,2022,276,DEU,Germany,M,Import,0,W00,World,0,W00,World,H6,HS,TRUE,281820,Aluminium oxide,Aluminium,6,TRUE,C00,TOTAL CPC,0,0,TOTAL MOT,8,kg,656624337.6,TRUE,-1,N/A,0,FALSE,656624337.6,TRUE,0,FALSE,406356196.8,,406356196.8,6,FALSE,TRUE,
C,A,20220101,2022,52,2022,276,DEU,Germany,M,Import,36,AUS,Australia,0,W00,World,H6,HS,TRUE,281820,Aluminium oxide,Aluminium,6,TRUE,C00,TOTAL CPC,0,0,TOTAL MOT,8,kg,98371738.17,TRUE,-1,N/A,0,FALSE,98371738.17,TRUE,0,FALSE,45473272.85,,45473272.85,6,FALSE,TRUE,
C,A,20220101,2022,52,2022,276,DEU,Germany,M,Import,40,AUT,Austria,0,W00,World,H6,HS,TRUE,281820,Aluminium oxide,Aluminium,6,TRUE,C00,TOTAL CPC,0,0,TOTAL MOT,8,kg,9752177,FALSE,8,kg,9752177,FALSE,9752177,FALSE,0,FALSE,3649802.744,,3649802.744,0,FALSE,TRUE,
C,A,20220101,2022,52,2022,276,DEU,Germany,M,Import,56,BEL,Belgium,0,W00,World,H6,HS,TRUE,281820,Aluminium oxide,Aluminium,6,TRUE,C00,TOTAL CPC,0,0,TOTAL MOT,8,kg,288957.819,TRUE,-1,N/A,0,FALSE,288957.819,TRUE,0,FALSE,1797989.383,,1797989.383,6,FALSE,TRUE,
C,A,20220101,2022,52,2022,276,DEU,Germany,M,Import,70,BIH,Bosnia and Herzegovina,0,W00,World,H6,HS,TRUE,281820,Aluminium oxide,Aluminium,6,TRUE,C00,TOTAL CPC,0,0,TOTAL MOT,8,kg,1914695,FALSE,8,kg,1914695,FALSE,1914695,FALSE,0,FALSE,1149095.489,,1149095.489,0,FALSE,TRUE,
C,A,20220101,2022,52,2022,276,DEU,Germany,M,Import,76,BRA,Brazil,0,W00,World,H6,HS,TRUE,281820,Aluminium oxide,Aluminium,6,TRUE,C00,TOTAL CPC,0,0,TOTAL MOT,8,kg,2967928.711,TRUE,-1,N/A,0,FALSE,2967928.711,TRUE,0,FALSE,2284720.954,,2284720.954,6,FALSE,TRUE,
C,A,20220101,2022,52,2022,276,DEU,Germany,M,Import,124,CAN,Canada,0,W00,World,H6,HS,TRUE,281820,Aluminium oxide,Aluminium,6,TRUE,C00,TOTAL CPC,0,0,TOTAL MOT,8,kg,30923,FALSE,8,kg,30923,FALSE,30923,FALSE,0,FALSE,80878.386,,80878.386,0,FALSE,TRUE,
C,A,20220101,2022,52,2022,276,DEU,Germany,M,Import,156,CHN,China,0,W00,World,H6,HS,TRUE,281820,Aluminium oxide,Aluminium,6,TRUE,C00,TOTAL CPC,0,0,TOTAL MOT,8,kg,10166213.66,TRUE,-1,N/A,0,FALSE,10166213.66,TRUE,0,FALSE,18308046.33,,18308046.33,6,FALSE,TRUE,
C,A,20220101,2022,52,2022,276,DEU,Germany,M,Import,203,CZE,Czechia,0,W00,World,H6,HS,TRUE,281820,Aluminium oxide,Aluminium,6,TRUE,C00,TOTAL CPC,0,0,TOTAL MOT,8,kg,220730,FALSE,8,kg,220730,FALSE,220730,FALSE,0,FALSE,83957.612,,83957.612,0,FALSE,TRUE,
C,A,20220101,2022,52,2022,276,DEU,Germany,M,Import,208,DNK,Denmark,0,W00,World,H6,HS,TRUE,281820,Aluminium oxide,Aluminium,6,TRUE,C00,TOTAL CPC,0,0,TOTAL MOT,8,kg,4123,FALSE,8,kg,4123,FALSE,4123,FALSE,0,FALSE,76990.175,,76990.175,0,FALSE,TRUE,
C,A,20220101,2022,52,2022,276,DEU,Germany,M,Import,251,FRA,France,0,W00,World,H6,HS,TRUE,281820,Aluminium oxide,Aluminium,6,TRUE,C00,TOTAL CPC,0,0,TOTAL MOT,8,kg,20129068,FALSE,8,kg,20129068,FALSE,20129068,FALSE,0,FALSE,27909957.61,,27909957.61,0,FALSE,TRUE,
C,A,20220101,2022,52,2022,276,DEU,Germany,M,Import,348,HUN,Hungary,0,W00,World,H6,HS,TRUE,281820,Aluminium oxide,Aluminium,6,TRUE,C00,TOTAL CPC,0,0,TOTAL MOT,8,kg,1946040,FALSE,8,kg,1946040,FALSE,1946040,FALSE,0,FALSE,1743539.607,,1743539.607,0,FALSE,TRUE,
C,A,20220101,2022,52,2022,276,DEU,Germany,M,Import,372,IRL,Ireland,0,W00,World,H6,HS,TRUE,281820,Aluminium oxide,Aluminium,6,TRUE,C00,TOTAL CPC,0,0,TOTAL MOT,8,kg,4529530,FALSE,8,kg,4529530,FALSE,4529530,FALSE,0,FALSE,1751108.488,,1751108.488,0,FALSE,TRUE,
C,A,20220101,2022,52,2022,276,DEU,Germany,M,Import,380,ITA,Italy,0,W00,World,H6,HS,TRUE,281820,Aluminium oxide,Aluminium,6,TRUE,C00,TOTAL CPC,0,0,TOTAL MOT,8,kg,2354510,FALSE,8,kg,2354510,FALSE,2354510,FALSE,0,FALSE,3758951.133,,3758951.133,0,FALSE,TRUE,
C,A,20220101,2022,52,2022,276,DEU,Germany,M,Import,392,JPN,Japan,0,W00,World,H6,HS,TRUE,281820,Aluminium oxide,Aluminium,6,TRUE,C00,TOTAL CPC,0,0,TOTAL MOT,8,kg,1747900.525,TRUE,-1,N/A,0,FALSE,1747900.525,TRUE,0,FALSE,15880912.24,,15880912.24,6,FALSE,TRUE,
C,A,20220101,2022,52,2022,276,DEU,Germany,M,Import,410,KOR,South Korea,0,W00,World,H6,HS,TRUE,281820,Aluminium oxide,Aluminium,6,TRUE,C00,TOTAL CPC,0,0,TOTAL MOT,8,kg,333.251,TRUE,-1,N/A,0,FALSE,333.251,TRUE,0,FALSE,1332.072,,1332.072,6,FALSE,TRUE,
C,A,20220101,2022,52,2022,276,DEU,Germany,M,Import,442,LUX,Luxembourg,0,W00,World,H6,HS,TRUE,281820,Aluminium oxide,Aluminium,6,TRUE,C00,TOTAL CPC,0,0,TOTAL MOT,8,kg,2531290,FALSE,8,kg,2531290,FALSE,2531290,FALSE,0,FALSE,2681564.121,,2681564.121,0,FALSE,TRUE,
C,A,20220101,2022,52,2022,276,DEU,Germany,M,Import,490,S19,"Other Asia, nes",0,W00,World,H6,HS,TRUE,281820,Aluminium oxide,Aluminium,6,TRUE,C00,TOTAL CPC,0,0,TOTAL MOT,8,kg,8468,FALSE,8,kg,8468,FALSE,8468,FALSE,0,FALSE,27709.856,,27709.856,0,FALSE,TRUE,
C,A,20220101,2022,52,2022,276,DEU,Germany,M,Import,528,NLD,Netherlands,0,W00,World,H6,HS,TRUE,281820,Aluminium oxide,Aluminium,6,TRUE,C00,TOTAL CPC,0,0,TOTAL MOT,8,kg,377859724,FALSE,8,kg,377859724,FALSE,377859724,FALSE,0,FALSE,174938034.1,,174938034.1,0,FALSE,TRUE,
C,A,20220101,2022,52,2022,276,DEU,Germany,M,Import,579,NOR,Norway,0,W00,World,H6,HS,TRUE,281820,Aluminium oxide,Aluminium,6,TRUE,C00,TOTAL CPC,0,0,TOTAL MOT,8,kg,142.749,TRUE,-1,N/A,0,FALSE,142.749,TRUE,0,FALSE,115.418,,115.418,6,FALSE,TRUE,
C,A,20220101,2022,52,2022,276,DEU,Germany,M,Import,616,POL,Poland,0,W00,World,H6,HS,TRUE,281820,Aluminium oxide,Aluminium,6,TRUE,C00,TOTAL CPC,0,0,TOTAL MOT,8,kg,5459,FALSE,8,kg,5459,FALSE,5459,FALSE,0,FALSE,13208.481,,13208.481,0,FALSE,TRUE,
C,A,20220101,2022,52,2022,276,DEU,Germany,M,Import,642,ROU,Romania,0,W00,World,H6,HS,TRUE,281820,Aluminium oxide,Aluminium,6,TRUE,C00,TOTAL CPC,0,0,TOTAL MOT,8,kg,1581341,FALSE,8,kg,1581341,FALSE,1581341,FALSE,0,FALSE,852462.698,,852462.698,0,FALSE,TRUE,
C,A,20220101,2022,52,2022,276,DEU,Germany,M,Import,643,RUS,Russia,0,W00,World,H6,HS,TRUE,281820,Aluminium oxide,Aluminium,6,TRUE,C00,TOTAL CPC,0,0,TOTAL MOT,8,kg,90154,FALSE,8,kg,90154,FALSE,90154,FALSE,0,FALSE,95344.817,,95344.817,0,FALSE,TRUE,
C,A,20220101,2022,52,2022,276,DEU,Germany,M,Import,688,SRB,Serbia,0,W00,World,H6,HS,TRUE,281820,Aluminium oxide,Aluminium,6,TRUE,C00,TOTAL CPC,0,0,TOTAL MOT,8,kg,10,FALSE,8,kg,10,FALSE,10,FALSE,0,FALSE,73.063,,73.063,0,FALSE,TRUE,
C,A,20220101,2022,52,2022,276,DEU,Germany,M,Import,699,IND,India,0,W00,World,H6,HS,TRUE,281820,Aluminium oxide,Aluminium,6,TRUE,C00,TOTAL CPC,0,0,TOTAL MOT,8,kg,569943.457,TRUE,-1,N/A,0,FALSE,569943.457,TRUE,0,FALSE,891382.926,,891382.926,6,FALSE,TRUE,
C,A,20220101,2022,52,2022,276,DEU,Germany,M,Import,702,SGP,Singapore,0,W00,World,H6,HS,TRUE,281820,Aluminium oxide,Aluminium,6,TRUE,C00,TOTAL CPC,0,0,TOTAL MOT,8,kg,1160834,FALSE,8,kg,1160834,FALSE,1160834,FALSE,0,FALSE,6506348,,6506348,0,FALSE,TRUE,
C,A,20220101,2022,52,2022,276,DEU,Germany,M,Import,703,SVK,Slovakia,0,W00,World,H6,HS,TRUE,281820,Aluminium oxide,Aluminium,6,TRUE,C00,TOTAL CPC,0,0,TOTAL MOT,8,kg,24000,FALSE,8,kg,24000,FALSE,24000,FALSE,0,FALSE,27192.063,,27192.063,0,FALSE,TRUE,
C,A,20220101,2022,52,2022,276,DEU,Germany,M,Import,705,SVN,Slovenia,0,W00,World,H6,HS,TRUE,281820,Aluminium oxide,Aluminium,6,TRUE,C00,TOTAL CPC,0,0,TOTAL MOT,8,kg,26512400,FALSE,8,kg,26512400,FALSE,26512400,FALSE,0,FALSE,23165021.01,,23165021.01,0,FALSE,TRUE,
C,A,20220101,2022,52,2022,276,DEU,Germany,M,Import,724,ESP,Spain,0,W00,World,H6,HS,TRUE,281820,Aluminium oxide,Aluminium,6,TRUE,C00,TOTAL CPC,0,0,TOTAL MOT,8,kg,87503752,FALSE,8,kg,87503752,FALSE,87503752,FALSE,0,FALSE,41331759.68,,41331759.68,0,FALSE,TRUE,
C,A,20220101,2022,52,2022,276,DEU,Germany,M,Import,752,SWE,Sweden,0,W00,World,H6,HS,TRUE,281820,Aluminium oxide,Aluminium,6,TRUE,C00,TOTAL CPC,0,0,TOTAL MOT,8,kg,54280,FALSE,8,kg,54280,FALSE,54280,FALSE,0,FALSE,6659.302,,6659.302,0,FALSE,TRUE,
C,A,20220101,2022,52,2022,276,DEU,Germany,M,Import,757,CHE,Switzerland,0,W00,World,H6,HS,TRUE,281820,Aluminium oxide,Aluminium,6,TRUE,C00,TOTAL CPC,0,0,TOTAL MOT,8,kg,84402.775,TRUE,-1,N/A,0,FALSE,84402.775,TRUE,0,FALSE,573637.107,,573637.107,6,FALSE,TRUE,
C,A,20220101,2022,52,2022,276,DEU,Germany,M,Import,764,THA,Thailand,0,W00,World,H6,HS,TRUE,281820,Aluminium oxide,Aluminium,6,TRUE,C00,TOTAL CPC,0,0,TOTAL MOT,8,kg,5.133,TRUE,-1,N/A,0,FALSE,5.133,TRUE,0,FALSE,3.177,,3.177,6,FALSE,TRUE,
C,A,20220101,2022,52,2022,276,DEU,Germany,M,Import,792,TUR,Turkey,0,W00,World,H6,HS,TRUE,281820,Aluminium oxide,Aluminium,6,TRUE,C00,TOTAL CPC,0,0,TOTAL MOT,8,kg,6664.168,TRUE,-1,N/A,0,FALSE,6664.168,TRUE,0,FALSE,28786.738,,28786.738,6,FALSE,TRUE,
C,A,20220101,2022,52,2022,276,DEU,Germany,M,Import,804,UKR,Ukraine,0,W00,World,H6,HS,TRUE,281820,Aluminium oxide,Aluminium,6,TRUE,C00,TOTAL CPC,0,0,TOTAL MOT,8,kg,21000,FALSE,8,kg,21000,FALSE,21000,FALSE,0,FALSE,23454.213,,23454.213,0,FALSE,TRUE,
C,A,20220101,2022,52,2022,276,DEU,Germany,M,Import,826,GBR,United Kingdom,0,W00,World,H6,HS,TRUE,281820,Aluminium oxide,Aluminium,6,TRUE,C00,TOTAL CPC,0,0,TOTAL MOT,8,kg,66633.778,TRUE,-1,N/A,0,FALSE,66633.778,TRUE,0,FALSE,508983.954,,508983.954,6,FALSE,TRUE,
C,A,20220101,2022,52,2022,276,DEU,Germany,M,Import,842,USA,USA,0,W00,World,H6,HS,TRUE,281820,Aluminium oxide,Aluminium,6,TRUE,C00,TOTAL CPC,0,0,TOTAL MOT,8,kg,4118965.413,TRUE,-1,N/A,0,FALSE,4118965.413,TRUE,0,FALSE,30733900.98,,30733900.98,6,FALSE,TRUE,
C,A,20220101,2022,52,2022,276,DEU,Germany,M,Import,0,W00,World,0,W00,World,H6,HS,TRUE,281830,Aluminium hydroxide,Aluminium,6,TRUE,C00,TOTAL CPC,0,0,TOTAL MOT,8,kg,175126279.3,TRUE,-1,N/A,0,FALSE,175126279.3,TRUE,0,FALSE,87069795.12,,87069795.12,6,FALSE,TRUE,
C,A,20220101,2022,52,2022,276,DEU,Germany,M,Import,36,AUS,Australia,0,W00,World,H6,HS,TRUE,281830,Aluminium hydroxide,Aluminium,6,TRUE,C00,TOTAL CPC,0,0,TOTAL MOT,8,kg,3239440,FALSE,8,kg,3239440,FALSE,3239440,FALSE,0,FALSE,1405466.45,,1405466.45,0,FALSE,TRUE,
C,A,20220101,2022,52,2022,276,DEU,Germany,M,Import,40,AUT,Austria,0,W00,World,H6,HS,TRUE,281830,Aluminium hydroxide,Aluminium,6,TRUE,C00,TOTAL CPC,0,0,TOTAL MOT,8,kg,214895,FALSE,8,kg,214895,FALSE,214895,FALSE,0,FALSE,232402.132,,232402.132,0,FALSE,TRUE,
C,A,20220101,2022,52,2022,276,DEU,Germany,M,Import,56,BEL,Belgium,0,W00,World,H6,HS,TRUE,281830,Aluminium hydroxide,Aluminium,6,TRUE,C00,TOTAL CPC,0,0,TOTAL MOT,8,kg,1430820,FALSE,8,kg,1430820,FALSE,1430820,FALSE,0,FALSE,3154092.921,,3154092.921,0,FALSE,TRUE,
C,A,20220101,2022,52,2022,276,DEU,Germany,M,Import,70,BIH,Bosnia and Herzegovina,0,W00,World,H6,HS,TRUE,281830,Aluminium hydroxide,Aluminium,6,TRUE,C00,TOTAL CPC,0,0,TOTAL MOT,8,kg,20764367,FALSE,8,kg,20764367,FALSE,20764367,FALSE,0,FALSE,10665123.05,,10665123.05,0,FALSE,TRUE,
C,A,20220101,2022,52,2022,276,DEU,Germany,M,Import,156,CHN,China,0,W00,World,H6,HS,TRUE,281830,Aluminium hydroxide,Aluminium,6,TRUE,C00,TOTAL CPC,0,0,TOTAL MOT,8,kg,2966051.13,TRUE,-1,N/A,0,FALSE,2966051.13,TRUE,0,FALSE,9228819.869,,9228819.869,6,FALSE,TRUE,
C,A,20220101,2022,52,2022,276,DEU,Germany,M,Import,203,CZE,Czechia,0,W00,World,H6,HS,TRUE,281830,Aluminium hydroxide,Aluminium,6,TRUE,C00,TOTAL CPC,0,0,TOTAL MOT,8,kg,25980,FALSE,8,kg,25980,FALSE,25980,FALSE,0,FALSE,34679.41,,34679.41,0,FALSE,TRUE,
C,A,20220101,2022,52,2022,276,DEU,Germany,M,Import,208,DNK,Denmark,0,W00,World,H6,HS,TRUE,281830,Aluminium hydroxide,Aluminium,6,TRUE,C00,TOTAL CPC,0,0,TOTAL MOT,8,kg,1862660,FALSE,8,kg,1862660,FALSE,1862660,FALSE,0,FALSE,5620981.636,,5620981.636,0,FALSE,TRUE,
C,A,20220101,2022,52,2022,276,DEU,Germany,M,Import,251,FRA,France,0,W00,World,H6,HS,TRUE,281830,Aluminium hydroxide,Aluminium,6,TRUE,C00,TOTAL CPC,0,0,TOTAL MOT,8,kg,6045210,FALSE,8,kg,6045210,FALSE,6045210,FALSE,0,FALSE,770980.75,,770980.75,0,FALSE,TRUE,
C,A,20220101,2022,52,2022,276,DEU,Germany,M,Import,300,GRC,Greece,0,W00,World,H6,HS,TRUE,281830,Aluminium hydroxide,Aluminium,6,TRUE,C00,TOTAL CPC,0,0,TOTAL MOT,8,kg,216080,FALSE,8,kg,216080,FALSE,216080,FALSE,0,FALSE,126216.491,,126216.491,0,FALSE,TRUE,
C,A,20220101,2022,52,2022,276,DEU,Germany,M,Import,348,HUN,Hungary,0,W00,World,H6,HS,TRUE,281830,Aluminium hydroxide,Aluminium,6,TRUE,C00,TOTAL CPC,0,0,TOTAL MOT,8,kg,2562580,FALSE,8,kg,2562580,FALSE,2562580,FALSE,0,FALSE,1383559.262,,1383559.262,0,FALSE,TRUE,
C,A,20220101,2022,52,2022,276,DEU,Germany,M,Import,380,ITA,Italy,0,W00,World,H6,HS,TRUE,281830,Aluminium hydroxide,Aluminium,6,TRUE,C00,TOTAL CPC,0,0,TOTAL MOT,8,kg,223378,FALSE,8,kg,223378,FALSE,223378,FALSE,0,FALSE,255768.458,,255768.458,0,FALSE,TRUE,
C,A,20220101,2022,52,2022,276,DEU,Germany,M,Import,392,JPN,Japan,0,W00,World,H6,HS,TRUE,281830,Aluminium hydroxide,Aluminium,6,TRUE,C00,TOTAL CPC,0,0,TOTAL MOT,8,kg,61132.455,TRUE,-1,N/A,0,FALSE,61132.455,TRUE,0,FALSE,222102.397,,222102.397,6,FALSE,TRUE,
C,A,20220101,2022,52,2022,276,DEU,Germany,M,Import,410,KOR,South Korea,0,W00,World,H6,HS,TRUE,281830,Aluminium hydroxide,Aluminium,6,TRUE,C00,TOTAL CPC,0,0,TOTAL MOT,8,kg,283556.89,TRUE,-1,N/A,0,FALSE,283556.89,TRUE,0,FALSE,337943.973,,337943.973,6,FALSE,TRUE,
C,A,20220101,2022,52,2022,276,DEU,Germany,M,Import,528,NLD,Netherlands,0,W00,World,H6,HS,TRUE,281830,Aluminium hydroxide,Aluminium,6,TRUE,C00,TOTAL CPC,0,0,TOTAL MOT,8,kg,47845600,FALSE,8,kg,47845600,FALSE,47845600,FALSE,0,FALSE,21482447.53,,21482447.53,0,FALSE,TRUE,
C,A,20220101,2022,52,2022,276,DEU,Germany,M,Import,616,POL,Poland,0,W00,World,H6,HS,TRUE,281830,Aluminium hydroxide,Aluminium,6,TRUE,C00,TOTAL CPC,0,0,TOTAL MOT,8,kg,1626,FALSE,8,kg,1626,FALSE,1626,FALSE,0,FALSE,1224.066,,1224.066,0,FALSE,TRUE,
C,A,20220101,2022,52,2022,276,DEU,Germany,M,Import,643,RUS,Russia,0,W00,World,H6,HS,TRUE,281830,Aluminium hydroxide,Aluminium,6,TRUE,C00,TOTAL CPC,0,0,TOTAL MOT,8,kg,400800,FALSE,8,kg,400800,FALSE,400800,FALSE,0,FALSE,273684.724,,273684.724,0,FALSE,TRUE,
C,A,20220101,2022,52,2022,276,DEU,Germany,M,Import,699,IND,India,0,W00,World,H6,HS,TRUE,281830,Aluminium hydroxide,Aluminium,6,TRUE,C00,TOTAL CPC,0,0,TOTAL MOT,8,kg,9163,FALSE,8,kg,9163,FALSE,9163,FALSE,0,FALSE,42370.062,,42370.062,0,FALSE,TRUE,
C,A,20220101,2022,52,2022,276,DEU,Germany,M,Import,703,SVK,Slovakia,0,W00,World,H6,HS,TRUE,281830,Aluminium hydroxide,Aluminium,6,TRUE,C00,TOTAL CPC,0,0,TOTAL MOT,8,kg,1380,FALSE,8,kg,1380,FALSE,1380,FALSE,0,FALSE,5211.812,,5211.812,0,FALSE,TRUE,
C,A,20220101,2022,52,2022,276,DEU,Germany,M,Import,705,SVN,Slovenia,0,W00,World,H6,HS,TRUE,281830,Aluminium hydroxide,Aluminium,6,TRUE,C00,TOTAL CPC,0,0,TOTAL MOT,8,kg,11340201,FALSE,8,kg,11340201,FALSE,11340201,FALSE,0,FALSE,8373604.081,,8373604.081,0,FALSE,TRUE,
C,A,20220101,2022,52,2022,276,DEU,Germany,M,Import,724,ESP,Spain,0,W00,World,H6,HS,TRUE,281830,Aluminium hydroxide,Aluminium,6,TRUE,C00,TOTAL CPC,0,0,TOTAL MOT,8,kg,74518500,FALSE,8,kg,74518500,FALSE,74518500,FALSE,0,FALSE,18550146.75,,18550146.75,0,FALSE,TRUE,
C,A,20220101,2022,52,2022,276,DEU,Germany,M,Import,752,SWE,Sweden,0,W00,World,H6,HS,TRUE,281830,Aluminium hydroxide,Aluminium,6,TRUE,C00,TOTAL CPC,0,0,TOTAL MOT,8,kg,24000,FALSE,8,kg,24000,FALSE,24000,FALSE,0,FALSE,37636.864,,37636.864,0,FALSE,TRUE,
C,A,20220101,2022,52,2022,276,DEU,Germany,M,Import,757,CHE,Switzerland,0,W00,World,H6,HS,TRUE,281830,Aluminium hydroxide,Aluminium,6,TRUE,C00,TOTAL CPC,0,0,TOTAL MOT,8,kg,39057,FALSE,8,kg,39057,FALSE,39057,FALSE,0,FALSE,66820.682,,66820.682,0,FALSE,TRUE,
C,A,20220101,2022,52,2022,276,DEU,Germany,M,Import,764,THA,Thailand,0,W00,World,H6,HS,TRUE,281830,Aluminium hydroxide,Aluminium,6,TRUE,C00,TOTAL CPC,0,0,TOTAL MOT,8,kg,6000,FALSE,8,kg,6000,FALSE,6000,FALSE,0,FALSE,44314.168,,44314.168,0,FALSE,TRUE,
C,A,20220101,2022,52,2022,276,DEU,Germany,M,Import,792,TUR,Turkey,0,W00,World,H6,HS,TRUE,281830,Aluminium hydroxide,Aluminium,6,TRUE,C00,TOTAL CPC,0,0,TOTAL MOT,8,kg,22542,FALSE,8,kg,22542,FALSE,22542,FALSE,0,FALSE,18261.461,,18261.461,0,FALSE,TRUE,
C,A,20220101,2022,52,2022,276,DEU,Germany,M,Import,826,GBR,United Kingdom,0,W00,World,H6,HS,TRUE,281830,Aluminium hydroxide,Aluminium,6,TRUE,C00,TOTAL CPC,0,0,TOTAL MOT,8,kg,54491.83,TRUE,-1,N/A,0,FALSE,54491.83,TRUE,0,FALSE,174176.386,,174176.386,6,FALSE,TRUE,
C,A,20220101,2022,52,2022,276,DEU,Germany,M,Import,842,USA,USA,0,W00,World,H6,HS,TRUE,281830,Aluminium hydroxide,Aluminium,6,TRUE,C00,TOTAL CPC,0,0,TOTAL MOT,8,kg,966768,FALSE,8,kg,966768,FALSE,966768,FALSE,0,FALSE,4561759.726,,4561759.726,0,FALSE,TRUE,
C,A,20220101,2022,52,2022,276,DEU,Germany,M,Import,0,W00,World,0,W00,World,H6,HS,TRUE,281910,Chromium trioxide,Chromium,6,TRUE,C00,TOTAL CPC,0,0,TOTAL MOT,8,kg,6221392.982,TRUE,-1,N/A,0,FALSE,6221392.982,TRUE,0,FALSE,21224908.62,,21224908.62,6,FALSE,TRUE,
C,A,20220101,2022,52,2022,276,DEU,Germany,M,Import,56,BEL,Belgium,0,W00,World,H6,HS,TRUE,281910,Chromium trioxide,Chromium,6,TRUE,C00,TOTAL CPC,0,0,TOTAL MOT,8,kg,1931,FALSE,8,kg,1931,FALSE,1931,FALSE,0,FALSE,9851.828,,9851.828,0,FALSE,TRUE,
C,A,20220101,2022,52,2022,276,DEU,Germany,M,Import,156,CHN,China,0,W00,World,H6,HS,TRUE,281910,Chromium trioxide,Chromium,6,TRUE,C00,TOTAL CPC,0,0,TOTAL MOT,8,kg,88050,FALSE,8,kg,88050,FALSE,88050,FALSE,0,FALSE,484837.233,,484837.233,0,FALSE,TRUE,
C,A,20220101,2022,52,2022,276,DEU,Germany,M,Import,251,FRA,France,0,W00,World,H6,HS,TRUE,281910,Chromium trioxide,Chromium,6,TRUE,C00,TOTAL CPC,0,0,TOTAL MOT,8,kg,600,FALSE,8,kg,600,FALSE,600,FALSE,0,FALSE,4193.169,,4193.169,0,FALSE,TRUE,
C,A,20220101,2022,52,2022,276,DEU,Germany,M,Import,380,ITA,Italy,0,W00,World,H6,HS,TRUE,281910,Chromium trioxide,Chromium,6,TRUE,C00,TOTAL CPC,0,0,TOTAL MOT,8,kg,515750,FALSE,8,kg,515750,FALSE,515750,FALSE,0,FALSE,1072545.809,,1072545.809,0,FALSE,TRUE,
C,A,20220101,2022,52,2022,276,DEU,Germany,M,Import,398,KAZ,Kazakhstan,0,W00,World,H6,HS,TRUE,281910,Chromium trioxide,Chromium,6,TRUE,C00,TOTAL CPC,0,0,TOTAL MOT,8,kg,3936800,FALSE,8,kg,3936800,FALSE,3936800,FALSE,0,FALSE,13712313.47,,13712313.47,0,FALSE,TRUE,
C,A,20220101,2022,52,2022,276,DEU,Germany,M,Import,528,NLD,Netherlands,0,W00,World,H6,HS,TRUE,281910,Chromium trioxide,Chromium,6,TRUE,C00,TOTAL CPC,0,0,TOTAL MOT,8,kg,14400,FALSE,8,kg,14400,FALSE,14400,FALSE,0,FALSE,51130.184,,51130.184,0,FALSE,TRUE,
C,A,20220101,2022,52,2022,276,DEU,Germany,M,Import,616,POL,Poland,0,W00,World,H6,HS,TRUE,281910,Chromium trioxide,Chromium,6,TRUE,C00,TOTAL CPC,0,0,TOTAL MOT,8,kg,13.346,TRUE,-1,N/A,0,FALSE,13.346,TRUE,0,FALSE,45.532,,45.532,6,FALSE,TRUE,
C,A,20220101,2022,52,2022,276,DEU,Germany,M,Import,643,RUS,Russia,0,W00,World,H6,HS,TRUE,281910,Chromium trioxide,Chromium,6,TRUE,C00,TOTAL CPC,0,0,TOTAL MOT,8,kg,197311,FALSE,8,kg,197311,FALSE,197311,FALSE,0,FALSE,657611.661,,657611.661,0,FALSE,TRUE,
C,A,20220101,2022,52,2022,276,DEU,Germany,M,Import,710,ZAF,South Africa,0,W00,World,H6,HS,TRUE,281910,Chromium trioxide,Chromium,6,TRUE,C00,TOTAL CPC,0,0,TOTAL MOT,8,kg,583453,FALSE,8,kg,583453,FALSE,583453,FALSE,0,FALSE,2068617.117,,2068617.117,0,FALSE,TRUE,
C,A,20220101,2022,52,2022,276,DEU,Germany,M,Import,792,TUR,Turkey,0,W00,World,H6,HS,TRUE,281910,Chromium trioxide,Chromium,6,TRUE,C00,TOTAL CPC,0,0,TOTAL MOT,8,kg,707203.285,TRUE,-1,N/A,0,FALSE,707203.285,TRUE,0,FALSE,2542529.875,,2542529.875,6,FALSE,TRUE,
C,A,20220101,2022,52,2022,276,DEU,Germany,M,Import,826,GBR,United Kingdom,0,W00,World,H6,HS,TRUE,281910,Chromium trioxide,Chromium,6,TRUE,C00,TOTAL CPC,0,0,TOTAL MOT,8,kg,37.556,TRUE,-1,N/A,0,FALSE,37.556,TRUE,0,FALSE,128.125,,128.125,6,FALSE,TRUE,
C,A,20220101,2022,52,2022,276,DEU,Germany,M,Import,842,USA,USA,0,W00,World,H6,HS,TRUE,281910,Chromium trioxide,Chromium,6,TRUE,C00,TOTAL CPC,0,0,TOTAL MOT,8,kg,175843.795,TRUE,-1,N/A,0,FALSE,175843.795,TRUE,0,FALSE,621104.622,,621104.622,6,FALSE,TRUE,
C,A,20220101,2022,52,2022,276,DEU,Germany,M,Import,0,W00,World,0,W00,World,H6,HS,TRUE,282110,Iron oxides and hydroxides,Iron,6,TRUE,C00,TOTAL CPC,0,0,TOTAL MOT,8,kg,49236362.88,TRUE,-1,N/A,0,FALSE,49236362.88,TRUE,0,FALSE,65484054.81,,65484054.81,6,FALSE,TRUE,
C,A,20220101,2022,52,2022,276,DEU,Germany,M,Import,40,AUT,Austria,0,W00,World,H6,HS,TRUE,282110,Iron oxides and hydroxides,Iron,6,TRUE,C00,TOTAL CPC,0,0,TOTAL MOT,8,kg,1661150,FALSE,8,kg,1661150,FALSE,1661150,FALSE,0,FALSE,1555768.248,,1555768.248,0,FALSE,TRUE,
C,A,20220101,2022,52,2022,276,DEU,Germany,M,Import,56,BEL,Belgium,0,W00,World,H6,HS,TRUE,282110,Iron oxides and hydroxides,Iron,6,TRUE,C00,TOTAL CPC,0,0,TOTAL MOT,8,kg,602200,FALSE,8,kg,602200,FALSE,602200,FALSE,0,FALSE,1451557.42,,1451557.42,0,FALSE,TRUE,
C,A,20220101,2022,52,2022,276,DEU,Germany,M,Import,76,BRA,Brazil,0,W00,World,H6,HS,TRUE,282110,Iron oxides and hydroxides,Iron,6,TRUE,C00,TOTAL CPC,0,0,TOTAL MOT,8,kg,5259013.738,TRUE,-1,N/A,0,FALSE,5259013.738,TRUE,0,FALSE,6114025.196,,6114025.196,6,FALSE,TRUE,
C,A,20220101,2022,52,2022,276,DEU,Germany,M,Import,156,CHN,China,0,W00,World,H6,HS,TRUE,282110,Iron oxides and hydroxides,Iron,6,TRUE,C00,TOTAL CPC,0,0,TOTAL MOT,8,kg,19401893.28,TRUE,-1,N/A,0,FALSE,19401893.28,TRUE,0,FALSE,36242171.09,,36242171.09,6,FALSE,TRUE,
C,A,20220101,2022,52,2022,276,DEU,Germany,M,Import,170,COL,Colombia,0,W00,World,H6,HS,TRUE,282110,Iron oxides and hydroxides,Iron,6,TRUE,C00,TOTAL CPC,0,0,TOTAL MOT,8,kg,2075,FALSE,8,kg,2075,FALSE,2075,FALSE,0,FALSE,3657.375,,3657.375,0,FALSE,TRUE,
C,A,20220101,2022,52,2022,276,DEU,Germany,M,Import,203,CZE,Czechia,0,W00,World,H6,HS,TRUE,282110,Iron oxides and hydroxides,Iron,6,TRUE,C00,TOTAL CPC,0,0,TOTAL MOT,8,kg,444329.492,TRUE,-1,N/A,0,FALSE,444329.492,TRUE,0,FALSE,565014.639,,565014.639,6,FALSE,TRUE,
C,A,20220101,2022,52,2022,276,DEU,Germany,M,Import,208,DNK,Denmark,0,W00,World,H6,HS,TRUE,282110,Iron oxides and hydroxides,Iron,6,TRUE,C00,TOTAL CPC,0,0,TOTAL MOT,8,kg,265670,FALSE,8,kg,265670,FALSE,265670,FALSE,0,FALSE,553424.129,,553424.129,0,FALSE,TRUE,
C,A,20220101,2022,52,2022,276,DEU,Germany,M,Import,246,FIN,Finland,0,W00,World,H6,HS,TRUE,282110,Iron oxides and hydroxides,Iron,6,TRUE,C00,TOTAL CPC,0,0,TOTAL MOT,8,kg,4434306,FALSE,8,kg,4434306,FALSE,4434306,FALSE,0,FALSE,271244.003,,271244.003,0,FALSE,TRUE,
C,A,20220101,2022,52,2022,276,DEU,Germany,M,Import,251,FRA,France,0,W00,World,H6,HS,TRUE,282110,Iron oxides and hydroxides,Iron,6,TRUE,C00,TOTAL CPC,0,0,TOTAL MOT,8,kg,841819.327,TRUE,-1,N/A,0,FALSE,841819.327,TRUE,0,FALSE,801556.996,,801556.996,6,FALSE,TRUE,
C,A,20220101,2022,52,2022,276,DEU,Germany,M,Import,268,GEO,Georgia,0,W00,World,H6,HS,TRUE,282110,Iron oxides and hydroxides,Iron,6,TRUE,C00,TOTAL CPC,0,0,TOTAL MOT,8,kg,1707,FALSE,8,kg,1707,FALSE,1707,FALSE,0,FALSE,2404.719,,2404.719,0,FALSE,TRUE,
C,A,20220101,2022,52,2022,276,DEU,Germany,M,Import,344,HKG,Hong Kong,0,W00,World,H6,HS,TRUE,282110,Iron oxides and hydroxides,Iron,6,TRUE,C00,TOTAL CPC,0,0,TOTAL MOT,8,kg,33.439,TRUE,-1,N/A,0,FALSE,33.439,TRUE,0,FALSE,44.473,,44.473,6,FALSE,TRUE,
C,A,20220101,2022,52,2022,276,DEU,Germany,M,Import,348,HUN,Hungary,0,W00,World,H6,HS,TRUE,282110,Iron oxides and hydroxides,Iron,6,TRUE,C00,TOTAL CPC,0,0,TOTAL MOT,8,kg,4750,FALSE,8,kg,4750,FALSE,4750,FALSE,0,FALSE,18454.177,,18454.177,0,FALSE,TRUE,
C,A,20220101,2022,52,2022,276,DEU,Germany,M,Import,360,IDN,Indonesia,0,W00,World,H6,HS,TRUE,282110,Iron oxides and hydroxides,Iron,6,TRUE,C00,TOTAL CPC,0,0,TOTAL MOT,8,kg,0.796,TRUE,-1,N/A,0,FALSE,0.796,TRUE,0,FALSE,1.059,,1.059,6,FALSE,TRUE,
C,A,20220101,2022,52,2022,276,DEU,Germany,M,Import,380,ITA,Italy,0,W00,World,H6,HS,TRUE,282110,Iron oxides and hydroxides,Iron,6,TRUE,C00,TOTAL CPC,0,0,TOTAL MOT,8,kg,2778042.885,TRUE,-1,N/A,0,FALSE,2778042.885,TRUE,0,FALSE,6942556.125,,6942556.125,6,FALSE,TRUE,
C,A,20220101,2022,52,2022,276,DEU,Germany,M,Import,392,JPN,Japan,0,W00,World,H6,HS,TRUE,282110,Iron oxides and hydroxides,Iron,6,TRUE,C00,TOTAL CPC,0,0,TOTAL MOT,8,kg,342796.15,TRUE,-1,N/A,0,FALSE,342796.15,TRUE,0,FALSE,1592505.064,,1592505.064,6,FALSE,TRUE,
C,A,20220101,2022,52,2022,276,DEU,Germany,M,Import,410,KOR,South Korea,0,W00,World,H6,HS,TRUE,282110,Iron oxides and hydroxides,Iron,6,TRUE,C00,TOTAL CPC,0,0,TOTAL MOT,8,kg,848026,FALSE,8,kg,848026,FALSE,848026,FALSE,0,FALSE,1164124.187,,1164124.187,0,FALSE,TRUE,
C,A,20220101,2022,52,2022,276,DEU,Germany,M,Import,442,LUX,Luxembourg,0,W00,World,H6,HS,TRUE,282110,Iron oxides and hydroxides,Iron,6,TRUE,C00,TOTAL CPC,0,0,TOTAL MOT,8,kg,3325,FALSE,8,kg,3325,FALSE,3325,FALSE,0,FALSE,8728.356,,8728.356,0,FALSE,TRUE,
C,A,20220101,2022,52,2022,276,DEU,Germany,M,Import,484,MEX,Mexico,0,W00,World,H6,HS,TRUE,282110,Iron oxides and hydroxides,Iron,6,TRUE,C00,TOTAL CPC,0,0,TOTAL MOT,8,kg,1.592,TRUE,-1,N/A,0,FALSE,1.592,TRUE,0,FALSE,2.118,,2.118,6,FALSE,TRUE,
C,A,20220101,2022,52,2022,276,DEU,Germany,M,Import,490,S19,"Other Asia, nes",0,W00,World,H6,HS,TRUE,282110,Iron oxides and hydroxides,Iron,6,TRUE,C00,TOTAL CPC,0,0,TOTAL MOT,8,kg,2000,FALSE,8,kg,2000,FALSE,2000,FALSE,0,FALSE,19056.68,,19056.68,0,FALSE,TRUE,
C,A,20220101,2022,52,2022,276,DEU,Germany,M,Import,528,NLD,Netherlands,0,W00,World,H6,HS,TRUE,282110,Iron oxides and hydroxides,Iron,6,TRUE,C00,TOTAL CPC,0,0,TOTAL MOT,8,kg,4506896,FALSE,8,kg,4506896,FALSE,4506896,FALSE,0,FALSE,1235880.313,,1235880.313,0,FALSE,TRUE,
C,A,20220101,2022,52,2022,276,DEU,Germany,M,Import,579,NOR,Norway,0,W00,World,H6,HS,TRUE,282110,Iron oxides and hydroxides,Iron,6,TRUE,C00,TOTAL CPC,0,0,TOTAL MOT,8,kg,1843895.758,TRUE,-1,N/A,0,FALSE,1843895.758,TRUE,0,FALSE,1804427.379,,1804427.379,6,FALSE,TRUE,
C,A,20220101,2022,52,2022,276,DEU,Germany,M,Import,616,POL,Poland,0,W00,World,H6,HS,TRUE,282110,Iron oxides and hydroxides,Iron,6,TRUE,C00,TOTAL CPC,0,0,TOTAL MOT,8,kg,39438,FALSE,8,kg,39438,FALSE,39438,FALSE,0,FALSE,111422.866,,111422.866,0,FALSE,TRUE,
C,A,20220101,2022,52,2022,276,DEU,Germany,M,Import,642,ROU,Romania,0,W00,World,H6,HS,TRUE,282110,Iron oxides and hydroxides,Iron,6,TRUE,C00,TOTAL CPC,0,0,TOTAL MOT,8,kg,22000,FALSE,8,kg,22000,FALSE,22000,FALSE,0,FALSE,58448.111,,58448.111,0,FALSE,TRUE,
C,A,20220101,2022,52,2022,276,DEU,Germany,M,Import,643,RUS,Russia,0,W00,World,H6,HS,TRUE,282110,Iron oxides and hydroxides,Iron,6,TRUE,C00,TOTAL CPC,0,0,TOTAL MOT,8,kg,214,FALSE,8,kg,214,FALSE,214,FALSE,0,FALSE,5342.054,,5342.054,0,FALSE,TRUE,
C,A,20220101,2022,52,2022,276,DEU,Germany,M,Import,688,SRB,Serbia,0,W00,World,H6,HS,TRUE,282110,Iron oxides and hydroxides,Iron,6,TRUE,C00,TOTAL CPC,0,0,TOTAL MOT,8,kg,1000,FALSE,8,kg,1000,FALSE,1000,FALSE,0,FALSE,3287.825,,3287.825,0,FALSE,TRUE,
C,A,20220101,2022,52,2022,276,DEU,Germany,M,Import,699,IND,India,0,W00,World,H6,HS,TRUE,282110,Iron oxides and hydroxides,Iron,6,TRUE,C00,TOTAL CPC,0,0,TOTAL MOT,8,kg,338029.704,TRUE,-1,N/A,0,FALSE,338029.704,TRUE,0,FALSE,201553.753,,201553.753,6,FALSE,TRUE,
C,A,20220101,2022,52,2022,276,DEU,Germany,M,Import,705,SVN,Slovenia,0,W00,World,H6,HS,TRUE,282110,Iron oxides and hydroxides,Iron,6,TRUE,C00,TOTAL CPC,0,0,TOTAL MOT,8,kg,13575,FALSE,8,kg,13575,FALSE,13575,FALSE,0,FALSE,43041.393,,43041.393,0,FALSE,TRUE,
C,A,20220101,2022,52,2022,276,DEU,Germany,M,Import,710,ZAF,South Africa,0,W00,World,H6,HS,TRUE,282110,Iron oxides and hydroxides,Iron,6,TRUE,C00,TOTAL CPC,0,0,TOTAL MOT,8,kg,56795.128,TRUE,-1,N/A,0,FALSE,56795.128,TRUE,0,FALSE,15615.317,,15615.317,6,FALSE,TRUE,
C,A,20220101,2022,52,2022,276,DEU,Germany,M,Import,724,ESP,Spain,0,W00,World,H6,HS,TRUE,282110,Iron oxides and hydroxides,Iron,6,TRUE,C00,TOTAL CPC,0,0,TOTAL MOT,8,kg,1421880,FALSE,8,kg,1421880,FALSE,1421880,FALSE,0,FALSE,1695653.834,,1695653.834,0,FALSE,TRUE,
C,A,20220101,2022,52,2022,276,DEU,Germany,M,Import,752,SWE,Sweden,0,W00,World,H6,HS,TRUE,282110,Iron oxides and hydroxides,Iron,6,TRUE,C00,TOTAL CPC,0,0,TOTAL MOT,8,kg,2474100,FALSE,8,kg,2474100,FALSE,2474100,FALSE,0,FALSE,386601.67,,386601.67,0,FALSE,TRUE,
C,A,20220101,2022,52,2022,276,DEU,Germany,M,Import,757,CHE,Switzerland,0,W00,World,H6,HS,TRUE,282110,Iron oxides and hydroxides,Iron,6,TRUE,C00,TOTAL CPC,0,0,TOTAL MOT,8,kg,35648.846,TRUE,-1,N/A,0,FALSE,35648.846,TRUE,0,FALSE,153059.124,,153059.124,6,FALSE,TRUE,
C,A,20220101,2022,52,2022,276,DEU,Germany,M,Import,792,TUR,Turkey,0,W00,World,H6,HS,TRUE,282110,Iron oxides and hydroxides,Iron,6,TRUE,C00,TOTAL CPC,0,0,TOTAL MOT,8,kg,189649.239,TRUE,-1,N/A,0,FALSE,189649.239,TRUE,0,FALSE,65357.309,,65357.309,6,FALSE,TRUE,
C,A,20220101,2022,52,2022,276,DEU,Germany,M,Import,818,EGY,Egypt,0,W00,World,H6,HS,TRUE,282110,Iron oxides and hydroxides,Iron,6,TRUE,C00,TOTAL CPC,0,0,TOTAL MOT,8,kg,988042,FALSE,8,kg,988042,FALSE,988042,FALSE,0,FALSE,242037.949,,242037.949,0,FALSE,TRUE,
C,A,20220101,2022,52,2022,276,DEU,Germany,M,Import,826,GBR,United Kingdom,0,W00,World,H6,HS,TRUE,282110,Iron oxides and hydroxides,Iron,6,TRUE,C00,TOTAL CPC,0,0,TOTAL MOT,8,kg,355571.794,TRUE,-1,N/A,0,FALSE,355571.794,TRUE,0,FALSE,895839.756,,895839.756,6,FALSE,TRUE,
C,A,20220101,2022,52,2022,276,DEU,Germany,M,Import,842,USA,USA,0,W00,World,H6,HS,TRUE,282110,Iron oxides and hydroxides,Iron,6,TRUE,C00,TOTAL CPC,0,0,TOTAL MOT,8,kg,56487.716,TRUE,-1,N/A,0,FALSE,56487.716,TRUE,0,FALSE,1260190.102,,1260190.102,6,FALSE,TRUE,
C,A,20220101,2022,52,2022,276,DEU,Germany,M,Import,0,W00,World,0,W00,World,H6,HS,TRUE,282300,Titanium oxides,Titanium,6,TRUE,C00,TOTAL CPC,0,0,TOTAL MOT,8,kg,24967652.2,TRUE,-1,N/A,0,FALSE,24967652.2,TRUE,0,FALSE,106959533.2,,106959533.2,6,FALSE,TRUE,
C,A,20220101,2022,52,2022,276,DEU,Germany,M,Import,40,AUT,Austria,0,W00,World,H6,HS,TRUE,282300,Titanium oxides,Titanium,6,TRUE,C00,TOTAL CPC,0,0,TOTAL MOT,8,kg,113000,FALSE,8,kg,113000,FALSE,113000,FALSE,0,FALSE,321161.769,,321161.769,0,FALSE,TRUE,
C,A,20220101,2022,52,2022,276,DEU,Germany,M,Import,56,BEL,Belgium,0,W00,World,H6,HS,TRUE,282300,Titanium oxides,Titanium,6,TRUE,C00,TOTAL CPC,0,0,TOTAL MOT,8,kg,1560476.201,TRUE,-1,N/A,0,FALSE,1560476.201,TRUE,0,FALSE,3933107.401,,3933107.401,6,FALSE,TRUE,
C,A,20220101,2022,52,2022,276,DEU,Germany,M,Import,76,BRA,Brazil,0,W00,World,H6,HS,TRUE,282300,Titanium oxides,Titanium,6,TRUE,C00,TOTAL CPC,0,0,TOTAL MOT,8,kg,300,FALSE,8,kg,300,FALSE,300,FALSE,0,FALSE,1508.905,,1508.905,0,FALSE,TRUE,
C,A,20220101,2022,52,2022,276,DEU,Germany,M,Import,124,CAN,Canada,0,W00,World,H6,HS,TRUE,282300,Titanium oxides,Titanium,6,TRUE,C00,TOTAL CPC,0,0,TOTAL MOT,8,kg,265019.221,TRUE,-1,N/A,0,FALSE,265019.221,TRUE,0,FALSE,1278630.514,,1278630.514,6,FALSE,TRUE,
C,A,20220101,2022,52,2022,276,DEU,Germany,M,Import,156,CHN,China,0,W00,World,H6,HS,TRUE,282300,Titanium oxides,Titanium,6,TRUE,C00,TOTAL CPC,0,0,TOTAL MOT,8,kg,5402511.561,TRUE,-1,N/A,0,FALSE,5402511.561,TRUE,0,FALSE,18318771.74,,18318771.74,6,FALSE,TRUE,
C,A,20220101,2022,52,2022,276,DEU,Germany,M,Import,203,CZE,Czechia,0,W00,World,H6,HS,TRUE,282300,Titanium oxides,Titanium,6,TRUE,C00,TOTAL CPC,0,0,TOTAL MOT,8,kg,2048261.333,TRUE,-1,N/A,0,FALSE,2048261.333,TRUE,0,FALSE,6092033.298,,6092033.298,6,FALSE,TRUE,
C,A,20220101,2022,52,2022,276,DEU,Germany,M,Import,208,DNK,Denmark,0,W00,World,H6,HS,TRUE,282300,Titanium oxides,Titanium,6,TRUE,C00,TOTAL CPC,0,0,TOTAL MOT,8,kg,3000,FALSE,8,kg,3000,FALSE,3000,FALSE,0,FALSE,37990.531,,37990.531,0,FALSE,TRUE,
C,A,20220101,2022,52,2022,276,DEU,Germany,M,Import,246,FIN,Finland,0,W00,World,H6,HS,TRUE,282300,Titanium oxides,Titanium,6,TRUE,C00,TOTAL CPC,0,0,TOTAL MOT,8,kg,98350,FALSE,8,kg,98350,FALSE,98350,FALSE,0,FALSE,368978.715,,368978.715,0,FALSE,TRUE,
C,A,20220101,2022,52,2022,276,DEU,Germany,M,Import,251,FRA,France,0,W00,World,H6,HS,TRUE,282300,Titanium oxides,Titanium,6,TRUE,C00,TOTAL CPC,0,0,TOTAL MOT,8,kg,9772083,FALSE,8,kg,9772083,FALSE,9772083,FALSE,0,FALSE,57690049.34,,57690049.34,0,FALSE,TRUE,
C,A,20220101,2022,52,2022,276,DEU,Germany,M,Import,344,HKG,Hong Kong,0,W00,World,H6,HS,TRUE,282300,Titanium oxides,Titanium,6,TRUE,C00,TOTAL CPC,0,0,TOTAL MOT,8,kg,20000,FALSE,8,kg,20000,FALSE,20000,FALSE,0,FALSE,64027.354,,64027.354,0,FALSE,TRUE,
C,A,20220101,2022,52,2022,276,DEU,Germany,M,Import,380,ITA,Italy,0,W00,World,H6,HS,TRUE,282300,Titanium oxides,Titanium,6,TRUE,C00,TOTAL CPC,0,0,TOTAL MOT,8,kg,99499,FALSE,8,kg,99499,FALSE,99499,FALSE,0,FALSE,380288.622,,380288.622,0,FALSE,TRUE,
C,A,20220101,2022,52,2022,276,DEU,Germany,M,Import,392,JPN,Japan,0,W00,World,H6,HS,TRUE,282300,Titanium oxides,Titanium,6,TRUE,C00,TOTAL CPC,0,0,TOTAL MOT,8,kg,423896.113,TRUE,-1,N/A,0,FALSE,423896.113,TRUE,0,FALSE,3514511.642,,3514511.642,6,FALSE,TRUE,
C,A,20220101,2022,52,2022,276,DEU,Germany,M,Import,410,KOR,South Korea,0,W00,World,H6,HS,TRUE,282300,Titanium oxides,Titanium,6,TRUE,C00,TOTAL CPC,0,0,TOTAL MOT,8,kg,1193413,FALSE,8,kg,1193413,FALSE,1193413,FALSE,0,FALSE,4088282.168,,4088282.168,0,FALSE,TRUE,
C,A,20220101,2022,52,2022,276,DEU,Germany,M,Import,528,NLD,Netherlands,0,W00,World,H6,HS,TRUE,282300,Titanium oxides,Titanium,6,TRUE,C00,TOTAL CPC,0,0,TOTAL MOT,8,kg,421418,FALSE,8,kg,421418,FALSE,421418,FALSE,0,FALSE,1881386.847,,1881386.847,0,FALSE,TRUE,
C,A,20220101,2022,52,2022,276,DEU,Germany,M,Import,579,NOR,Norway,0,W00,World,H6,HS,TRUE,282300,Titanium oxides,Titanium,6,TRUE,C00,TOTAL CPC,0,0,TOTAL MOT,8,kg,2510781,FALSE,8,kg,2510781,FALSE,2510781,FALSE,0,FALSE,5753822.487,,5753822.487,0,FALSE,TRUE,
C,A,20220101,2022,52,2022,276,DEU,Germany,M,Import,616,POL,Poland,0,W00,World,H6,HS,TRUE,282300,Titanium oxides,Titanium,6,TRUE,C00,TOTAL CPC,0,0,TOTAL MOT,8,kg,482608,FALSE,8,kg,482608,FALSE,482608,FALSE,0,FALSE,1372266.297,,1372266.297,0,FALSE,TRUE,
C,A,20220101,2022,52,2022,276,DEU,Germany,M,Import,642,ROU,Romania,0,W00,World,H6,HS,TRUE,282300,Titanium oxides,Titanium,6,TRUE,C00,TOTAL CPC,0,0,TOTAL MOT,8,kg,500,FALSE,8,kg,500,FALSE,500,FALSE,0,FALSE,3194.644,,3194.644,0,FALSE,TRUE,
C,A,20220101,2022,52,2022,276,DEU,Germany,M,Import,699,IND,India,0,W00,World,H6,HS,TRUE,282300,Titanium oxides,Titanium,6,TRUE,C00,TOTAL CPC,0,0,TOTAL MOT,8,kg,23788.26,TRUE,-1,N/A,0,FALSE,23788.26,TRUE,0,FALSE,88627.277,,88627.277,6,FALSE,TRUE,
C,A,20220101,2022,52,2022,276,DEU,Germany,M,Import,724,ESP,Spain,0,W00,World,H6,HS,TRUE,282300,Titanium oxides,Titanium,6,TRUE,C00,TOTAL CPC,0,0,TOTAL MOT,8,kg,1175,FALSE,8,kg,1175,FALSE,1175,FALSE,0,FALSE,6005.973,,6005.973,0,FALSE,TRUE,
C,A,20220101,2022,52,2022,276,DEU,Germany,M,Import,752,SWE,Sweden,0,W00,World,H6,HS,TRUE,282300,Titanium oxides,Titanium,6,TRUE,C00,TOTAL CPC,0,0,TOTAL MOT,8,kg,14132,FALSE,8,kg,14132,FALSE,14132,FALSE,0,FALSE,32556.354,,32556.354,0,FALSE,TRUE,
C,A,20220101,2022,52,2022,276,DEU,Germany,M,Import,757,CHE,Switzerland,0,W00,World,H6,HS,TRUE,282300,Titanium oxides,Titanium,6,TRUE,C00,TOTAL CPC,0,0,TOTAL MOT,8,kg,37919.45,TRUE,-1,N/A,0,FALSE,37919.45,TRUE,0,FALSE,124926.774,,124926.774,6,FALSE,TRUE,
C,A,20220101,2022,52,2022,276,DEU,Germany,M,Import,792,TUR,Turkey,0,W00,World,H6,HS,TRUE,282300,Titanium oxides,Titanium,6,TRUE,C00,TOTAL CPC,0,0,TOTAL MOT,8,kg,122.819,TRUE,-1,N/A,0,FALSE,122.819,TRUE,0,FALSE,446.848,,446.848,6,FALSE,TRUE,
C,A,20220101,2022,52,2022,276,DEU,Germany,M,Import,804,UKR,Ukraine,0,W00,World,H6,HS,TRUE,282300,Titanium oxides,Titanium,6,TRUE,C00,TOTAL CPC,0,0,TOTAL MOT,8,kg,392000,FALSE,8,kg,392000,FALSE,392000,FALSE,0,FALSE,1265630.632,,1265630.632,0,FALSE,TRUE,
C,A,20220101,2022,52,2022,276,DEU,Germany,M,Import,826,GBR,United Kingdom,0,W00,World,H6,HS,TRUE,282300,Titanium oxides,Titanium,6,TRUE,C00,TOTAL CPC,0,0,TOTAL MOT,8,kg,15093.202,TRUE,-1,N/A,0,FALSE,15093.202,TRUE,0,FALSE,48186.495,,48186.495,6,FALSE,TRUE,
C,A,20220101,2022,52,2022,276,DEU,Germany,M,Import,842,USA,USA,0,W00,World,H6,HS,TRUE,282300,Titanium oxides,Titanium,6,TRUE,C00,TOTAL CPC,0,0,TOTAL MOT,8,kg,68305.041,TRUE,-1,N/A,0,FALSE,68305.041,TRUE,0,FALSE,293140.602,,293140.602,6,FALSE,TRUE,
C,A,20220101,2022,52,2022,276,DEU,Germany,M,Import,0,W00,World,0,W00,World,H6,HS,TRUE,2614,Titanium ores and concentrates,Titanium,4,FALSE,C00,TOTAL CPC,0,0,TOTAL MOT,8,kg,479689552.7,TRUE,-1,N/A,0,FALSE,479689552.7,TRUE,0,FALSE,277159459.5,,277159459.5,6,FALSE,TRUE,
C,A,20220101,2022,52,2022,276,DEU,Germany,M,Import,36,AUS,Australia,0,W00,World,H6,HS,TRUE,2614,Titanium ores and concentrates,Titanium,4,FALSE,C00,TOTAL CPC,0,0,TOTAL MOT,8,kg,624661,FALSE,8,kg,624661,FALSE,624661,FALSE,0,FALSE,380201.794,,380201.794,0,FALSE,TRUE,
C,A,20220101,2022,52,2022,276,DEU,Germany,M,Import,40,AUT,Austria,0,W00,World,H6,HS,TRUE,2614,Titanium ores and concentrates,Titanium,4,FALSE,C00,TOTAL CPC,0,0,TOTAL MOT,8,kg,65871,FALSE,8,kg,65871,FALSE,65871,FALSE,0,FALSE,35359.212,,35359.212,0,FALSE,TRUE,
C,A,20220101,2022,52,2022,276,DEU,Germany,M,Import,124,CAN,Canada,0,W00,World,H6,HS,TRUE,2614,Titanium ores and concentrates,Titanium,4,FALSE,C00,TOTAL CPC,0,0,TOTAL MOT,8,kg,10278064,FALSE,8,kg,10278064,FALSE,10278064,FALSE,0,FALSE,5133947.225,,5133947.225,0,FALSE,TRUE,
C,A,20220101,2022,52,2022,276,DEU,Germany,M,Import,156,CHN,China,0,W00,World,H6,HS,TRUE,2614,Titanium ores and concentrates,Titanium,4,FALSE,C00,TOTAL CPC,0,0,TOTAL MOT,8,kg,65491,FALSE,8,kg,65491,FALSE,65491,FALSE,0,FALSE,13836.397,,13836.397,0,FALSE,TRUE,
C,A,20220101,2022,52,2022,276,DEU,Germany,M,Import,251,FRA,France,0,W00,World,H6,HS,TRUE,2614,Titanium ores and concentrates,Titanium,4,FALSE,C00,TOTAL CPC,0,0,TOTAL MOT,8,kg,40000,FALSE,8,kg,40000,FALSE,40000,FALSE,0,FALSE,64515.499,,64515.499,0,FALSE,TRUE,
C,A,20220101,2022,52,2022,276,DEU,Germany,M,Import,348,HUN,Hungary,0,W00,World,H6,HS,TRUE,2614,Titanium ores and concentrates,Titanium,4,FALSE,C00,TOTAL CPC,0,0,TOTAL MOT,8,kg,293992,FALSE,8,kg,293992,FALSE,293992,FALSE,0,FALSE,169240.942,,169240.942,0,FALSE,TRUE,
C,A,20220101,2022,52,2022,276,DEU,Germany,M,Import,404,KEN,Kenya,0,W00,World,H6,HS,TRUE,2614,Titanium ores and concentrates,Titanium,4,FALSE,C00,TOTAL CPC,0,0,TOTAL MOT,8,kg,14077600,FALSE,8,kg,14077600,FALSE,14077600,FALSE,0,FALSE,13696520.26,,13696520.26,0,FALSE,TRUE,
C,A,20220101,2022,52,2022,276,DEU,Germany,M,Import,508,MOZ,Mozambique,0,W00,World,H6,HS,TRUE,2614,Titanium ores and concentrates,Titanium,4,FALSE,C00,TOTAL CPC,0,0,TOTAL MOT,8,kg,3561471,FALSE,8,kg,3561471,FALSE,3561471,FALSE,0,FALSE,1956392.679,,1956392.679,0,FALSE,TRUE,
C,A,20220101,2022,52,2022,276,DEU,Germany,M,Import,528,NLD,Netherlands,0,W00,World,H6,HS,TRUE,2614,Titanium ores and concentrates,Titanium,4,FALSE,C00,TOTAL CPC,0,0,TOTAL MOT,8,kg,2272039,FALSE,8,kg,2272039,FALSE,2272039,FALSE,0,FALSE,1363586.65,,1363586.65,0,FALSE,TRUE,
C,A,20220101,2022,52,2022,276,DEU,Germany,M,Import,579,NOR,Norway,0,W00,World,H6,HS,TRUE,2614,Titanium ores and concentrates,Titanium,4,FALSE,C00,TOTAL CPC,0,0,TOTAL MOT,8,kg,255476860,FALSE,8,kg,255476860,FALSE,255476860,FALSE,0,FALSE,78651616.38,,78651616.38,0,FALSE,TRUE,
C,A,20220101,2022,52,2022,276,DEU,Germany,M,Import,686,SEN,Senegal,0,W00,World,H6,HS,TRUE,2614,Titanium ores and concentrates,Titanium,4,FALSE,C00,TOTAL CPC,0,0,TOTAL MOT,8,kg,327852,FALSE,8,kg,327852,FALSE,327852,FALSE,0,FALSE,140945.525,,140945.525,0,FALSE,TRUE,
C,A,20220101,2022,52,2022,276,DEU,Germany,M,Import,694,SLE,Sierra Leone,0,W00,World,H6,HS,TRUE,2614,Titanium ores and concentrates,Titanium,4,FALSE,C00,TOTAL CPC,0,0,TOTAL MOT,8,kg,42434644,FALSE,8,kg,42434644,FALSE,42434644,FALSE,0,FALSE,49849152.38,,49849152.38,0,FALSE,TRUE,
C,A,20220101,2022,52,2022,276,DEU,Germany,M,Import,699,IND,India,0,W00,World,H6,HS,TRUE,2614,Titanium ores and concentrates,Titanium,4,FALSE,C00,TOTAL CPC,0,0,TOTAL MOT,8,kg,30609992,FALSE,8,kg,30609992,FALSE,30609992,FALSE,0,FALSE,11372027.74,,11372027.74,0,FALSE,TRUE,
C,A,20220101,2022,52,2022,276,DEU,Germany,M,Import,710,ZAF,South Africa,0,W00,World,H6,HS,TRUE,2614,Titanium ores and concentrates,Titanium,4,FALSE,C00,TOTAL CPC,0,0,TOTAL MOT,8,kg,116587492.7,TRUE,-1,N/A,0,FALSE,116587492.7,TRUE,0,FALSE,113520370.2,,113520370.2,6,FALSE,TRUE,
C,A,20220101,2022,52,2022,276,DEU,Germany,M,Import,804,UKR,Ukraine,0,W00,World,H6,HS,TRUE,2614,Titanium ores and concentrates,Titanium,4,FALSE,C00,TOTAL CPC,0,0,TOTAL MOT,8,kg,2537439,FALSE,8,kg,2537439,FALSE,2537439,FALSE,0,FALSE,614795.809,,614795.809,0,FALSE,TRUE,
C,A,20220101,2022,52,2022,276,DEU,Germany,M,Import,826,GBR,United Kingdom,0,W00,World,H6,HS,TRUE,2614,Titanium ores and concentrates,Titanium,4,FALSE,C00,TOTAL CPC,0,0,TOTAL MOT,8,kg,27635,FALSE,8,kg,27635,FALSE,27635,FALSE,0,FALSE,5852.435,,5852.435,0,FALSE,TRUE,
C,A,20220101,2022,52,2022,276,DEU,Germany,M,Import,842,USA,USA,0,W00,World,H6,HS,TRUE,2614,Titanium ores and concentrates,Titanium,4,FALSE,C00,TOTAL CPC,0,0,TOTAL MOT,8,kg,408449,FALSE,8,kg,408449,FALSE,408449,FALSE,0,FALSE,191098.363,,191098.363,0,FALSE,TRUE,
C,A,20220101,2022,52,2022,276,DEU,Germany,M,Import,0,W00,World,0,W00,World,H6,HS,TRUE,2701,"Coal; briquettes, ovoids and similar solid fuels manufactured from coal",Coal,4,FALSE,C00,TOTAL CPC,0,0,TOTAL MOT,8,kg,42848683634,TRUE,-1,N/A,0,FALSE,42848683634,TRUE,0,FALSE,13240324195,,13240324195,6,FALSE,TRUE,
C,A,20220101,2022,52,2022,276,DEU,Germany,M,Import,36,AUS,Australia,0,W00,World,H6,HS,TRUE,2701,"Coal; briquettes, ovoids and similar solid fuels manufactured from coal",Coal,4,FALSE,C00,TOTAL CPC,0,0,TOTAL MOT,8,kg,6304948787,FALSE,8,kg,6304948787,FALSE,6304948787,FALSE,0,FALSE,2263330114,,2263330114,0,FALSE,TRUE,
C,A,20220101,2022,52,2022,276,DEU,Germany,M,Import,40,AUT,Austria,0,W00,World,H6,HS,TRUE,2701,"Coal; briquettes, ovoids and similar solid fuels manufactured from coal",Coal,4,FALSE,C00,TOTAL CPC,0,0,TOTAL MOT,8,kg,2267000,FALSE,8,kg,2267000,FALSE,2267000,FALSE,0,FALSE,397756.981,,397756.981,0,FALSE,TRUE,
C,A,20220101,2022,52,2022,276,DEU,Germany,M,Import,56,BEL,Belgium,0,W00,World,H6,HS,TRUE,2701,"Coal; briquettes, ovoids and similar solid fuels manufactured from coal",Coal,4,FALSE,C00,TOTAL CPC,0,0,TOTAL MOT,8,kg,328659470,FALSE,8,kg,328659470,FALSE,328659470,FALSE,0,FALSE,104916076.2,,104916076.2,0,FALSE,TRUE,
C,A,20220101,2022,52,2022,276,DEU,Germany,M,Import,72,BWA,Botswana,0,W00,World,H6,HS,TRUE,2701,"Coal; briquettes, ovoids and similar solid fuels manufactured from coal",Coal,4,FALSE,C00,TOTAL CPC,0,0,TOTAL MOT,8,kg,12143200,FALSE,8,kg,12143200,FALSE,12143200,FALSE,0,FALSE,3835595.054,,3835595.054,0,FALSE,TRUE,
C,A,20220101,2022,52,2022,276,DEU,Germany,M,Import,76,BRA,Brazil,0,W00,World,H6,HS,TRUE,2701,"Coal; briquettes, ovoids and similar solid fuels manufactured from coal",Coal,4,FALSE,C00,TOTAL CPC,0,0,TOTAL MOT,8,kg,7823850,FALSE,8,kg,7823850,FALSE,7823850,FALSE,0,FALSE,3187350.254,,3187350.254,0,FALSE,TRUE,
C,A,20220101,2022,52,2022,276,DEU,Germany,M,Import,124,CAN,Canada,0,W00,World,H6,HS,TRUE,2701,"Coal; briquettes, ovoids and similar solid fuels manufactured from coal",Coal,4,FALSE,C00,TOTAL CPC,0,0,TOTAL MOT,8,kg,887893761,FALSE,8,kg,887893761,FALSE,887893761,FALSE,0,FALSE,338277647.5,,338277647.5,0,FALSE,TRUE,
C,A,20220101,2022,52,2022,276,DEU,Germany,M,Import,156,CHN,China,0,W00,World,H6,HS,TRUE,2701,"Coal; briquettes, ovoids and similar solid fuels manufactured from coal",Coal,4,FALSE,C00,TOTAL CPC,0,0,TOTAL MOT,8,kg,31279223,FALSE,8,kg,31279223,FALSE,31279223,FALSE,0,FALSE,18023780.21,,18023780.21,0,FALSE,TRUE,
C,A,20220101,2022,52,2022,276,DEU,Germany,M,Import,170,COL,Colombia,0,W00,World,H6,HS,TRUE,2701,"Coal; briquettes, ovoids and similar solid fuels manufactured from coal",Coal,4,FALSE,C00,TOTAL CPC,0,0,TOTAL MOT,8,kg,7343618423,FALSE,8,kg,7343618423,FALSE,7343618423,FALSE,0,FALSE,2373372228,,2373372228,0,FALSE,TRUE,
C,A,20220101,2022,52,2022,276,DEU,Germany,M,Import,203,CZE,Czechia,0,W00,World,H6,HS,TRUE,2701,"Coal; briquettes, ovoids and similar solid fuels manufactured from coal",Coal,4,FALSE,C00,TOTAL CPC,0,0,TOTAL MOT,8,kg,2574720,FALSE,8,kg,2574720,FALSE,2574720,FALSE,0,FALSE,887976.506,,887976.506,0,FALSE,TRUE,
C,A,20220101,2022,52,2022,276,DEU,Germany,M,Import,251,FRA,France,0,W00,World,H6,HS,TRUE,2701,"Coal; briquettes, ovoids and similar solid fuels manufactured from coal",Coal,4,FALSE,C00,TOTAL CPC,0,0,TOTAL MOT,8,kg,1928690,FALSE,8,kg,1928690,FALSE,1928690,FALSE,0,FALSE,771644.668,,771644.668,0,FALSE,TRUE,
C,A,20220101,2022,52,2022,276,DEU,Germany,M,Import,360,IDN,Indonesia,0,W00,World,H6,HS,TRUE,2701,"Coal; briquettes, ovoids and similar solid fuels manufactured from coal",Coal,4,FALSE,C00,TOTAL CPC,0,0,TOTAL MOT,8,kg,41811757,FALSE,8,kg,41811757,FALSE,41811757,FALSE,0,FALSE,14874811.21,,14874811.21,0,FALSE,TRUE,
C,A,20220101,2022,52,2022,276,DEU,Germany,M,Import,372,IRL,Ireland,0,W00,World,H6,HS,TRUE,2701,"Coal; briquettes, ovoids and similar solid fuels manufactured from coal",Coal,4,FALSE,C00,TOTAL CPC,0,0,TOTAL MOT,8,kg,8528060,FALSE,8,kg,8528060,FALSE,8528060,FALSE,0,FALSE,4207084.375,,4207084.375,0,FALSE,TRUE,
C,A,20220101,2022,52,2022,276,DEU,Germany,M,Import,380,ITA,Italy,0,W00,World,H6,HS,TRUE,2701,"Coal; briquettes, ovoids and similar solid fuels manufactured from coal",Coal,4,FALSE,C00,TOTAL CPC,0,0,TOTAL MOT,8,kg,1969935,FALSE,8,kg,1969935,FALSE,1969935,FALSE,0,FALSE,940280.989,,940280.989,0,FALSE,TRUE,
C,A,20220101,2022,52,2022,276,DEU,Germany,M,Import,398,KAZ,Kazakhstan,0,W00,World,H6,HS,TRUE,2701,"Coal; briquettes, ovoids and similar solid fuels manufactured from coal",Coal,4,FALSE,C00,TOTAL CPC,0,0,TOTAL MOT,8,kg,567534410,FALSE,8,kg,567534410,FALSE,567534410,FALSE,0,FALSE,121078407.2,,121078407.2,0,FALSE,TRUE,
C,A,20220101,2022,52,2022,276,DEU,Germany,M,Import,496,MNG,Mongolia,0,W00,World,H6,HS,TRUE,2701,"Coal; briquettes, ovoids and similar solid fuels manufactured from coal",Coal,4,FALSE,C00,TOTAL CPC,0,0,TOTAL MOT,8,kg,159563,FALSE,8,kg,159563,FALSE,159563,FALSE,0,FALSE,30574.129,,30574.129,0,FALSE,TRUE,
C,A,20220101,2022,52,2022,276,DEU,Germany,M,Import,508,MOZ,Mozambique,0,W00,World,H6,HS,TRUE,2701,"Coal; briquettes, ovoids and similar solid fuels manufactured from coal",Coal,4,FALSE,C00,TOTAL CPC,0,0,TOTAL MOT,8,kg,65686740,FALSE,8,kg,65686740,FALSE,65686740,FALSE,0,FALSE,15042695.73,,15042695.73,0,FALSE,TRUE,
C,A,20220101,2022,52,2022,276,DEU,Germany,M,Import,528,NLD,Netherlands,0,W00,World,H6,HS,TRUE,2701,"Coal; briquettes, ovoids and similar solid fuels manufactured from coal",Coal,4,FALSE,C00,TOTAL CPC,0,0,TOTAL MOT,8,kg,692923230,FALSE,8,kg,692923230,FALSE,692923230,FALSE,0,FALSE,181397483.2,,181397483.2,0,FALSE,TRUE,
C,A,20220101,2022,52,2022,276,DEU,Germany,M,Import,579,NOR,Norway,0,W00,World,H6,HS,TRUE,2701,"Coal; briquettes, ovoids and similar solid fuels manufactured from coal",Coal,4,FALSE,C00,TOTAL CPC,0,0,TOTAL MOT,8,kg,69659457,FALSE,8,kg,69659457,FALSE,69659457,FALSE,0,FALSE,17635376.32,,17635376.32,0,FALSE,TRUE,
C,A,20220101,2022,52,2022,276,DEU,Germany,M,Import,604,PER,Peru,0,W00,World,H6,HS,TRUE,2701,"Coal; briquettes, ovoids and similar solid fuels manufactured from coal",Coal,4,FALSE,C00,TOTAL CPC,0,0,TOTAL MOT,8,kg,3281430,FALSE,8,kg,3281430,FALSE,3281430,FALSE,0,FALSE,1222747.013,,1222747.013,0,FALSE,TRUE,
C,A,20220101,2022,52,2022,276,DEU,Germany,M,Import,616,POL,Poland,0,W00,World,H6,HS,TRUE,2701,"Coal; briquettes, ovoids and similar solid fuels manufactured from coal",Coal,4,FALSE,C00,TOTAL CPC,0,0,TOTAL MOT,8,kg,170019250,FALSE,8,kg,170019250,FALSE,170019250,FALSE,0,FALSE,51021133.46,,51021133.46,0,FALSE,TRUE,
C,A,20220101,2022,52,2022,276,DEU,Germany,M,Import,643,RUS,Russia,0,W00,World,H6,HS,TRUE,2701,"Coal; briquettes, ovoids and similar solid fuels manufactured from coal",Coal,4,FALSE,C00,TOTAL CPC,0,0,TOTAL MOT,8,kg,12889065483,TRUE,-1,N/A,0,FALSE,12889065483,TRUE,0,FALSE,3561341565,,3561341565,6,FALSE,TRUE,
C,A,20220101,2022,52,2022,276,DEU,Germany,M,Import,699,IND,India,0,W00,World,H6,HS,TRUE,2701,"Coal; briquettes, ovoids and similar solid fuels manufactured from coal",Coal,4,FALSE,C00,TOTAL CPC,0,0,TOTAL MOT,8,kg,200000,FALSE,8,kg,200000,FALSE,200000,FALSE,0,FALSE,260510.127,,260510.127,0,FALSE,TRUE,
C,A,20220101,2022,52,2022,276,DEU,Germany,M,Import,703,SVK,Slovakia,0,W00,World,H6,HS,TRUE,2701,"Coal; briquettes, ovoids and similar solid fuels manufactured from coal",Coal,4,FALSE,C00,TOTAL CPC,0,0,TOTAL MOT,8,kg,2853640,FALSE,8,kg,2853640,FALSE,2853640,FALSE,0,FALSE,1863685.534,,1863685.534,0,FALSE,TRUE,
C,A,20220101,2022,52,2022,276,DEU,Germany,M,Import,710,ZAF,South Africa,0,W00,World,H6,HS,TRUE,2701,"Coal; briquettes, ovoids and similar solid fuels manufactured from coal",Coal,4,FALSE,C00,TOTAL CPC,0,0,TOTAL MOT,8,kg,4256572315,FALSE,8,kg,4256572315,FALSE,4256572315,FALSE,0,FALSE,1273456911,,1273456911,0,FALSE,TRUE,
C,A,20220101,2022,52,2022,276,DEU,Germany,M,Import,724,ESP,Spain,0,W00,World,H6,HS,TRUE,2701,"Coal; briquettes, ovoids and similar solid fuels manufactured from coal",Coal,4,FALSE,C00,TOTAL CPC,0,0,TOTAL MOT,8,kg,25966900,FALSE,8,kg,25966900,FALSE,25966900,FALSE,0,FALSE,5134355.953,,5134355.953,0,FALSE,TRUE,
C,A,20220101,2022,52,2022,276,DEU,Germany,M,Import,757,CHE,Switzerland,0,W00,World,H6,HS,TRUE,2701,"Coal; briquettes, ovoids and similar solid fuels manufactured from coal",Coal,4,FALSE,C00,TOTAL CPC,0,0,TOTAL MOT,8,kg,1354100,FALSE,8,kg,1354100,FALSE,1354100,FALSE,0,FALSE,245184.943,,245184.943,0,FALSE,TRUE,
C,A,20220101,2022,52,2022,276,DEU,Germany,M,Import,764,THA,Thailand,0,W00,World,H6,HS,TRUE,2701,"Coal; briquettes, ovoids and similar solid fuels manufactured from coal",Coal,4,FALSE,C00,TOTAL CPC,0,0,TOTAL MOT,8,kg,1500000,FALSE,8,kg,1500000,FALSE,1500000,FALSE,0,FALSE,1642141.167,,1642141.167,0,FALSE,TRUE,
C,A,20220101,2022,52,2022,276,DEU,Germany,M,Import,804,UKR,Ukraine,0,W00,World,H6,HS,TRUE,2701,"Coal; briquettes, ovoids and similar solid fuels manufactured from coal",Coal,4,FALSE,C00,TOTAL CPC,0,0,TOTAL MOT,8,kg,13546950,FALSE,8,kg,13546950,FALSE,13546950,FALSE,0,FALSE,3903181.307,,3903181.307,0,FALSE,TRUE,
C,A,20220101,2022,52,2022,276,DEU,Germany,M,Import,826,GBR,United Kingdom,0,W00,World,H6,HS,TRUE,2701,"Coal; briquettes, ovoids and similar solid fuels manufactured from coal",Coal,4,FALSE,C00,TOTAL CPC,0,0,TOTAL MOT,8,kg,92090450,FALSE,8,kg,92090450,FALSE,92090450,FALSE,0,FALSE,36944859.31,,36944859.31,0,FALSE,TRUE,
C,A,20220101,2022,52,2022,276,DEU,Germany,M,Import,834,TZA,Tanzania,0,W00,World,H6,HS,TRUE,2701,"Coal; briquettes, ovoids and similar solid fuels manufactured from coal",Coal,4,FALSE,C00,TOTAL CPC,0,0,TOTAL MOT,8,kg,226840,FALSE,8,kg,226840,FALSE,226840,FALSE,0,FALSE,72142.618,,72142.618,0,FALSE,TRUE,
C,A,20220101,2022,52,2022,276,DEU,Germany,M,Import,842,USA,USA,0,W00,World,H6,HS,TRUE,2701,"Coal; briquettes, ovoids and similar solid fuels manufactured from coal",Coal,4,FALSE,C00,TOTAL CPC,0,0,TOTAL MOT,8,kg,9020596000,FALSE,8,kg,9020596000,FALSE,9020596000,FALSE,0,FALSE,2841008895,,2841008895,0,FALSE,TRUE,
C,A,20220101,2022,52,2022,276,DEU,Germany,M,Import,0,W00,World,0,W00,World,H6,HS,TRUE,2702,"Lignite; whether or not agglomerated, excluding jet",Lignite,4,FALSE,C00,TOTAL CPC,0,0,TOTAL MOT,8,kg,94797022,FALSE,8,kg,94797022,FALSE,94797022,FALSE,0,FALSE,8206063.701,,8206063.701,0,FALSE,TRUE,
C,A,20220101,2022,52,2022,276,DEU,Germany,M,Import,203,CZE,Czechia,0,W00,World,H6,HS,TRUE,2702,"Lignite; whether or not agglomerated, excluding jet",Lignite,4,FALSE,C00,TOTAL CPC,0,0,TOTAL MOT,8,kg,94588130,FALSE,8,kg,94588130,FALSE,94588130,FALSE,0,FALSE,8138717.814,,8138717.814,0,FALSE,TRUE,
C,A,20220101,2022,52,2022,276,DEU,Germany,M,Import,360,IDN,Indonesia,0,W00,World,H6,HS,TRUE,2702,"Lignite; whether or not agglomerated, excluding jet",Lignite,4,FALSE,C00,TOTAL CPC,0,0,TOTAL MOT,8,kg,42,FALSE,8,kg,42,FALSE,42,FALSE,0,FALSE,3.177,,3.177,0,FALSE,TRUE,
C,A,20220101,2022,52,2022,276,DEU,Germany,M,Import,528,NLD,Netherlands,0,W00,World,H6,HS,TRUE,2702,"Lignite; whether or not agglomerated, excluding jet",Lignite,4,FALSE,C00,TOTAL CPC,0,0,TOTAL MOT,8,kg,3881,FALSE,8,kg,3881,FALSE,3881,FALSE,0,FALSE,2782.739,,2782.739,0,FALSE,TRUE,
C,A,20220101,2022,52,2022,276,DEU,Germany,M,Import,842,USA,USA,0,W00,World,H6,HS,TRUE,2702,"Lignite; whether or not agglomerated, excluding jet",Lignite,4,FALSE,C00,TOTAL CPC,0,0,TOTAL MOT,8,kg,204969,FALSE,8,kg,204969,FALSE,204969,FALSE,0,FALSE,64559.972,,64559.972,0,FALSE,TRUE,
C,A,20220101,2022,52,2022,276,DEU,Germany,M,Import,0,W00,World,0,W00,World,H6,HS,TRUE,2709,Petroleum oils and oils obtained from bituminous minerals,Crude oils,4,FALSE,C00,TOTAL CPC,0,0,TOTAL MOT,8,kg,87409606250,FALSE,8,kg,87409606250,FALSE,87409606250,FALSE,0,FALSE,63490363717,,63490363717,0,FALSE,TRUE,
C,A,20220101,2022,52,2022,276,DEU,Germany,M,Import,12,DZA,Algeria,0,W00,World,H6,HS,TRUE,2709,Petroleum oils and oils obtained from bituminous minerals,Crude oils,4,FALSE,C00,TOTAL CPC,0,0,TOTAL MOT,8,kg,1332839100,FALSE,8,kg,1332839100,FALSE,1332839100,FALSE,0,FALSE,1104367209,,1104367209,0,FALSE,TRUE,
C,A,20220101,2022,52,2022,276,DEU,Germany,M,Import,24,AGO,Angola,0,W00,World,H6,HS,TRUE,2709,Petroleum oils and oils obtained from bituminous minerals,Crude oils,4,FALSE,C00,TOTAL CPC,0,0,TOTAL MOT,8,kg,127436000,FALSE,8,kg,127436000,FALSE,127436000,FALSE,0,FALSE,114992559.9,,114992559.9,0,FALSE,TRUE,
C,A,20220101,2022,52,2022,276,DEU,Germany,M,Import,31,AZE,Azerbaijan,0,W00,World,H6,HS,TRUE,2709,Petroleum oils and oils obtained from bituminous minerals,Crude oils,4,FALSE,C00,TOTAL CPC,0,0,TOTAL MOT,8,kg,2242019000,FALSE,8,kg,2242019000,FALSE,2242019000,FALSE,0,FALSE,1791864002,,1791864002,0,FALSE,TRUE,
C,A,20220101,2022,52,2022,276,DEU,Germany,M,Import,76,BRA,Brazil,0,W00,World,H6,HS,TRUE,2709,Petroleum oils and oils obtained from bituminous minerals,Crude oils,4,FALSE,C00,TOTAL CPC,0,0,TOTAL MOT,8,kg,202285700,FALSE,8,kg,202285700,FALSE,202285700,FALSE,0,FALSE,173842654.6,,173842654.6,0,FALSE,TRUE,
C,A,20220101,2022,52,2022,276,DEU,Germany,M,Import,120,CMR,Cameroon,0,W00,World,H6,HS,TRUE,2709,Petroleum oils and oils obtained from bituminous minerals,Crude oils,4,FALSE,C00,TOTAL CPC,0,0,TOTAL MOT,8,kg,155306000,FALSE,8,kg,155306000,FALSE,155306000,FALSE,0,FALSE,112612996,,112612996,0,FALSE,TRUE,
C,A,20220101,2022,52,2022,276,DEU,Germany,M,Import,124,CAN,Canada,0,W00,World,H6,HS,TRUE,2709,Petroleum oils and oils obtained from bituminous minerals,Crude oils,4,FALSE,C00,TOTAL CPC,0,0,TOTAL MOT,8,kg,700934000,FALSE,8,kg,700934000,FALSE,700934000,FALSE,0,FALSE,498629592.3,,498629592.3,0,FALSE,TRUE,
C,A,20220101,2022,52,2022,276,DEU,Germany,M,Import,148,TCD,Chad,0,W00,World,H6,HS,TRUE,2709,Petroleum oils and oils obtained from bituminous minerals,Crude oils,4,FALSE,C00,TOTAL CPC,0,0,TOTAL MOT,8,kg,1601310000,FALSE,8,kg,1601310000,FALSE,1601310000,FALSE,0,FALSE,1272794844,,1272794844,0,FALSE,TRUE,
C,A,20220101,2022,52,2022,276,DEU,Germany,M,Import,208,DNK,Denmark,0,W00,World,H6,HS,TRUE,2709,Petroleum oils and oils obtained from bituminous minerals,Crude oils,4,FALSE,C00,TOTAL CPC,0,0,TOTAL MOT,8,kg,168582000,FALSE,8,kg,168582000,FALSE,168582000,FALSE,0,FALSE,128587314.3,,128587314.3,0,FALSE,TRUE,
C,A,20220101,2022,52,2022,276,DEU,Germany,M,Import,226,GNQ,Equatorial Guinea,0,W00,World,H6,HS,TRUE,2709,Petroleum oils and oils obtained from bituminous minerals,Crude oils,4,FALSE,C00,TOTAL CPC,0,0,TOTAL MOT,8,kg,456419000,FALSE,8,kg,456419000,FALSE,456419000,FALSE,0,FALSE,351776889.8,,351776889.8,0,FALSE,TRUE,
C,A,20220101,2022,52,2022,276,DEU,Germany,M,Import,251,FRA,France,0,W00,World,H6,HS,TRUE,2709,Petroleum oils and oils obtained from bituminous minerals,Crude oils,4,FALSE,C00,TOTAL CPC,0,0,TOTAL MOT,8,kg,5119020,FALSE,8,kg,5119020,FALSE,5119020,FALSE,0,FALSE,3378423.204,,3378423.204,0,FALSE,TRUE,
C,A,20220101,2022,52,2022,276,DEU,Germany,M,Import,266,GAB,Gabon,0,W00,World,H6,HS,TRUE,2709,Petroleum oils and oils obtained from bituminous minerals,Crude oils,4,FALSE,C00,TOTAL CPC,0,0,TOTAL MOT,8,kg,136102000,FALSE,8,kg,136102000,FALSE,136102000,FALSE,0,FALSE,103754156.6,,103754156.6,0,FALSE,TRUE,
C,A,20220101,2022,52,2022,276,DEU,Germany,M,Import,288,GHA,Ghana,0,W00,World,H6,HS,TRUE,2709,Petroleum oils and oils obtained from bituminous minerals,Crude oils,4,FALSE,C00,TOTAL CPC,0,0,TOTAL MOT,8,kg,183946400,FALSE,8,kg,183946400,FALSE,183946400,FALSE,0,FALSE,150484419.6,,150484419.6,0,FALSE,TRUE,
C,A,20220101,2022,52,2022,276,DEU,Germany,M,Import,328,GUY,Guyana,0,W00,World,H6,HS,TRUE,2709,Petroleum oils and oils obtained from bituminous minerals,Crude oils,4,FALSE,C00,TOTAL CPC,0,0,TOTAL MOT,8,kg,1440042000,FALSE,8,kg,1440042000,FALSE,1440042000,FALSE,0,FALSE,1131606790,,1131606790,0,FALSE,TRUE,
C,A,20220101,2022,52,2022,276,DEU,Germany,M,Import,368,IRQ,Iraq,0,W00,World,H6,HS,TRUE,2709,Petroleum oils and oils obtained from bituminous minerals,Crude oils,4,FALSE,C00,TOTAL CPC,0,0,TOTAL MOT,8,kg,3351583100,FALSE,8,kg,3351583100,FALSE,3351583100,FALSE,0,FALSE,2309572666,,2309572666,0,FALSE,TRUE,
C,A,20220101,2022,52,2022,276,DEU,Germany,M,Import,380,ITA,Italy,0,W00,World,H6,HS,TRUE,2709,Petroleum oils and oils obtained from bituminous minerals,Crude oils,4,FALSE,C00,TOTAL CPC,0,0,TOTAL MOT,8,kg,31947750,FALSE,8,kg,31947750,FALSE,31947750,FALSE,0,FALSE,14069636.02,,14069636.02,0,FALSE,TRUE,
C,A,20220101,2022,52,2022,276,DEU,Germany,M,Import,398,KAZ,Kazakhstan,0,W00,World,H6,HS,TRUE,2709,Petroleum oils and oils obtained from bituminous minerals,Crude oils,4,FALSE,C00,TOTAL CPC,0,0,TOTAL MOT,8,kg,8511526000,FALSE,8,kg,8511526000,FALSE,8511526000,FALSE,0,FALSE,6690085878,,6690085878,0,FALSE,TRUE,
C,A,20220101,2022,52,2022,276,DEU,Germany,M,Import,434,LBY,Libya,0,W00,World,H6,HS,TRUE,2709,Petroleum oils and oils obtained from bituminous minerals,Crude oils,4,FALSE,C00,TOTAL CPC,0,0,TOTAL MOT,8,kg,4964793900,FALSE,8,kg,4964793900,FALSE,4964793900,FALSE,0,FALSE,3761528042,,3761528042,0,FALSE,TRUE,
C,A,20220101,2022,52,2022,276,DEU,Germany,M,Import,528,NLD,Netherlands,0,W00,World,H6,HS,TRUE,2709,Petroleum oils and oils obtained from bituminous minerals,Crude oils,4,FALSE,C00,TOTAL CPC,0,0,TOTAL MOT,8,kg,64505900,FALSE,8,kg,64505900,FALSE,64505900,FALSE,0,FALSE,45799323.47,,45799323.47,0,FALSE,TRUE,
C,A,20220101,2022,52,2022,276,DEU,Germany,M,Import,566,NGA,Nigeria,0,W00,World,H6,HS,TRUE,2709,Petroleum oils and oils obtained from bituminous minerals,Crude oils,4,FALSE,C00,TOTAL CPC,0,0,TOTAL MOT,8,kg,2883563000,FALSE,8,kg,2883563000,FALSE,2883563000,FALSE,0,FALSE,2217368372,,2217368372,0,FALSE,TRUE,
C,A,20220101,2022,52,2022,276,DEU,Germany,M,Import,579,NOR,Norway,0,W00,World,H6,HS,TRUE,2709,Petroleum oils and oils obtained from bituminous minerals,Crude oils,4,FALSE,C00,TOTAL CPC,0,0,TOTAL MOT,8,kg,12194006000,FALSE,8,kg,12194006000,FALSE,12194006000,FALSE,0,FALSE,9355807259,,9355807259,0,FALSE,TRUE,
C,A,20220101,2022,52,2022,276,DEU,Germany,M,Import,616,POL,Poland,0,W00,World,H6,HS,TRUE,2709,Petroleum oils and oils obtained from bituminous minerals,Crude oils,4,FALSE,C00,TOTAL CPC,0,0,TOTAL MOT,8,kg,173314000,FALSE,8,kg,173314000,FALSE,173314000,FALSE,0,FALSE,97121890.69,,97121890.69,0,FALSE,TRUE,
C,A,20220101,2022,52,2022,276,DEU,Germany,M,Import,643,RUS,Russia,0,W00,World,H6,HS,TRUE,2709,Petroleum oils and oils obtained from bituminous minerals,Crude oils,4,FALSE,C00,TOTAL CPC,0,0,TOTAL MOT,8,kg,22801970000,FALSE,8,kg,22801970000,FALSE,22801970000,FALSE,0,FALSE,13226942632,,13226942632,0,FALSE,TRUE,
C,A,20220101,2022,52,2022,276,DEU,Germany,M,Import,682,SAU,Saudi Arabia,0,W00,World,H6,HS,TRUE,2709,Petroleum oils and oils obtained from bituminous minerals,Crude oils,4,FALSE,C00,TOTAL CPC,0,0,TOTAL MOT,8,kg,1976843800,FALSE,8,kg,1976843800,FALSE,1976843800,FALSE,0,FALSE,1460737504,,1460737504,0,FALSE,TRUE,
C,A,20220101,2022,52,2022,276,DEU,Germany,M,Import,780,TTO,Trinidad and Tobago,0,W00,World,H6,HS,TRUE,2709,Petroleum oils and oils obtained from bituminous minerals,Crude oils,4,FALSE,C00,TOTAL CPC,0,0,TOTAL MOT,8,kg,156052000,FALSE,8,kg,156052000,FALSE,156052000,FALSE,0,FALSE,128288399.6,,128288399.6,0,FALSE,TRUE,
C,A,20220101,2022,52,2022,276,DEU,Germany,M,Import,784,ARE,United Arab Emirates,0,W00,World,H6,HS,TRUE,2709,Petroleum oils and oils obtained from bituminous minerals,Crude oils,4,FALSE,C00,TOTAL CPC,0,0,TOTAL MOT,8,kg,311473700,FALSE,8,kg,311473700,FALSE,311473700,FALSE,0,FALSE,254811036.9,,254811036.9,0,FALSE,TRUE,
C,A,20220101,2022,52,2022,276,DEU,Germany,M,Import,788,TUN,Tunisia,0,W00,World,H6,HS,TRUE,2709,Petroleum oils and oils obtained from bituminous minerals,Crude oils,4,FALSE,C00,TOTAL CPC,0,0,TOTAL MOT,8,kg,159492500,FALSE,8,kg,159492500,FALSE,159492500,FALSE,0,FALSE,139967956,,139967956,0,FALSE,TRUE,
C,A,20220101,2022,52,2022,276,DEU,Germany,M,Import,795,TKM,Turkmenistan,0,W00,World,H6,HS,TRUE,2709,Petroleum oils and oils obtained from bituminous minerals,Crude oils,4,FALSE,C00,TOTAL CPC,0,0,TOTAL MOT,8,kg,34885000,FALSE,8,kg,34885000,FALSE,34885000,FALSE,0,FALSE,29022281.34,,29022281.34,0,FALSE,TRUE,
C,A,20220101,2022,52,2022,276,DEU,Germany,M,Import,818,EGY,Egypt,0,W00,World,H6,HS,TRUE,2709,Petroleum oils and oils obtained from bituminous minerals,Crude oils,4,FALSE,C00,TOTAL CPC,0,0,TOTAL MOT,8,kg,221090000,FALSE,8,kg,221090000,FALSE,221090000,FALSE,0,FALSE,186606455.3,,186606455.3,0,FALSE,TRUE,
C,A,20220101,2022,52,2022,276,DEU,Germany,M,Import,826,GBR,United Kingdom,0,W00,World,H6,HS,TRUE,2709,Petroleum oils and oils obtained from bituminous minerals,Crude oils,4,FALSE,C00,TOTAL CPC,0,0,TOTAL MOT,8,kg,8678054380,FALSE,8,kg,8678054380,FALSE,8678054380,FALSE,0,FALSE,6784999621,,6784999621,0,FALSE,TRUE,
C,A,20220101,2022,52,2022,276,DEU,Germany,M,Import,842,USA,USA,0,W00,World,H6,HS,TRUE,2709,Petroleum oils and oils obtained from bituminous minerals,Crude oils,4,FALSE,C00,TOTAL CPC,0,0,TOTAL MOT,8,kg,12142165000,FALSE,8,kg,12142165000,FALSE,12142165000,FALSE,0,FALSE,9848942911,,9848942911,0,FALSE,TRUE,
C,A,20220101,2022,52,2022,276,DEU,Germany,M,Import,0,W00,World,0,W00,World,H6,HS,TRUE,2710,"Petroleum oils and oils from bituminous minerals, not crude; preparations n.e.c, containing by weight 70% or more of petroleum oils or oils from bituminous minerals; these being the basic constituents of the preparations; waste oils",Crude oils,4,FALSE,C00,TOTAL CPC,0,0,TOTAL MOT,8,kg,32958941622,TRUE,-1,N/A,0,FALSE,32958941622,TRUE,0,FALSE,34995625888,,34995625888,6,FALSE,TRUE,
C,A,20220101,2022,52,2022,276,DEU,Germany,M,Import,8,ALB,Albania,0,W00,World,H6,HS,TRUE,2710,"Petroleum oils and oils from bituminous minerals, not crude; preparations n.e.c, containing by weight 70% or more of petroleum oils or oils from bituminous minerals; these being the basic constituents of the preparations; waste oils",Crude oils,4,FALSE,C00,TOTAL CPC,0,0,TOTAL MOT,8,kg,283,FALSE,8,kg,283,FALSE,283,FALSE,0,FALSE,46.591,,46.591,0,FALSE,TRUE,
C,A,20220101,2022,52,2022,276,DEU,Germany,M,Import,12,DZA,Algeria,0,W00,World,H6,HS,TRUE,2710,"Petroleum oils and oils from bituminous minerals, not crude; preparations n.e.c, containing by weight 70% or more of petroleum oils or oils from bituminous minerals; these being the basic constituents of the preparations; waste oils",Crude oils,4,FALSE,C00,TOTAL CPC,0,0,TOTAL MOT,8,kg,1000988098,FALSE,8,kg,1000988098,FALSE,1000988098,FALSE,0,FALSE,820463212.6,,820463212.6,0,FALSE,TRUE,
C,A,20220101,2022,52,2022,276,DEU,Germany,M,Import,32,ARG,Argentina,0,W00,World,H6,HS,TRUE,2710,"Petroleum oils and oils from bituminous minerals, not crude; preparations n.e.c, containing by weight 70% or more of petroleum oils or oils from bituminous minerals; these being the basic constituents of the preparations; waste oils",Crude oils,4,FALSE,C00,TOTAL CPC,0,0,TOTAL MOT,8,kg,1543207,FALSE,8,kg,1543207,FALSE,1543207,FALSE,0,FALSE,1177622.801,,1177622.801,0,FALSE,TRUE,
C,A,20220101,2022,52,2022,276,DEU,Germany,M,Import,36,AUS,Australia,0,W00,World,H6,HS,TRUE,2710,"Petroleum oils and oils from bituminous minerals, not crude; preparations n.e.c, containing by weight 70% or more of petroleum oils or oils from bituminous minerals; these being the basic constituents of the preparations; waste oils",Crude oils,4,FALSE,C00,TOTAL CPC,0,0,TOTAL MOT,8,kg,18904.842,TRUE,-1,N/A,0,FALSE,18904.842,TRUE,0,FALSE,63965.939,,63965.939,6,FALSE,TRUE,
C,A,20220101,2022,52,2022,276,DEU,Germany,M,Import,40,AUT,Austria,0,W00,World,H6,HS,TRUE,2710,"Petroleum oils and oils from bituminous minerals, not crude; preparations n.e.c, containing by weight 70% or more of petroleum oils or oils from bituminous minerals; these being the basic constituents of the preparations; waste oils",Crude oils,4,FALSE,C00,TOTAL CPC,0,0,TOTAL MOT,8,kg,144673390.2,TRUE,-1,N/A,0,FALSE,144673390.2,TRUE,0,FALSE,175414311.4,,175414311.4,6,FALSE,TRUE,
C,A,20220101,2022,52,2022,276,DEU,Germany,M,Import,48,BHR,Bahrain,0,W00,World,H6,HS,TRUE,2710,"Petroleum oils and oils from bituminous minerals, not crude; preparations n.e.c, containing by weight 70% or more of petroleum oils or oils from bituminous minerals; these being the basic constituents of the preparations; waste oils",Crude oils,4,FALSE,C00,TOTAL CPC,0,0,TOTAL MOT,8,kg,6546330,FALSE,8,kg,6546330,FALSE,6546330,FALSE,0,FALSE,11787308.14,,11787308.14,0,FALSE,TRUE,
C,A,20220101,2022,52,2022,276,DEU,Germany,M,Import,50,BGD,Bangladesh,0,W00,World,H6,HS,TRUE,2710,"Petroleum oils and oils from bituminous minerals, not crude; preparations n.e.c, containing by weight 70% or more of petroleum oils or oils from bituminous minerals; these being the basic constituents of the preparations; waste oils",Crude oils,4,FALSE,C00,TOTAL CPC,0,0,TOTAL MOT,8,kg,88,FALSE,8,kg,88,FALSE,88,FALSE,0,FALSE,211.776,,211.776,0,FALSE,TRUE,
C,A,20220101,2022,52,2022,276,DEU,Germany,M,Import,56,BEL,Belgium,0,W00,World,H6,HS,TRUE,2710,"Petroleum oils and oils from bituminous minerals, not crude; preparations n.e.c, containing by weight 70% or more of petroleum oils or oils from bituminous minerals; these being the basic constituents of the preparations; waste oils",Crude oils,4,FALSE,C00,TOTAL CPC,0,0,TOTAL MOT,8,kg,4304763321,TRUE,-1,N/A,0,FALSE,4304763321,TRUE,0,FALSE,5075215997,,5075215997,6,FALSE,TRUE,
C,A,20220101,2022,52,2022,276,DEU,Germany,M,Import,70,BIH,Bosnia and Herzegovina,0,W00,World,H6,HS,TRUE,2710,"Petroleum oils and oils from bituminous minerals, not crude; preparations n.e.c, containing by weight 70% or more of petroleum oils or oils from bituminous minerals; these being the basic constituents of the preparations; waste oils",Crude oils,4,FALSE,C00,TOTAL CPC,0,0,TOTAL MOT,8,kg,119760,FALSE,8,kg,119760,FALSE,119760,FALSE,0,FALSE,124608.051,,124608.051,0,FALSE,TRUE,
C,A,20220101,2022,52,2022,276,DEU,Germany,M,Import,76,BRA,Brazil,0,W00,World,H6,HS,TRUE,2710,"Petroleum oils and oils from bituminous minerals, not crude; preparations n.e.c, containing by weight 70% or more of petroleum oils or oils from bituminous minerals; these being the basic constituents of the preparations; waste oils",Crude oils,4,FALSE,C00,TOTAL CPC,0,0,TOTAL MOT,8,kg,53128720.93,TRUE,-1,N/A,0,FALSE,53128720.93,TRUE,0,FALSE,39094019.15,,39094019.15,6,FALSE,TRUE,
C,A,20220101,2022,52,2022,276,DEU,Germany,M,Import,100,BGR,Bulgaria,0,W00,World,H6,HS,TRUE,2710,"Petroleum oils and oils from bituminous minerals, not crude; preparations n.e.c, containing by weight 70% or more of petroleum oils or oils from bituminous minerals; these being the basic constituents of the preparations; waste oils",Crude oils,4,FALSE,C00,TOTAL CPC,0,0,TOTAL MOT,8,kg,10036.237,TRUE,-1,N/A,0,FALSE,10036.237,TRUE,0,FALSE,46405.458,,46405.458,6,FALSE,TRUE,
C,A,20220101,2022,52,2022,276,DEU,Germany,M,Import,112,BLR,Belarus,0,W00,World,H6,HS,TRUE,2710,"Petroleum oils and oils from bituminous minerals, not crude; preparations n.e.c, containing by weight 70% or more of petroleum oils or oils from bituminous minerals; these being the basic constituents of the preparations; waste oils",Crude oils,4,FALSE,C00,TOTAL CPC,0,0,TOTAL MOT,8,kg,3801,FALSE,8,kg,3801,FALSE,3801,FALSE,0,FALSE,10014.896,,10014.896,0,FALSE,TRUE,
C,A,20220101,2022,52,2022,276,DEU,Germany,M,Import,124,CAN,Canada,0,W00,World,H6,HS,TRUE,2710,"Petroleum oils and oils from bituminous minerals, not crude; preparations n.e.c, containing by weight 70% or more of petroleum oils or oils from bituminous minerals; these being the basic constituents of the preparations; waste oils",Crude oils,4,FALSE,C00,TOTAL CPC,0,0,TOTAL MOT,8,kg,11878145.81,TRUE,-1,N/A,0,FALSE,11878145.81,TRUE,0,FALSE,26530530.1,,26530530.1,6,FALSE,TRUE,
C,A,20220101,2022,52,2022,276,DEU,Germany,M,Import,156,CHN,China,0,W00,World,H6,HS,TRUE,2710,"Petroleum oils and oils from bituminous minerals, not crude; preparations n.e.c, containing by weight 70% or more of petroleum oils or oils from bituminous minerals; these being the basic constituents of the preparations; waste oils",Crude oils,4,FALSE,C00,TOTAL CPC,0,0,TOTAL MOT,8,kg,98777046.1,TRUE,-1,N/A,0,FALSE,98777046.1,TRUE,0,FALSE,103727891,,103727891,6,FALSE,TRUE,
C,A,20220101,2022,52,2022,276,DEU,Germany,M,Import,188,CRI,Costa Rica,0,W00,World,H6,HS,TRUE,2710,"Petroleum oils and oils from bituminous minerals, not crude; preparations n.e.c, containing by weight 70% or more of petroleum oils or oils from bituminous minerals; these being the basic constituents of the preparations; waste oils",Crude oils,4,FALSE,C00,TOTAL CPC,0,0,TOTAL MOT,8,kg,10658,FALSE,8,kg,10658,FALSE,10658,FALSE,0,FALSE,18619.363,,18619.363,0,FALSE,TRUE,
C,A,20220101,2022,52,2022,276,DEU,Germany,M,Import,191,HRV,Croatia,0,W00,World,H6,HS,TRUE,2710,"Petroleum oils and oils from bituminous minerals, not crude; preparations n.e.c, containing by weight 70% or more of petroleum oils or oils from bituminous minerals; these being the basic constituents of the preparations; waste oils",Crude oils,4,FALSE,C00,TOTAL CPC,0,0,TOTAL MOT,8,kg,603432.739,TRUE,-1,N/A,0,FALSE,603432.739,TRUE,0,FALSE,1066081.34,,1066081.34,6,FALSE,TRUE,
C,A,20220101,2022,52,2022,276,DEU,Germany,M,Import,203,CZE,Czechia,0,W00,World,H6,HS,TRUE,2710,"Petroleum oils and oils from bituminous minerals, not crude; preparations n.e.c, containing by weight 70% or more of petroleum oils or oils from bituminous minerals; these being the basic constituents of the preparations; waste oils",Crude oils,4,FALSE,C00,TOTAL CPC,0,0,TOTAL MOT,8,kg,369157757.8,TRUE,-1,N/A,0,FALSE,369157757.8,TRUE,0,FALSE,472967490.7,,472967490.7,6,FALSE,TRUE,
C,A,20220101,2022,52,2022,276,DEU,Germany,M,Import,208,DNK,Denmark,0,W00,World,H6,HS,TRUE,2710,"Petroleum oils and oils from bituminous minerals, not crude; preparations n.e.c, containing by weight 70% or more of petroleum oils or oils from bituminous minerals; these being the basic constituents of the preparations; waste oils",Crude oils,4,FALSE,C00,TOTAL CPC,0,0,TOTAL MOT,8,kg,160893432.8,TRUE,-1,N/A,0,FALSE,160893432.8,TRUE,0,FALSE,163766222.8,,163766222.8,6,FALSE,TRUE,
C,A,20220101,2022,52,2022,276,DEU,Germany,M,Import,218,ECU,Ecuador,0,W00,World,H6,HS,TRUE,2710,"Petroleum oils and oils from bituminous minerals, not crude; preparations n.e.c, containing by weight 70% or more of petroleum oils or oils from bituminous minerals; these being the basic constituents of the preparations; waste oils",Crude oils,4,FALSE,C00,TOTAL CPC,0,0,TOTAL MOT,8,kg,1054,FALSE,8,kg,1054,FALSE,1054,FALSE,0,FALSE,5591.95,,5591.95,0,FALSE,TRUE,
C,A,20220101,2022,52,2022,276,DEU,Germany,M,Import,233,EST,Estonia,0,W00,World,H6,HS,TRUE,2710,"Petroleum oils and oils from bituminous minerals, not crude; preparations n.e.c, containing by weight 70% or more of petroleum oils or oils from bituminous minerals; these being the basic constituents of the preparations; waste oils",Crude oils,4,FALSE,C00,TOTAL CPC,0,0,TOTAL MOT,8,kg,517567,FALSE,8,kg,517567,FALSE,517567,FALSE,0,FALSE,1052024.696,,1052024.696,0,FALSE,TRUE,
C,A,20220101,2022,52,2022,276,DEU,Germany,M,Import,246,FIN,Finland,0,W00,World,H6,HS,TRUE,2710,"Petroleum oils and oils from bituminous minerals, not crude; preparations n.e.c, containing by weight 70% or more of petroleum oils or oils from bituminous minerals; these being the basic constituents of the preparations; waste oils",Crude oils,4,FALSE,C00,TOTAL CPC,0,0,TOTAL MOT,8,kg,200116812,FALSE,-1,N/A,0,FALSE,200116812,FALSE,0,FALSE,210490152.6,,210490152.6,0,FALSE,TRUE,
C,A,20220101,2022,52,2022,276,DEU,Germany,M,Import,251,FRA,France,0,W00,World,H6,HS,TRUE,2710,"Petroleum oils and oils from bituminous minerals, not crude; preparations n.e.c, containing by weight 70% or more of petroleum oils or oils from bituminous minerals; these being the basic constituents of the preparations; waste oils",Crude oils,4,FALSE,C00,TOTAL CPC,0,0,TOTAL MOT,8,kg,345534388.1,TRUE,-1,N/A,0,FALSE,345534388.1,TRUE,0,FALSE,482972190.8,,482972190.8,6,FALSE,TRUE,
C,A,20220101,2022,52,2022,276,DEU,Germany,M,Import,266,GAB,Gabon,0,W00,World,H6,HS,TRUE,2710,"Petroleum oils and oils from bituminous minerals, not crude; preparations n.e.c, containing by weight 70% or more of petroleum oils or oils from bituminous minerals; these being the basic constituents of the preparations; waste oils",Crude oils,4,FALSE,C00,TOTAL CPC,0,0,TOTAL MOT,8,kg,171654010,FALSE,8,kg,171654010,FALSE,171654010,FALSE,0,FALSE,140973471.5,,140973471.5,0,FALSE,TRUE,
C,A,20220101,2022,52,2022,276,DEU,Germany,M,Import,268,GEO,Georgia,0,W00,World,H6,HS,TRUE,2710,"Petroleum oils and oils from bituminous minerals, not crude; preparations n.e.c, containing by weight 70% or more of petroleum oils or oils from bituminous minerals; these being the basic constituents of the preparations; waste oils",Crude oils,4,FALSE,C00,TOTAL CPC,0,0,TOTAL MOT,8,kg,341,FALSE,8,kg,341,FALSE,341,FALSE,0,FALSE,4599.779,,4599.779,0,FALSE,TRUE,
C,A,20220101,2022,52,2022,276,DEU,Germany,M,Import,270,GMB,Gambia,0,W00,World,H6,HS,TRUE,2710,"Petroleum oils and oils from bituminous minerals, not crude; preparations n.e.c, containing by weight 70% or more of petroleum oils or oils from bituminous minerals; these being the basic constituents of the preparations; waste oils",Crude oils,4,FALSE,C00,TOTAL CPC,0,0,TOTAL MOT,8,kg,5883,FALSE,8,kg,5883,FALSE,5883,FALSE,0,FALSE,1496.199,,1496.199,0,FALSE,TRUE,
C,A,20220101,2022,52,2022,276,DEU,Germany,M,Import,292,GIB,Gibraltar,0,W00,World,H6,HS,TRUE,2710,"Petroleum oils and oils from bituminous minerals, not crude; preparations n.e.c, containing by weight 70% or more of petroleum oils or oils from bituminous minerals; these being the basic constituents of the preparations; waste oils",Crude oils,4,FALSE,C00,TOTAL CPC,0,0,TOTAL MOT,8,kg,23,FALSE,8,kg,23,FALSE,23,FALSE,0,FALSE,57.18,,57.18,0,FALSE,TRUE,
C,A,20220101,2022,52,2022,276,DEU,Germany,M,Import,300,GRC,Greece,0,W00,World,H6,HS,TRUE,2710,"Petroleum oils and oils from bituminous minerals, not crude; preparations n.e.c, containing by weight 70% or more of petroleum oils or oils from bituminous minerals; these being the basic constituents of the preparations; waste oils",Crude oils,4,FALSE,C00,TOTAL CPC,0,0,TOTAL MOT,8,kg,710389,FALSE,8,kg,710389,FALSE,710389,FALSE,0,FALSE,1065740.381,,1065740.381,0,FALSE,TRUE,
C,A,20220101,2022,52,2022,276,DEU,Germany,M,Import,340,HND,Honduras,0,W00,World,H6,HS,TRUE,2710,"Petroleum oils and oils from bituminous minerals, not crude; preparations n.e.c, containing by weight 70% or more of petroleum oils or oils from bituminous minerals; these being the basic constituents of the preparations; waste oils",Crude oils,4,FALSE,C00,TOTAL CPC,0,0,TOTAL MOT,8,kg,2554.661,TRUE,-1,N/A,0,FALSE,2554.661,TRUE,0,FALSE,4562.718,,4562.718,6,FALSE,TRUE,
C,A,20220101,2022,52,2022,276,DEU,Germany,M,Import,344,HKG,Hong Kong,0,W00,World,H6,HS,TRUE,2710,"Petroleum oils and oils from bituminous minerals, not crude; preparations n.e.c, containing by weight 70% or more of petroleum oils or oils from bituminous minerals; these being the basic constituents of the preparations; waste oils",Crude oils,4,FALSE,C00,TOTAL CPC,0,0,TOTAL MOT,8,kg,605,FALSE,8,kg,605,FALSE,605,FALSE,0,FALSE,2797.563,,2797.563,0,FALSE,TRUE,
C,A,20220101,2022,52,2022,276,DEU,Germany,M,Import,348,HUN,Hungary,0,W00,World,H6,HS,TRUE,2710,"Petroleum oils and oils from bituminous minerals, not crude; preparations n.e.c, containing by weight 70% or more of petroleum oils or oils from bituminous minerals; these being the basic constituents of the preparations; waste oils",Crude oils,4,FALSE,C00,TOTAL CPC,0,0,TOTAL MOT,8,kg,58697444.43,TRUE,-1,N/A,0,FALSE,58697444.43,TRUE,0,FALSE,41505453.21,,41505453.21,6,FALSE,TRUE,
C,A,20220101,2022,52,2022,276,DEU,Germany,M,Import,352,ISL,Iceland,0,W00,World,H6,HS,TRUE,2710,"Petroleum oils and oils from bituminous minerals, not crude; preparations n.e.c, containing by weight 70% or more of petroleum oils or oils from bituminous minerals; these being the basic constituents of the preparations; waste oils",Crude oils,4,FALSE,C00,TOTAL CPC,0,0,TOTAL MOT,8,kg,1305376,FALSE,8,kg,1305376,FALSE,1305376,FALSE,0,FALSE,404319.925,,404319.925,0,FALSE,TRUE,
C,A,20220101,2022,52,2022,276,DEU,Germany,M,Import,360,IDN,Indonesia,0,W00,World,H6,HS,TRUE,2710,"Petroleum oils and oils from bituminous minerals, not crude; preparations n.e.c, containing by weight 70% or more of petroleum oils or oils from bituminous minerals; these being the basic constituents of the preparations; waste oils",Crude oils,4,FALSE,C00,TOTAL CPC,0,0,TOTAL MOT,8,kg,4199909.505,TRUE,-1,N/A,0,FALSE,4199909.505,TRUE,0,FALSE,7843448.861,,7843448.861,6,FALSE,TRUE,
C,A,20220101,2022,52,2022,276,DEU,Germany,M,Import,368,IRQ,Iraq,0,W00,World,H6,HS,TRUE,2710,"Petroleum oils and oils from bituminous minerals, not crude; preparations n.e.c, containing by weight 70% or more of petroleum oils or oils from bituminous minerals; these being the basic constituents of the preparations; waste oils",Crude oils,4,FALSE,C00,TOTAL CPC,0,0,TOTAL MOT,8,kg,322,FALSE,8,kg,322,FALSE,322,FALSE,0,FALSE,61.415,,61.415,0,FALSE,TRUE,
C,A,20220101,2022,52,2022,276,DEU,Germany,M,Import,372,IRL,Ireland,0,W00,World,H6,HS,TRUE,2710,"Petroleum oils and oils from bituminous minerals, not crude; preparations n.e.c, containing by weight 70% or more of petroleum oils or oils from bituminous minerals; these being the basic constituents of the preparations; waste oils",Crude oils,4,FALSE,C00,TOTAL CPC,0,0,TOTAL MOT,8,kg,29354508.66,TRUE,-1,N/A,0,FALSE,29354508.66,TRUE,0,FALSE,26121216.49,,26121216.49,6,FALSE,TRUE,
C,A,20220101,2022,52,2022,276,DEU,Germany,M,Import,376,ISR,Israel,0,W00,World,H6,HS,TRUE,2710,"Petroleum oils and oils from bituminous minerals, not crude; preparations n.e.c, containing by weight 70% or more of petroleum oils or oils from bituminous minerals; these being the basic constituents of the preparations; waste oils",Crude oils,4,FALSE,C00,TOTAL CPC,0,0,TOTAL MOT,8,kg,16704975,FALSE,8,kg,16704975,FALSE,16704975,FALSE,0,FALSE,17426399.82,,17426399.82,0,FALSE,TRUE,
C,A,20220101,2022,52,2022,276,DEU,Germany,M,Import,380,ITA,Italy,0,W00,World,H6,HS,TRUE,2710,"Petroleum oils and oils from bituminous minerals, not crude; preparations n.e.c, containing by weight 70% or more of petroleum oils or oils from bituminous minerals; these being the basic constituents of the preparations; waste oils",Crude oils,4,FALSE,C00,TOTAL CPC,0,0,TOTAL MOT,8,kg,132384952,TRUE,-1,N/A,0,FALSE,132384952,TRUE,0,FALSE,243262600.6,,243262600.6,6,FALSE,TRUE,
C,A,20220101,2022,52,2022,276,DEU,Germany,M,Import,384,CIV,Ivory Coast,0,W00,World,H6,HS,TRUE,2710,"Petroleum oils and oils from bituminous minerals, not crude; preparations n.e.c, containing by weight 70% or more of petroleum oils or oils from bituminous minerals; these being the basic constituents of the preparations; waste oils",Crude oils,4,FALSE,C00,TOTAL CPC,0,0,TOTAL MOT,8,kg,1729,FALSE,8,kg,1729,FALSE,1729,FALSE,0,FALSE,4236.583,,4236.583,0,FALSE,TRUE,
C,A,20220101,2022,52,2022,276,DEU,Germany,M,Import,392,JPN,Japan,0,W00,World,H6,HS,TRUE,2710,"Petroleum oils and oils from bituminous minerals, not crude; preparations n.e.c, containing by weight 70% or more of petroleum oils or oils from bituminous minerals; these being the basic constituents of the preparations; waste oils",Crude oils,4,FALSE,C00,TOTAL CPC,0,0,TOTAL MOT,8,kg,1327870.012,TRUE,-1,N/A,0,FALSE,1327870.012,TRUE,0,FALSE,5326175.414,,5326175.414,6,FALSE,TRUE,
C,A,20220101,2022,52,2022,276,DEU,Germany,M,Import,398,KAZ,Kazakhstan,0,W00,World,H6,HS,TRUE,2710,"Petroleum oils and oils from bituminous minerals, not crude; preparations n.e.c, containing by weight 70% or more of petroleum oils or oils from bituminous minerals; these being the basic constituents of the preparations; waste oils",Crude oils,4,FALSE,C00,TOTAL CPC,0,0,TOTAL MOT,8,kg,16490800,FALSE,8,kg,16490800,FALSE,16490800,FALSE,0,FALSE,17679834.5,,17679834.5,0,FALSE,TRUE,
C,A,20220101,2022,52,2022,276,DEU,Germany,M,Import,410,KOR,South Korea,0,W00,World,H6,HS,TRUE,2710,"Petroleum oils and oils from bituminous minerals, not crude; preparations n.e.c, containing by weight 70% or more of petroleum oils or oils from bituminous minerals; these being the basic constituents of the preparations; waste oils",Crude oils,4,FALSE,C00,TOTAL CPC,0,0,TOTAL MOT,8,kg,66456151.6,TRUE,-1,N/A,0,FALSE,66456151.6,TRUE,0,FALSE,103878221.4,,103878221.4,6,FALSE,TRUE,
C,A,20220101,2022,52,2022,276,DEU,Germany,M,Import,414,KWT,Kuwait,0,W00,World,H6,HS,TRUE,2710,"Petroleum oils and oils from bituminous minerals, not crude; preparations n.e.c, containing by weight 70% or more of petroleum oils or oils from bituminous minerals; these being the basic constituents of the preparations; waste oils",Crude oils,4,FALSE,C00,TOTAL CPC,0,0,TOTAL MOT,8,kg,31685340,FALSE,8,kg,31685340,FALSE,31685340,FALSE,0,FALSE,35377726.1,,35377726.1,0,FALSE,TRUE,
C,A,20220101,2022,52,2022,276,DEU,Germany,M,Import,422,LBN,Lebanon,0,W00,World,H6,HS,TRUE,2710,"Petroleum oils and oils from bituminous minerals, not crude; preparations n.e.c, containing by weight 70% or more of petroleum oils or oils from bituminous minerals; these being the basic constituents of the preparations; waste oils",Crude oils,4,FALSE,C00,TOTAL CPC,0,0,TOTAL MOT,8,kg,88,FALSE,8,kg,88,FALSE,88,FALSE,0,FALSE,211.776,,211.776,0,FALSE,TRUE,
C,A,20220101,2022,52,2022,276,DEU,Germany,M,Import,428,LVA,Latvia,0,W00,World,H6,HS,TRUE,2710,"Petroleum oils and oils from bituminous minerals, not crude; preparations n.e.c, containing by weight 70% or more of petroleum oils or oils from bituminous minerals; these being the basic constituents of the preparations; waste oils",Crude oils,4,FALSE,C00,TOTAL CPC,0,0,TOTAL MOT,8,kg,6672500,FALSE,8,kg,6672500,FALSE,6672500,FALSE,0,FALSE,9099013.771,,9099013.771,0,FALSE,TRUE,
C,A,20220101,2022,52,2022,276,DEU,Germany,M,Import,434,LBY,Libya,0,W00,World,H6,HS,TRUE,2710,"Petroleum oils and oils from bituminous minerals, not crude; preparations n.e.c, containing by weight 70% or more of petroleum oils or oils from bituminous minerals; these being the basic constituents of the preparations; waste oils",Crude oils,4,FALSE,C00,TOTAL CPC,0,0,TOTAL MOT,8,kg,32617638,FALSE,8,kg,32617638,FALSE,32617638,FALSE,0,FALSE,25202161.83,,25202161.83,0,FALSE,TRUE,
C,A,20220101,2022,52,2022,276,DEU,Germany,M,Import,440,LTU,Lithuania,0,W00,World,H6,HS,TRUE,2710,"Petroleum oils and oils from bituminous minerals, not crude; preparations n.e.c, containing by weight 70% or more of petroleum oils or oils from bituminous minerals; these being the basic constituents of the preparations; waste oils",Crude oils,4,FALSE,C00,TOTAL CPC,0,0,TOTAL MOT,8,kg,12066930,FALSE,8,kg,12066930,FALSE,12066930,FALSE,0,FALSE,25275386.62,,25275386.62,0,FALSE,TRUE,
C,A,20220101,2022,52,2022,276,DEU,Germany,M,Import,442,LUX,Luxembourg,0,W00,World,H6,HS,TRUE,2710,"Petroleum oils and oils from bituminous minerals, not crude; preparations n.e.c, containing by weight 70% or more of petroleum oils or oils from bituminous minerals; these being the basic constituents of the preparations; waste oils",Crude oils,4,FALSE,C00,TOTAL CPC,0,0,TOTAL MOT,8,kg,3996975,FALSE,8,kg,3996975,FALSE,3996975,FALSE,0,FALSE,4859643.056,,4859643.056,0,FALSE,TRUE,
C,A,20220101,2022,52,2022,276,DEU,Germany,M,Import,458,MYS,Malaysia,0,W00,World,H6,HS,TRUE,2710,"Petroleum oils and oils from bituminous minerals, not crude; preparations n.e.c, containing by weight 70% or more of petroleum oils or oils from bituminous minerals; these being the basic constituents of the preparations; waste oils",Crude oils,4,FALSE,C00,TOTAL CPC,0,0,TOTAL MOT,8,kg,6419596.201,TRUE,-1,N/A,0,FALSE,6419596.201,TRUE,0,FALSE,15364027.98,,15364027.98,6,FALSE,TRUE,
C,A,20220101,2022,52,2022,276,DEU,Germany,M,Import,470,MLT,Malta,0,W00,World,H6,HS,TRUE,2710,"Petroleum oils and oils from bituminous minerals, not crude; preparations n.e.c, containing by weight 70% or more of petroleum oils or oils from bituminous minerals; these being the basic constituents of the preparations; waste oils",Crude oils,4,FALSE,C00,TOTAL CPC,0,0,TOTAL MOT,8,kg,8325250,FALSE,8,kg,8325250,FALSE,8325250,FALSE,0,FALSE,6540404.788,,6540404.788,0,FALSE,TRUE,
C,A,20220101,2022,52,2022,276,DEU,Germany,M,Import,484,MEX,Mexico,0,W00,World,H6,HS,TRUE,2710,"Petroleum oils and oils from bituminous minerals, not crude; preparations n.e.c, containing by weight 70% or more of petroleum oils or oils from bituminous minerals; these being the basic constituents of the preparations; waste oils",Crude oils,4,FALSE,C00,TOTAL CPC,0,0,TOTAL MOT,8,kg,9163.929,TRUE,-1,N/A,0,FALSE,9163.929,TRUE,0,FALSE,17481.066,,17481.066,6,FALSE,TRUE,
C,A,20220101,2022,52,2022,276,DEU,Germany,M,Import,490,S19,"Other Asia, nes",0,W00,World,H6,HS,TRUE,2710,"Petroleum oils and oils from bituminous minerals, not crude; preparations n.e.c, containing by weight 70% or more of petroleum oils or oils from bituminous minerals; these being the basic constituents of the preparations; waste oils",Crude oils,4,FALSE,C00,TOTAL CPC,0,0,TOTAL MOT,8,kg,107667.674,TRUE,-1,N/A,0,FALSE,107667.674,TRUE,0,FALSE,683193.166,,683193.166,6,FALSE,TRUE,
C,A,20220101,2022,52,2022,276,DEU,Germany,M,Import,512,OMN,Oman,0,W00,World,H6,HS,TRUE,2710,"Petroleum oils and oils from bituminous minerals, not crude; preparations n.e.c, containing by weight 70% or more of petroleum oils or oils from bituminous minerals; these being the basic constituents of the preparations; waste oils",Crude oils,4,FALSE,C00,TOTAL CPC,0,0,TOTAL MOT,8,kg,8999550,FALSE,8,kg,8999550,FALSE,8999550,FALSE,0,FALSE,11229427.18,,11229427.18,0,FALSE,TRUE,
C,A,20220101,2022,52,2022,276,DEU,Germany,M,Import,528,NLD,Netherlands,0,W00,World,H6,HS,TRUE,2710,"Petroleum oils and oils from bituminous minerals, not crude; preparations n.e.c, containing by weight 70% or more of petroleum oils or oils from bituminous minerals; these being the basic constituents of the preparations; waste oils",Crude oils,4,FALSE,C00,TOTAL CPC,0,0,TOTAL MOT,8,kg,16392817635,TRUE,-1,N/A,0,FALSE,16392817635,TRUE,0,FALSE,17132997782,,17132997782,6,FALSE,TRUE,
C,A,20220101,2022,52,2022,276,DEU,Germany,M,Import,531,CUW,Curacao,0,W00,World,H6,HS,TRUE,2710,"Petroleum oils and oils from bituminous minerals, not crude; preparations n.e.c, containing by weight 70% or more of petroleum oils or oils from bituminous minerals; these being the basic constituents of the preparations; waste oils",Crude oils,4,FALSE,C00,TOTAL CPC,0,0,TOTAL MOT,8,kg,247,FALSE,8,kg,247,FALSE,247,FALSE,0,FALSE,592.973,,592.973,0,FALSE,TRUE,
C,A,20220101,2022,52,2022,276,DEU,Germany,M,Import,566,NGA,Nigeria,0,W00,World,H6,HS,TRUE,2710,"Petroleum oils and oils from bituminous minerals, not crude; preparations n.e.c, containing by weight 70% or more of petroleum oils or oils from bituminous minerals; these being the basic constituents of the preparations; waste oils",Crude oils,4,FALSE,C00,TOTAL CPC,0,0,TOTAL MOT,8,kg,12737000,FALSE,8,kg,12737000,FALSE,12737000,FALSE,0,FALSE,9900798.426,,9900798.426,0,FALSE,TRUE,
C,A,20220101,2022,52,2022,276,DEU,Germany,M,Import,579,NOR,Norway,0,W00,World,H6,HS,TRUE,2710,"Petroleum oils and oils from bituminous minerals, not crude; preparations n.e.c, containing by weight 70% or more of petroleum oils or oils from bituminous minerals; these being the basic constituents of the preparations; waste oils",Crude oils,4,FALSE,C00,TOTAL CPC,0,0,TOTAL MOT,8,kg,408350354.6,TRUE,-1,N/A,0,FALSE,408350354.6,TRUE,0,FALSE,401799750.5,,401799750.5,6,FALSE,TRUE,
C,A,20220101,2022,52,2022,276,DEU,Germany,M,Import,616,POL,Poland,0,W00,World,H6,HS,TRUE,2710,"Petroleum oils and oils from bituminous minerals, not crude; preparations n.e.c, containing by weight 70% or more of petroleum oils or oils from bituminous minerals; these being the basic constituents of the preparations; waste oils",Crude oils,4,FALSE,C00,TOTAL CPC,0,0,TOTAL MOT,8,kg,188844307.1,TRUE,-1,N/A,0,FALSE,188844307.1,TRUE,0,FALSE,199429430.6,,199429430.6,6,FALSE,TRUE,
C,A,20220101,2022,52,2022,276,DEU,Germany,M,Import,620,PRT,Portugal,0,W00,World,H6,HS,TRUE,2710,"Petroleum oils and oils from bituminous minerals, not crude; preparations n.e.c, containing by weight 70% or more of petroleum oils or oils from bituminous minerals; these being the basic constituents of the preparations; waste oils",Crude oils,4,FALSE,C00,TOTAL CPC,0,0,TOTAL MOT,8,kg,46175,FALSE,8,kg,46175,FALSE,46175,FALSE,0,FALSE,318703.047,,318703.047,0,FALSE,TRUE,
C,A,20220101,2022,52,2022,276,DEU,Germany,M,Import,634,QAT,Qatar,0,W00,World,H6,HS,TRUE,2710,"Petroleum oils and oils from bituminous minerals, not crude; preparations n.e.c, containing by weight 70% or more of petroleum oils or oils from bituminous minerals; these being the basic constituents of the preparations; waste oils",Crude oils,4,FALSE,C00,TOTAL CPC,0,0,TOTAL MOT,8,kg,350298835,TRUE,-1,N/A,0,FALSE,350298835,TRUE,0,FALSE,475815813.8,,475815813.8,6,FALSE,TRUE,
C,A,20220101,2022,52,2022,276,DEU,Germany,M,Import,642,ROU,Romania,0,W00,World,H6,HS,TRUE,2710,"Petroleum oils and oils from bituminous minerals, not crude; preparations n.e.c, containing by weight 70% or more of petroleum oils or oils from bituminous minerals; these being the basic constituents of the preparations; waste oils",Crude oils,4,FALSE,C00,TOTAL CPC,0,0,TOTAL MOT,8,kg,34570185,FALSE,8,kg,34570185,FALSE,34570185,FALSE,0,FALSE,29049185.39,,29049185.39,0,FALSE,TRUE,
C,A,20220101,2022,52,2022,276,DEU,Germany,M,Import,643,RUS,Russia,0,W00,World,H6,HS,TRUE,2710,"Petroleum oils and oils from bituminous minerals, not crude; preparations n.e.c, containing by weight 70% or more of petroleum oils or oils from bituminous minerals; these being the basic constituents of the preparations; waste oils",Crude oils,4,FALSE,C00,TOTAL CPC,0,0,TOTAL MOT,8,kg,5584055673,TRUE,-1,N/A,0,FALSE,5584055673,TRUE,0,FALSE,5778443859,,5778443859,6,FALSE,TRUE,
C,A,20220101,2022,52,2022,276,DEU,Germany,M,Import,682,SAU,Saudi Arabia,0,W00,World,H6,HS,TRUE,2710,"Petroleum oils and oils from bituminous minerals, not crude; preparations n.e.c, containing by weight 70% or more of petroleum oils or oils from bituminous minerals; these being the basic constituents of the preparations; waste oils",Crude oils,4,FALSE,C00,TOTAL CPC,0,0,TOTAL MOT,8,kg,148303199,FALSE,8,kg,148303199,FALSE,148303199,FALSE,0,FALSE,149326865.8,,149326865.8,0,FALSE,TRUE,
C,A,20220101,2022,52,2022,276,DEU,Germany,M,Import,688,SRB,Serbia,0,W00,World,H6,HS,TRUE,2710,"Petroleum oils and oils from bituminous minerals, not crude; preparations n.e.c, containing by weight 70% or more of petroleum oils or oils from bituminous minerals; these being the basic constituents of the preparations; waste oils",Crude oils,4,FALSE,C00,TOTAL CPC,0,0,TOTAL MOT,8,kg,1359103.125,TRUE,-1,N/A,0,FALSE,1359103.125,TRUE,0,FALSE,861578.604,,861578.604,6,FALSE,TRUE,
C,A,20220101,2022,52,2022,276,DEU,Germany,M,Import,699,IND,India,0,W00,World,H6,HS,TRUE,2710,"Petroleum oils and oils from bituminous minerals, not crude; preparations n.e.c, containing by weight 70% or more of petroleum oils or oils from bituminous minerals; these being the basic constituents of the preparations; waste oils",Crude oils,4,FALSE,C00,TOTAL CPC,0,0,TOTAL MOT,8,kg,103137569,FALSE,8,kg,103137569,FALSE,103137569,FALSE,0,FALSE,115485317.6,,115485317.6,0,FALSE,TRUE,
C,A,20220101,2022,52,2022,276,DEU,Germany,M,Import,702,SGP,Singapore,0,W00,World,H6,HS,TRUE,2710,"Petroleum oils and oils from bituminous minerals, not crude; preparations n.e.c, containing by weight 70% or more of petroleum oils or oils from bituminous minerals; these being the basic constituents of the preparations; waste oils",Crude oils,4,FALSE,C00,TOTAL CPC,0,0,TOTAL MOT,8,kg,3324229.351,TRUE,-1,N/A,0,FALSE,3324229.351,TRUE,0,FALSE,4789206.295,,4789206.295,6,FALSE,TRUE,
C,A,20220101,2022,52,2022,276,DEU,Germany,M,Import,703,SVK,Slovakia,0,W00,World,H6,HS,TRUE,2710,"Petroleum oils and oils from bituminous minerals, not crude; preparations n.e.c, containing by weight 70% or more of petroleum oils or oils from bituminous minerals; these being the basic constituents of the preparations; waste oils",Crude oils,4,FALSE,C00,TOTAL CPC,0,0,TOTAL MOT,8,kg,27802925.86,TRUE,-1,N/A,0,FALSE,27802925.86,TRUE,0,FALSE,21779395.87,,21779395.87,6,FALSE,TRUE,
C,A,20220101,2022,52,2022,276,DEU,Germany,M,Import,705,SVN,Slovenia,0,W00,World,H6,HS,TRUE,2710,"Petroleum oils and oils from bituminous minerals, not crude; preparations n.e.c, containing by weight 70% or more of petroleum oils or oils from bituminous minerals; these being the basic constituents of the preparations; waste oils",Crude oils,4,FALSE,C00,TOTAL CPC,0,0,TOTAL MOT,8,kg,10970116,FALSE,8,kg,10970116,FALSE,10970116,FALSE,0,FALSE,11621567.86,,11621567.86,0,FALSE,TRUE,
C,A,20220101,2022,52,2022,276,DEU,Germany,M,Import,710,ZAF,South Africa,0,W00,World,H6,HS,TRUE,2710,"Petroleum oils and oils from bituminous minerals, not crude; preparations n.e.c, containing by weight 70% or more of petroleum oils or oils from bituminous minerals; these being the basic constituents of the preparations; waste oils",Crude oils,4,FALSE,C00,TOTAL CPC,0,0,TOTAL MOT,8,kg,3087942,FALSE,8,kg,3087942,FALSE,3087942,FALSE,0,FALSE,3865004.413,,3865004.413,0,FALSE,TRUE,
C,A,20220101,2022,52,2022,276,DEU,Germany,M,Import,724,ESP,Spain,0,W00,World,H6,HS,TRUE,2710,"Petroleum oils and oils from bituminous minerals, not crude; preparations n.e.c, containing by weight 70% or more of petroleum oils or oils from bituminous minerals; these being the basic constituents of the preparations; waste oils",Crude oils,4,FALSE,C00,TOTAL CPC,0,0,TOTAL MOT,8,kg,100442115.9,TRUE,-1,N/A,0,FALSE,100442115.9,TRUE,0,FALSE,172402834.9,,172402834.9,6,FALSE,TRUE,
C,A,20220101,2022,52,2022,276,DEU,Germany,M,Import,752,SWE,Sweden,0,W00,World,H6,HS,TRUE,2710,"Petroleum oils and oils from bituminous minerals, not crude; preparations n.e.c, containing by weight 70% or more of petroleum oils or oils from bituminous minerals; these being the basic constituents of the preparations; waste oils",Crude oils,4,FALSE,C00,TOTAL CPC,0,0,TOTAL MOT,8,kg,205089136.7,TRUE,-1,N/A,0,FALSE,205089136.7,TRUE,0,FALSE,263313649.7,,263313649.7,6,FALSE,TRUE,
C,A,20220101,2022,52,2022,276,DEU,Germany,M,Import,757,CHE,Switzerland,0,W00,World,H6,HS,TRUE,2710,"Petroleum oils and oils from bituminous minerals, not crude; preparations n.e.c, containing by weight 70% or more of petroleum oils or oils from bituminous minerals; these being the basic constituents of the preparations; waste oils",Crude oils,4,FALSE,C00,TOTAL CPC,0,0,TOTAL MOT,8,kg,112219425.6,TRUE,-1,N/A,0,FALSE,112219425.6,TRUE,0,FALSE,116808632.8,,116808632.8,6,FALSE,TRUE,
C,A,20220101,2022,52,2022,276,DEU,Germany,M,Import,764,THA,Thailand,0,W00,World,H6,HS,TRUE,2710,"Petroleum oils and oils from bituminous minerals, not crude; preparations n.e.c, containing by weight 70% or more of petroleum oils or oils from bituminous minerals; these being the basic constituents of the preparations; waste oils",Crude oils,4,FALSE,C00,TOTAL CPC,0,0,TOTAL MOT,8,kg,25908.929,TRUE,-1,N/A,0,FALSE,25908.929,TRUE,0,FALSE,92557.843,,92557.843,6,FALSE,TRUE,
C,A,20220101,2022,52,2022,276,DEU,Germany,M,Import,784,ARE,United Arab Emirates,0,W00,World,H6,HS,TRUE,2710,"Petroleum oils and oils from bituminous minerals, not crude; preparations n.e.c, containing by weight 70% or more of petroleum oils or oils from bituminous minerals; these being the basic constituents of the preparations; waste oils",Crude oils,4,FALSE,C00,TOTAL CPC,0,0,TOTAL MOT,8,kg,64993847.83,TRUE,-1,N/A,0,FALSE,64993847.83,TRUE,0,FALSE,96030629.16,,96030629.16,6,FALSE,TRUE,
C,A,20220101,2022,52,2022,276,DEU,Germany,M,Import,788,TUN,Tunisia,0,W00,World,H6,HS,TRUE,2710,"Petroleum oils and oils from bituminous minerals, not crude; preparations n.e.c, containing by weight 70% or more of petroleum oils or oils from bituminous minerals; these being the basic constituents of the preparations; waste oils",Crude oils,4,FALSE,C00,TOTAL CPC,0,0,TOTAL MOT,8,kg,20907700,FALSE,8,kg,20907700,FALSE,20907700,FALSE,0,FALSE,17927670.88,,17927670.88,0,FALSE,TRUE,
C,A,20220101,2022,52,2022,276,DEU,Germany,M,Import,792,TUR,Turkey,0,W00,World,H6,HS,TRUE,2710,"Petroleum oils and oils from bituminous minerals, not crude; preparations n.e.c, containing by weight 70% or more of petroleum oils or oils from bituminous minerals; these being the basic constituents of the preparations; waste oils",Crude oils,4,FALSE,C00,TOTAL CPC,0,0,TOTAL MOT,8,kg,132816285.8,TRUE,-1,N/A,0,FALSE,132816285.8,TRUE,0,FALSE,102396737.9,,102396737.9,6,FALSE,TRUE,
C,A,20220101,2022,52,2022,276,DEU,Germany,M,Import,804,UKR,Ukraine,0,W00,World,H6,HS,TRUE,2710,"Petroleum oils and oils from bituminous minerals, not crude; preparations n.e.c, containing by weight 70% or more of petroleum oils or oils from bituminous minerals; these being the basic constituents of the preparations; waste oils",Crude oils,4,FALSE,C00,TOTAL CPC,0,0,TOTAL MOT,8,kg,30346,FALSE,8,kg,30346,FALSE,30346,FALSE,0,FALSE,66137.704,,66137.704,0,FALSE,TRUE,
C,A,20220101,2022,52,2022,276,DEU,Germany,M,Import,818,EGY,Egypt,0,W00,World,H6,HS,TRUE,2710,"Petroleum oils and oils from bituminous minerals, not crude; preparations n.e.c, containing by weight 70% or more of petroleum oils or oils from bituminous minerals; these being the basic constituents of the preparations; waste oils",Crude oils,4,FALSE,C00,TOTAL CPC,0,0,TOTAL MOT,8,kg,27005188,FALSE,8,kg,27005188,FALSE,27005188,FALSE,0,FALSE,24464555.95,,24464555.95,0,FALSE,TRUE,
C,A,20220101,2022,52,2022,276,DEU,Germany,M,Import,826,GBR,United Kingdom,0,W00,World,H6,HS,TRUE,2710,"Petroleum oils and oils from bituminous minerals, not crude; preparations n.e.c, containing by weight 70% or more of petroleum oils or oils from bituminous minerals; these being the basic constituents of the preparations; waste oils",Crude oils,4,FALSE,C00,TOTAL CPC,0,0,TOTAL MOT,8,kg,224879513.5,TRUE,-1,N/A,0,FALSE,224879513.5,TRUE,0,FALSE,194422129.8,,194422129.8,6,FALSE,TRUE,
C,A,20220101,2022,52,2022,276,DEU,Germany,M,Import,842,USA,USA,0,W00,World,H6,HS,TRUE,2710,"Petroleum oils and oils from bituminous minerals, not crude; preparations n.e.c, containing by weight 70% or more of petroleum oils or oils from bituminous minerals; these being the basic constituents of the preparations; waste oils",Crude oils,4,FALSE,C00,TOTAL CPC,0,0,TOTAL MOT,8,kg,1491341049,TRUE,-1,N/A,0,FALSE,1491341049,TRUE,0,FALSE,1347067398,,1347067398,6,FALSE,TRUE,
C,A,20220101,2022,52,2022,276,DEU,Germany,M,Import,854,BFA,Burkina Faso,0,W00,World,H6,HS,TRUE,2710,"Petroleum oils and oils from bituminous minerals, not crude; preparations n.e.c, containing by weight 70% or more of petroleum oils or oils from bituminous minerals; these being the basic constituents of the preparations; waste oils",Crude oils,4,FALSE,C00,TOTAL CPC,0,0,TOTAL MOT,8,kg,833,FALSE,8,kg,833,FALSE,833,FALSE,0,FALSE,211.776,,211.776,0,FALSE,TRUE,
C,A,20220101,2022,52,2022,276,DEU,Germany,M,Import,0,W00,World,0,W00,World,H6,HS,TRUE,2809,"Diphosphorus pentaoxide; phosphoric acid; polyphosphoric acids, whether or not chemically defined",Phosphorus,4,FALSE,C00,TOTAL CPC,0,0,TOTAL MOT,8,kg,257850953.4,TRUE,-1,N/A,0,FALSE,257850953.4,TRUE,0,FALSE,486315278.1,,486315278.1,6,FALSE,TRUE,
C,A,20220101,2022,52,2022,276,DEU,Germany,M,Import,36,AUS,Australia,0,W00,World,H6,HS,TRUE,2809,"Diphosphorus pentaoxide; phosphoric acid; polyphosphoric acids, whether or not chemically defined",Phosphorus,4,FALSE,C00,TOTAL CPC,0,0,TOTAL MOT,8,kg,56880,FALSE,27,kg P2O5,31000,FALSE,56880,FALSE,0,FALSE,178343.083,,178343.083,0,FALSE,TRUE,
C,A,20220101,2022,52,2022,276,DEU,Germany,M,Import,40,AUT,Austria,0,W00,World,H6,HS,TRUE,2809,"Diphosphorus pentaoxide; phosphoric acid; polyphosphoric acids, whether or not chemically defined",Phosphorus,4,FALSE,C00,TOTAL CPC,0,0,TOTAL MOT,8,kg,1746341,FALSE,27,kg P2O5,1120145,FALSE,1746341,FALSE,0,FALSE,3580005.547,,3580005.547,0,FALSE,TRUE,
C,A,20220101,2022,52,2022,276,DEU,Germany,M,Import,56,BEL,Belgium,0,W00,World,H6,HS,TRUE,2809,"Diphosphorus pentaoxide; phosphoric acid; polyphosphoric acids, whether or not chemically defined",Phosphorus,4,FALSE,C00,TOTAL CPC,0,0,TOTAL MOT,8,kg,20295421,FALSE,27,kg P2O5,12069970,FALSE,20295421,FALSE,0,FALSE,41883182.52,,41883182.52,0,FALSE,TRUE,
C,A,20220101,2022,52,2022,276,DEU,Germany,M,Import,100,BGR,Bulgaria,0,W00,World,H6,HS,TRUE,2809,"Diphosphorus pentaoxide; phosphoric acid; polyphosphoric acids, whether or not chemically defined",Phosphorus,4,FALSE,C00,TOTAL CPC,0,0,TOTAL MOT,8,kg,6459.358,TRUE,-1,N/A,0,FALSE,6459.358,TRUE,0,FALSE,11816.053,,11816.053,6,FALSE,TRUE,
C,A,20220101,2022,52,2022,276,DEU,Germany,M,Import,156,CHN,China,0,W00,World,H6,HS,TRUE,2809,"Diphosphorus pentaoxide; phosphoric acid; polyphosphoric acids, whether or not chemically defined",Phosphorus,4,FALSE,C00,TOTAL CPC,0,0,TOTAL MOT,8,kg,39595191,FALSE,27,kg P2O5,27013052,FALSE,39595191,FALSE,0,FALSE,90990035,,90990035,0,FALSE,TRUE,
C,A,20220101,2022,52,2022,276,DEU,Germany,M,Import,170,COL,Colombia,0,W00,World,H6,HS,TRUE,2809,"Diphosphorus pentaoxide; phosphoric acid; polyphosphoric acids, whether or not chemically defined",Phosphorus,4,FALSE,C00,TOTAL CPC,0,0,TOTAL MOT,8,kg,202,FALSE,27,kg P2O5,203,FALSE,202,FALSE,0,FALSE,6409.406,,6409.406,0,FALSE,TRUE,
C,A,20220101,2022,52,2022,276,DEU,Germany,M,Import,203,CZE,Czechia,0,W00,World,H6,HS,TRUE,2809,"Diphosphorus pentaoxide; phosphoric acid; polyphosphoric acids, whether or not chemically defined",Phosphorus,4,FALSE,C00,TOTAL CPC,0,0,TOTAL MOT,8,kg,5987350,FALSE,27,kg P2O5,3645029,FALSE,5987350,FALSE,0,FALSE,7228902.947,,7228902.947,0,FALSE,TRUE,
C,A,20220101,2022,52,2022,276,DEU,Germany,M,Import,246,FIN,Finland,0,W00,World,H6,HS,TRUE,2809,"Diphosphorus pentaoxide; phosphoric acid; polyphosphoric acids, whether or not chemically defined",Phosphorus,4,FALSE,C00,TOTAL CPC,0,0,TOTAL MOT,8,kg,70349,FALSE,27,kg P2O5,44463,FALSE,70349,FALSE,0,FALSE,89223.427,,89223.427,0,FALSE,TRUE,
C,A,20220101,2022,52,2022,276,DEU,Germany,M,Import,251,FRA,France,0,W00,World,H6,HS,TRUE,2809,"Diphosphorus pentaoxide; phosphoric acid; polyphosphoric acids, whether or not chemically defined",Phosphorus,4,FALSE,C00,TOTAL CPC,0,0,TOTAL MOT,8,kg,1329365,FALSE,27,kg P2O5,953589,FALSE,1329365,FALSE,0,FALSE,3589602.185,,3589602.185,0,FALSE,TRUE,
C,A,20220101,2022,52,2022,276,DEU,Germany,M,Import,344,HKG,Hong Kong,0,W00,World,H6,HS,TRUE,2809,"Diphosphorus pentaoxide; phosphoric acid; polyphosphoric acids, whether or not chemically defined",Phosphorus,4,FALSE,C00,TOTAL CPC,0,0,TOTAL MOT,8,kg,68905,FALSE,27,kg P2O5,42500,FALSE,68905,FALSE,0,FALSE,66603.612,,66603.612,0,FALSE,TRUE,
C,A,20220101,2022,52,2022,276,DEU,Germany,M,Import,348,HUN,Hungary,0,W00,World,H6,HS,TRUE,2809,"Diphosphorus pentaoxide; phosphoric acid; polyphosphoric acids, whether or not chemically defined",Phosphorus,4,FALSE,C00,TOTAL CPC,0,0,TOTAL MOT,8,kg,264370,FALSE,27,kg P2O5,157226,FALSE,264370,FALSE,0,FALSE,279974.476,,279974.476,0,FALSE,TRUE,
C,A,20220101,2022,52,2022,276,DEU,Germany,M,Import,372,IRL,Ireland,0,W00,World,H6,HS,TRUE,2809,"Diphosphorus pentaoxide; phosphoric acid; polyphosphoric acids, whether or not chemically defined",Phosphorus,4,FALSE,C00,TOTAL CPC,0,0,TOTAL MOT,8,kg,90683,FALSE,27,kg P2O5,53930,FALSE,90683,FALSE,0,FALSE,63137.894,,63137.894,0,FALSE,TRUE,
C,A,20220101,2022,52,2022,276,DEU,Germany,M,Import,380,ITA,Italy,0,W00,World,H6,HS,TRUE,2809,"Diphosphorus pentaoxide; phosphoric acid; polyphosphoric acids, whether or not chemically defined",Phosphorus,4,FALSE,C00,TOTAL CPC,0,0,TOTAL MOT,8,kg,972865,FALSE,27,kg P2O5,596825,FALSE,972865,FALSE,0,FALSE,1661169.258,,1661169.258,0,FALSE,TRUE,
C,A,20220101,2022,52,2022,276,DEU,Germany,M,Import,392,JPN,Japan,0,W00,World,H6,HS,TRUE,2809,"Diphosphorus pentaoxide; phosphoric acid; polyphosphoric acids, whether or not chemically defined",Phosphorus,4,FALSE,C00,TOTAL CPC,0,0,TOTAL MOT,8,kg,4570,FALSE,27,kg P2O5,2821,FALSE,4570,FALSE,0,FALSE,3170.29,,3170.29,0,FALSE,TRUE,
C,A,20220101,2022,52,2022,276,DEU,Germany,M,Import,446,MAC,Macao,0,W00,World,H6,HS,TRUE,2809,"Diphosphorus pentaoxide; phosphoric acid; polyphosphoric acids, whether or not chemically defined",Phosphorus,4,FALSE,C00,TOTAL CPC,0,0,TOTAL MOT,8,kg,513951,FALSE,27,kg P2O5,312045,FALSE,513951,FALSE,0,FALSE,778413.035,,778413.035,0,FALSE,TRUE,
C,A,20220101,2022,52,2022,276,DEU,Germany,M,Import,528,NLD,Netherlands,0,W00,World,H6,HS,TRUE,2809,"Diphosphorus pentaoxide; phosphoric acid; polyphosphoric acids, whether or not chemically defined",Phosphorus,4,FALSE,C00,TOTAL CPC,0,0,TOTAL MOT,8,kg,11324530,FALSE,27,kg P2O5,6919926,FALSE,11324530,FALSE,0,FALSE,19851817.46,,19851817.46,0,FALSE,TRUE,
C,A,20220101,2022,52,2022,276,DEU,Germany,M,Import,558,NIC,Nicaragua,0,W00,World,H6,HS,TRUE,2809,"Diphosphorus pentaoxide; phosphoric acid; polyphosphoric acids, whether or not chemically defined",Phosphorus,4,FALSE,C00,TOTAL CPC,0,0,TOTAL MOT,8,kg,239854,FALSE,27,kg P2O5,142644,FALSE,239854,FALSE,0,FALSE,281228.192,,281228.192,0,FALSE,TRUE,
C,A,20220101,2022,52,2022,276,DEU,Germany,M,Import,616,POL,Poland,0,W00,World,H6,HS,TRUE,2809,"Diphosphorus pentaoxide; phosphoric acid; polyphosphoric acids, whether or not chemically defined",Phosphorus,4,FALSE,C00,TOTAL CPC,0,0,TOTAL MOT,8,kg,9025897,FALSE,27,kg P2O5,5261736,FALSE,9025897,FALSE,0,FALSE,17199734.7,,17199734.7,0,FALSE,TRUE,
C,A,20220101,2022,52,2022,276,DEU,Germany,M,Import,620,PRT,Portugal,0,W00,World,H6,HS,TRUE,2809,"Diphosphorus pentaoxide; phosphoric acid; polyphosphoric acids, whether or not chemically defined",Phosphorus,4,FALSE,C00,TOTAL CPC,0,0,TOTAL MOT,8,kg,7500,FALSE,27,kg P2O5,4050,FALSE,7500,FALSE,0,FALSE,24985.355,,24985.355,0,FALSE,TRUE,
C,A,20220101,2022,52,2022,276,DEU,Germany,M,Import,688,SRB,Serbia,0,W00,World,H6,HS,TRUE,2809,"Diphosphorus pentaoxide; phosphoric acid; polyphosphoric acids, whether or not chemically defined",Phosphorus,4,FALSE,C00,TOTAL CPC,0,0,TOTAL MOT,8,kg,2441964,FALSE,27,kg P2O5,1337006,FALSE,2441964,FALSE,0,FALSE,2961046.218,,2961046.218,0,FALSE,TRUE,
C,A,20220101,2022,52,2022,276,DEU,Germany,M,Import,699,IND,India,0,W00,World,H6,HS,TRUE,2809,"Diphosphorus pentaoxide; phosphoric acid; polyphosphoric acids, whether or not chemically defined",Phosphorus,4,FALSE,C00,TOTAL CPC,0,0,TOTAL MOT,8,kg,588343,FALSE,27,kg P2O5,409405,FALSE,588343,FALSE,0,FALSE,1929732.174,,1929732.174,0,FALSE,TRUE,
C,A,20220101,2022,52,2022,276,DEU,Germany,M,Import,703,SVK,Slovakia,0,W00,World,H6,HS,TRUE,2809,"Diphosphorus pentaoxide; phosphoric acid; polyphosphoric acids, whether or not chemically defined",Phosphorus,4,FALSE,C00,TOTAL CPC,0,0,TOTAL MOT,8,kg,80712,FALSE,27,kg P2O5,48000,FALSE,80712,FALSE,0,FALSE,178400.262,,178400.262,0,FALSE,TRUE,
C,A,20220101,2022,52,2022,276,DEU,Germany,M,Import,705,SVN,Slovenia,0,W00,World,H6,HS,TRUE,2809,"Diphosphorus pentaoxide; phosphoric acid; polyphosphoric acids, whether or not chemically defined",Phosphorus,4,FALSE,C00,TOTAL CPC,0,0,TOTAL MOT,8,kg,453532,FALSE,27,kg P2O5,266882,FALSE,453532,FALSE,0,FALSE,692306.954,,692306.954,0,FALSE,TRUE,
C,A,20220101,2022,52,2022,276,DEU,Germany,M,Import,710,ZAF,South Africa,0,W00,World,H6,HS,TRUE,2809,"Diphosphorus pentaoxide; phosphoric acid; polyphosphoric acids, whether or not chemically defined",Phosphorus,4,FALSE,C00,TOTAL CPC,0,0,TOTAL MOT,8,kg,345319,FALSE,27,kg P2O5,212990,FALSE,345319,FALSE,0,FALSE,324912.325,,324912.325,0,FALSE,TRUE,
C,A,20220101,2022,52,2022,276,DEU,Germany,M,Import,724,ESP,Spain,0,W00,World,H6,HS,TRUE,2809,"Diphosphorus pentaoxide; phosphoric acid; polyphosphoric acids, whether or not chemically defined",Phosphorus,4,FALSE,C00,TOTAL CPC,0,0,TOTAL MOT,8,kg,843226,FALSE,27,kg P2O5,543774,FALSE,843226,FALSE,0,FALSE,1702210.424,,1702210.424,0,FALSE,TRUE,
C,A,20220101,2022,52,2022,276,DEU,Germany,M,Import,752,SWE,Sweden,0,W00,World,H6,HS,TRUE,2809,"Diphosphorus pentaoxide; phosphoric acid; polyphosphoric acids, whether or not chemically defined",Phosphorus,4,FALSE,C00,TOTAL CPC,0,0,TOTAL MOT,8,kg,151576,FALSE,27,kg P2O5,92770,FALSE,151576,FALSE,0,FALSE,245426.368,,245426.368,0,FALSE,TRUE,
C,A,20220101,2022,52,2022,276,DEU,Germany,M,Import,757,CHE,Switzerland,0,W00,World,H6,HS,TRUE,2809,"Diphosphorus pentaoxide; phosphoric acid; polyphosphoric acids, whether or not chemically defined",Phosphorus,4,FALSE,C00,TOTAL CPC,0,0,TOTAL MOT,8,kg,3659181,FALSE,27,kg P2O5,2411775,FALSE,3659181,FALSE,0,FALSE,6691417.095,,6691417.095,0,FALSE,TRUE,
C,A,20220101,2022,52,2022,276,DEU,Germany,M,Import,784,ARE,United Arab Emirates,0,W00,World,H6,HS,TRUE,2809,"Diphosphorus pentaoxide; phosphoric acid; polyphosphoric acids, whether or not chemically defined",Phosphorus,4,FALSE,C00,TOTAL CPC,0,0,TOTAL MOT,8,kg,77000,FALSE,27,kg P2O5,42677,FALSE,77000,FALSE,0,FALSE,232371.424,,232371.424,0,FALSE,TRUE,
C,A,20220101,2022,52,2022,276,DEU,Germany,M,Import,792,TUR,Turkey,0,W00,World,H6,HS,TRUE,2809,"Diphosphorus pentaoxide; phosphoric acid; polyphosphoric acids, whether or not chemically defined",Phosphorus,4,FALSE,C00,TOTAL CPC,0,0,TOTAL MOT,8,kg,454151,FALSE,27,kg P2O5,285177,FALSE,454151,FALSE,0,FALSE,924486.721,,924486.721,0,FALSE,TRUE,
C,A,20220101,2022,52,2022,276,DEU,Germany,M,Import,826,GBR,United Kingdom,0,W00,World,H6,HS,TRUE,2809,"Diphosphorus pentaoxide; phosphoric acid; polyphosphoric acids, whether or not chemically defined",Phosphorus,4,FALSE,C00,TOTAL CPC,0,0,TOTAL MOT,8,kg,906867,FALSE,27,kg P2O5,528163,FALSE,906867,FALSE,0,FALSE,1221563.184,,1221563.184,0,FALSE,TRUE,
C,A,20220101,2022,52,2022,276,DEU,Germany,M,Import,842,USA,USA,0,W00,World,H6,HS,TRUE,2809,"Diphosphorus pentaoxide; phosphoric acid; polyphosphoric acids, whether or not chemically defined",Phosphorus,4,FALSE,C00,TOTAL CPC,0,0,TOTAL MOT,8,kg,1645399,FALSE,27,kg P2O5,1275108,FALSE,1645399,FALSE,0,FALSE,5271745.757,,5271745.757,0,FALSE,TRUE,
C,A,20220101,2022,52,2022,276,DEU,Germany,M,Import,899,_X ,"Areas, nes",0,W00,World,H6,HS,TRUE,2809,"Diphosphorus pentaoxide; phosphoric acid; polyphosphoric acids, whether or not chemically defined",Phosphorus,4,FALSE,C00,TOTAL CPC,0,0,TOTAL MOT,8,kg,154603000,FALSE,27,kg P2O5,91791500,FALSE,154603000,FALSE,0,FALSE,276171904.7,,276171904.7,0,FALSE,TRUE,
C,A,20220101,2022,52,2022,276,DEU,Germany,M,Import,0,W00,World,0,W00,World,H6,HS,TRUE,2817,Zinc,Zinc,4,FALSE,C00,TOTAL CPC,0,0,TOTAL MOT,8,kg,40873263.47,TRUE,-1,N/A,0,FALSE,40873263.47,TRUE,0,FALSE,141678154.6,,141678154.6,6,FALSE,TRUE,
C,A,20220101,2022,52,2022,276,DEU,Germany,M,Import,36,AUS,Australia,0,W00,World,H6,HS,TRUE,2817,Zinc,Zinc,4,FALSE,C00,TOTAL CPC,0,0,TOTAL MOT,8,kg,84910.185,TRUE,-1,N/A,0,FALSE,84910.185,TRUE,0,FALSE,509983.538,,509983.538,6,FALSE,TRUE,
C,A,20220101,2022,52,2022,276,DEU,Germany,M,Import,40,AUT,Austria,0,W00,World,H6,HS,TRUE,2817,Zinc,Zinc,4,FALSE,C00,TOTAL CPC,0,0,TOTAL MOT,8,kg,7477635,FALSE,8,kg,7477635,FALSE,7477635,FALSE,0,FALSE,26784106.67,,26784106.67,0,FALSE,TRUE,
C,A,20220101,2022,52,2022,276,DEU,Germany,M,Import,56,BEL,Belgium,0,W00,World,H6,HS,TRUE,2817,Zinc,Zinc,4,FALSE,C00,TOTAL CPC,0,0,TOTAL MOT,8,kg,3562172,FALSE,8,kg,3562172,FALSE,3562172,FALSE,0,FALSE,13412028.6,,13412028.6,0,FALSE,TRUE,
C,A,20220101,2022,52,2022,276,DEU,Germany,M,Import,76,BRA,Brazil,0,W00,World,H6,HS,TRUE,2817,Zinc,Zinc,4,FALSE,C00,TOTAL CPC,0,0,TOTAL MOT,8,kg,0.611,TRUE,-1,N/A,0,FALSE,0.611,TRUE,0,FALSE,2.118,,2.118,6,FALSE,TRUE,
C,A,20220101,2022,52,2022,276,DEU,Germany,M,Import,124,CAN,Canada,0,W00,World,H6,HS,TRUE,2817,Zinc,Zinc,4,FALSE,C00,TOTAL CPC,0,0,TOTAL MOT,8,kg,68734,FALSE,8,kg,68734,FALSE,68734,FALSE,0,FALSE,384223.424,,384223.424,0,FALSE,TRUE,
C,A,20220101,2022,52,2022,276,DEU,Germany,M,Import,156,CHN,China,0,W00,World,H6,HS,TRUE,2817,Zinc,Zinc,4,FALSE,C00,TOTAL CPC,0,0,TOTAL MOT,8,kg,38702.164,TRUE,-1,N/A,0,FALSE,38702.164,TRUE,0,FALSE,135440.403,,135440.403,6,FALSE,TRUE,
C,A,20220101,2022,52,2022,276,DEU,Germany,M,Import,191,HRV,Croatia,0,W00,World,H6,HS,TRUE,2817,Zinc,Zinc,4,FALSE,C00,TOTAL CPC,0,0,TOTAL MOT,8,kg,5000,FALSE,8,kg,5000,FALSE,5000,FALSE,0,FALSE,17736.256,,17736.256,0,FALSE,TRUE,
C,A,20220101,2022,52,2022,276,DEU,Germany,M,Import,203,CZE,Czechia,0,W00,World,H6,HS,TRUE,2817,Zinc,Zinc,4,FALSE,C00,TOTAL CPC,0,0,TOTAL MOT,8,kg,520679,FALSE,8,kg,520679,FALSE,520679,FALSE,0,FALSE,1590631.903,,1590631.903,0,FALSE,TRUE,
C,A,20220101,2022,52,2022,276,DEU,Germany,M,Import,208,DNK,Denmark,0,W00,World,H6,HS,TRUE,2817,Zinc,Zinc,4,FALSE,C00,TOTAL CPC,0,0,TOTAL MOT,8,kg,643,FALSE,8,kg,643,FALSE,643,FALSE,0,FALSE,5273.227,,5273.227,0,FALSE,TRUE,
C,A,20220101,2022,52,2022,276,DEU,Germany,M,Import,251,FRA,France,0,W00,World,H6,HS,TRUE,2817,Zinc,Zinc,4,FALSE,C00,TOTAL CPC,0,0,TOTAL MOT,8,kg,153731,FALSE,8,kg,153731,FALSE,153731,FALSE,0,FALSE,555955.913,,555955.913,0,FALSE,TRUE,
C,A,20220101,2022,52,2022,276,DEU,Germany,M,Import,300,GRC,Greece,0,W00,World,H6,HS,TRUE,2817,Zinc,Zinc,4,FALSE,C00,TOTAL CPC,0,0,TOTAL MOT,8,kg,120000,FALSE,8,kg,120000,FALSE,120000,FALSE,0,FALSE,286533.185,,286533.185,0,FALSE,TRUE,
C,A,20220101,2022,52,2022,276,DEU,Germany,M,Import,380,ITA,Italy,0,W00,World,H6,HS,TRUE,2817,Zinc,Zinc,4,FALSE,C00,TOTAL CPC,0,0,TOTAL MOT,8,kg,768898,FALSE,8,kg,768898,FALSE,768898,FALSE,0,FALSE,2936472.767,,2936472.767,0,FALSE,TRUE,
C,A,20220101,2022,52,2022,276,DEU,Germany,M,Import,392,JPN,Japan,0,W00,World,H6,HS,TRUE,2817,Zinc,Zinc,4,FALSE,C00,TOTAL CPC,0,0,TOTAL MOT,8,kg,8202.274,TRUE,-1,N/A,0,FALSE,8202.274,TRUE,0,FALSE,70049.21,,70049.21,6,FALSE,TRUE,
C,A,20220101,2022,52,2022,276,DEU,Germany,M,Import,410,KOR,South Korea,0,W00,World,H6,HS,TRUE,2817,Zinc,Zinc,4,FALSE,C00,TOTAL CPC,0,0,TOTAL MOT,8,kg,2679,FALSE,8,kg,2679,FALSE,2679,FALSE,0,FALSE,7278.748,,7278.748,0,FALSE,TRUE,
C,A,20220101,2022,52,2022,276,DEU,Germany,M,Import,458,MYS,Malaysia,0,W00,World,H6,HS,TRUE,2817,Zinc,Zinc,4,FALSE,C00,TOTAL CPC,0,0,TOTAL MOT,8,kg,4223,FALSE,8,kg,4223,FALSE,4223,FALSE,0,FALSE,12050.065,,12050.065,0,FALSE,TRUE,
C,A,20220101,2022,52,2022,276,DEU,Germany,M,Import,484,MEX,Mexico,0,W00,World,H6,HS,TRUE,2817,Zinc,Zinc,4,FALSE,C00,TOTAL CPC,0,0,TOTAL MOT,8,kg,3621984.193,TRUE,-1,N/A,0,FALSE,3621984.193,TRUE,0,FALSE,10120141.38,,10120141.38,6,FALSE,TRUE,
C,A,20220101,2022,52,2022,276,DEU,Germany,M,Import,490,S19,"Other Asia, nes",0,W00,World,H6,HS,TRUE,2817,Zinc,Zinc,4,FALSE,C00,TOTAL CPC,0,0,TOTAL MOT,8,kg,145736.36,TRUE,-1,N/A,0,FALSE,145736.36,TRUE,0,FALSE,637477.039,,637477.039,6,FALSE,TRUE,
C,A,20220101,2022,52,2022,276,DEU,Germany,M,Import,528,NLD,Netherlands,0,W00,World,H6,HS,TRUE,2817,Zinc,Zinc,4,FALSE,C00,TOTAL CPC,0,0,TOTAL MOT,8,kg,7265658,FALSE,8,kg,7265658,FALSE,7265658,FALSE,0,FALSE,23416849.37,,23416849.37,0,FALSE,TRUE,
C,A,20220101,2022,52,2022,276,DEU,Germany,M,Import,558,NIC,Nicaragua,0,W00,World,H6,HS,TRUE,2817,Zinc,Zinc,4,FALSE,C00,TOTAL CPC,0,0,TOTAL MOT,8,kg,24000,FALSE,8,kg,24000,FALSE,24000,FALSE,0,FALSE,99661.875,,99661.875,0,FALSE,TRUE,
C,A,20220101,2022,52,2022,276,DEU,Germany,M,Import,604,PER,Peru,0,W00,World,H6,HS,TRUE,2817,Zinc,Zinc,4,FALSE,C00,TOTAL CPC,0,0,TOTAL MOT,8,kg,5129223.666,TRUE,-1,N/A,0,FALSE,5129223.666,TRUE,0,FALSE,18687293.01,,18687293.01,6,FALSE,TRUE,
C,A,20220101,2022,52,2022,276,DEU,Germany,M,Import,616,POL,Poland,0,W00,World,H6,HS,TRUE,2817,Zinc,Zinc,4,FALSE,C00,TOTAL CPC,0,0,TOTAL MOT,8,kg,6733760,FALSE,8,kg,6733760,FALSE,6733760,FALSE,0,FALSE,24547408.09,,24547408.09,0,FALSE,TRUE,
C,A,20220101,2022,52,2022,276,DEU,Germany,M,Import,642,ROU,Romania,0,W00,World,H6,HS,TRUE,2817,Zinc,Zinc,4,FALSE,C00,TOTAL CPC,0,0,TOTAL MOT,8,kg,454196,FALSE,8,kg,454196,FALSE,454196,FALSE,0,FALSE,1406042.482,,1406042.482,0,FALSE,TRUE,
C,A,20220101,2022,52,2022,276,DEU,Germany,M,Import,643,RUS,Russia,0,W00,World,H6,HS,TRUE,2817,Zinc,Zinc,4,FALSE,C00,TOTAL CPC,0,0,TOTAL MOT,8,kg,1007001,FALSE,8,kg,1007001,FALSE,1007001,FALSE,0,FALSE,4023689.372,,4023689.372,0,FALSE,TRUE,
C,A,20220101,2022,52,2022,276,DEU,Germany,M,Import,699,IND,India,0,W00,World,H6,HS,TRUE,2817,Zinc,Zinc,4,FALSE,C00,TOTAL CPC,0,0,TOTAL MOT,8,kg,25343,FALSE,8,kg,25343,FALSE,25343,FALSE,0,FALSE,28039.168,,28039.168,0,FALSE,TRUE,
C,A,20220101,2022,52,2022,276,DEU,Germany,M,Import,703,SVK,Slovakia,0,W00,World,H6,HS,TRUE,2817,Zinc,Zinc,4,FALSE,C00,TOTAL CPC,0,0,TOTAL MOT,8,kg,1643000,FALSE,8,kg,1643000,FALSE,1643000,FALSE,0,FALSE,5781279.27,,5781279.27,0,FALSE,TRUE,
C,A,20220101,2022,52,2022,276,DEU,Germany,M,Import,705,SVN,Slovenia,0,W00,World,H6,HS,TRUE,2817,Zinc,Zinc,4,FALSE,C00,TOTAL CPC,0,0,TOTAL MOT,8,kg,58400,FALSE,8,kg,58400,FALSE,58400,FALSE,0,FALSE,208343.298,,208343.298,0,FALSE,TRUE,
C,A,20220101,2022,52,2022,276,DEU,Germany,M,Import,724,ESP,Spain,0,W00,World,H6,HS,TRUE,2817,Zinc,Zinc,4,FALSE,C00,TOTAL CPC,0,0,TOTAL MOT,8,kg,249692,FALSE,8,kg,249692,FALSE,249692,FALSE,0,FALSE,1056833.074,,1056833.074,0,FALSE,TRUE,
C,A,20220101,2022,52,2022,276,DEU,Germany,M,Import,757,CHE,Switzerland,0,W00,World,H6,HS,TRUE,2817,Zinc,Zinc,4,FALSE,C00,TOTAL CPC,0,0,TOTAL MOT,8,kg,62684,FALSE,8,kg,62684,FALSE,62684,FALSE,0,FALSE,181599.142,,181599.142,0,FALSE,TRUE,
C,A,20220101,2022,52,2022,276,DEU,Germany,M,Import,764,THA,Thailand,0,W00,World,H6,HS,TRUE,2817,Zinc,Zinc,4,FALSE,C00,TOTAL CPC,0,0,TOTAL MOT,8,kg,74826,FALSE,8,kg,74826,FALSE,74826,FALSE,0,FALSE,260097.163,,260097.163,0,FALSE,TRUE,
C,A,20220101,2022,52,2022,276,DEU,Germany,M,Import,792,TUR,Turkey,0,W00,World,H6,HS,TRUE,2817,Zinc,Zinc,4,FALSE,C00,TOTAL CPC,0,0,TOTAL MOT,8,kg,1391425.305,TRUE,-1,N/A,0,FALSE,1391425.305,TRUE,0,FALSE,3863152.431,,3863152.431,6,FALSE,TRUE,
C,A,20220101,2022,52,2022,276,DEU,Germany,M,Import,826,GBR,United Kingdom,0,W00,World,H6,HS,TRUE,2817,Zinc,Zinc,4,FALSE,C00,TOTAL CPC,0,0,TOTAL MOT,8,kg,32716.344,TRUE,-1,N/A,0,FALSE,32716.344,TRUE,0,FALSE,108786.252,,108786.252,6,FALSE,TRUE,
C,A,20220101,2022,52,2022,276,DEU,Germany,M,Import,842,USA,USA,0,W00,World,H6,HS,TRUE,2817,Zinc,Zinc,4,FALSE,C00,TOTAL CPC,0,0,TOTAL MOT,8,kg,137408.37,TRUE,-1,N/A,0,FALSE,137408.37,TRUE,0,FALSE,543696.189,,543696.189,6,FALSE,TRUE,
C,A,20220101,2022,52,2022,276,DEU,Germany,M,Import,0,W00,World,0,W00,World,H6,HS,TRUE,2819,Chromium oxides and hydroxides,Chromium,4,FALSE,C00,TOTAL CPC,0,0,TOTAL MOT,8,kg,9873625.115,TRUE,-1,N/A,0,FALSE,9873625.115,TRUE,0,FALSE,43525716.53,,43525716.53,6,FALSE,TRUE,
C,A,20220101,2022,52,2022,276,DEU,Germany,M,Import,56,BEL,Belgium,0,W00,World,H6,HS,TRUE,2819,Chromium oxides and hydroxides,Chromium,4,FALSE,C00,TOTAL CPC,0,0,TOTAL MOT,8,kg,17032,FALSE,8,kg,17032,FALSE,17032,FALSE,0,FALSE,129259.715,,129259.715,0,FALSE,TRUE,
C,A,20220101,2022,52,2022,276,DEU,Germany,M,Import,156,CHN,China,0,W00,World,H6,HS,TRUE,2819,Chromium oxides and hydroxides,Chromium,4,FALSE,C00,TOTAL CPC,0,0,TOTAL MOT,8,kg,548540.713,TRUE,-1,N/A,0,FALSE,548540.713,TRUE,0,FALSE,3692098.684,,3692098.684,6,FALSE,TRUE,
C,A,20220101,2022,52,2022,276,DEU,Germany,M,Import,170,COL,Colombia,0,W00,World,H6,HS,TRUE,2819,Chromium oxides and hydroxides,Chromium,4,FALSE,C00,TOTAL CPC,0,0,TOTAL MOT,8,kg,1,FALSE,8,kg,1,FALSE,1,FALSE,0,FALSE,24.354,,24.354,0,FALSE,TRUE,
C,A,20220101,2022,52,2022,276,DEU,Germany,M,Import,208,DNK,Denmark,0,W00,World,H6,HS,TRUE,2819,Chromium oxides and hydroxides,Chromium,4,FALSE,C00,TOTAL CPC,0,0,TOTAL MOT,8,kg,1000,FALSE,8,kg,1000,FALSE,1000,FALSE,0,FALSE,10950.947,,10950.947,0,FALSE,TRUE,
C,A,20220101,2022,52,2022,276,DEU,Germany,M,Import,251,FRA,France,0,W00,World,H6,HS,TRUE,2819,Chromium oxides and hydroxides,Chromium,4,FALSE,C00,TOTAL CPC,0,0,TOTAL MOT,8,kg,13558.881,TRUE,-1,N/A,0,FALSE,13558.881,TRUE,0,FALSE,124131.555,,124131.555,6,FALSE,TRUE,
C,A,20220101,2022,52,2022,276,DEU,Germany,M,Import,372,IRL,Ireland,0,W00,World,H6,HS,TRUE,2819,Chromium oxides and hydroxides,Chromium,4,FALSE,C00,TOTAL CPC,0,0,TOTAL MOT,8,kg,106,FALSE,8,kg,106,FALSE,106,FALSE,0,FALSE,8157.619,,8157.619,0,FALSE,TRUE,
C,A,20220101,2022,52,2022,276,DEU,Germany,M,Import,380,ITA,Italy,0,W00,World,H6,HS,TRUE,2819,Chromium oxides and hydroxides,Chromium,4,FALSE,C00,TOTAL CPC,0,0,TOTAL MOT,8,kg,628777,FALSE,8,kg,628777,FALSE,628777,FALSE,0,FALSE,1653783.563,,1653783.563,0,FALSE,TRUE,
C,A,20220101,2022,52,2022,276,DEU,Germany,M,Import,392,JPN,Japan,0,W00,World,H6,HS,TRUE,2819,Chromium oxides and hydroxides,Chromium,4,FALSE,C00,TOTAL CPC,0,0,TOTAL MOT,8,kg,376,FALSE,8,kg,376,FALSE,376,FALSE,0,FALSE,15220.355,,15220.355,0,FALSE,TRUE,
C,A,20220101,2022,52,2022,276,DEU,Germany,M,Import,398,KAZ,Kazakhstan,0,W00,World,H6,HS,TRUE,2819,Chromium oxides and hydroxides,Chromium,4,FALSE,C00,TOTAL CPC,0,0,TOTAL MOT,8,kg,4724800,FALSE,8,kg,4724800,FALSE,4724800,FALSE,0,FALSE,18472360.3,,18472360.3,0,FALSE,TRUE,
C,A,20220101,2022,52,2022,276,DEU,Germany,M,Import,442,LUX,Luxembourg,0,W00,World,H6,HS,TRUE,2819,Chromium oxides and hydroxides,Chromium,4,FALSE,C00,TOTAL CPC,0,0,TOTAL MOT,8,kg,50,FALSE,8,kg,50,FALSE,50,FALSE,0,FALSE,450.024,,450.024,0,FALSE,TRUE,
C,A,20220101,2022,52,2022,276,DEU,Germany,M,Import,528,NLD,Netherlands,0,W00,World,H6,HS,TRUE,2819,Chromium oxides and hydroxides,Chromium,4,FALSE,C00,TOTAL CPC,0,0,TOTAL MOT,8,kg,528935,FALSE,8,kg,528935,FALSE,528935,FALSE,0,FALSE,3645381.916,,3645381.916,0,FALSE,TRUE,
C,A,20220101,2022,52,2022,276,DEU,Germany,M,Import,616,POL,Poland,0,W00,World,H6,HS,TRUE,2819,Chromium oxides and hydroxides,Chromium,4,FALSE,C00,TOTAL CPC,0,0,TOTAL MOT,8,kg,13.346,TRUE,-1,N/A,0,FALSE,13.346,TRUE,0,FALSE,45.532,,45.532,6,FALSE,TRUE,
C,A,20220101,2022,52,2022,276,DEU,Germany,M,Import,643,RUS,Russia,0,W00,World,H6,HS,TRUE,2819,Chromium oxides and hydroxides,Chromium,4,FALSE,C00,TOTAL CPC,0,0,TOTAL MOT,8,kg,657312.173,TRUE,-1,N/A,0,FALSE,657312.173,TRUE,0,FALSE,2966952.655,,2966952.655,6,FALSE,TRUE,
C,A,20220101,2022,52,2022,276,DEU,Germany,M,Import,699,IND,India,0,W00,World,H6,HS,TRUE,2819,Chromium oxides and hydroxides,Chromium,4,FALSE,C00,TOTAL CPC,0,0,TOTAL MOT,8,kg,601067.723,TRUE,-1,N/A,0,FALSE,601067.723,TRUE,0,FALSE,3217074.101,,3217074.101,6,FALSE,TRUE,
C,A,20220101,2022,52,2022,276,DEU,Germany,M,Import,710,ZAF,South Africa,0,W00,World,H6,HS,TRUE,2819,Chromium oxides and hydroxides,Chromium,4,FALSE,C00,TOTAL CPC,0,0,TOTAL MOT,8,kg,583453,FALSE,8,kg,583453,FALSE,583453,FALSE,0,FALSE,2068617.117,,2068617.117,0,FALSE,TRUE,
C,A,20220101,2022,52,2022,276,DEU,Germany,M,Import,724,ESP,Spain,0,W00,World,H6,HS,TRUE,2819,Chromium oxides and hydroxides,Chromium,4,FALSE,C00,TOTAL CPC,0,0,TOTAL MOT,8,kg,77730,FALSE,8,kg,77730,FALSE,77730,FALSE,0,FALSE,390641.301,,390641.301,0,FALSE,TRUE,
C,A,20220101,2022,52,2022,276,DEU,Germany,M,Import,757,CHE,Switzerland,0,W00,World,H6,HS,TRUE,2819,Chromium oxides and hydroxides,Chromium,4,FALSE,C00,TOTAL CPC,0,0,TOTAL MOT,8,kg,4605,FALSE,8,kg,4605,FALSE,4605,FALSE,0,FALSE,34521.637,,34521.637,0,FALSE,TRUE,
C,A,20220101,2022,52,2022,276,DEU,Germany,M,Import,792,TUR,Turkey,0,W00,World,H6,HS,TRUE,2819,Chromium oxides and hydroxides,Chromium,4,FALSE,C00,TOTAL CPC,0,0,TOTAL MOT,8,kg,707203.285,TRUE,-1,N/A,0,FALSE,707203.285,TRUE,0,FALSE,2542529.875,,2542529.875,6,FALSE,TRUE,
C,A,20220101,2022,52,2022,276,DEU,Germany,M,Import,826,GBR,United Kingdom,0,W00,World,H6,HS,TRUE,2819,Chromium oxides and hydroxides,Chromium,4,FALSE,C00,TOTAL CPC,0,0,TOTAL MOT,8,kg,18541.556,TRUE,-1,N/A,0,FALSE,18541.556,TRUE,0,FALSE,152628.159,,152628.159,6,FALSE,TRUE,
C,A,20220101,2022,52,2022,276,DEU,Germany,M,Import,842,USA,USA,0,W00,World,H6,HS,TRUE,2819,Chromium oxides and hydroxides,Chromium,4,FALSE,C00,TOTAL CPC,0,0,TOTAL MOT,8,kg,760522.438,TRUE,-1,N/A,0,FALSE,760522.438,TRUE,0,FALSE,4400887.12,,4400887.12,6,FALSE,TRUE,
C,A,20220101,2022,52,2022,276,DEU,Germany,M,Import,0,W00,World,0,W00,World,H6,HS,TRUE,2820,Manganese oxides,Manganese,4,FALSE,C00,TOTAL CPC,0,0,TOTAL MOT,8,kg,21097431.18,TRUE,-1,N/A,0,FALSE,21097431.18,TRUE,0,FALSE,45271762.51,,45271762.51,6,FALSE,TRUE,
C,A,20220101,2022,52,2022,276,DEU,Germany,M,Import,36,AUS,Australia,0,W00,World,H6,HS,TRUE,2820,Manganese oxides,Manganese,4,FALSE,C00,TOTAL CPC,0,0,TOTAL MOT,8,kg,921,FALSE,8,kg,921,FALSE,921,FALSE,0,FALSE,1648.678,,1648.678,0,FALSE,TRUE,
C,A,20220101,2022,52,2022,276,DEU,Germany,M,Import,40,AUT,Austria,0,W00,World,H6,HS,TRUE,2820,Manganese oxides,Manganese,4,FALSE,C00,TOTAL CPC,0,0,TOTAL MOT,8,kg,11918,FALSE,8,kg,11918,FALSE,11918,FALSE,0,FALSE,28187.411,,28187.411,0,FALSE,TRUE,
C,A,20220101,2022,52,2022,276,DEU,Germany,M,Import,56,BEL,Belgium,0,W00,World,H6,HS,TRUE,2820,Manganese oxides,Manganese,4,FALSE,C00,TOTAL CPC,0,0,TOTAL MOT,8,kg,421988,FALSE,8,kg,421988,FALSE,421988,FALSE,0,FALSE,1319511.789,,1319511.789,0,FALSE,TRUE,
C,A,20220101,2022,52,2022,276,DEU,Germany,M,Import,76,BRA,Brazil,0,W00,World,H6,HS,TRUE,2820,Manganese oxides,Manganese,4,FALSE,C00,TOTAL CPC,0,0,TOTAL MOT,8,kg,457601,FALSE,8,kg,457601,FALSE,457601,FALSE,0,FALSE,397112.123,,397112.123,0,FALSE,TRUE,
C,A,20220101,2022,52,2022,276,DEU,Germany,M,Import,152,CHL,Chile,0,W00,World,H6,HS,TRUE,2820,Manganese oxides,Manganese,4,FALSE,C00,TOTAL CPC,0,0,TOTAL MOT,8,kg,34,FALSE,8,kg,34,FALSE,34,FALSE,0,FALSE,51.885,,51.885,0,FALSE,TRUE,
C,A,20220101,2022,52,2022,276,DEU,Germany,M,Import,156,CHN,China,0,W00,World,H6,HS,TRUE,2820,Manganese oxides,Manganese,4,FALSE,C00,TOTAL CPC,0,0,TOTAL MOT,8,kg,7284036.735,TRUE,-1,N/A,0,FALSE,7284036.735,TRUE,0,FALSE,18855109.76,,18855109.76,6,FALSE,TRUE,
C,A,20220101,2022,52,2022,276,DEU,Germany,M,Import,251,FRA,France,0,W00,World,H6,HS,TRUE,2820,Manganese oxides,Manganese,4,FALSE,C00,TOTAL CPC,0,0,TOTAL MOT,8,kg,2129364.212,TRUE,-1,N/A,0,FALSE,2129364.212,TRUE,0,FALSE,1432121.661,,1432121.661,6,FALSE,TRUE,
C,A,20220101,2022,52,2022,276,DEU,Germany,M,Import,268,GEO,Georgia,0,W00,World,H6,HS,TRUE,2820,Manganese oxides,Manganese,4,FALSE,C00,TOTAL CPC,0,0,TOTAL MOT,8,kg,22500,FALSE,8,kg,22500,FALSE,22500,FALSE,0,FALSE,23600.339,,23600.339,0,FALSE,TRUE,
C,A,20220101,2022,52,2022,276,DEU,Germany,M,Import,300,GRC,Greece,0,W00,World,H6,HS,TRUE,2820,Manganese oxides,Manganese,4,FALSE,C00,TOTAL CPC,0,0,TOTAL MOT,8,kg,5463720,FALSE,8,kg,5463720,FALSE,5463720,FALSE,0,FALSE,9988324.467,,9988324.467,0,FALSE,TRUE,
C,A,20220101,2022,52,2022,276,DEU,Germany,M,Import,380,ITA,Italy,0,W00,World,H6,HS,TRUE,2820,Manganese oxides,Manganese,4,FALSE,C00,TOTAL CPC,0,0,TOTAL MOT,8,kg,3400,FALSE,8,kg,3400,FALSE,3400,FALSE,0,FALSE,11612.747,,11612.747,0,FALSE,TRUE,
C,A,20220101,2022,52,2022,276,DEU,Germany,M,Import,442,LUX,Luxembourg,0,W00,World,H6,HS,TRUE,2820,Manganese oxides,Manganese,4,FALSE,C00,TOTAL CPC,0,0,TOTAL MOT,8,kg,14629,FALSE,8,kg,14629,FALSE,14629,FALSE,0,FALSE,31387.349,,31387.349,0,FALSE,TRUE,
C,A,20220101,2022,52,2022,276,DEU,Germany,M,Import,484,MEX,Mexico,0,W00,World,H6,HS,TRUE,2820,Manganese oxides,Manganese,4,FALSE,C00,TOTAL CPC,0,0,TOTAL MOT,8,kg,55212,FALSE,8,kg,55212,FALSE,55212,FALSE,0,FALSE,46461.578,,46461.578,0,FALSE,TRUE,
C,A,20220101,2022,52,2022,276,DEU,Germany,M,Import,528,NLD,Netherlands,0,W00,World,H6,HS,TRUE,2820,Manganese oxides,Manganese,4,FALSE,C00,TOTAL CPC,0,0,TOTAL MOT,8,kg,699956,FALSE,8,kg,699956,FALSE,699956,FALSE,0,FALSE,581687.779,,581687.779,0,FALSE,TRUE,
C,A,20220101,2022,52,2022,276,DEU,Germany,M,Import,579,NOR,Norway,0,W00,World,H6,HS,TRUE,2820,Manganese oxides,Manganese,4,FALSE,C00,TOTAL CPC,0,0,TOTAL MOT,8,kg,489123.144,TRUE,-1,N/A,0,FALSE,489123.144,TRUE,0,FALSE,381257.498,,381257.498,6,FALSE,TRUE,
C,A,20220101,2022,52,2022,276,DEU,Germany,M,Import,616,POL,Poland,0,W00,World,H6,HS,TRUE,2820,Manganese oxides,Manganese,4,FALSE,C00,TOTAL CPC,0,0,TOTAL MOT,8,kg,15000,FALSE,8,kg,15000,FALSE,15000,FALSE,0,FALSE,33672.414,,33672.414,0,FALSE,TRUE,
C,A,20220101,2022,52,2022,276,DEU,Germany,M,Import,699,IND,India,0,W00,World,H6,HS,TRUE,2820,Manganese oxides,Manganese,4,FALSE,C00,TOTAL CPC,0,0,TOTAL MOT,8,kg,14140.873,TRUE,-1,N/A,0,FALSE,14140.873,TRUE,0,FALSE,26304.721,,26304.721,6,FALSE,TRUE,
C,A,20220101,2022,52,2022,276,DEU,Germany,M,Import,710,ZAF,South Africa,0,W00,World,H6,HS,TRUE,2820,Manganese oxides,Manganese,4,FALSE,C00,TOTAL CPC,0,0,TOTAL MOT,8,kg,75,FALSE,8,kg,75,FALSE,75,FALSE,0,FALSE,1625.382,,1625.382,0,FALSE,TRUE,
C,A,20220101,2022,52,2022,276,DEU,Germany,M,Import,724,ESP,Spain,0,W00,World,H6,HS,TRUE,2820,Manganese oxides,Manganese,4,FALSE,C00,TOTAL CPC,0,0,TOTAL MOT,8,kg,3281970,FALSE,8,kg,3281970,FALSE,3281970,FALSE,0,FALSE,9400151.042,,9400151.042,0,FALSE,TRUE,
C,A,20220101,2022,52,2022,276,DEU,Germany,M,Import,804,UKR,Ukraine,0,W00,World,H6,HS,TRUE,2820,Manganese oxides,Manganese,4,FALSE,C00,TOTAL CPC,0,0,TOTAL MOT,8,kg,180002,FALSE,8,kg,180002,FALSE,180002,FALSE,0,FALSE,211624.77,,211624.77,0,FALSE,TRUE,
C,A,20220101,2022,52,2022,276,DEU,Germany,M,Import,826,GBR,United Kingdom,0,W00,World,H6,HS,TRUE,2820,Manganese oxides,Manganese,4,FALSE,C00,TOTAL CPC,0,0,TOTAL MOT,8,kg,100303.597,TRUE,-1,N/A,0,FALSE,100303.597,TRUE,0,FALSE,629479.312,,629479.312,6,FALSE,TRUE,
C,A,20220101,2022,52,2022,276,DEU,Germany,M,Import,842,USA,USA,0,W00,World,H6,HS,TRUE,2820,Manganese oxides,Manganese,4,FALSE,C00,TOTAL CPC,0,0,TOTAL MOT,8,kg,451536.615,TRUE,-1,N/A,0,FALSE,451536.615,TRUE,0,FALSE,1870829.804,,1870829.804,6,FALSE,TRUE,
C,A,20220101,2022,52,2022,276,DEU,Germany,M,Import,0,W00,World,0,W00,World,H6,HS,TRUE,2822,Cobalt oxides and hydroxides,Cobalt,4,FALSE,C00,TOTAL CPC,0,0,TOTAL MOT,8,kg,1293650.039,TRUE,-1,N/A,0,FALSE,1293650.039,TRUE,0,FALSE,42462680.53,,42462680.53,6,FALSE,TRUE,
C,A,20220101,2022,52,2022,276,DEU,Germany,M,Import,56,BEL,Belgium,0,W00,World,H6,HS,TRUE,2822,Cobalt oxides and hydroxides,Cobalt,4,FALSE,C00,TOTAL CPC,0,0,TOTAL MOT,8,kg,136325,FALSE,8,kg,136325,FALSE,136325,FALSE,0,FALSE,5962854.057,,5962854.057,0,FALSE,TRUE,
C,A,20220101,2022,52,2022,276,DEU,Germany,M,Import,156,CHN,China,0,W00,World,H6,HS,TRUE,2822,Cobalt oxides and hydroxides,Cobalt,4,FALSE,C00,TOTAL CPC,0,0,TOTAL MOT,8,kg,12368.357,TRUE,-1,N/A,0,FALSE,12368.357,TRUE,0,FALSE,795307.481,,795307.481,6,FALSE,TRUE,
C,A,20220101,2022,52,2022,276,DEU,Germany,M,Import,208,DNK,Denmark,0,W00,World,H6,HS,TRUE,2822,Cobalt oxides and hydroxides,Cobalt,4,FALSE,C00,TOTAL CPC,0,0,TOTAL MOT,8,kg,83700,FALSE,8,kg,83700,FALSE,83700,FALSE,0,FALSE,210930.144,,210930.144,0,FALSE,TRUE,
C,A,20220101,2022,52,2022,276,DEU,Germany,M,Import,246,FIN,Finland,0,W00,World,H6,HS,TRUE,2822,Cobalt oxides and hydroxides,Cobalt,4,FALSE,C00,TOTAL CPC,0,0,TOTAL MOT,8,kg,1032785.774,TRUE,-1,N/A,0,FALSE,1032785.774,TRUE,0,FALSE,33831002.81,,33831002.81,6,FALSE,TRUE,
C,A,20220101,2022,52,2022,276,DEU,Germany,M,Import,251,FRA,France,0,W00,World,H6,HS,TRUE,2822,Cobalt oxides and hydroxides,Cobalt,4,FALSE,C00,TOTAL CPC,0,0,TOTAL MOT,8,kg,27.548,TRUE,-1,N/A,0,FALSE,27.548,TRUE,0,FALSE,1485.61,,1485.61,6,FALSE,TRUE,
C,A,20220101,2022,52,2022,276,DEU,Germany,M,Import,380,ITA,Italy,0,W00,World,H6,HS,TRUE,2822,Cobalt oxides and hydroxides,Cobalt,4,FALSE,C00,TOTAL CPC,0,0,TOTAL MOT,8,kg,16850,FALSE,8,kg,16850,FALSE,16850,FALSE,0,FALSE,763819.538,,763819.538,0,FALSE,TRUE,
C,A,20220101,2022,52,2022,276,DEU,Germany,M,Import,392,JPN,Japan,0,W00,World,H6,HS,TRUE,2822,Cobalt oxides and hydroxides,Cobalt,4,FALSE,C00,TOTAL CPC,0,0,TOTAL MOT,8,kg,171,FALSE,8,kg,171,FALSE,171,FALSE,0,FALSE,23445.742,,23445.742,0,FALSE,TRUE,
C,A,20220101,2022,52,2022,276,DEU,Germany,M,Import,528,NLD,Netherlands,0,W00,World,H6,HS,TRUE,2822,Cobalt oxides and hydroxides,Cobalt,4,FALSE,C00,TOTAL CPC,0,0,TOTAL MOT,8,kg,1554,FALSE,8,kg,1554,FALSE,1554,FALSE,0,FALSE,42016.396,,42016.396,0,FALSE,TRUE,
C,A,20220101,2022,52,2022,276,DEU,Germany,M,Import,616,POL,Poland,0,W00,World,H6,HS,TRUE,2822,Cobalt oxides and hydroxides,Cobalt,4,FALSE,C00,TOTAL CPC,0,0,TOTAL MOT,8,kg,131,FALSE,8,kg,131,FALSE,131,FALSE,0,FALSE,7541.35,,7541.35,0,FALSE,TRUE,
C,A,20220101,2022,52,2022,276,DEU,Germany,M,Import,643,RUS,Russia,0,W00,World,H6,HS,TRUE,2822,Cobalt oxides and hydroxides,Cobalt,4,FALSE,C00,TOTAL CPC,0,0,TOTAL MOT,8,kg,20,FALSE,8,kg,20,FALSE,20,FALSE,0,FALSE,10221.378,,10221.378,0,FALSE,TRUE,
C,A,20220101,2022,52,2022,276,DEU,Germany,M,Import,724,ESP,Spain,0,W00,World,H6,HS,TRUE,2822,Cobalt oxides and hydroxides,Cobalt,4,FALSE,C00,TOTAL CPC,0,0,TOTAL MOT,8,kg,8175,FALSE,8,kg,8175,FALSE,8175,FALSE,0,FALSE,397011.529,,397011.529,0,FALSE,TRUE,
C,A,20220101,2022,52,2022,276,DEU,Germany,M,Import,752,SWE,Sweden,0,W00,World,H6,HS,TRUE,2822,Cobalt oxides and hydroxides,Cobalt,4,FALSE,C00,TOTAL CPC,0,0,TOTAL MOT,8,kg,170,FALSE,8,kg,170,FALSE,170,FALSE,0,FALSE,4587.072,,4587.072,0,FALSE,TRUE,
C,A,20220101,2022,52,2022,276,DEU,Germany,M,Import,826,GBR,United Kingdom,0,W00,World,H6,HS,TRUE,2822,Cobalt oxides and hydroxides,Cobalt,4,FALSE,C00,TOTAL CPC,0,0,TOTAL MOT,8,kg,508.712,TRUE,-1,N/A,0,FALSE,508.712,TRUE,0,FALSE,28012.696,,28012.696,6,FALSE,TRUE,
C,A,20220101,2022,52,2022,276,DEU,Germany,M,Import,842,USA,USA,0,W00,World,H6,HS,TRUE,2822,Cobalt oxides and hydroxides,Cobalt,4,FALSE,C00,TOTAL CPC,0,0,TOTAL MOT,8,kg,863.648,TRUE,-1,N/A,0,FALSE,863.648,TRUE,0,FALSE,384444.73,,384444.73,6,FALSE,TRUE,
C,A,20220101,2022,52,2022,276,DEU,Germany,M,Import,0,W00,World,0,W00,World,H6,HS,TRUE,2504,Graphite,Graphite,4,FALSE,C00,TOTAL CPC,0,0,TOTAL MOT,8,kg,66938726.91,TRUE,-1,N/A,0,FALSE,66938726.91,TRUE,0,FALSE,75403571.07,,75403571.07,6,FALSE,TRUE,
C,A,20220101,2022,52,2022,276,DEU,Germany,M,Import,36,AUS,Australia,0,W00,World,H6,HS,TRUE,2504,Graphite,Graphite,4,FALSE,C00,TOTAL CPC,0,0,TOTAL MOT,8,kg,6664.623,TRUE,-1,N/A,0,FALSE,6664.623,TRUE,0,FALSE,7417.461,,7417.461,6,FALSE,TRUE,
C,A,20220101,2022,52,2022,276,DEU,Germany,M,Import,40,AUT,Austria,0,W00,World,H6,HS,TRUE,2504,Graphite,Graphite,4,FALSE,C00,TOTAL CPC,0,0,TOTAL MOT,8,kg,1329119,FALSE,8,kg,1329119,FALSE,1329119,FALSE,0,FALSE,2541215.804,,2541215.804,0,FALSE,TRUE,
C,A,20220101,2022,52,2022,276,DEU,Germany,M,Import,56,BEL,Belgium,0,W00,World,H6,HS,TRUE,2504,Graphite,Graphite,4,FALSE,C00,TOTAL CPC,0,0,TOTAL MOT,8,kg,109211,FALSE,8,kg,109211,FALSE,109211,FALSE,0,FALSE,129449.255,,129449.255,0,FALSE,TRUE,
C,A,20220101,2022,52,2022,276,DEU,Germany,M,Import,76,BRA,Brazil,0,W00,World,H6,HS,TRUE,2504,Graphite,Graphite,4,FALSE,C00,TOTAL CPC,0,0,TOTAL MOT,8,kg,7660155,FALSE,8,kg,7660155,FALSE,7660155,FALSE,0,FALSE,14855785.24,,14855785.24,0,FALSE,TRUE,
C,A,20220101,2022,52,2022,276,DEU,Germany,M,Import,124,CAN,Canada,0,W00,World,H6,HS,TRUE,2504,Graphite,Graphite,4,FALSE,C00,TOTAL CPC,0,0,TOTAL MOT,8,kg,168057,FALSE,8,kg,168057,FALSE,168057,FALSE,0,FALSE,255145.836,,255145.836,0,FALSE,TRUE,
C,A,20220101,2022,52,2022,276,DEU,Germany,M,Import,144,LKA,Sri Lanka,0,W00,World,H6,HS,TRUE,2504,Graphite,Graphite,4,FALSE,C00,TOTAL CPC,0,0,TOTAL MOT,8,kg,516773.946,TRUE,-1,N/A,0,FALSE,516773.946,TRUE,0,FALSE,898974.043,,898974.043,6,FALSE,TRUE,
C,A,20220101,2022,52,2022,276,DEU,Germany,M,Import,156,CHN,China,0,W00,World,H6,HS,TRUE,2504,Graphite,Graphite,4,FALSE,C00,TOTAL CPC,0,0,TOTAL MOT,8,kg,23773123.42,TRUE,-1,N/A,0,FALSE,23773123.42,TRUE,0,FALSE,27753803.38,,27753803.38,6,FALSE,TRUE,
C,A,20220101,2022,52,2022,276,DEU,Germany,M,Import,203,CZE,Czechia,0,W00,World,H6,HS,TRUE,2504,Graphite,Graphite,4,FALSE,C00,TOTAL CPC,0,0,TOTAL MOT,8,kg,958672,FALSE,8,kg,958672,FALSE,958672,FALSE,0,FALSE,903218.038,,903218.038,0,FALSE,TRUE,
C,A,20220101,2022,52,2022,276,DEU,Germany,M,Import,246,FIN,Finland,0,W00,World,H6,HS,TRUE,2504,Graphite,Graphite,4,FALSE,C00,TOTAL CPC,0,0,TOTAL MOT,8,kg,766,FALSE,8,kg,766,FALSE,766,FALSE,0,FALSE,11045.187,,11045.187,0,FALSE,TRUE,
C,A,20220101,2022,52,2022,276,DEU,Germany,M,Import,251,FRA,France,0,W00,World,H6,HS,TRUE,2504,Graphite,Graphite,4,FALSE,C00,TOTAL CPC,0,0,TOTAL MOT,8,kg,157654,FALSE,8,kg,157654,FALSE,157654,FALSE,0,FALSE,120453.002,,120453.002,0,FALSE,TRUE,
C,A,20220101,2022,52,2022,276,DEU,Germany,M,Import,344,HKG,Hong Kong,0,W00,World,H6,HS,TRUE,2504,Graphite,Graphite,4,FALSE,C00,TOTAL CPC,0,0,TOTAL MOT,8,kg,400,FALSE,8,kg,400,FALSE,400,FALSE,0,FALSE,1110.766,,1110.766,0,FALSE,TRUE,
C,A,20220101,2022,52,2022,276,DEU,Germany,M,Import,380,ITA,Italy,0,W00,World,H6,HS,TRUE,2504,Graphite,Graphite,4,FALSE,C00,TOTAL CPC,0,0,TOTAL MOT,8,kg,254072,FALSE,8,kg,254072,FALSE,254072,FALSE,0,FALSE,294998.938,,294998.938,0,FALSE,TRUE,
C,A,20220101,2022,52,2022,276,DEU,Germany,M,Import,392,JPN,Japan,0,W00,World,H6,HS,TRUE,2504,Graphite,Graphite,4,FALSE,C00,TOTAL CPC,0,0,TOTAL MOT,8,kg,74057,FALSE,8,kg,74057,FALSE,74057,FALSE,0,FALSE,1300977.137,,1300977.137,0,FALSE,TRUE,
C,A,20220101,2022,52,2022,276,DEU,Germany,M,Import,398,KAZ,Kazakhstan,0,W00,World,H6,HS,TRUE,2504,Graphite,Graphite,4,FALSE,C00,TOTAL CPC,0,0,TOTAL MOT,8,kg,1240,FALSE,8,kg,1240,FALSE,1240,FALSE,0,FALSE,2089.172,,2089.172,0,FALSE,TRUE,
C,A,20220101,2022,52,2022,276,DEU,Germany,M,Import,410,KOR,South Korea,0,W00,World,H6,HS,TRUE,2504,Graphite,Graphite,4,FALSE,C00,TOTAL CPC,0,0,TOTAL MOT,8,kg,11518,FALSE,8,kg,11518,FALSE,11518,FALSE,0,FALSE,29140.404,,29140.404,0,FALSE,TRUE,
C,A,20220101,2022,52,2022,276,DEU,Germany,M,Import,450,MDG,Madagascar,0,W00,World,H6,HS,TRUE,2504,Graphite,Graphite,4,FALSE,C00,TOTAL CPC,0,0,TOTAL MOT,8,kg,13154951,FALSE,8,kg,13154951,FALSE,13154951,FALSE,0,FALSE,9883488.899,,9883488.899,0,FALSE,TRUE,
C,A,20220101,2022,52,2022,276,DEU,Germany,M,Import,484,MEX,Mexico,0,W00,World,H6,HS,TRUE,2504,Graphite,Graphite,4,FALSE,C00,TOTAL CPC,0,0,TOTAL MOT,8,kg,49852,FALSE,8,kg,49852,FALSE,49852,FALSE,0,FALSE,92154.409,,92154.409,0,FALSE,TRUE,
C,A,20220101,2022,52,2022,276,DEU,Germany,M,Import,490,S19,"Other Asia, nes",0,W00,World,H6,HS,TRUE,2504,Graphite,Graphite,4,FALSE,C00,TOTAL CPC,0,0,TOTAL MOT,8,kg,464,FALSE,8,kg,464,FALSE,464,FALSE,0,FALSE,6339.52,,6339.52,0,FALSE,TRUE,
C,A,20220101,2022,52,2022,276,DEU,Germany,M,Import,508,MOZ,Mozambique,0,W00,World,H6,HS,TRUE,2504,Graphite,Graphite,4,FALSE,C00,TOTAL CPC,0,0,TOTAL MOT,8,kg,14548207,FALSE,8,kg,14548207,FALSE,14548207,FALSE,0,FALSE,10804732.27,,10804732.27,0,FALSE,TRUE,
C,A,20220101,2022,52,2022,276,DEU,Germany,M,Import,528,NLD,Netherlands,0,W00,World,H6,HS,TRUE,2504,Graphite,Graphite,4,FALSE,C00,TOTAL CPC,0,0,TOTAL MOT,8,kg,770011.785,TRUE,-1,N/A,0,FALSE,770011.785,TRUE,0,FALSE,906988.713,,906988.713,6,FALSE,TRUE,
C,A,20220101,2022,52,2022,276,DEU,Germany,M,Import,579,NOR,Norway,0,W00,World,H6,HS,TRUE,2504,Graphite,Graphite,4,FALSE,C00,TOTAL CPC,0,0,TOTAL MOT,8,kg,2062451.838,TRUE,-1,N/A,0,FALSE,2062451.838,TRUE,0,FALSE,1878765.057,,1878765.057,6,FALSE,TRUE,
C,A,20220101,2022,52,2022,276,DEU,Germany,M,Import,616,POL,Poland,0,W00,World,H6,HS,TRUE,2504,Graphite,Graphite,4,FALSE,C00,TOTAL CPC,0,0,TOTAL MOT,8,kg,5178.945,TRUE,-1,N/A,0,FALSE,5178.945,TRUE,0,FALSE,24751.342,,24751.342,6,FALSE,TRUE,
C,A,20220101,2022,52,2022,276,DEU,Germany,M,Import,643,RUS,Russia,0,W00,World,H6,HS,TRUE,2504,Graphite,Graphite,4,FALSE,C00,TOTAL CPC,0,0,TOTAL MOT,8,kg,24688,FALSE,8,kg,24688,FALSE,24688,FALSE,0,FALSE,49407.385,,49407.385,0,FALSE,TRUE,
C,A,20220101,2022,52,2022,276,DEU,Germany,M,Import,699,IND,India,0,W00,World,H6,HS,TRUE,2504,Graphite,Graphite,4,FALSE,C00,TOTAL CPC,0,0,TOTAL MOT,8,kg,250.577,TRUE,-1,N/A,0,FALSE,250.577,TRUE,0,FALSE,1323.601,,1323.601,6,FALSE,TRUE,
C,A,20220101,2022,52,2022,276,DEU,Germany,M,Import,705,SVN,Slovenia,0,W00,World,H6,HS,TRUE,2504,Graphite,Graphite,4,FALSE,C00,TOTAL CPC,0,0,TOTAL MOT,8,kg,56855,FALSE,8,kg,56855,FALSE,56855,FALSE,0,FALSE,67843.561,,67843.561,0,FALSE,TRUE,
C,A,20220101,2022,52,2022,276,DEU,Germany,M,Import,710,ZAF,South Africa,0,W00,World,H6,HS,TRUE,2504,Graphite,Graphite,4,FALSE,C00,TOTAL CPC,0,0,TOTAL MOT,8,kg,16,FALSE,8,kg,16,FALSE,16,FALSE,0,FALSE,10165.257,,10165.257,0,FALSE,TRUE,
C,A,20220101,2022,52,2022,276,DEU,Germany,M,Import,724,ESP,Spain,0,W00,World,H6,HS,TRUE,2504,Graphite,Graphite,4,FALSE,C00,TOTAL CPC,0,0,TOTAL MOT,8,kg,6334,FALSE,8,kg,6334,FALSE,6334,FALSE,0,FALSE,18950.792,,18950.792,0,FALSE,TRUE,
C,A,20220101,2022,52,2022,276,DEU,Germany,M,Import,792,TUR,Turkey,0,W00,World,H6,HS,TRUE,2504,Graphite,Graphite,4,FALSE,C00,TOTAL CPC,0,0,TOTAL MOT,8,kg,541591.382,TRUE,-1,N/A,0,FALSE,541591.382,TRUE,0,FALSE,352774.66,,352774.66,6,FALSE,TRUE,
C,A,20220101,2022,52,2022,276,DEU,Germany,M,Import,804,UKR,Ukraine,0,W00,World,H6,HS,TRUE,2504,Graphite,Graphite,4,FALSE,C00,TOTAL CPC,0,0,TOTAL MOT,8,kg,85460,FALSE,8,kg,85460,FALSE,85460,FALSE,0,FALSE,67250.588,,67250.588,0,FALSE,TRUE,
C,A,20220101,2022,52,2022,276,DEU,Germany,M,Import,826,GBR,United Kingdom,0,W00,World,H6,HS,TRUE,2504,Graphite,Graphite,4,FALSE,C00,TOTAL CPC,0,0,TOTAL MOT,8,kg,167473.027,TRUE,-1,N/A,0,FALSE,167473.027,TRUE,0,FALSE,216761.402,,216761.402,6,FALSE,TRUE,
C,A,20220101,2022,52,2022,276,DEU,Germany,M,Import,842,USA,USA,0,W00,World,H6,HS,TRUE,2504,Graphite,Graphite,4,FALSE,C00,TOTAL CPC,0,0,TOTAL MOT,8,kg,443459.37,TRUE,-1,N/A,0,FALSE,443459.37,TRUE,0,FALSE,1917049.957,,1917049.957,6,FALSE,TRUE,
C,A,20220101,2022,52,2022,276,DEU,Germany,M,Import,0,W00,World,0,W00,World,H6,HS,TRUE,2519,"Natural magnesium carbonate (magnesite); fused magnesia; dead-burned (sintered) magnesia, whether or not containing small quantities of other oxides added before sintering; magnesium oxide, pure or not",Magnesium,4,FALSE,C00,TOTAL CPC,0,0,TOTAL MOT,8,kg,589395798.3,TRUE,-1,N/A,0,FALSE,589395798.3,TRUE,0,FALSE,318912937.5,,318912937.5,6,FALSE,TRUE,
C,A,20220101,2022,52,2022,276,DEU,Germany,M,Import,36,AUS,Australia,0,W00,World,H6,HS,TRUE,2519,"Natural magnesium carbonate (magnesite); fused magnesia; dead-burned (sintered) magnesia, whether or not containing small quantities of other oxides added before sintering; magnesium oxide, pure or not",Magnesium,4,FALSE,C00,TOTAL CPC,0,0,TOTAL MOT,8,kg,9348,FALSE,8,kg,9348,FALSE,9348,FALSE,0,FALSE,8224.328,,8224.328,0,FALSE,TRUE,
C,A,20220101,2022,52,2022,276,DEU,Germany,M,Import,40,AUT,Austria,0,W00,World,H6,HS,TRUE,2519,"Natural magnesium carbonate (magnesite); fused magnesia; dead-burned (sintered) magnesia, whether or not containing small quantities of other oxides added before sintering; magnesium oxide, pure or not",Magnesium,4,FALSE,C00,TOTAL CPC,0,0,TOTAL MOT,8,kg,25628091,FALSE,8,kg,25628091,FALSE,25628091,FALSE,0,FALSE,11328812.69,,11328812.69,0,FALSE,TRUE,
C,A,20220101,2022,52,2022,276,DEU,Germany,M,Import,56,BEL,Belgium,0,W00,World,H6,HS,TRUE,2519,"Natural magnesium carbonate (magnesite); fused magnesia; dead-burned (sintered) magnesia, whether or not containing small quantities of other oxides added before sintering; magnesium oxide, pure or not",Magnesium,4,FALSE,C00,TOTAL CPC,0,0,TOTAL MOT,8,kg,269061,FALSE,8,kg,269061,FALSE,269061,FALSE,0,FALSE,198901.257,,198901.257,0,FALSE,TRUE,
C,A,20220101,2022,52,2022,276,DEU,Germany,M,Import,76,BRA,Brazil,0,W00,World,H6,HS,TRUE,2519,"Natural magnesium carbonate (magnesite); fused magnesia; dead-burned (sintered) magnesia, whether or not containing small quantities of other oxides added before sintering; magnesium oxide, pure or not",Magnesium,4,FALSE,C00,TOTAL CPC,0,0,TOTAL MOT,8,kg,36622504,FALSE,8,kg,36622504,FALSE,36622504,FALSE,0,FALSE,17097473.27,,17097473.27,0,FALSE,TRUE,
C,A,20220101,2022,52,2022,276,DEU,Germany,M,Import,156,CHN,China,0,W00,World,H6,HS,TRUE,2519,"Natural magnesium carbonate (magnesite); fused magnesia; dead-burned (sintered) magnesia, whether or not containing small quantities of other oxides added before sintering; magnesium oxide, pure or not",Magnesium,4,FALSE,C00,TOTAL CPC,0,0,TOTAL MOT,8,kg,279404739.3,TRUE,-1,N/A,0,FALSE,279404739.3,TRUE,0,FALSE,148717175.9,,148717175.9,6,FALSE,TRUE,
C,A,20220101,2022,52,2022,276,DEU,Germany,M,Import,203,CZE,Czechia,0,W00,World,H6,HS,TRUE,2519,"Natural magnesium carbonate (magnesite); fused magnesia; dead-burned (sintered) magnesia, whether or not containing small quantities of other oxides added before sintering; magnesium oxide, pure or not",Magnesium,4,FALSE,C00,TOTAL CPC,0,0,TOTAL MOT,8,kg,342255.726,TRUE,-1,N/A,0,FALSE,342255.726,TRUE,0,FALSE,208392.006,,208392.006,6,FALSE,TRUE,
C,A,20220101,2022,52,2022,276,DEU,Germany,M,Import,208,DNK,Denmark,0,W00,World,H6,HS,TRUE,2519,"Natural magnesium carbonate (magnesite); fused magnesia; dead-burned (sintered) magnesia, whether or not containing small quantities of other oxides added before sintering; magnesium oxide, pure or not",Magnesium,4,FALSE,C00,TOTAL CPC,0,0,TOTAL MOT,8,kg,244146,FALSE,8,kg,244146,FALSE,244146,FALSE,0,FALSE,99227.734,,99227.734,0,FALSE,TRUE,
C,A,20220101,2022,52,2022,276,DEU,Germany,M,Import,251,FRA,France,0,W00,World,H6,HS,TRUE,2519,"Natural magnesium carbonate (magnesite); fused magnesia; dead-burned (sintered) magnesia, whether or not containing small quantities of other oxides added before sintering; magnesium oxide, pure or not",Magnesium,4,FALSE,C00,TOTAL CPC,0,0,TOTAL MOT,8,kg,7788958.967,TRUE,-1,N/A,0,FALSE,7788958.967,TRUE,0,FALSE,3530489.097,,3530489.097,6,FALSE,TRUE,
C,A,20220101,2022,52,2022,276,DEU,Germany,M,Import,300,GRC,Greece,0,W00,World,H6,HS,TRUE,2519,"Natural magnesium carbonate (magnesite); fused magnesia; dead-burned (sintered) magnesia, whether or not containing small quantities of other oxides added before sintering; magnesium oxide, pure or not",Magnesium,4,FALSE,C00,TOTAL CPC,0,0,TOTAL MOT,8,kg,955081,FALSE,8,kg,955081,FALSE,955081,FALSE,0,FALSE,619606.306,,619606.306,0,FALSE,TRUE,
C,A,20220101,2022,52,2022,276,DEU,Germany,M,Import,344,HKG,Hong Kong,0,W00,World,H6,HS,TRUE,2519,"Natural magnesium carbonate (magnesite); fused magnesia; dead-burned (sintered) magnesia, whether or not containing small quantities of other oxides added before sintering; magnesium oxide, pure or not",Magnesium,4,FALSE,C00,TOTAL CPC,0,0,TOTAL MOT,8,kg,4,FALSE,8,kg,4,FALSE,4,FALSE,0,FALSE,66.709,,66.709,0,FALSE,TRUE,
C,A,20220101,2022,52,2022,276,DEU,Germany,M,Import,372,IRL,Ireland,0,W00,World,H6,HS,TRUE,2519,"Natural magnesium carbonate (magnesite); fused magnesia; dead-burned (sintered) magnesia, whether or not containing small quantities of other oxides added before sintering; magnesium oxide, pure or not",Magnesium,4,FALSE,C00,TOTAL CPC,0,0,TOTAL MOT,8,kg,279940,FALSE,8,kg,279940,FALSE,279940,FALSE,0,FALSE,344788.579,,344788.579,0,FALSE,TRUE,
C,A,20220101,2022,52,2022,276,DEU,Germany,M,Import,376,ISR,Israel,0,W00,World,H6,HS,TRUE,2519,"Natural magnesium carbonate (magnesite); fused magnesia; dead-burned (sintered) magnesia, whether or not containing small quantities of other oxides added before sintering; magnesium oxide, pure or not",Magnesium,4,FALSE,C00,TOTAL CPC,0,0,TOTAL MOT,8,kg,4960235.88,TRUE,-1,N/A,0,FALSE,4960235.88,TRUE,0,FALSE,15317185.2,,15317185.2,6,FALSE,TRUE,
C,A,20220101,2022,52,2022,276,DEU,Germany,M,Import,380,ITA,Italy,0,W00,World,H6,HS,TRUE,2519,"Natural magnesium carbonate (magnesite); fused magnesia; dead-burned (sintered) magnesia, whether or not containing small quantities of other oxides added before sintering; magnesium oxide, pure or not",Magnesium,4,FALSE,C00,TOTAL CPC,0,0,TOTAL MOT,8,kg,209499,FALSE,8,kg,209499,FALSE,209499,FALSE,0,FALSE,135714.654,,135714.654,0,FALSE,TRUE,
C,A,20220101,2022,52,2022,276,DEU,Germany,M,Import,392,JPN,Japan,0,W00,World,H6,HS,TRUE,2519,"Natural magnesium carbonate (magnesite); fused magnesia; dead-burned (sintered) magnesia, whether or not containing small quantities of other oxides added before sintering; magnesium oxide, pure or not",Magnesium,4,FALSE,C00,TOTAL CPC,0,0,TOTAL MOT,8,kg,3944497.235,TRUE,-1,N/A,0,FALSE,3944497.235,TRUE,0,FALSE,6671864.858,,6671864.858,6,FALSE,TRUE,
C,A,20220101,2022,52,2022,276,DEU,Germany,M,Import,410,KOR,South Korea,0,W00,World,H6,HS,TRUE,2519,"Natural magnesium carbonate (magnesite); fused magnesia; dead-burned (sintered) magnesia, whether or not containing small quantities of other oxides added before sintering; magnesium oxide, pure or not",Magnesium,4,FALSE,C00,TOTAL CPC,0,0,TOTAL MOT,8,kg,64155,FALSE,8,kg,64155,FALSE,64155,FALSE,0,FALSE,107964.561,,107964.561,0,FALSE,TRUE,
C,A,20220101,2022,52,2022,276,DEU,Germany,M,Import,442,LUX,Luxembourg,0,W00,World,H6,HS,TRUE,2519,"Natural magnesium carbonate (magnesite); fused magnesia; dead-burned (sintered) magnesia, whether or not containing small quantities of other oxides added before sintering; magnesium oxide, pure or not",Magnesium,4,FALSE,C00,TOTAL CPC,0,0,TOTAL MOT,8,kg,191752,FALSE,8,kg,191752,FALSE,191752,FALSE,0,FALSE,115270.839,,115270.839,0,FALSE,TRUE,
C,A,20220101,2022,52,2022,276,DEU,Germany,M,Import,484,MEX,Mexico,0,W00,World,H6,HS,TRUE,2519,"Natural magnesium carbonate (magnesite); fused magnesia; dead-burned (sintered) magnesia, whether or not containing small quantities of other oxides added before sintering; magnesium oxide, pure or not",Magnesium,4,FALSE,C00,TOTAL CPC,0,0,TOTAL MOT,8,kg,3335230.095,TRUE,-1,N/A,0,FALSE,3335230.095,TRUE,0,FALSE,2882421.13,,2882421.13,6,FALSE,TRUE,
C,A,20220101,2022,52,2022,276,DEU,Germany,M,Import,490,S19,"Other Asia, nes",0,W00,World,H6,HS,TRUE,2519,"Natural magnesium carbonate (magnesite); fused magnesia; dead-burned (sintered) magnesia, whether or not containing small quantities of other oxides added before sintering; magnesium oxide, pure or not",Magnesium,4,FALSE,C00,TOTAL CPC,0,0,TOTAL MOT,8,kg,138244,FALSE,8,kg,138244,FALSE,138244,FALSE,0,FALSE,39523.79,,39523.79,0,FALSE,TRUE,
C,A,20220101,2022,52,2022,276,DEU,Germany,M,Import,528,NLD,Netherlands,0,W00,World,H6,HS,TRUE,2519,"Natural magnesium carbonate (magnesite); fused magnesia; dead-burned (sintered) magnesia, whether or not containing small quantities of other oxides added before sintering; magnesium oxide, pure or not",Magnesium,4,FALSE,C00,TOTAL CPC,0,0,TOTAL MOT,8,kg,69371017,FALSE,8,kg,69371017,FALSE,69371017,FALSE,0,FALSE,41596936.29,,41596936.29,0,FALSE,TRUE,
C,A,20220101,2022,52,2022,276,DEU,Germany,M,Import,591,PAN,Panama,0,W00,World,H6,HS,TRUE,2519,"Natural magnesium carbonate (magnesite); fused magnesia; dead-burned (sintered) magnesia, whether or not containing small quantities of other oxides added before sintering; magnesium oxide, pure or not",Magnesium,4,FALSE,C00,TOTAL CPC,0,0,TOTAL MOT,8,kg,20000,FALSE,8,kg,20000,FALSE,20000,FALSE,0,FALSE,15883.214,,15883.214,0,FALSE,TRUE,
C,A,20220101,2022,52,2022,276,DEU,Germany,M,Import,616,POL,Poland,0,W00,World,H6,HS,TRUE,2519,"Natural magnesium carbonate (magnesite); fused magnesia; dead-burned (sintered) magnesia, whether or not containing small quantities of other oxides added before sintering; magnesium oxide, pure or not",Magnesium,4,FALSE,C00,TOTAL CPC,0,0,TOTAL MOT,8,kg,8633,FALSE,8,kg,8633,FALSE,8633,FALSE,0,FALSE,5029.685,,5029.685,0,FALSE,TRUE,
C,A,20220101,2022,52,2022,276,DEU,Germany,M,Import,643,RUS,Russia,0,W00,World,H6,HS,TRUE,2519,"Natural magnesium carbonate (magnesite); fused magnesia; dead-burned (sintered) magnesia, whether or not containing small quantities of other oxides added before sintering; magnesium oxide, pure or not",Magnesium,4,FALSE,C00,TOTAL CPC,0,0,TOTAL MOT,8,kg,49624556,FALSE,8,kg,49624556,FALSE,49624556,FALSE,0,FALSE,17331071.94,,17331071.94,0,FALSE,TRUE,
C,A,20220101,2022,52,2022,276,DEU,Germany,M,Import,682,SAU,Saudi Arabia,0,W00,World,H6,HS,TRUE,2519,"Natural magnesium carbonate (magnesite); fused magnesia; dead-burned (sintered) magnesia, whether or not containing small quantities of other oxides added before sintering; magnesium oxide, pure or not",Magnesium,4,FALSE,C00,TOTAL CPC,0,0,TOTAL MOT,8,kg,12628253,FALSE,8,kg,12628253,FALSE,12628253,FALSE,0,FALSE,7714903.89,,7714903.89,0,FALSE,TRUE,
C,A,20220101,2022,52,2022,276,DEU,Germany,M,Import,699,IND,India,0,W00,World,H6,HS,TRUE,2519,"Natural magnesium carbonate (magnesite); fused magnesia; dead-burned (sintered) magnesia, whether or not containing small quantities of other oxides added before sintering; magnesium oxide, pure or not",Magnesium,4,FALSE,C00,TOTAL CPC,0,0,TOTAL MOT,8,kg,801.518,TRUE,-1,N/A,0,FALSE,801.518,TRUE,0,FALSE,1340.543,,1340.543,6,FALSE,TRUE,
C,A,20220101,2022,52,2022,276,DEU,Germany,M,Import,703,SVK,Slovakia,0,W00,World,H6,HS,TRUE,2519,"Natural magnesium carbonate (magnesite); fused magnesia; dead-burned (sintered) magnesia, whether or not containing small quantities of other oxides added before sintering; magnesium oxide, pure or not",Magnesium,4,FALSE,C00,TOTAL CPC,0,0,TOTAL MOT,8,kg,32239880,FALSE,8,kg,32239880,FALSE,32239880,FALSE,0,FALSE,13855394.76,,13855394.76,0,FALSE,TRUE,
C,A,20220101,2022,52,2022,276,DEU,Germany,M,Import,704,VNM,Vietnam,0,W00,World,H6,HS,TRUE,2519,"Natural magnesium carbonate (magnesite); fused magnesia; dead-burned (sintered) magnesia, whether or not containing small quantities of other oxides added before sintering; magnesium oxide, pure or not",Magnesium,4,FALSE,C00,TOTAL CPC,0,0,TOTAL MOT,8,kg,1103.704,TRUE,-1,N/A,0,FALSE,1103.704,TRUE,0,FALSE,517.793,,517.793,6,FALSE,TRUE,
C,A,20220101,2022,52,2022,276,DEU,Germany,M,Import,724,ESP,Spain,0,W00,World,H6,HS,TRUE,2519,"Natural magnesium carbonate (magnesite); fused magnesia; dead-burned (sintered) magnesia, whether or not containing small quantities of other oxides added before sintering; magnesium oxide, pure or not",Magnesium,4,FALSE,C00,TOTAL CPC,0,0,TOTAL MOT,8,kg,22617611,FALSE,8,kg,22617611,FALSE,22617611,FALSE,0,FALSE,8296311.066,,8296311.066,0,FALSE,TRUE,
C,A,20220101,2022,52,2022,276,DEU,Germany,M,Import,752,SWE,Sweden,0,W00,World,H6,HS,TRUE,2519,"Natural magnesium carbonate (magnesite); fused magnesia; dead-burned (sintered) magnesia, whether or not containing small quantities of other oxides added before sintering; magnesium oxide, pure or not",Magnesium,4,FALSE,C00,TOTAL CPC,0,0,TOTAL MOT,8,kg,1282,FALSE,8,kg,1282,FALSE,1282,FALSE,0,FALSE,599.327,,599.327,0,FALSE,TRUE,
C,A,20220101,2022,52,2022,276,DEU,Germany,M,Import,757,CHE,Switzerland,0,W00,World,H6,HS,TRUE,2519,"Natural magnesium carbonate (magnesite); fused magnesia; dead-burned (sintered) magnesia, whether or not containing small quantities of other oxides added before sintering; magnesium oxide, pure or not",Magnesium,4,FALSE,C00,TOTAL CPC,0,0,TOTAL MOT,8,kg,7031,FALSE,8,kg,7031,FALSE,7031,FALSE,0,FALSE,8795.065,,8795.065,0,FALSE,TRUE,
C,A,20220101,2022,52,2022,276,DEU,Germany,M,Import,792,TUR,Turkey,0,W00,World,H6,HS,TRUE,2519,"Natural magnesium carbonate (magnesite); fused magnesia; dead-burned (sintered) magnesia, whether or not containing small quantities of other oxides added before sintering; magnesium oxide, pure or not",Magnesium,4,FALSE,C00,TOTAL CPC,0,0,TOTAL MOT,8,kg,34126061.6,TRUE,-1,N/A,0,FALSE,34126061.6,TRUE,0,FALSE,14239168.16,,14239168.16,6,FALSE,TRUE,
C,A,20220101,2022,52,2022,276,DEU,Germany,M,Import,826,GBR,United Kingdom,0,W00,World,H6,HS,TRUE,2519,"Natural magnesium carbonate (magnesite); fused magnesia; dead-burned (sintered) magnesia, whether or not containing small quantities of other oxides added before sintering; magnesium oxide, pure or not",Magnesium,4,FALSE,C00,TOTAL CPC,0,0,TOTAL MOT,8,kg,1759985.357,TRUE,-1,N/A,0,FALSE,1759985.357,TRUE,0,FALSE,5081423.553,,5081423.553,6,FALSE,TRUE,
C,A,20220101,2022,52,2022,276,DEU,Germany,M,Import,842,USA,USA,0,W00,World,H6,HS,TRUE,2519,"Natural magnesium carbonate (magnesite); fused magnesia; dead-burned (sintered) magnesia, whether or not containing small quantities of other oxides added before sintering; magnesium oxide, pure or not",Magnesium,4,FALSE,C00,TOTAL CPC,0,0,TOTAL MOT,8,kg,2601840.83,TRUE,-1,N/A,0,FALSE,2601840.83,TRUE,0,FALSE,3342459.371,,3342459.371,6,FALSE,TRUE,
C,A,20220101,2022,52,2022,276,DEU,Germany,M,Import,0,W00,World,0,W00,World,H6,HS,TRUE,2601,Iron ores and concentrates,Iron,4,FALSE,C00,TOTAL CPC,0,0,TOTAL MOT,8,kg,35394965797,TRUE,-1,N/A,0,FALSE,35394965797,TRUE,0,FALSE,5027373402,,5027373402,6,FALSE,TRUE,
C,A,20220101,2022,52,2022,276,DEU,Germany,M,Import,24,AGO,Angola,0,W00,World,H6,HS,TRUE,2601,Iron ores and concentrates,Iron,4,FALSE,C00,TOTAL CPC,0,0,TOTAL MOT,8,kg,11857,FALSE,8,kg,11857,FALSE,11857,FALSE,0,FALSE,1757.742,,1757.742,0,FALSE,TRUE,
C,A,20220101,2022,52,2022,276,DEU,Germany,M,Import,36,AUS,Australia,0,W00,World,H6,HS,TRUE,2601,Iron ores and concentrates,Iron,4,FALSE,C00,TOTAL CPC,0,0,TOTAL MOT,8,kg,169566286,FALSE,8,kg,169566286,FALSE,169566286,FALSE,0,FALSE,27125908.15,,27125908.15,0,FALSE,TRUE,
C,A,20220101,2022,52,2022,276,DEU,Germany,M,Import,40,AUT,Austria,0,W00,World,H6,HS,TRUE,2601,Iron ores and concentrates,Iron,4,FALSE,C00,TOTAL CPC,0,0,TOTAL MOT,8,kg,360,FALSE,8,kg,360,FALSE,360,FALSE,0,FALSE,254.131,,254.131,0,FALSE,TRUE,
C,A,20220101,2022,52,2022,276,DEU,Germany,M,Import,48,BHR,Bahrain,0,W00,World,H6,HS,TRUE,2601,Iron ores and concentrates,Iron,4,FALSE,C00,TOTAL CPC,0,0,TOTAL MOT,8,kg,5,FALSE,8,kg,5,FALSE,5,FALSE,0,FALSE,1.059,,1.059,0,FALSE,TRUE,
C,A,20220101,2022,52,2022,276,DEU,Germany,M,Import,76,BRA,Brazil,0,W00,World,H6,HS,TRUE,2601,Iron ores and concentrates,Iron,4,FALSE,C00,TOTAL CPC,0,0,TOTAL MOT,8,kg,6696163964,FALSE,8,kg,6696163964,FALSE,6696163964,FALSE,0,FALSE,883015266.3,,883015266.3,0,FALSE,TRUE,
C,A,20220101,2022,52,2022,276,DEU,Germany,M,Import,124,CAN,Canada,0,W00,World,H6,HS,TRUE,2601,Iron ores and concentrates,Iron,4,FALSE,C00,TOTAL CPC,0,0,TOTAL MOT,8,kg,10110490641,FALSE,8,kg,10110490641,FALSE,10110490641,FALSE,0,FALSE,1573231817,,1573231817,0,FALSE,TRUE,
C,A,20220101,2022,52,2022,276,DEU,Germany,M,Import,152,CHL,Chile,0,W00,World,H6,HS,TRUE,2601,Iron ores and concentrates,Iron,4,FALSE,C00,TOTAL CPC,0,0,TOTAL MOT,8,kg,141633,FALSE,8,kg,141633,FALSE,141633,FALSE,0,FALSE,21277.154,,21277.154,0,FALSE,TRUE,
C,A,20220101,2022,52,2022,276,DEU,Germany,M,Import,156,CHN,China,0,W00,World,H6,HS,TRUE,2601,Iron ores and concentrates,Iron,4,FALSE,C00,TOTAL CPC,0,0,TOTAL MOT,8,kg,125732,FALSE,8,kg,125732,FALSE,125732,FALSE,0,FALSE,18703.014,,18703.014,0,FALSE,TRUE,
C,A,20220101,2022,52,2022,276,DEU,Germany,M,Import,203,CZE,Czechia,0,W00,World,H6,HS,TRUE,2601,Iron ores and concentrates,Iron,4,FALSE,C00,TOTAL CPC,0,0,TOTAL MOT,8,kg,1107,FALSE,8,kg,1107,FALSE,1107,FALSE,0,FALSE,164.127,,164.127,0,FALSE,TRUE,
C,A,20220101,2022,52,2022,276,DEU,Germany,M,Import,246,FIN,Finland,0,W00,World,H6,HS,TRUE,2601,Iron ores and concentrates,Iron,4,FALSE,C00,TOTAL CPC,0,0,TOTAL MOT,8,kg,19571840,FALSE,8,kg,19571840,FALSE,19571840,FALSE,0,FALSE,1965554.117,,1965554.117,0,FALSE,TRUE,
C,A,20220101,2022,52,2022,276,DEU,Germany,M,Import,251,FRA,France,0,W00,World,H6,HS,TRUE,2601,Iron ores and concentrates,Iron,4,FALSE,C00,TOTAL CPC,0,0,TOTAL MOT,8,kg,368076,FALSE,8,kg,368076,FALSE,368076,FALSE,0,FALSE,205631.504,,205631.504,0,FALSE,TRUE,
C,A,20220101,2022,52,2022,276,DEU,Germany,M,Import,364,IRN,Iran,0,W00,World,H6,HS,TRUE,2601,Iron ores and concentrates,Iron,4,FALSE,C00,TOTAL CPC,0,0,TOTAL MOT,8,kg,702812,FALSE,8,kg,702812,FALSE,702812,FALSE,0,FALSE,59142.737,,59142.737,0,FALSE,TRUE,
C,A,20220101,2022,52,2022,276,DEU,Germany,M,Import,380,ITA,Italy,0,W00,World,H6,HS,TRUE,2601,Iron ores and concentrates,Iron,4,FALSE,C00,TOTAL CPC,0,0,TOTAL MOT,8,kg,509830,FALSE,8,kg,509830,FALSE,509830,FALSE,0,FALSE,67619.079,,67619.079,0,FALSE,TRUE,
C,A,20220101,2022,52,2022,276,DEU,Germany,M,Import,392,JPN,Japan,0,W00,World,H6,HS,TRUE,2601,Iron ores and concentrates,Iron,4,FALSE,C00,TOTAL CPC,0,0,TOTAL MOT,8,kg,41875,FALSE,8,kg,41875,FALSE,41875,FALSE,0,FALSE,5320.877,,5320.877,0,FALSE,TRUE,
C,A,20220101,2022,52,2022,276,DEU,Germany,M,Import,430,LBR,Liberia,0,W00,World,H6,HS,TRUE,2601,Iron ores and concentrates,Iron,4,FALSE,C00,TOTAL CPC,0,0,TOTAL MOT,8,kg,923535000,FALSE,8,kg,923535000,FALSE,923535000,FALSE,0,FALSE,87368366.72,,87368366.72,0,FALSE,TRUE,
C,A,20220101,2022,52,2022,276,DEU,Germany,M,Import,458,MYS,Malaysia,0,W00,World,H6,HS,TRUE,2601,Iron ores and concentrates,Iron,4,FALSE,C00,TOTAL CPC,0,0,TOTAL MOT,8,kg,11920,FALSE,8,kg,11920,FALSE,11920,FALSE,0,FALSE,1767.272,,1767.272,0,FALSE,TRUE,
C,A,20220101,2022,52,2022,276,DEU,Germany,M,Import,478,MRT,Mauritania,0,W00,World,H6,HS,TRUE,2601,Iron ores and concentrates,Iron,4,FALSE,C00,TOTAL CPC,0,0,TOTAL MOT,8,kg,256662370,FALSE,8,kg,256662370,FALSE,256662370,FALSE,0,FALSE,34716462.36,,34716462.36,0,FALSE,TRUE,
C,A,20220101,2022,52,2022,276,DEU,Germany,M,Import,484,MEX,Mexico,0,W00,World,H6,HS,TRUE,2601,Iron ores and concentrates,Iron,4,FALSE,C00,TOTAL CPC,0,0,TOTAL MOT,8,kg,124802400,FALSE,8,kg,124802400,FALSE,124802400,FALSE,0,FALSE,8215205.02,,8215205.02,0,FALSE,TRUE,
C,A,20220101,2022,52,2022,276,DEU,Germany,M,Import,528,NLD,Netherlands,0,W00,World,H6,HS,TRUE,2601,Iron ores and concentrates,Iron,4,FALSE,C00,TOTAL CPC,0,0,TOTAL MOT,8,kg,32257700,FALSE,8,kg,32257700,FALSE,32257700,FALSE,0,FALSE,3035415.662,,3035415.662,0,FALSE,TRUE,
C,A,20220101,2022,52,2022,276,DEU,Germany,M,Import,579,NOR,Norway,0,W00,World,H6,HS,TRUE,2601,Iron ores and concentrates,Iron,4,FALSE,C00,TOTAL CPC,0,0,TOTAL MOT,8,kg,383013197.2,TRUE,-1,N/A,0,FALSE,383013197.2,TRUE,0,FALSE,37434316.44,,37434316.44,6,FALSE,TRUE,
C,A,20220101,2022,52,2022,276,DEU,Germany,M,Import,586,PAK,Pakistan,0,W00,World,H6,HS,TRUE,2601,Iron ores and concentrates,Iron,4,FALSE,C00,TOTAL CPC,0,0,TOTAL MOT,8,kg,23064,FALSE,8,kg,23064,FALSE,23064,FALSE,0,FALSE,4476.949,,4476.949,0,FALSE,TRUE,
C,A,20220101,2022,52,2022,276,DEU,Germany,M,Import,616,POL,Poland,0,W00,World,H6,HS,TRUE,2601,Iron ores and concentrates,Iron,4,FALSE,C00,TOTAL CPC,0,0,TOTAL MOT,8,kg,17781200,FALSE,8,kg,17781200,FALSE,17781200,FALSE,0,FALSE,1609694.937,,1609694.937,0,FALSE,TRUE,
C,A,20220101,2022,52,2022,276,DEU,Germany,M,Import,643,RUS,Russia,0,W00,World,H6,HS,TRUE,2601,Iron ores and concentrates,Iron,4,FALSE,C00,TOTAL CPC,0,0,TOTAL MOT,8,kg,1402929544,FALSE,8,kg,1402929544,FALSE,1402929544,FALSE,0,FALSE,246920719.8,,246920719.8,0,FALSE,TRUE,
C,A,20220101,2022,52,2022,276,DEU,Germany,M,Import,699,IND,India,0,W00,World,H6,HS,TRUE,2601,Iron ores and concentrates,Iron,4,FALSE,C00,TOTAL CPC,0,0,TOTAL MOT,8,kg,109955966,FALSE,8,kg,109955966,FALSE,109955966,FALSE,0,FALSE,27591989.42,,27591989.42,0,FALSE,TRUE,
C,A,20220101,2022,52,2022,276,DEU,Germany,M,Import,710,ZAF,South Africa,0,W00,World,H6,HS,TRUE,2601,Iron ores and concentrates,Iron,4,FALSE,C00,TOTAL CPC,0,0,TOTAL MOT,8,kg,9694192525,TRUE,-1,N/A,0,FALSE,9694192525,TRUE,0,FALSE,1228967821,,1228967821,6,FALSE,TRUE,
C,A,20220101,2022,52,2022,276,DEU,Germany,M,Import,724,ESP,Spain,0,W00,World,H6,HS,TRUE,2601,Iron ores and concentrates,Iron,4,FALSE,C00,TOTAL CPC,0,0,TOTAL MOT,8,kg,511123,FALSE,8,kg,511123,FALSE,511123,FALSE,0,FALSE,167627.208,,167627.208,0,FALSE,TRUE,
C,A,20220101,2022,52,2022,276,DEU,Germany,M,Import,752,SWE,Sweden,0,W00,World,H6,HS,TRUE,2601,Iron ores and concentrates,Iron,4,FALSE,C00,TOTAL CPC,0,0,TOTAL MOT,8,kg,4317611045,FALSE,8,kg,4317611045,FALSE,4317611045,FALSE,0,FALSE,680538174.1,,680538174.1,0,FALSE,TRUE,
C,A,20220101,2022,52,2022,276,DEU,Germany,M,Import,757,CHE,Switzerland,0,W00,World,H6,HS,TRUE,2601,Iron ores and concentrates,Iron,4,FALSE,C00,TOTAL CPC,0,0,TOTAL MOT,8,kg,23851,FALSE,8,kg,23851,FALSE,23851,FALSE,0,FALSE,5003.212,,5003.212,0,FALSE,TRUE,
C,A,20220101,2022,52,2022,276,DEU,Germany,M,Import,792,TUR,Turkey,0,W00,World,H6,HS,TRUE,2601,Iron ores and concentrates,Iron,4,FALSE,C00,TOTAL CPC,0,0,TOTAL MOT,8,kg,3324923.622,TRUE,-1,N/A,0,FALSE,3324923.622,TRUE,0,FALSE,620400.466,,620400.466,6,FALSE,TRUE,
C,A,20220101,2022,52,2022,276,DEU,Germany,M,Import,804,UKR,Ukraine,0,W00,World,H6,HS,TRUE,2601,Iron ores and concentrates,Iron,4,FALSE,C00,TOTAL CPC,0,0,TOTAL MOT,8,kg,423719873,FALSE,8,kg,423719873,FALSE,423719873,FALSE,0,FALSE,54349471.6,,54349471.6,0,FALSE,TRUE,
C,A,20220101,2022,52,2022,276,DEU,Germany,M,Import,826,GBR,United Kingdom,0,W00,World,H6,HS,TRUE,2601,Iron ores and concentrates,Iron,4,FALSE,C00,TOTAL CPC,0,0,TOTAL MOT,8,kg,36897.324,TRUE,-1,N/A,0,FALSE,36897.324,TRUE,0,FALSE,4959.798,,4959.798,6,FALSE,TRUE,
C,A,20220101,2022,52,2022,276,DEU,Germany,M,Import,842,USA,USA,0,W00,World,H6,HS,TRUE,2601,Iron ores and concentrates,Iron,4,FALSE,C00,TOTAL CPC,0,0,TOTAL MOT,8,kg,706877180,FALSE,8,kg,706877180,FALSE,706877180,FALSE,0,FALSE,130103114,,130103114,0,FALSE,TRUE,
C,A,20220101,2022,52,2022,276,DEU,Germany,M,Import,0,W00,World,0,W00,World,H6,HS,TRUE,2603,Copper ores and concentrates,Copper,4,FALSE,C00,TOTAL CPC,0,0,TOTAL MOT,8,kg,964197713.5,TRUE,-1,N/A,0,FALSE,964197713.5,TRUE,0,FALSE,2668082957,,2668082957,6,FALSE,TRUE,
C,A,20220101,2022,52,2022,276,DEU,Germany,M,Import,36,AUS,Australia,0,W00,World,H6,HS,TRUE,2603,Copper ores and concentrates,Copper,4,FALSE,C00,TOTAL CPC,0,0,TOTAL MOT,8,kg,81888169.25,TRUE,-1,N/A,0,FALSE,81888169.25,TRUE,0,FALSE,370306386.2,,370306386.2,6,FALSE,TRUE,
C,A,20220101,2022,52,2022,276,DEU,Germany,M,Import,76,BRA,Brazil,0,W00,World,H6,HS,TRUE,2603,Copper ores and concentrates,Copper,4,FALSE,C00,TOTAL CPC,0,0,TOTAL MOT,8,kg,191553679,FALSE,8,kg,191553679,FALSE,191553679,FALSE,0,FALSE,629724474.3,,629724474.3,0,FALSE,TRUE,
C,A,20220101,2022,52,2022,276,DEU,Germany,M,Import,124,CAN,Canada,0,W00,World,H6,HS,TRUE,2603,Copper ores and concentrates,Copper,4,FALSE,C00,TOTAL CPC,0,0,TOTAL MOT,8,kg,52260890,FALSE,8,kg,52260890,FALSE,52260890,FALSE,0,FALSE,200838738.7,,200838738.7,0,FALSE,TRUE,
C,A,20220101,2022,52,2022,276,DEU,Germany,M,Import,152,CHL,Chile,0,W00,World,H6,HS,TRUE,2603,Copper ores and concentrates,Copper,4,FALSE,C00,TOTAL CPC,0,0,TOTAL MOT,8,kg,227537735.7,TRUE,-1,N/A,0,FALSE,227537735.7,TRUE,0,FALSE,493473766.5,,493473766.5,6,FALSE,TRUE,
C,A,20220101,2022,52,2022,276,DEU,Germany,M,Import,156,CHN,China,0,W00,World,H6,HS,TRUE,2603,Copper ores and concentrates,Copper,4,FALSE,C00,TOTAL CPC,0,0,TOTAL MOT,8,kg,9425,FALSE,8,kg,9425,FALSE,9425,FALSE,0,FALSE,49401.032,,49401.032,0,FALSE,TRUE,
C,A,20220101,2022,52,2022,276,DEU,Germany,M,Import,246,FIN,Finland,0,W00,World,H6,HS,TRUE,2603,Copper ores and concentrates,Copper,4,FALSE,C00,TOTAL CPC,0,0,TOTAL MOT,8,kg,306775,FALSE,8,kg,306775,FALSE,306775,FALSE,0,FALSE,7096731.309,,7096731.309,0,FALSE,TRUE,
C,A,20220101,2022,52,2022,276,DEU,Germany,M,Import,251,FRA,France,0,W00,World,H6,HS,TRUE,2603,Copper ores and concentrates,Copper,4,FALSE,C00,TOTAL CPC,0,0,TOTAL MOT,8,kg,285,TRUE,-1,N/A,0,FALSE,285,TRUE,0,FALSE,2468.251,,2468.251,6,FALSE,TRUE,
C,A,20220101,2022,52,2022,276,DEU,Germany,M,Import,360,IDN,Indonesia,0,W00,World,H6,HS,TRUE,2603,Copper ores and concentrates,Copper,4,FALSE,C00,TOTAL CPC,0,0,TOTAL MOT,8,kg,90067000,FALSE,8,kg,90067000,FALSE,90067000,FALSE,0,FALSE,254875399.9,,254875399.9,0,FALSE,TRUE,
C,A,20220101,2022,52,2022,276,DEU,Germany,M,Import,380,ITA,Italy,0,W00,World,H6,HS,TRUE,2603,Copper ores and concentrates,Copper,4,FALSE,C00,TOTAL CPC,0,0,TOTAL MOT,8,kg,153,FALSE,8,kg,153,FALSE,153,FALSE,0,FALSE,781.454,,781.454,0,FALSE,TRUE,
C,A,20220101,2022,52,2022,276,DEU,Germany,M,Import,398,KAZ,Kazakhstan,0,W00,World,H6,HS,TRUE,2603,Copper ores and concentrates,Copper,4,FALSE,C00,TOTAL CPC,0,0,TOTAL MOT,8,kg,85,FALSE,8,kg,85,FALSE,85,FALSE,0,FALSE,214.953,,214.953,0,FALSE,TRUE,
C,A,20220101,2022,52,2022,276,DEU,Germany,M,Import,484,MEX,Mexico,0,W00,World,H6,HS,TRUE,2603,Copper ores and concentrates,Copper,4,FALSE,C00,TOTAL CPC,0,0,TOTAL MOT,8,kg,21124000,FALSE,8,kg,21124000,FALSE,21124000,FALSE,0,FALSE,32291421.68,,32291421.68,0,FALSE,TRUE,
C,A,20220101,2022,52,2022,276,DEU,Germany,M,Import,504,MAR,Morocco,0,W00,World,H6,HS,TRUE,2603,Copper ores and concentrates,Copper,4,FALSE,C00,TOTAL CPC,0,0,TOTAL MOT,8,kg,20090200,FALSE,8,kg,20090200,FALSE,20090200,FALSE,0,FALSE,29696015.52,,29696015.52,0,FALSE,TRUE,
C,A,20220101,2022,52,2022,276,DEU,Germany,M,Import,591,PAN,Panama,0,W00,World,H6,HS,TRUE,2603,Copper ores and concentrates,Copper,4,FALSE,C00,TOTAL CPC,0,0,TOTAL MOT,8,kg,62538500,FALSE,8,kg,62538500,FALSE,62538500,FALSE,0,FALSE,137570401.8,,137570401.8,0,FALSE,TRUE,
C,A,20220101,2022,52,2022,276,DEU,Germany,M,Import,598,PNG,Papua New Guinea,0,W00,World,H6,HS,TRUE,2603,Copper ores and concentrates,Copper,4,FALSE,C00,TOTAL CPC,0,0,TOTAL MOT,8,kg,12189,FALSE,8,kg,12189,FALSE,12189,FALSE,0,FALSE,6280650.702,,6280650.702,0,FALSE,TRUE,
C,A,20220101,2022,52,2022,276,DEU,Germany,M,Import,604,PER,Peru,0,W00,World,H6,HS,TRUE,2603,Copper ores and concentrates,Copper,4,FALSE,C00,TOTAL CPC,0,0,TOTAL MOT,8,kg,164972043.4,TRUE,-1,N/A,0,FALSE,164972043.4,TRUE,0,FALSE,422183209.9,,422183209.9,6,FALSE,TRUE,
C,A,20220101,2022,52,2022,276,DEU,Germany,M,Import,620,PRT,Portugal,0,W00,World,H6,HS,TRUE,2603,Copper ores and concentrates,Copper,4,FALSE,C00,TOTAL CPC,0,0,TOTAL MOT,8,kg,5702971,FALSE,8,kg,5702971,FALSE,5702971,FALSE,0,FALSE,9188495.564,,9188495.564,0,FALSE,TRUE,
C,A,20220101,2022,52,2022,276,DEU,Germany,M,Import,643,RUS,Russia,0,W00,World,H6,HS,TRUE,2603,Copper ores and concentrates,Copper,4,FALSE,C00,TOTAL CPC,0,0,TOTAL MOT,8,kg,19,FALSE,8,kg,19,FALSE,19,FALSE,0,FALSE,45.532,,45.532,0,FALSE,TRUE,
C,A,20220101,2022,52,2022,276,DEU,Germany,M,Import,724,ESP,Spain,0,W00,World,H6,HS,TRUE,2603,Copper ores and concentrates,Copper,4,FALSE,C00,TOTAL CPC,0,0,TOTAL MOT,8,kg,33531500,FALSE,8,kg,33531500,FALSE,33531500,FALSE,0,FALSE,18528010.85,,18528010.85,0,FALSE,TRUE,
C,A,20220101,2022,52,2022,276,DEU,Germany,M,Import,792,TUR,Turkey,0,W00,World,H6,HS,TRUE,2603,Copper ores and concentrates,Copper,4,FALSE,C00,TOTAL CPC,0,0,TOTAL MOT,8,kg,5880593,FALSE,8,kg,5880593,FALSE,5880593,FALSE,0,FALSE,11565248.1,,11565248.1,0,FALSE,TRUE,
C,A,20220101,2022,52,2022,276,DEU,Germany,M,Import,826,GBR,United Kingdom,0,W00,World,H6,HS,TRUE,2603,Copper ores and concentrates,Copper,4,FALSE,C00,TOTAL CPC,0,0,TOTAL MOT,8,kg,45,FALSE,8,kg,45,FALSE,45,FALSE,0,FALSE,111.182,,111.182,0,FALSE,TRUE,
C,A,20220101,2022,52,2022,276,DEU,Germany,M,Import,834,TZA,Tanzania,0,W00,World,H6,HS,TRUE,2603,Copper ores and concentrates,Copper,4,FALSE,C00,TOTAL CPC,0,0,TOTAL MOT,8,kg,6681480,FALSE,8,kg,6681480,FALSE,6681480,FALSE,0,FALSE,44360673.81,,44360673.81,0,FALSE,TRUE,
C,A,20220101,2022,52,2022,276,DEU,Germany,M,Import,842,USA,USA,0,W00,World,H6,HS,TRUE,2603,Copper ores and concentrates,Copper,4,FALSE,C00,TOTAL CPC,0,0,TOTAL MOT,8,kg,36976.106,TRUE,-1,N/A,0,FALSE,36976.106,TRUE,0,FALSE,43746.608,,43746.608,6,FALSE,TRUE,
C,A,20220101,2022,52,2022,276,DEU,Germany,M,Import,860,UZB,Uzbekistan,0,W00,World,H6,HS,TRUE,2603,Copper ores and concentrates,Copper,4,FALSE,C00,TOTAL CPC,0,0,TOTAL MOT,8,kg,3000,FALSE,8,kg,3000,FALSE,3000,FALSE,0,FALSE,6562.944,,6562.944,0,FALSE,TRUE,
C,A,20220101,2022,52,2022,276,DEU,Germany,M,Import,0,W00,World,0,W00,World,H6,HS,TRUE,2604,Nickel ores and concentrates,Nickel,4,FALSE,C00,TOTAL CPC,0,0,TOTAL MOT,8,kg,1241215,FALSE,8,kg,1241215,FALSE,1241215,FALSE,0,FALSE,4039014.556,,4039014.556,0,FALSE,TRUE,
C,A,20220101,2022,52,2022,276,DEU,Germany,M,Import,76,BRA,Brazil,0,W00,World,H6,HS,TRUE,2604,Nickel ores and concentrates,Nickel,4,FALSE,C00,TOTAL CPC,0,0,TOTAL MOT,8,kg,21083,FALSE,8,kg,21083,FALSE,21083,FALSE,0,FALSE,14900.573,,14900.573,0,FALSE,TRUE,
C,A,20220101,2022,52,2022,276,DEU,Germany,M,Import,251,FRA,France,0,W00,World,H6,HS,TRUE,2604,Nickel ores and concentrates,Nickel,4,FALSE,C00,TOTAL CPC,0,0,TOTAL MOT,8,kg,23556,FALSE,8,kg,23556,FALSE,23556,FALSE,0,FALSE,80606.253,,80606.253,0,FALSE,TRUE,
C,A,20220101,2022,52,2022,276,DEU,Germany,M,Import,392,JPN,Japan,0,W00,World,H6,HS,TRUE,2604,Nickel ores and concentrates,Nickel,4,FALSE,C00,TOTAL CPC,0,0,TOTAL MOT,8,kg,35513,FALSE,8,kg,35513,FALSE,35513,FALSE,0,FALSE,233776.559,,233776.559,0,FALSE,TRUE,
C,A,20220101,2022,52,2022,276,DEU,Germany,M,Import,458,MYS,Malaysia,0,W00,World,H6,HS,TRUE,2604,Nickel ores and concentrates,Nickel,4,FALSE,C00,TOTAL CPC,0,0,TOTAL MOT,8,kg,841645,FALSE,8,kg,841645,FALSE,841645,FALSE,0,FALSE,3115785.785,,3115785.785,0,FALSE,TRUE,
C,A,20220101,2022,52,2022,276,DEU,Germany,M,Import,528,NLD,Netherlands,0,W00,World,H6,HS,TRUE,2604,Nickel ores and concentrates,Nickel,4,FALSE,C00,TOTAL CPC,0,0,TOTAL MOT,8,kg,14124,FALSE,8,kg,14124,FALSE,14124,FALSE,0,FALSE,63286.138,,63286.138,0,FALSE,TRUE,
C,A,20220101,2022,52,2022,276,DEU,Germany,M,Import,702,SGP,Singapore,0,W00,World,H6,HS,TRUE,2604,Nickel ores and concentrates,Nickel,4,FALSE,C00,TOTAL CPC,0,0,TOTAL MOT,8,kg,25462,FALSE,8,kg,25462,FALSE,25462,FALSE,0,FALSE,126712.048,,126712.048,0,FALSE,TRUE,
C,A,20220101,2022,52,2022,276,DEU,Germany,M,Import,764,THA,Thailand,0,W00,World,H6,HS,TRUE,2604,Nickel ores and concentrates,Nickel,4,FALSE,C00,TOTAL CPC,0,0,TOTAL MOT,8,kg,175311,FALSE,8,kg,175311,FALSE,175311,FALSE,0,FALSE,351635.304,,351635.304,0,FALSE,TRUE,
C,A,20220101,2022,52,2022,276,DEU,Germany,M,Import,834,TZA,Tanzania,0,W00,World,H6,HS,TRUE,2604,Nickel ores and concentrates,Nickel,4,FALSE,C00,TOTAL CPC,0,0,TOTAL MOT,8,kg,3,FALSE,8,kg,3,FALSE,3,FALSE,0,FALSE,27.531,,27.531,0,FALSE,TRUE,
C,A,20220101,2022,52,2022,276,DEU,Germany,M,Import,842,USA,USA,0,W00,World,H6,HS,TRUE,2604,Nickel ores and concentrates,Nickel,4,FALSE,C00,TOTAL CPC,0,0,TOTAL MOT,8,kg,104518,FALSE,8,kg,104518,FALSE,104518,FALSE,0,FALSE,52284.365,,52284.365,0,FALSE,TRUE,
C,A,20220101,2022,52,2022,276,DEU,Germany,M,Import,0,W00,World,0,W00,World,H6,HS,TRUE,2606,Aluminium ores and concentrates,Aluminium,4,FALSE,C00,TOTAL CPC,0,0,TOTAL MOT,8,kg,2683347746,TRUE,-1,N/A,0,FALSE,2683347746,TRUE,0,FALSE,192951827,,192951827,6,FALSE,TRUE,
C,A,20220101,2022,52,2022,276,DEU,Germany,M,Import,56,BEL,Belgium,0,W00,World,H6,HS,TRUE,2606,Aluminium ores and concentrates,Aluminium,4,FALSE,C00,TOTAL CPC,0,0,TOTAL MOT,8,kg,2850,FALSE,8,kg,2850,FALSE,2850,FALSE,0,FALSE,3950.685,,3950.685,0,FALSE,TRUE,
C,A,20220101,2022,52,2022,276,DEU,Germany,M,Import,76,BRA,Brazil,0,W00,World,H6,HS,TRUE,2606,Aluminium ores and concentrates,Aluminium,4,FALSE,C00,TOTAL CPC,0,0,TOTAL MOT,8,kg,1717750,FALSE,8,kg,1717750,FALSE,1717750,FALSE,0,FALSE,753744.286,,753744.286,0,FALSE,TRUE,
C,A,20220101,2022,52,2022,276,DEU,Germany,M,Import,156,CHN,China,0,W00,World,H6,HS,TRUE,2606,Aluminium ores and concentrates,Aluminium,4,FALSE,C00,TOTAL CPC,0,0,TOTAL MOT,8,kg,42928571,FALSE,8,kg,42928571,FALSE,42928571,FALSE,0,FALSE,22080741.74,,22080741.74,0,FALSE,TRUE,
C,A,20220101,2022,52,2022,276,DEU,Germany,M,Import,251,FRA,France,0,W00,World,H6,HS,TRUE,2606,Aluminium ores and concentrates,Aluminium,4,FALSE,C00,TOTAL CPC,0,0,TOTAL MOT,8,kg,118276.497,TRUE,-1,N/A,0,FALSE,118276.497,TRUE,0,FALSE,79086.759,,79086.759,6,FALSE,TRUE,
C,A,20220101,2022,52,2022,276,DEU,Germany,M,Import,300,GRC,Greece,0,W00,World,H6,HS,TRUE,2606,Aluminium ores and concentrates,Aluminium,4,FALSE,C00,TOTAL CPC,0,0,TOTAL MOT,8,kg,740153,FALSE,8,kg,740153,FALSE,740153,FALSE,0,FALSE,185124.156,,185124.156,0,FALSE,TRUE,
C,A,20220101,2022,52,2022,276,DEU,Germany,M,Import,324,GIN,Guinea,0,W00,World,H6,HS,TRUE,2606,Aluminium ores and concentrates,Aluminium,4,FALSE,C00,TOTAL CPC,0,0,TOTAL MOT,8,kg,2582603763,FALSE,8,kg,2582603763,FALSE,2582603763,FALSE,0,FALSE,156511516,,156511516,0,FALSE,TRUE,
C,A,20220101,2022,52,2022,276,DEU,Germany,M,Import,328,GUY,Guyana,0,W00,World,H6,HS,TRUE,2606,Aluminium ores and concentrates,Aluminium,4,FALSE,C00,TOTAL CPC,0,0,TOTAL MOT,8,kg,18727335,FALSE,8,kg,18727335,FALSE,18727335,FALSE,0,FALSE,8037712.219,,8037712.219,0,FALSE,TRUE,
C,A,20220101,2022,52,2022,276,DEU,Germany,M,Import,380,ITA,Italy,0,W00,World,H6,HS,TRUE,2606,Aluminium ores and concentrates,Aluminium,4,FALSE,C00,TOTAL CPC,0,0,TOTAL MOT,8,kg,9466,FALSE,8,kg,9466,FALSE,9466,FALSE,0,FALSE,3017.811,,3017.811,0,FALSE,TRUE,
C,A,20220101,2022,52,2022,276,DEU,Germany,M,Import,442,LUX,Luxembourg,0,W00,World,H6,HS,TRUE,2606,Aluminium ores and concentrates,Aluminium,4,FALSE,C00,TOTAL CPC,0,0,TOTAL MOT,8,kg,505639,FALSE,8,kg,505639,FALSE,505639,FALSE,0,FALSE,139991.474,,139991.474,0,FALSE,TRUE,
C,A,20220101,2022,52,2022,276,DEU,Germany,M,Import,528,NLD,Netherlands,0,W00,World,H6,HS,TRUE,2606,Aluminium ores and concentrates,Aluminium,4,FALSE,C00,TOTAL CPC,0,0,TOTAL MOT,8,kg,2359660,FALSE,8,kg,2359660,FALSE,2359660,FALSE,0,FALSE,1513365.36,,1513365.36,0,FALSE,TRUE,
C,A,20220101,2022,52,2022,276,DEU,Germany,M,Import,616,POL,Poland,0,W00,World,H6,HS,TRUE,2606,Aluminium ores and concentrates,Aluminium,4,FALSE,C00,TOTAL CPC,0,0,TOTAL MOT,8,kg,24280,FALSE,8,kg,24280,FALSE,24280,FALSE,0,FALSE,11118.25,,11118.25,0,FALSE,TRUE,
C,A,20220101,2022,52,2022,276,DEU,Germany,M,Import,699,IND,India,0,W00,World,H6,HS,TRUE,2606,Aluminium ores and concentrates,Aluminium,4,FALSE,C00,TOTAL CPC,0,0,TOTAL MOT,8,kg,3733,FALSE,8,kg,3733,FALSE,3733,FALSE,0,FALSE,324.018,,324.018,0,FALSE,TRUE,
C,A,20220101,2022,52,2022,276,DEU,Germany,M,Import,705,SVN,Slovenia,0,W00,World,H6,HS,TRUE,2606,Aluminium ores and concentrates,Aluminium,4,FALSE,C00,TOTAL CPC,0,0,TOTAL MOT,8,kg,24000,FALSE,8,kg,24000,FALSE,24000,FALSE,0,FALSE,8441.399,,8441.399,0,FALSE,TRUE,
C,A,20220101,2022,52,2022,276,DEU,Germany,M,Import,724,ESP,Spain,0,W00,World,H6,HS,TRUE,2606,Aluminium ores and concentrates,Aluminium,4,FALSE,C00,TOTAL CPC,0,0,TOTAL MOT,8,kg,2553670,FALSE,8,kg,2553670,FALSE,2553670,FALSE,0,FALSE,1028910.384,,1028910.384,0,FALSE,TRUE,
C,A,20220101,2022,52,2022,276,DEU,Germany,M,Import,792,TUR,Turkey,0,W00,World,H6,HS,TRUE,2606,Aluminium ores and concentrates,Aluminium,4,FALSE,C00,TOTAL CPC,0,0,TOTAL MOT,8,kg,30602139,FALSE,8,kg,30602139,FALSE,30602139,FALSE,0,FALSE,2572202.896,,2572202.896,0,FALSE,TRUE,
C,A,20220101,2022,52,2022,276,DEU,Germany,M,Import,826,GBR,United Kingdom,0,W00,World,H6,HS,TRUE,2606,Aluminium ores and concentrates,Aluminium,4,FALSE,C00,TOTAL CPC,0,0,TOTAL MOT,8,kg,2401,FALSE,8,kg,2401,FALSE,2401,FALSE,0,FALSE,128.125,,128.125,0,FALSE,TRUE,
C,A,20220101,2022,52,2022,276,DEU,Germany,M,Import,842,USA,USA,0,W00,World,H6,HS,TRUE,2606,Aluminium ores and concentrates,Aluminium,4,FALSE,C00,TOTAL CPC,0,0,TOTAL MOT,8,kg,424060,FALSE,8,kg,424060,FALSE,424060,FALSE,0,FALSE,22451.453,,22451.453,0,FALSE,TRUE,
C,A,20220101,2022,52,2022,276,DEU,Germany,M,Import,0,W00,World,0,W00,World,H6,HS,TRUE,2607,Lead ores and concentrates,Lead,4,FALSE,C00,TOTAL CPC,0,0,TOTAL MOT,8,kg,79703042.41,TRUE,-1,N/A,0,FALSE,79703042.41,TRUE,0,FALSE,132998975.5,,132998975.5,6,FALSE,TRUE,
C,A,20220101,2022,52,2022,276,DEU,Germany,M,Import,70,BIH,Bosnia and Herzegovina,0,W00,World,H6,HS,TRUE,2607,Lead ores and concentrates,Lead,4,FALSE,C00,TOTAL CPC,0,0,TOTAL MOT,8,kg,3862560,FALSE,8,kg,3862560,FALSE,3862560,FALSE,0,FALSE,4269626.12,,4269626.12,0,FALSE,TRUE,
C,A,20220101,2022,52,2022,276,DEU,Germany,M,Import,100,BGR,Bulgaria,0,W00,World,H6,HS,TRUE,2607,Lead ores and concentrates,Lead,4,FALSE,C00,TOTAL CPC,0,0,TOTAL MOT,8,kg,1143510,FALSE,8,kg,1143510,FALSE,1143510,FALSE,0,FALSE,1640406.72,,1640406.72,0,FALSE,TRUE,
C,A,20220101,2022,52,2022,276,DEU,Germany,M,Import,208,DNK,Denmark,0,W00,World,H6,HS,TRUE,2607,Lead ores and concentrates,Lead,4,FALSE,C00,TOTAL CPC,0,0,TOTAL MOT,8,kg,15840,FALSE,8,kg,15840,FALSE,15840,FALSE,0,FALSE,32148.685,,32148.685,0,FALSE,TRUE,
C,A,20220101,2022,52,2022,276,DEU,Germany,M,Import,372,IRL,Ireland,0,W00,World,H6,HS,TRUE,2607,Lead ores and concentrates,Lead,4,FALSE,C00,TOTAL CPC,0,0,TOTAL MOT,8,kg,13775000,FALSE,8,kg,13775000,FALSE,13775000,FALSE,0,FALSE,11363596.93,,11363596.93,0,FALSE,TRUE,
C,A,20220101,2022,52,2022,276,DEU,Germany,M,Import,504,MAR,Morocco,0,W00,World,H6,HS,TRUE,2607,Lead ores and concentrates,Lead,4,FALSE,C00,TOTAL CPC,0,0,TOTAL MOT,8,kg,13943300,FALSE,8,kg,13943300,FALSE,13943300,FALSE,0,FALSE,31441973.61,,31441973.61,0,FALSE,TRUE,
C,A,20220101,2022,52,2022,276,DEU,Germany,M,Import,528,NLD,Netherlands,0,W00,World,H6,HS,TRUE,2607,Lead ores and concentrates,Lead,4,FALSE,C00,TOTAL CPC,0,0,TOTAL MOT,8,kg,24280,FALSE,8,kg,24280,FALSE,24280,FALSE,0,FALSE,50141.19,,50141.19,0,FALSE,TRUE,
C,A,20220101,2022,52,2022,276,DEU,Germany,M,Import,724,ESP,Spain,0,W00,World,H6,HS,TRUE,2607,Lead ores and concentrates,Lead,4,FALSE,C00,TOTAL CPC,0,0,TOTAL MOT,8,kg,6181680,FALSE,8,kg,6181680,FALSE,6181680,FALSE,0,FALSE,14699815.25,,14699815.25,0,FALSE,TRUE,
C,A,20220101,2022,52,2022,276,DEU,Germany,M,Import,752,SWE,Sweden,0,W00,World,H6,HS,TRUE,2607,Lead ores and concentrates,Lead,4,FALSE,C00,TOTAL CPC,0,0,TOTAL MOT,8,kg,20026561,FALSE,8,kg,20026561,FALSE,20026561,FALSE,0,FALSE,42186276.6,,42186276.6,0,FALSE,TRUE,
C,A,20220101,2022,52,2022,276,DEU,Germany,M,Import,788,TUN,Tunisia,0,W00,World,H6,HS,TRUE,2607,Lead ores and concentrates,Lead,4,FALSE,C00,TOTAL CPC,0,0,TOTAL MOT,8,kg,3249970,FALSE,8,kg,3249970,FALSE,3249970,FALSE,0,FALSE,3729485.653,,3729485.653,0,FALSE,TRUE,
C,A,20220101,2022,52,2022,276,DEU,Germany,M,Import,792,TUR,Turkey,0,W00,World,H6,HS,TRUE,2607,Lead ores and concentrates,Lead,4,FALSE,C00,TOTAL CPC,0,0,TOTAL MOT,8,kg,3448976,FALSE,8,kg,3448976,FALSE,3448976,FALSE,0,FALSE,4031561.093,,4031561.093,0,FALSE,TRUE,
C,A,20220101,2022,52,2022,276,DEU,Germany,M,Import,807,MKD,North Macedonia,0,W00,World,H6,HS,TRUE,2607,Lead ores and concentrates,Lead,4,FALSE,C00,TOTAL CPC,0,0,TOTAL MOT,8,kg,3017420,FALSE,8,kg,3017420,FALSE,3017420,FALSE,0,FALSE,4305702.194,,4305702.194,0,FALSE,TRUE,
C,A,20220101,2022,52,2022,276,DEU,Germany,M,Import,842,USA,USA,0,W00,World,H6,HS,TRUE,2607,Lead ores and concentrates,Lead,4,FALSE,C00,TOTAL CPC,0,0,TOTAL MOT,8,kg,11013945.41,TRUE,-1,N/A,0,FALSE,11013945.41,TRUE,0,FALSE,15248241.46,,15248241.46,6,FALSE,TRUE,
C,A,20220101,2022,52,2022,276,DEU,Germany,M,Import,0,W00,World,0,W00,World,H6,HS,TRUE,2608,Zinc ores and concentrates,Zinc,4,FALSE,C00,TOTAL CPC,0,0,TOTAL MOT,8,kg,277404464,TRUE,-1,N/A,0,FALSE,277404464,TRUE,0,FALSE,343690546.3,,343690546.3,6,FALSE,TRUE,
C,A,20220101,2022,52,2022,276,DEU,Germany,M,Import,36,AUS,Australia,0,W00,World,H6,HS,TRUE,2608,Zinc ores and concentrates,Zinc,4,FALSE,C00,TOTAL CPC,0,0,TOTAL MOT,8,kg,72783307.58,TRUE,-1,N/A,0,FALSE,72783307.58,TRUE,0,FALSE,78310020.33,,78310020.33,6,FALSE,TRUE,
C,A,20220101,2022,52,2022,276,DEU,Germany,M,Import,56,BEL,Belgium,0,W00,World,H6,HS,TRUE,2608,Zinc ores and concentrates,Zinc,4,FALSE,C00,TOTAL CPC,0,0,TOTAL MOT,8,kg,1237860,FALSE,8,kg,1237860,FALSE,1237860,FALSE,0,FALSE,1249181.975,,1249181.975,0,FALSE,TRUE,
C,A,20220101,2022,52,2022,276,DEU,Germany,M,Import,68,BOL,Bolivia,0,W00,World,H6,HS,TRUE,2608,Zinc ores and concentrates,Zinc,4,FALSE,C00,TOTAL CPC,0,0,TOTAL MOT,8,kg,11000100,FALSE,8,kg,11000100,FALSE,11000100,FALSE,0,FALSE,13750221.41,,13750221.41,0,FALSE,TRUE,
C,A,20220101,2022,52,2022,276,DEU,Germany,M,Import,380,ITA,Italy,0,W00,World,H6,HS,TRUE,2608,Zinc ores and concentrates,Zinc,4,FALSE,C00,TOTAL CPC,0,0,TOTAL MOT,8,kg,22914820,FALSE,8,kg,22914820,FALSE,22914820,FALSE,0,FALSE,34505037.71,,34505037.71,0,FALSE,TRUE,
C,A,20220101,2022,52,2022,276,DEU,Germany,M,Import,392,JPN,Japan,0,W00,World,H6,HS,TRUE,2608,Zinc ores and concentrates,Zinc,4,FALSE,C00,TOTAL CPC,0,0,TOTAL MOT,8,kg,1,FALSE,8,kg,1,FALSE,1,FALSE,0,FALSE,1.059,,1.059,0,FALSE,TRUE,
C,A,20220101,2022,52,2022,276,DEU,Germany,M,Import,484,MEX,Mexico,0,W00,World,H6,HS,TRUE,2608,Zinc ores and concentrates,Zinc,4,FALSE,C00,TOTAL CPC,0,0,TOTAL MOT,8,kg,1,FALSE,8,kg,1,FALSE,1,FALSE,0,FALSE,1.059,,1.059,0,FALSE,TRUE,
C,A,20220101,2022,52,2022,276,DEU,Germany,M,Import,504,MAR,Morocco,0,W00,World,H6,HS,TRUE,2608,Zinc ores and concentrates,Zinc,4,FALSE,C00,TOTAL CPC,0,0,TOTAL MOT,8,kg,1.709,TRUE,-1,N/A,0,FALSE,1.709,TRUE,0,FALSE,2.118,,2.118,6,FALSE,TRUE,
C,A,20220101,2022,52,2022,276,DEU,Germany,M,Import,528,NLD,Netherlands,0,W00,World,H6,HS,TRUE,2608,Zinc ores and concentrates,Zinc,4,FALSE,C00,TOTAL CPC,0,0,TOTAL MOT,8,kg,48000,FALSE,8,kg,48000,FALSE,48000,FALSE,0,FALSE,136328.805,,136328.805,0,FALSE,TRUE,
C,A,20220101,2022,52,2022,276,DEU,Germany,M,Import,604,PER,Peru,0,W00,World,H6,HS,TRUE,2608,Zinc ores and concentrates,Zinc,4,FALSE,C00,TOTAL CPC,0,0,TOTAL MOT,8,kg,51187167.86,TRUE,-1,N/A,0,FALSE,51187167.86,TRUE,0,FALSE,65675414.72,,65675414.72,6,FALSE,TRUE,
C,A,20220101,2022,52,2022,276,DEU,Germany,M,Import,616,POL,Poland,0,W00,World,H6,HS,TRUE,2608,Zinc ores and concentrates,Zinc,4,FALSE,C00,TOTAL CPC,0,0,TOTAL MOT,8,kg,450,FALSE,8,kg,450,FALSE,450,FALSE,0,FALSE,7197.214,,7197.214,0,FALSE,TRUE,
C,A,20220101,2022,52,2022,276,DEU,Germany,M,Import,620,PRT,Portugal,0,W00,World,H6,HS,TRUE,2608,Zinc ores and concentrates,Zinc,4,FALSE,C00,TOTAL CPC,0,0,TOTAL MOT,8,kg,14093276,FALSE,8,kg,14093276,FALSE,14093276,FALSE,0,FALSE,11870919.5,,11870919.5,0,FALSE,TRUE,
C,A,20220101,2022,52,2022,276,DEU,Germany,M,Import,699,IND,India,0,W00,World,H6,HS,TRUE,2608,Zinc ores and concentrates,Zinc,4,FALSE,C00,TOTAL CPC,0,0,TOTAL MOT,8,kg,0.855,TRUE,-1,N/A,0,FALSE,0.855,TRUE,0,FALSE,1.059,,1.059,6,FALSE,TRUE,
C,A,20220101,2022,52,2022,276,DEU,Germany,M,Import,710,ZAF,South Africa,0,W00,World,H6,HS,TRUE,2608,Zinc ores and concentrates,Zinc,4,FALSE,C00,TOTAL CPC,0,0,TOTAL MOT,8,kg,7.709,TRUE,-1,N/A,0,FALSE,7.709,TRUE,0,FALSE,8.471,,8.471,6,FALSE,TRUE,
C,A,20220101,2022,52,2022,276,DEU,Germany,M,Import,724,ESP,Spain,0,W00,World,H6,HS,TRUE,2608,Zinc ores and concentrates,Zinc,4,FALSE,C00,TOTAL CPC,0,0,TOTAL MOT,8,kg,2500,FALSE,8,kg,2500,FALSE,2500,FALSE,0,FALSE,804.75,,804.75,0,FALSE,TRUE,
C,A,20220101,2022,52,2022,276,DEU,Germany,M,Import,752,SWE,Sweden,0,W00,World,H6,HS,TRUE,2608,Zinc ores and concentrates,Zinc,4,FALSE,C00,TOTAL CPC,0,0,TOTAL MOT,8,kg,38856919,FALSE,8,kg,38856919,FALSE,38856919,FALSE,0,FALSE,46059735.12,,46059735.12,0,FALSE,TRUE,
C,A,20220101,2022,52,2022,276,DEU,Germany,M,Import,792,TUR,Turkey,0,W00,World,H6,HS,TRUE,2608,Zinc ores and concentrates,Zinc,4,FALSE,C00,TOTAL CPC,0,0,TOTAL MOT,8,kg,19364879,FALSE,8,kg,19364879,FALSE,19364879,FALSE,0,FALSE,31886400.77,,31886400.77,0,FALSE,TRUE,
C,A,20220101,2022,52,2022,276,DEU,Germany,M,Import,842,USA,USA,0,W00,World,H6,HS,TRUE,2608,Zinc ores and concentrates,Zinc,4,FALSE,C00,TOTAL CPC,0,0,TOTAL MOT,8,kg,13898672.26,TRUE,-1,N/A,0,FALSE,13898672.26,TRUE,0,FALSE,18966469.1,,18966469.1,6,FALSE,TRUE,
C,A,20220101,2022,52,2022,276,DEU,Germany,M,Import,854,BFA,Burkina Faso,0,W00,World,H6,HS,TRUE,2608,Zinc ores and concentrates,Zinc,4,FALSE,C00,TOTAL CPC,0,0,TOTAL MOT,8,kg,32016500,FALSE,8,kg,32016500,FALSE,32016500,FALSE,0,FALSE,41272801.18,,41272801.18,0,FALSE,TRUE,
C,A,20220101,2022,52,2022,276,DEU,Germany,M,Import,0,W00,World,0,W00,World,H6,HS,TRUE,2610,Chromium ores and concentrates,Chromium,4,FALSE,C00,TOTAL CPC,0,0,TOTAL MOT,8,kg,142480111.7,TRUE,-1,N/A,0,FALSE,142480111.7,TRUE,0,FALSE,43697648.09,,43697648.09,6,FALSE,TRUE,
C,A,20220101,2022,52,2022,276,DEU,Germany,M,Import,40,AUT,Austria,0,W00,World,H6,HS,TRUE,2610,Chromium ores and concentrates,Chromium,4,FALSE,C00,TOTAL CPC,0,0,TOTAL MOT,8,kg,429175,FALSE,8,kg,429175,FALSE,429175,FALSE,0,FALSE,109066.856,,109066.856,0,FALSE,TRUE,
C,A,20220101,2022,52,2022,276,DEU,Germany,M,Import,156,CHN,China,0,W00,World,H6,HS,TRUE,2610,Chromium ores and concentrates,Chromium,4,FALSE,C00,TOTAL CPC,0,0,TOTAL MOT,8,kg,54022,FALSE,8,kg,54022,FALSE,54022,FALSE,0,FALSE,14508.787,,14508.787,0,FALSE,TRUE,
C,A,20220101,2022,52,2022,276,DEU,Germany,M,Import,208,DNK,Denmark,0,W00,World,H6,HS,TRUE,2610,Chromium ores and concentrates,Chromium,4,FALSE,C00,TOTAL CPC,0,0,TOTAL MOT,8,kg,142,FALSE,8,kg,142,FALSE,142,FALSE,0,FALSE,1698.445,,1698.445,0,FALSE,TRUE,
C,A,20220101,2022,52,2022,276,DEU,Germany,M,Import,251,FRA,France,0,W00,World,H6,HS,TRUE,2610,Chromium ores and concentrates,Chromium,4,FALSE,C00,TOTAL CPC,0,0,TOTAL MOT,8,kg,172800,FALSE,8,kg,172800,FALSE,172800,FALSE,0,FALSE,82466.707,,82466.707,0,FALSE,TRUE,
C,A,20220101,2022,52,2022,276,DEU,Germany,M,Import,380,ITA,Italy,0,W00,World,H6,HS,TRUE,2610,Chromium ores and concentrates,Chromium,4,FALSE,C00,TOTAL CPC,0,0,TOTAL MOT,8,kg,571570,FALSE,8,kg,571570,FALSE,571570,FALSE,0,FALSE,225567.055,,225567.055,0,FALSE,TRUE,
C,A,20220101,2022,52,2022,276,DEU,Germany,M,Import,398,KAZ,Kazakhstan,0,W00,World,H6,HS,TRUE,2610,Chromium ores and concentrates,Chromium,4,FALSE,C00,TOTAL CPC,0,0,TOTAL MOT,8,kg,18635,FALSE,8,kg,18635,FALSE,18635,FALSE,0,FALSE,1376.545,,1376.545,0,FALSE,TRUE,
C,A,20220101,2022,52,2022,276,DEU,Germany,M,Import,512,OMN,Oman,0,W00,World,H6,HS,TRUE,2610,Chromium ores and concentrates,Chromium,4,FALSE,C00,TOTAL CPC,0,0,TOTAL MOT,8,kg,96000,FALSE,8,kg,96000,FALSE,96000,FALSE,0,FALSE,70802.075,,70802.075,0,FALSE,TRUE,
C,A,20220101,2022,52,2022,276,DEU,Germany,M,Import,528,NLD,Netherlands,0,W00,World,H6,HS,TRUE,2610,Chromium ores and concentrates,Chromium,4,FALSE,C00,TOTAL CPC,0,0,TOTAL MOT,8,kg,7348520,FALSE,8,kg,7348520,FALSE,7348520,FALSE,0,FALSE,3152334.12,,3152334.12,0,FALSE,TRUE,
C,A,20220101,2022,52,2022,276,DEU,Germany,M,Import,616,POL,Poland,0,W00,World,H6,HS,TRUE,2610,Chromium ores and concentrates,Chromium,4,FALSE,C00,TOTAL CPC,0,0,TOTAL MOT,8,kg,23750,FALSE,8,kg,23750,FALSE,23750,FALSE,0,FALSE,15462.839,,15462.839,0,FALSE,TRUE,
C,A,20220101,2022,52,2022,276,DEU,Germany,M,Import,682,SAU,Saudi Arabia,0,W00,World,H6,HS,TRUE,2610,Chromium ores and concentrates,Chromium,4,FALSE,C00,TOTAL CPC,0,0,TOTAL MOT,8,kg,17.263,TRUE,-1,N/A,0,FALSE,17.263,TRUE,0,FALSE,5.294,,5.294,6,FALSE,TRUE,
C,A,20220101,2022,52,2022,276,DEU,Germany,M,Import,710,ZAF,South Africa,0,W00,World,H6,HS,TRUE,2610,Chromium ores and concentrates,Chromium,4,FALSE,C00,TOTAL CPC,0,0,TOTAL MOT,8,kg,99959098.45,TRUE,-1,N/A,0,FALSE,99959098.45,TRUE,0,FALSE,29449804.52,,29449804.52,6,FALSE,TRUE,
C,A,20220101,2022,52,2022,276,DEU,Germany,M,Import,792,TUR,Turkey,0,W00,World,H6,HS,TRUE,2610,Chromium ores and concentrates,Chromium,4,FALSE,C00,TOTAL CPC,0,0,TOTAL MOT,8,kg,33806379,FALSE,8,kg,33806379,FALSE,33806379,FALSE,0,FALSE,10574549.55,,10574549.55,0,FALSE,TRUE,
C,A,20220101,2022,52,2022,276,DEU,Germany,M,Import,826,GBR,United Kingdom,0,W00,World,H6,HS,TRUE,2610,Chromium ores and concentrates,Chromium,4,FALSE,C00,TOTAL CPC,0,0,TOTAL MOT,8,kg,3,FALSE,8,kg,3,FALSE,3,FALSE,0,FALSE,5.294,,5.294,0,FALSE,TRUE,
C,A,20220101,2022,52,2022,276,DEU,Germany,M,Import,0,W00,World,0,W00,World,H6,HS,TRUE,2613,Molybdenum ores and concentrates,Molybdenum,4,FALSE,C00,TOTAL CPC,0,0,TOTAL MOT,8,kg,2896557.799,TRUE,-1,N/A,0,FALSE,2896557.799,TRUE,0,FALSE,68567329.77,,68567329.77,6,FALSE,TRUE,
C,A,20220101,2022,52,2022,276,DEU,Germany,M,Import,56,BEL,Belgium,0,W00,World,H6,HS,TRUE,2613,Molybdenum ores and concentrates,Molybdenum,4,FALSE,C00,TOTAL CPC,0,0,TOTAL MOT,8,kg,281333,FALSE,8,kg,281333,FALSE,281333,FALSE,0,FALSE,5451309.729,,5451309.729,0,FALSE,TRUE,
C,A,20220101,2022,52,2022,276,DEU,Germany,M,Import,152,CHL,Chile,0,W00,World,H6,HS,TRUE,2613,Molybdenum ores and concentrates,Molybdenum,4,FALSE,C00,TOTAL CPC,0,0,TOTAL MOT,8,kg,204150,FALSE,8,kg,204150,FALSE,204150,FALSE,0,FALSE,5060775.375,,5060775.375,0,FALSE,TRUE,
C,A,20220101,2022,52,2022,276,DEU,Germany,M,Import,156,CHN,China,0,W00,World,H6,HS,TRUE,2613,Molybdenum ores and concentrates,Molybdenum,4,FALSE,C00,TOTAL CPC,0,0,TOTAL MOT,8,kg,12310,FALSE,8,kg,12310,FALSE,12310,FALSE,0,FALSE,311416.887,,311416.887,0,FALSE,TRUE,
C,A,20220101,2022,52,2022,276,DEU,Germany,M,Import,364,IRN,Iran,0,W00,World,H6,HS,TRUE,2613,Molybdenum ores and concentrates,Molybdenum,4,FALSE,C00,TOTAL CPC,0,0,TOTAL MOT,8,kg,20000,FALSE,8,kg,20000,FALSE,20000,FALSE,0,FALSE,469990.663,,469990.663,0,FALSE,TRUE,
C,A,20220101,2022,52,2022,276,DEU,Germany,M,Import,380,ITA,Italy,0,W00,World,H6,HS,TRUE,2613,Molybdenum ores and concentrates,Molybdenum,4,FALSE,C00,TOTAL CPC,0,0,TOTAL MOT,8,kg,6914,FALSE,8,kg,6914,FALSE,6914,FALSE,0,FALSE,228781.818,,228781.818,0,FALSE,TRUE,
C,A,20220101,2022,52,2022,276,DEU,Germany,M,Import,392,JPN,Japan,0,W00,World,H6,HS,TRUE,2613,Molybdenum ores and concentrates,Molybdenum,4,FALSE,C00,TOTAL CPC,0,0,TOTAL MOT,8,kg,787,FALSE,8,kg,787,FALSE,787,FALSE,0,FALSE,34683.646,,34683.646,0,FALSE,TRUE,
C,A,20220101,2022,52,2022,276,DEU,Germany,M,Import,410,KOR,South Korea,0,W00,World,H6,HS,TRUE,2613,Molybdenum ores and concentrates,Molybdenum,4,FALSE,C00,TOTAL CPC,0,0,TOTAL MOT,8,kg,12033,FALSE,8,kg,12033,FALSE,12033,FALSE,0,FALSE,307150.656,,307150.656,0,FALSE,TRUE,
C,A,20220101,2022,52,2022,276,DEU,Germany,M,Import,484,MEX,Mexico,0,W00,World,H6,HS,TRUE,2613,Molybdenum ores and concentrates,Molybdenum,4,FALSE,C00,TOTAL CPC,0,0,TOTAL MOT,8,kg,410000,FALSE,8,kg,410000,FALSE,410000,FALSE,0,FALSE,9770244.758,,9770244.758,0,FALSE,TRUE,
C,A,20220101,2022,52,2022,276,DEU,Germany,M,Import,528,NLD,Netherlands,0,W00,World,H6,HS,TRUE,2613,Molybdenum ores and concentrates,Molybdenum,4,FALSE,C00,TOTAL CPC,0,0,TOTAL MOT,8,kg,1949030,FALSE,8,kg,1949030,FALSE,1949030,FALSE,0,FALSE,46932957.18,,46932957.18,0,FALSE,TRUE,
C,A,20220101,2022,52,2022,276,DEU,Germany,M,Import,704,VNM,Vietnam,0,W00,World,H6,HS,TRUE,2613,Molybdenum ores and concentrates,Molybdenum,4,FALSE,C00,TOTAL CPC,0,0,TOTAL MOT,8,kg,0.038,TRUE,-1,N/A,0,FALSE,0.038,TRUE,0,FALSE,1.059,,1.059,6,FALSE,TRUE,
C,A,20220101,2022,52,2022,276,DEU,Germany,M,Import,757,CHE,Switzerland,0,W00,World,H6,HS,TRUE,2613,Molybdenum ores and concentrates,Molybdenum,4,FALSE,C00,TOTAL CPC,0,0,TOTAL MOT,8,kg,0.761,TRUE,-1,N/A,0,FALSE,0.761,TRUE,0,FALSE,18.001,,18.001,6,FALSE,TRUE,
C,A,20220101,2022,52,2022,276,DEU,Germany,M,Import,0,W00,World,0,W00,World,H6,HS,TRUE,8106,"Bismuth; articles thereof, including waste and scrap",Bismuth,4,FALSE,C00,TOTAL CPC,0,0,TOTAL MOT,8,kg,1362233.075,TRUE,-1,N/A,0,FALSE,1362233.075,TRUE,0,FALSE,15270778.686,,15270778.686,6,FALSE,TRUE,
C,A,20220101,2022,52,2022,276,DEU,Germany,M,Import,56,BEL,Belgium,0,W00,World,H6,HS,TRUE,8106,"Bismuth; articles thereof, including waste and scrap",Bismuth,4,FALSE,C00,TOTAL CPC,0,0,TOTAL MOT,8,kg,128382.729,TRUE,-1,N/A,0,FALSE,128382.729,TRUE,0,FALSE,1251002.192,,1251002.192,6,FALSE,TRUE,
C,A,20220101,2022,52,2022,276,DEU,Germany,M,Import,124,CAN,Canada,0,W00,World,H6,HS,TRUE,8106,"Bismuth; articles thereof, including waste and scrap",Bismuth,4,FALSE,C00,TOTAL CPC,0,0,TOTAL MOT,8,kg,8,FALSE,8,kg,8,FALSE,8,FALSE,0,FALSE,2273.417,,2273.417,0,FALSE,TRUE,
C,A,20220101,2022,52,2022,276,DEU,Germany,M,Import,156,CHN,China,0,W00,World,H6,HS,TRUE,8106,"Bismuth; articles thereof, including waste and scrap",Bismuth,4,FALSE,C00,TOTAL CPC,0,0,TOTAL MOT,8,kg,1164236.808,TRUE,-1,N/A,0,FALSE,1164236.808,TRUE,0,FALSE,11936539.408,,11936539.408,6,FALSE,TRUE,
C,A,20220101,2022,52,2022,276,DEU,Germany,M,Import,251,FRA,France,0,W00,World,H6,HS,TRUE,8106,"Bismuth; articles thereof, including waste and scrap",Bismuth,4,FALSE,C00,TOTAL CPC,0,0,TOTAL MOT,8,kg,11430.974,TRUE,-1,N/A,0,FALSE,11430.974,TRUE,0,FALSE,302209.918,,302209.918,6,FALSE,TRUE,
C,A,20220101,2022,52,2022,276,DEU,Germany,M,Import,344,HKG,"China, Hong Kong SAR",0,W00,World,H6,HS,TRUE,8106,"Bismuth; articles thereof, including waste and scrap",Bismuth,4,FALSE,C00,TOTAL CPC,0,0,TOTAL MOT,8,kg,100,FALSE,8,kg,100,FALSE,100,FALSE,0,FALSE,5533.712,,5533.712,0,FALSE,TRUE,
C,A,20220101,2022,52,2022,276,DEU,Germany,M,Import,380,ITA,Italy,0,W00,World,H6,HS,TRUE,8106,"Bismuth; articles thereof, including waste and scrap",Bismuth,4,FALSE,C00,TOTAL CPC,0,0,TOTAL MOT,8,kg,243,FALSE,8,kg,243,FALSE,243,FALSE,0,FALSE,3738.909,,3738.909,0,FALSE,TRUE,
C,A,20220101,2022,52,2022,276,DEU,Germany,M,Import,392,JPN,Japan,0,W00,World,H6,HS,TRUE,8106,"Bismuth; articles thereof, including waste and scrap",Bismuth,4,FALSE,C00,TOTAL CPC,0,0,TOTAL MOT,8,kg,20.729,TRUE,-1,N/A,0,FALSE,20.729,TRUE,0,FALSE,707.332,,707.332,6,FALSE,TRUE,
C,A,20220101,2022,52,2022,276,DEU,Germany,M,Import,528,NLD,Netherlands,0,W00,World,H6,HS,TRUE,8106,"Bismuth; articles thereof, including waste and scrap",Bismuth,4,FALSE,C00,TOTAL CPC,0,0,TOTAL MOT,8,kg,13260,FALSE,8,kg,13260,FALSE,13260,FALSE,0,FALSE,143380.952,,143380.952,0,FALSE,TRUE,
C,A,20220101,2022,52,2022,276,DEU,Germany,M,Import,616,POL,Poland,0,W00,World,H6,HS,TRUE,8106,"Bismuth; articles thereof, including waste and scrap",Bismuth,4,FALSE,C00,TOTAL CPC,0,0,TOTAL MOT,8,kg,11346,FALSE,8,kg,11346,FALSE,11346,FALSE,0,FALSE,267525.213,,267525.213,0,FALSE,TRUE,
C,A,20220101,2022,52,2022,276,DEU,Germany,M,Import,643,RUS,Russian Federation,0,W00,World,H6,HS,TRUE,8106,"Bismuth; articles thereof, including waste and scrap",Bismuth,4,FALSE,C00,TOTAL CPC,0,0,TOTAL MOT,8,kg,3162,FALSE,8,kg,3162,FALSE,3162,FALSE,0,FALSE,27870.805,,27870.805,0,FALSE,TRUE,
C,A,20220101,2022,52,2022,276,DEU,Germany,M,Import,792,TUR,Türkiye,0,W00,World,H6,HS,TRUE,8106,"Bismuth; articles thereof, including waste and scrap",Bismuth,4,FALSE,C00,TOTAL CPC,0,0,TOTAL MOT,8,kg,2239.843,TRUE,-1,N/A,0,FALSE,2239.843,TRUE,0,FALSE,11337.438,,11337.438,6,FALSE,TRUE,
C,A,20220101,2022,52,2022,276,DEU,Germany,M,Import,826,GBR,United Kingdom,0,W00,World,H6,HS,TRUE,8106,"Bismuth; articles thereof, including waste and scrap",Bismuth,4,FALSE,C00,TOTAL CPC,0,0,TOTAL MOT,8,kg,9534.723,TRUE,-1,N/A,0,FALSE,9534.723,TRUE,0,FALSE,581905.908,,581905.908,6,FALSE,TRUE,
C,A,20220101,2022,52,2022,276,DEU,Germany,M,Import,842,USA,USA,0,W00,World,H6,HS,TRUE,8106,"Bismuth; articles thereof, including waste and scrap",Bismuth,4,FALSE,C00,TOTAL CPC,0,0,TOTAL MOT,8,kg,18268.269,TRUE,-1,N/A,0,FALSE,18268.269,TRUE,0,FALSE,736753.482,,736753.482,6,FALSE,TRUE,
C,A,20220101,2022,52,2022,276,DEU,Germany,M,Import,0,W00,World,0,W00,World,H6,HS,TRUE,811269,Cadmium,Cadmium,6,TRUE,C00,TOTAL CPC,0,0,TOTAL MOT,8,kg,81085.003,TRUE,-1,N/A,0,FALSE,81085.003,true,0,FALSE,1337523.354,,1337523.354,0,FALSE,TRUE,"World netWgt = sum of partners, incl. estimated partner weights"
C,A,20220101,2022,52,2022,276,DEU,Germany,M,Import,56,BEL,Belgium,0,W00,World,H6,HS,TRUE,811269,Cadmium,Cadmium,6,TRUE,C00,TOTAL CPC,0,0,TOTAL MOT,8,kg,2025,FALSE,8,kg,2025,FALSE,2025,false,0,FALSE,17590.13,,17590.13,0,FALSE,TRUE,
C,A,20220101,2022,52,2022,276,DEU,Germany,M,Import,124,CAN,Canada,0,W00,World,H6,HS,TRUE,811269,Cadmium,Cadmium,6,TRUE,C00,TOTAL CPC,0,0,TOTAL MOT,8,kg,69746.694,TRUE,-1,N/A,0,FALSE,69746.694,true,0,FALSE,1150494.271,,1150494.271,0,FALSE,TRUE,netWgt estimated from value at 16.4953 USD/kg (avg of other partners)
C,A,20220101,2022,52,2022,276,DEU,Germany,M,Import,156,CHN,China,0,W00,World,H6,HS,TRUE,811269,Cadmium,Cadmium,6,TRUE,C00,TOTAL CPC,0,0,TOTAL MOT,8,kg,359.832,TRUE,-1,N/A,0,FALSE,359.832,true,0,FALSE,48820.765,,48820.765,6,FALSE,TRUE,
C,A,20220101,2022,52,2022,276,DEU,Germany,M,Import,251,FRA,France,0,W00,World,H6,HS,TRUE,811269,Cadmium,Cadmium,6,TRUE,C00,TOTAL CPC,0,0,TOTAL MOT,8,kg,4108.725,TRUE,-1,N/A,0,FALSE,4108.725,true,0,FALSE,43252.11,,43252.11,6,FALSE,TRUE,
C,A,20220101,2022,52,2022,276,DEU,Germany,M,Import,392,JPN,Japan,0,W00,World,H6,HS,TRUE,811269,Cadmium,Cadmium,6,TRUE,C00,TOTAL CPC,0,0,TOTAL MOT,8,kg,97.957,TRUE,-1,N/A,0,FALSE,97.957,true,0,FALSE,710.509,,710.509,6,FALSE,TRUE,
C,A,20220101,2022,52,2022,276,DEU,Germany,M,Import,643,RUS,Russian Federation,0,W00,World,H6,HS,TRUE,811269,Cadmium,Cadmium,6,TRUE,C00,TOTAL CPC,0,0,TOTAL MOT,8,kg,1544,FALSE,8,kg,1544,FALSE,1544,false,0,FALSE,16162.759,,16162.759,0,FALSE,TRUE,
C,A,20220101,2022,52,2022,276,DEU,Germany,M,Import,752,SWE,Sweden,0,W00,World,H6,HS,TRUE,811269,Cadmium,Cadmium,6,TRUE,C00,TOTAL CPC,0,0,TOTAL MOT,8,kg,367,FALSE,8,kg,367,FALSE,367,false,0,FALSE,3928.448,,3928.448,0,FALSE,TRUE,
C,A,20220101,2022,52,2022,276,DEU,Germany,M,Import,757,CHE,Switzerland,0,W00,World,H6,HS,TRUE,811269,Cadmium,Cadmium,6,TRUE,C00,TOTAL CPC,0,0,TOTAL MOT,8,kg,1470.584,TRUE,-1,N/A,0,FALSE,1470.584,true,0,FALSE,17884.499,,17884.499,6,FALSE,TRUE,
C,A,20220101,2022,52,2022,276,DEU,Germany,M,Import,826,GBR,United Kingdom,0,W00,World,H6,HS,TRUE,811269,Cadmium,Cadmium,6,TRUE,C00,TOTAL CPC,0,0,TOTAL MOT,8,kg,1157.525,TRUE,-1,N/A,0,FALSE,1157.525,true,0,FALSE,19093.741,,19093.741,0,FALSE,TRUE,netWgt estimated from value at 16.4953 USD/kg (avg of other partners)
C,A,20220101,2022,52,2022,276,DEU,Germany,M,Import,842,USA,USA,0,W00,World,H6,HS,TRUE,811269,Cadmium,Cadmium,6,TRUE,C00,TOTAL CPC,0,0,TOTAL MOT,8,kg,207.687,TRUE,-1,N/A,0,FALSE,207.687,true,0,FALSE,19586.121,,19586.121,6,FALSE,TRUE,
C,A,20220101,2022,52,2022,276,DEU,Germany,M,Import,0,W00,World,0,W00,World,H6,HS,true,8109,"Zirconium; articles thereof, including waste and scrap",Zirconium,4,false,C00,TOTAL CPC,0,0,TOTAL MOT,8,kg,408855.92,true,-1,N/A,0,false,408855.92,true,0,false,30700584.349,,30700584.349,6,false,true,
C,A,20220101,2022,52,2022,276,DEU,Germany,M,Import,40,AUT,Austria,0,W00,World,H6,HS,true,8109,"Zirconium; articles thereof, including waste and scrap",Zirconium,4,false,C00,TOTAL CPC,0,0,TOTAL MOT,8,kg,1058,false,8,kg,1058,false,1058,false,0,false,14524.67,,14524.67,0,false,true,
C,A,20220101,2022,52,2022,276,DEU,Germany,M,Import,50,BGD,Bangladesh,0,W00,World,H6,HS,true,8109,"Zirconium; articles thereof, including waste and scrap",Zirconium,4,false,C00,TOTAL CPC,0,0,TOTAL MOT,8,kg,15.597,true,-1,N/A,0,false,15.597,true,0,false,342.019,,342.019,6,false,true,
C,A,20220101,2022,52,2022,276,DEU,Germany,M,Import,56,BEL,Belgium,0,W00,World,H6,HS,true,8109,"Zirconium; articles thereof, including waste and scrap",Zirconium,4,false,C00,TOTAL CPC,0,0,TOTAL MOT,8,kg,10977.954,true,-1,N/A,0,false,10977.954,true,0,false,291306.62,,291306.62,6,false,true,
C,A,20220101,2022,52,2022,276,DEU,Germany,M,Import,124,CAN,Canada,0,W00,World,H6,HS,true,8109,"Zirconium; articles thereof, including waste and scrap",Zirconium,4,false,C00,TOTAL CPC,0,0,TOTAL MOT,8,kg,343.28,true,-1,N/A,0,false,343.28,true,0,false,525615.797,,525615.797,6,false,true,
C,A,20220101,2022,52,2022,276,DEU,Germany,M,Import,156,CHN,China,0,W00,World,H6,HS,true,8109,"Zirconium; articles thereof, including waste and scrap",Zirconium,4,false,C00,TOTAL CPC,0,0,TOTAL MOT,8,kg,24372.592,true,-1,N/A,0,false,24372.592,true,0,false,1416205.621,,1416205.621,6,false,true,
C,A,20220101,2022,52,2022,276,DEU,Germany,M,Import,203,CZE,Czechia,0,W00,World,H6,HS,true,8109,"Zirconium; articles thereof, including waste and scrap",Zirconium,4,false,C00,TOTAL CPC,0,0,TOTAL MOT,8,kg,10,false,8,kg,10,false,10,false,0,false,3765.381,,3765.381,0,false,true,
C,A,20220101,2022,52,2022,276,DEU,Germany,M,Import,251,FRA,France,0,W00,World,H6,HS,true,8109,"Zirconium; articles thereof, including waste and scrap",Zirconium,4,false,C00,TOTAL CPC,0,0,TOTAL MOT,8,kg,126453.493,true,-1,N/A,0,false,126453.493,true,0,false,22388481.133,,22388481.133,6,false,true,
C,A,20220101,2022,52,2022,276,DEU,Germany,M,Import,348,HUN,Hungary,0,W00,World,H6,HS,true,8109,"Zirconium; articles thereof, including waste and scrap",Zirconium,4,false,C00,TOTAL CPC,0,0,TOTAL MOT,8,kg,1.122,true,-1,N/A,0,false,1.122,true,0,false,132.36,,132.36,6,false,true,
C,A,20220101,2022,52,2022,276,DEU,Germany,M,Import,380,ITA,Italy,0,W00,World,H6,HS,true,8109,"Zirconium; articles thereof, including waste and scrap",Zirconium,4,false,C00,TOTAL CPC,0,0,TOTAL MOT,8,kg,103,false,8,kg,103,false,103,false,0,false,793.102,,793.102,0,false,true,
C,A,20220101,2022,52,2022,276,DEU,Germany,M,Import,392,JPN,Japan,0,W00,World,H6,HS,true,8109,"Zirconium; articles thereof, including waste and scrap",Zirconium,4,false,C00,TOTAL CPC,0,0,TOTAL MOT,8,kg,195.037,true,-1,N/A,0,false,195.037,true,0,false,25371.846,,25371.846,6,false,true,
C,A,20220101,2022,52,2022,276,DEU,Germany,M,Import,410,KOR,Rep. of Korea,0,W00,World,H6,HS,true,8109,"Zirconium; articles thereof, including waste and scrap",Zirconium,4,false,C00,TOTAL CPC,0,0,TOTAL MOT,8,kg,2285.534,true,-1,N/A,0,false,2285.534,true,0,false,317320.149,,317320.149,6,false,true,
C,A,20220101,2022,52,2022,276,DEU,Germany,M,Import,428,LVA,Latvia,0,W00,World,H6,HS,true,8109,"Zirconium; articles thereof, including waste and scrap",Zirconium,4,false,C00,TOTAL CPC,0,0,TOTAL MOT,8,kg,2438,false,8,kg,2438,false,2438,false,0,false,25298.784,,25298.784,0,false,true,
C,A,20220101,2022,52,2022,276,DEU,Germany,M,Import,442,LUX,Luxembourg,0,W00,World,H6,HS,true,8109,"Zirconium; articles thereof, including waste and scrap",Zirconium,4,false,C00,TOTAL CPC,0,0,TOTAL MOT,8,kg,93,false,8,kg,93,false,93,false,0,false,1181.711,,1181.711,0,false,true,
C,A,20220101,2022,52,2022,276,DEU,Germany,M,Import,458,MYS,Malaysia,0,W00,World,H6,HS,true,8109,"Zirconium; articles thereof, including waste and scrap",Zirconium,4,false,C00,TOTAL CPC,0,0,TOTAL MOT,8,kg,1.481,true,-1,N/A,0,false,1.481,true,0,false,174.715,,174.715,6,false,true,
C,A,20220101,2022,52,2022,276,DEU,Germany,M,Import,490,S19,"Other Asia, nes",0,W00,World,H6,HS,true,8109,"Zirconium; articles thereof, including waste and scrap",Zirconium,4,false,C00,TOTAL CPC,0,0,TOTAL MOT,8,kg,1,false,8,kg,1,false,1,false,0,false,1706.916,,1706.916,0,false,true,
C,A,20220101,2022,52,2022,276,DEU,Germany,M,Import,528,NLD,Netherlands,0,W00,World,H6,HS,true,8109,"Zirconium; articles thereof, including waste and scrap",Zirconium,4,false,C00,TOTAL CPC,0,0,TOTAL MOT,8,kg,13519.456,true,-1,N/A,0,false,13519.456,true,0,false,160556.001,,160556.001,6,false,true,
C,A,20220101,2022,52,2022,276,DEU,Germany,M,Import,643,RUS,Russian Federation,0,W00,World,H6,HS,true,8109,"Zirconium; articles thereof, including waste and scrap",Zirconium,4,false,C00,TOTAL CPC,0,0,TOTAL MOT,8,kg,10,false,8,kg,10,false,10,false,0,false,3176.643,,3176.643,0,false,true,
C,A,20220101,2022,52,2022,276,DEU,Germany,M,Import,699,IND,India,0,W00,World,H6,HS,true,8109,"Zirconium; articles thereof, including waste and scrap",Zirconium,4,false,C00,TOTAL CPC,0,0,TOTAL MOT,8,kg,1,false,8,kg,1,false,1,false,0,false,187.422,,187.422,0,false,true,
C,A,20220101,2022,52,2022,276,DEU,Germany,M,Import,724,ESP,Spain,0,W00,World,H6,HS,true,8109,"Zirconium; articles thereof, including waste and scrap",Zirconium,4,false,C00,TOTAL CPC,0,0,TOTAL MOT,8,kg,9196,false,8,kg,9196,false,9196,false,0,false,218468.318,,218468.318,0,false,true,
C,A,20220101,2022,52,2022,276,DEU,Germany,M,Import,752,SWE,Sweden,0,W00,World,H6,HS,true,8109,"Zirconium; articles thereof, including waste and scrap",Zirconium,4,false,C00,TOTAL CPC,0,0,TOTAL MOT,8,kg,52970,false,8,kg,52970,false,52970,false,0,false,977032.629,,977032.629,0,false,true,
C,A,20220101,2022,52,2022,276,DEU,Germany,M,Import,757,CHE,Switzerland,0,W00,World,H6,HS,true,8109,"Zirconium; articles thereof, including waste and scrap",Zirconium,4,false,C00,TOTAL CPC,0,0,TOTAL MOT,8,kg,1823.967,true,-1,N/A,0,false,1823.967,true,0,false,646255.163,,646255.163,6,false,true,
C,A,20220101,2022,52,2022,276,DEU,Germany,M,Import,792,TUR,Türkiye,0,W00,World,H6,HS,true,8109,"Zirconium; articles thereof, including waste and scrap",Zirconium,4,false,C00,TOTAL CPC,0,0,TOTAL MOT,8,kg,3.333,true,-1,N/A,0,false,3.333,true,0,false,321.9,,321.9,6,false,true,
C,A,20220101,2022,52,2022,276,DEU,Germany,M,Import,826,GBR,United Kingdom,0,W00,World,H6,HS,true,8109,"Zirconium; articles thereof, including waste and scrap",Zirconium,4,false,C00,TOTAL CPC,0,0,TOTAL MOT,8,kg,18112.243,true,-1,N/A,0,false,18112.243,true,0,false,405207.268,,405207.268,6,false,true,
C,A,20220101,2022,52,2022,276,DEU,Germany,M,Import,842,USA,USA,0,W00,World,H6,HS,true,8109,"Zirconium; articles thereof, including waste and scrap",Zirconium,4,false,C00,TOTAL CPC,0,0,TOTAL MOT,8,kg,144870.831,true,-1,N/A,0,false,144870.831,true,0,false,3277158.183,,3277158.183,6,false,true,
